x_coord,y_coord,year,date_time,actual,predicted
0,3,2001,2001-07-04,0.45,0.4580582
0,3,2001,2001-07-12,0.32,0.4660747
0,3,2001,2001-07-20,0.15,0.40564412
0,3,2001,2001-07-28,0.2,0.21397106
0,3,2001,2001-08-05,0.25,0.21069862
0,3,2001,2001-08-13,0.31,0.2686343
0,3,2001,2001-08-21,0.41,0.33422238
0,3,2001,2001-08-29,0.45,0.43742663
0,3,2001,2001-09-06,0.57,0.5365369
0,3,2001,2001-09-14,0.78,0.61768913
0,3,2001,2001-09-22,0.77,0.78676534
0,3,2001,2001-09-30,0.73,0.79496384
0,3,2001,2001-10-08,0.73,0.72006416
0,3,2001,2001-10-16,0.81,0.65486205
0,3,2001,2001-10-24,0.8,0.7692359
0,3,2001,2001-11-01,0.75,0.75085783
0,3,2001,2001-11-09,0.7,0.6540328
0,3,2001,2001-11-17,0.63,0.52401316
0,3,2001,2001-11-25,0.5,0.46321744
0,3,2001,2001-12-03,0.36,0.31235635
0,3,2001,2001-12-11,0.3,0.19860023
0,3,2001,2001-12-19,0.2,0.19211742
0,3,2001,2001-12-27,0.17,0.17588715
0,3,2002,2002-07-04,0.24,0.2676727
0,3,2002,2002-07-12,0.23,0.30402613
0,3,2002,2002-07-20,0.2,0.27418977
0,3,2002,2002-07-28,0.15,0.19500707
0,3,2002,2002-08-05,0.33,0.17364031
0,3,2002,2002-08-13,0.46,0.36566678
0,3,2002,2002-08-21,0.46,0.4981619
0,3,2002,2002-08-29,0.58,0.5259237
0,3,2002,2002-09-06,0.66,0.6051334
0,3,2002,2002-09-14,0.78,0.6864908
0,3,2002,2002-09-22,0.76,0.8088903
0,3,2002,2002-09-30,0.76,0.7700927
0,3,2002,2002-10-08,0.84,0.70714796
0,3,2002,2002-10-16,0.78,0.7873173
0,3,2002,2002-10-24,0.71,0.7248124
0,3,2002,2002-11-01,0.64,0.5781869
0,3,2002,2002-11-09,0.58,0.45349246
0,3,2002,2002-11-17,0.45,0.40768182
0,3,2002,2002-11-25,0.45,0.28439254
0,3,2002,2002-12-03,0.39,0.30577403
0,3,2002,2002-12-11,0.18,0.2966991
0,3,2002,2002-12-19,0.25,0.16597721
0,3,2002,2002-12-27,0.21,0.19227651
0,3,2003,2003-07-04,0.19,0.22884925
0,3,2003,2003-07-12,0.35,0.24096662
0,3,2003,2003-07-20,0.52,0.3857396
0,3,2003,2003-07-28,0.55,0.53033406
0,3,2003,2003-08-05,0.52,0.55494916
0,3,2003,2003-08-13,0.32,0.543254
0,3,2003,2003-08-21,0.26,0.35962743
0,3,2003,2003-08-29,0.28,0.2588817
0,3,2003,2003-09-06,0.23,0.3346173
0,3,2003,2003-09-14,0.32,0.31883958
0,3,2003,2003-09-22,0.31,0.40283936
0,3,2003,2003-09-30,0.4,0.3898311
0,3,2003,2003-10-08,0.46,0.44602993
0,3,2003,2003-10-16,0.5,0.5148803
0,3,2003,2003-10-24,0.66,0.538465
0,3,2003,2003-11-01,0.47,0.65379375
0,3,2003,2003-11-09,0.37,0.44151202
0,3,2003,2003-11-17,0.28,0.25791663
0,3,2003,2003-11-25,0.33,0.17531942
0,3,2003,2003-12-03,0.27,0.29139137
0,3,2003,2003-12-11,0.28,0.291166
0,3,2003,2003-12-19,0.17,0.24689904
0,3,2003,2003-12-27,0.25,0.19550699
0,3,2004,2004-07-03,0.21,0.22457083
0,3,2004,2004-07-11,0.17,0.23105676
0,3,2004,2004-07-19,0.29,0.243461
0,3,2004,2004-07-27,0.35,0.387878
0,3,2004,2004-08-04,0.29,0.41697392
0,3,2004,2004-08-12,0.33,0.36176544
0,3,2004,2004-08-20,0.21,0.30536696
0,3,2004,2004-08-28,0.42,0.21437666
0,3,2004,2004-09-05,0.25,0.39010254
0,3,2004,2004-09-13,0.44,0.27814573
0,3,2004,2004-09-21,0.57,0.44297102
0,3,2004,2004-09-29,0.74,0.6085221
0,3,2004,2004-10-07,0.66,0.7488351
0,3,2004,2004-10-15,0.55,0.6644621
0,3,2004,2004-10-23,0.5,0.50292784
0,3,2004,2004-10-31,0.43,0.44819367
0,3,2004,2004-11-08,0.32,0.35517818
0,3,2004,2004-11-16,0.3,0.23977783
0,3,2004,2004-11-24,0.28,0.22561295
0,3,2004,2004-12-02,0.3,0.2898083
0,3,2004,2004-12-10,0.27,0.30745065
0,3,2004,2004-12-18,0.26,0.29110977
0,3,2004,2004-12-26,0.24,0.2524809
0,3,2005,2005-07-04,0.33,0.32445917
0,3,2005,2005-07-12,0.32,0.34898677
0,3,2005,2005-07-20,0.35,0.32843617
0,3,2005,2005-07-28,0.48,0.37827337
0,3,2005,2005-08-05,0.35,0.5134359
0,3,2005,2005-08-13,0.24,0.3887777
0,3,2005,2005-08-21,0.27,0.24671955
0,3,2005,2005-08-29,0.27,0.24580483
0,3,2005,2005-09-06,0.31,0.33620232
0,3,2005,2005-09-14,0.47,0.314592
0,3,2005,2005-09-22,0.6,0.5083449
0,3,2005,2005-09-30,0.59,0.64257705
0,3,2005,2005-10-08,0.69,0.6617522
0,3,2005,2005-10-16,0.75,0.69715965
0,3,2005,2005-10-24,0.77,0.714312
0,3,2005,2005-11-01,0.74,0.70810956
0,3,2005,2005-11-09,0.61,0.6331618
0,3,2005,2005-11-17,0.52,0.40538043
0,3,2005,2005-11-25,0.44,0.32301295
0,3,2005,2005-12-03,0.32,0.3230089
0,3,2005,2005-12-11,0.34,0.27698433
0,3,2005,2005-12-19,0.29,0.30957848
0,3,2005,2005-12-27,0.27,0.30352923
0,3,2006,2006-07-04,0.39,0.4282409
0,3,2006,2006-07-12,0.42,0.4191646
0,3,2006,2006-07-20,0.39,0.4341143
0,3,2006,2006-07-28,0.28,0.4050452
0,3,2006,2006-08-05,0.38,0.3299462
0,3,2006,2006-08-13,0.37,0.36631837
0,3,2006,2006-08-21,0.36,0.3596651
0,3,2006,2006-08-29,0.36,0.35436505
0,3,2006,2006-09-06,0.4,0.36454427
0,3,2006,2006-09-14,0.37,0.41488248
0,3,2006,2006-09-22,0.5,0.42706147
0,3,2006,2006-09-30,0.51,0.5543034
0,3,2006,2006-10-08,0.62,0.5542541
0,3,2006,2006-10-16,0.54,0.6439644
0,3,2006,2006-10-24,0.6,0.5629538
0,3,2006,2006-11-01,0.67,0.60068643
0,3,2006,2006-11-09,0.58,0.66720104
0,3,2006,2006-11-17,0.46,0.51520586
0,3,2006,2006-11-25,0.32,0.3005121
0,3,2006,2006-12-03,0.18,0.18469381
0,3,2006,2006-12-11,0.23,0.12298241
0,3,2006,2006-12-19,0.28,0.21513198
0,3,2006,2006-12-27,0.22,0.30753115
0,3,2007,2007-07-04,0.46,0.46827614
0,3,2007,2007-07-12,0.38,0.5017738
0,3,2007,2007-07-20,0.41,0.42093837
0,3,2007,2007-07-28,0.52,0.39685023
0,3,2007,2007-08-05,0.54,0.49541646
0,3,2007,2007-08-13,0.53,0.5467897
0,3,2007,2007-08-21,0.43,0.53179234
0,3,2007,2007-08-29,0.38,0.4092239
0,3,2007,2007-09-06,0.32,0.33901042
0,3,2007,2007-09-14,0.36,0.32047874
0,3,2007,2007-09-22,0.36,0.36146453
0,3,2007,2007-09-30,0.74,0.4097166
0,3,2007,2007-10-08,0.5,0.7062556
0,3,2007,2007-10-16,0.53,0.5496579
0,3,2007,2007-10-24,0.58,0.4740993
0,3,2007,2007-11-01,0.58,0.5617062
0,3,2007,2007-11-09,0.62,0.59437084
0,3,2007,2007-11-17,0.69,0.6022113
0,3,2007,2007-11-25,0.55,0.6367984
0,3,2007,2007-12-03,0.52,0.43202844
0,3,2007,2007-12-11,0.35,0.33853227
0,3,2007,2007-12-19,0.33,0.25768694
0,3,2007,2007-12-27,0.26,0.2923048
0,3,2008,2008-07-03,0.29,0.36988196
0,3,2008,2008-07-11,0.29,0.3407371
0,3,2008,2008-07-19,0.27,0.30806983
0,3,2008,2008-07-27,0.3,0.29919317
0,3,2008,2008-08-04,0.54,0.35470366
0,3,2008,2008-08-12,0.45,0.5625816
0,3,2008,2008-08-20,0.32,0.5000732
0,3,2008,2008-08-28,0.31,0.32187346
0,3,2008,2008-09-05,0.4,0.24559176
0,3,2008,2008-09-13,0.41,0.3818513
0,3,2008,2008-09-21,0.45,0.4280857
0,3,2008,2008-09-29,0.37,0.46291012
0,3,2008,2008-10-07,0.47,0.46897575
0,3,2008,2008-10-15,0.49,0.48493123
0,3,2008,2008-10-23,0.52,0.50182366
0,3,2008,2008-10-31,0.58,0.5274532
0,3,2008,2008-11-08,0.56,0.58976305
0,3,2008,2008-11-16,0.57,0.5679784
0,3,2008,2008-11-24,0.49,0.5755612
0,3,2008,2008-12-02,0.5,0.43165952
0,3,2008,2008-12-10,0.39,0.4223244
0,3,2008,2008-12-18,0.35,0.2994501
0,3,2008,2008-12-26,0.25,0.2785233
0,3,2009,2009-07-04,0.29,0.31996158
0,3,2009,2009-07-12,0.36,0.29531586
0,3,2009,2009-07-20,0.43,0.35802487
0,3,2009,2009-07-28,0.38,0.43678966
0,3,2009,2009-08-05,0.4,0.40535644
0,3,2009,2009-08-13,0.34,0.45614704
0,3,2009,2009-08-21,0.34,0.37988776
0,3,2009,2009-08-29,0.43,0.3175041
0,3,2009,2009-09-06,0.45,0.40383658
0,3,2009,2009-09-14,0.49,0.47621042
0,3,2009,2009-09-22,0.5,0.5132747
0,3,2009,2009-09-30,0.63,0.5178123
0,3,2009,2009-10-08,0.59,0.6084091
0,3,2009,2009-10-16,0.64,0.59235513
0,3,2009,2009-10-24,0.6,0.6289037
0,3,2009,2009-11-01,0.62,0.58027166
0,3,2009,2009-11-09,0.52,0.6021385
0,3,2009,2009-11-17,0.51,0.4687627
0,3,2009,2009-11-25,0.35,0.45044547
0,3,2009,2009-12-03,0.31,0.27897707
0,3,2009,2009-12-11,0.19,0.25681543
0,3,2009,2009-12-19,0.27,0.18220739
0,3,2009,2009-12-27,0.27,0.25518376
0,3,2010,2010-07-04,0.31,0.35320517
0,3,2010,2010-07-12,0.45,0.29725105
0,3,2010,2010-07-20,0.45,0.4738912
0,3,2010,2010-07-28,0.32,0.49057066
0,3,2010,2010-08-05,0.37,0.3613529
0,3,2010,2010-08-13,0.47,0.34534526
0,3,2010,2010-08-21,0.32,0.47636414
0,3,2010,2010-08-29,0.23,0.35432842
0,3,2010,2010-09-06,0.23,0.24989197
0,3,2010,2010-09-14,0.34,0.2717748
0,3,2010,2010-09-22,0.36,0.3854371
0,3,2010,2010-09-30,0.4,0.40550733
0,3,2010,2010-10-08,0.51,0.46380827
0,3,2010,2010-10-16,0.47,0.5380164
0,3,2010,2010-10-24,0.59,0.51134944
0,3,2010,2010-11-01,0.45,0.5833547
0,3,2010,2010-11-09,0.49,0.44426513
0,3,2010,2010-11-17,0.55,0.42898518
0,3,2010,2010-11-25,0.49,0.5288278
0,3,2010,2010-12-03,0.47,0.44698775
0,3,2010,2010-12-11,0.35,0.39618474
0,3,2010,2010-12-19,0.33,0.2787358
0,3,2010,2010-12-27,0.36,0.29256222
0,3,2011,2011-07-04,0.38,0.47608715
0,3,2011,2011-07-12,0.36,0.4012437
0,3,2011,2011-07-20,0.43,0.37800935
0,3,2011,2011-07-28,0.5,0.46030152
0,3,2011,2011-08-05,0.38,0.49272385
0,3,2011,2011-08-13,0.43,0.39264405
0,3,2011,2011-08-21,0.29,0.4257865
0,3,2011,2011-08-29,0.46,0.29699475
0,3,2011,2011-09-06,0.57,0.37826756
0,3,2011,2011-09-14,0.69,0.5756458
0,3,2011,2011-09-22,0.58,0.695163
0,3,2011,2011-09-30,0.68,0.58129823
0,3,2011,2011-10-08,0.7,0.64196944
0,3,2011,2011-10-16,0.79,0.70101297
0,3,2011,2011-10-24,0.81,0.76726544
0,3,2011,2011-11-01,0.83,0.7957869
0,3,2011,2011-11-09,0.75,0.75388825
0,3,2011,2011-11-17,0.75,0.62502766
0,3,2011,2011-11-25,0.65,0.6413045
0,3,2011,2011-12-03,0.58,0.507499
0,3,2011,2011-12-11,0.48,0.4177598
0,3,2011,2011-12-19,0.25,0.31558353
0,3,2011,2011-12-27,0.36,0.16304001
0,3,2012,2012-07-03,0.31,0.31294864
0,3,2012,2012-07-11,0.48,0.33939627
0,3,2012,2012-07-19,0.34,0.47311625
0,3,2012,2012-07-27,0.25,0.38872176
0,3,2012,2012-08-04,0.4,0.29040587
0,3,2012,2012-08-12,0.3,0.38673943
0,3,2012,2012-08-20,0.31,0.34433392
0,3,2012,2012-08-28,0.27,0.2993406
0,3,2012,2012-09-05,0.28,0.3180775
0,3,2012,2012-09-13,0.32,0.35288525
0,3,2012,2012-09-21,0.45,0.40751094
0,3,2012,2012-09-29,0.51,0.47756037
0,3,2012,2012-10-07,0.54,0.549662
0,3,2012,2012-10-15,0.55,0.5739046
0,3,2012,2012-10-23,0.57,0.5857625
0,3,2012,2012-10-31,0.53,0.5891683
0,3,2012,2012-11-08,0.38,0.5285516
0,3,2012,2012-11-16,0.42,0.31153995
0,3,2012,2012-11-24,0.42,0.3393289
0,3,2012,2012-12-02,0.36,0.3980989
0,3,2012,2012-12-10,0.36,0.3555354
0,3,2012,2012-12-18,0.27,0.32036373
0,3,2012,2012-12-26,0.38,0.22713391
1,3,2001,2001-07-04,0.06,0.10387242
1,3,2001,2001-07-12,0.01,0.09999758
1,3,2001,2001-07-20,0.01,0.07293469
1,3,2001,2001-07-28,0.0,0.07074058
1,3,2001,2001-08-05,0.07,0.07995966
1,3,2001,2001-08-13,0.04,0.16002439
1,3,2001,2001-08-21,0.03,0.17347653
1,3,2001,2001-08-29,0.51,0.19694103
1,3,2001,2001-09-06,0.91,0.6934867
1,3,2001,2001-09-14,0.98,0.9089952
1,3,2001,2001-09-22,0.98,0.98026586
1,3,2001,2001-09-30,0.93,0.9560089
1,3,2001,2001-10-08,0.87,0.8072051
1,3,2001,2001-10-16,0.93,0.7195227
1,3,2001,2001-10-24,0.92,0.8499142
1,3,2001,2001-11-01,0.84,0.845591
1,3,2001,2001-11-09,0.73,0.6917765
1,3,2001,2001-11-17,0.71,0.42804357
1,3,2001,2001-11-25,0.58,0.50671935
1,3,2001,2001-12-03,0.2,0.34862596
1,3,2001,2001-12-11,0.06,0.033196658
1,3,2001,2001-12-19,0.0,0.029275775
1,3,2001,2001-12-27,0.0,0.038135797
1,3,2002,2002-07-04,0.05,0.069043785
1,3,2002,2002-07-12,0.0,0.1071659
1,3,2002,2002-07-20,0.0,0.045205504
1,3,2002,2002-07-28,0.01,0.052892298
1,3,2002,2002-08-05,0.02,0.058850855
1,3,2002,2002-08-13,0.46,0.08798376
1,3,2002,2002-08-21,0.46,0.554701
1,3,2002,2002-08-29,0.65,0.50748885
1,3,2002,2002-09-06,0.95,0.7851821
1,3,2002,2002-09-14,0.99,0.97070575
1,3,2002,2002-09-22,0.99,0.99711263
1,3,2002,2002-09-30,0.99,0.95323515
1,3,2002,2002-10-08,0.99,0.87846476
1,3,2002,2002-10-16,0.97,0.8773994
1,3,2002,2002-10-24,0.91,0.87872624
1,3,2002,2002-11-01,0.84,0.7740353
1,3,2002,2002-11-09,0.77,0.6406474
1,3,2002,2002-11-17,0.65,0.53034115
1,3,2002,2002-11-25,0.57,0.38466415
1,3,2002,2002-12-03,0.28,0.3038219
1,3,2002,2002-12-11,0.08,0.045390308
1,3,2002,2002-12-19,0.05,0.03573963
1,3,2002,2002-12-27,0.01,0.066188455
1,3,2003,2003-07-04,0.0,0.049116522
1,3,2003,2003-07-12,0.01,0.06624007
1,3,2003,2003-07-20,0.11,0.053734213
1,3,2003,2003-07-28,0.12,0.15286519
1,3,2003,2003-08-05,0.13,0.14818989
1,3,2003,2003-08-13,0.01,0.1630942
1,3,2003,2003-08-21,0.01,0.17341796
1,3,2003,2003-08-29,0.01,0.12204856
1,3,2003,2003-09-06,0.0,0.20551687
1,3,2003,2003-09-14,0.01,0.21805017
1,3,2003,2003-09-22,0.18,0.21630834
1,3,2003,2003-09-30,0.29,0.39367375
1,3,2003,2003-10-08,0.45,0.397062
1,3,2003,2003-10-16,0.62,0.55299014
1,3,2003,2003-10-24,0.77,0.6806089
1,3,2003,2003-11-01,0.46,0.79443187
1,3,2003,2003-11-09,0.26,0.42098153
1,3,2003,2003-11-17,0.06,0.052981824
1,3,2003,2003-11-25,0.02,0.034898847
1,3,2003,2003-12-03,0.02,0.047050744
1,3,2003,2003-12-11,0.01,0.05446148
1,3,2003,2003-12-19,0.01,0.030012071
1,3,2003,2003-12-27,0.0,0.0447627
1,3,2004,2004-07-03,0.0,0.04449609
1,3,2004,2004-07-11,0.01,0.05098051
1,3,2004,2004-07-19,0.01,0.06354961
1,3,2004,2004-07-27,0.02,0.09017664
1,3,2004,2004-08-04,0.01,0.088817805
1,3,2004,2004-08-12,0.03,0.080721855
1,3,2004,2004-08-20,0.06,0.05933073
1,3,2004,2004-08-28,0.12,0.098169744
1,3,2004,2004-09-05,0.22,0.15062521
1,3,2004,2004-09-13,0.53,0.2472801
1,3,2004,2004-09-21,0.8,0.5940521
1,3,2004,2004-09-29,0.9,0.8500445
1,3,2004,2004-10-07,0.87,0.90189826
1,3,2004,2004-10-15,0.7,0.84681565
1,3,2004,2004-10-23,0.57,0.6101208
1,3,2004,2004-10-31,0.37,0.39016894
1,3,2004,2004-11-08,0.08,0.122161135
1,3,2004,2004-11-16,0.07,-0.0031508505
1,3,2004,2004-11-24,0.02,0.049663544
1,3,2004,2004-12-02,0.03,0.05524835
1,3,2004,2004-12-10,0.02,0.06671837
1,3,2004,2004-12-18,0.01,0.06081757
1,3,2004,2004-12-26,0.01,0.056936532
1,3,2005,2005-07-04,0.0,0.043227047
1,3,2005,2005-07-12,0.03,0.051065117
1,3,2005,2005-07-20,0.01,0.08148551
1,3,2005,2005-07-28,0.02,0.056386232
1,3,2005,2005-08-05,0.03,0.07124761
1,3,2005,2005-08-13,0.01,0.07367033
1,3,2005,2005-08-21,0.03,0.061519325
1,3,2005,2005-08-29,0.33,0.08998209
1,3,2005,2005-09-06,0.49,0.43571377
1,3,2005,2005-09-14,0.72,0.5752758
1,3,2005,2005-09-22,0.84,0.8170672
1,3,2005,2005-09-30,0.86,0.8914276
1,3,2005,2005-10-08,0.9,0.8865144
1,3,2005,2005-10-16,0.92,0.87265885
1,3,2005,2005-10-24,0.89,0.8052832
1,3,2005,2005-11-01,0.86,0.71265244
1,3,2005,2005-11-09,0.67,0.61507463
1,3,2005,2005-11-17,0.46,0.25174627
1,3,2005,2005-11-25,0.3,0.17344034
1,3,2005,2005-12-03,0.04,0.16322798
1,3,2005,2005-12-11,0.03,0.054475486
1,3,2005,2005-12-19,0.0,0.06908572
1,3,2005,2005-12-27,0.02,0.0402759
1,3,2006,2006-07-04,0.05,0.08737713
1,3,2006,2006-07-12,0.02,0.0857276
1,3,2006,2006-07-20,0.03,0.06757522
1,3,2006,2006-07-28,0.03,0.07185167
1,3,2006,2006-08-05,0.08,0.07556948
1,3,2006,2006-08-13,0.08,0.12449062
1,3,2006,2006-08-21,0.09,0.109043986
1,3,2006,2006-08-29,0.32,0.12702078
1,3,2006,2006-09-06,0.37,0.48379594
1,3,2006,2006-09-14,0.42,0.47634804
1,3,2006,2006-09-22,0.67,0.5779195
1,3,2006,2006-09-30,0.72,0.74889827
1,3,2006,2006-10-08,0.85,0.76458293
1,3,2006,2006-10-16,0.86,0.8623005
1,3,2006,2006-10-24,0.85,0.8490347
1,3,2006,2006-11-01,0.89,0.7794831
1,3,2006,2006-11-09,0.79,0.8188316
1,3,2006,2006-11-17,0.6,0.5475242
1,3,2006,2006-11-25,0.23,0.19063132
1,3,2006,2006-12-03,0.01,0.058592737
1,3,2006,2006-12-11,0.01,0.036453396
1,3,2006,2006-12-19,0.02,0.060352236
1,3,2006,2006-12-27,0.01,0.054884613
1,3,2007,2007-07-04,0.05,0.091656506
1,3,2007,2007-07-12,0.04,0.0979276
1,3,2007,2007-07-20,0.15,0.076097876
1,3,2007,2007-07-28,0.26,0.19334486
1,3,2007,2007-08-05,0.23,0.29176947
1,3,2007,2007-08-13,0.23,0.2777702
1,3,2007,2007-08-21,0.09,0.25200194
1,3,2007,2007-08-29,0.04,0.11827655
1,3,2007,2007-09-06,0.02,0.1448159
1,3,2007,2007-09-14,0.04,0.11648382
1,3,2007,2007-09-22,0.06,0.16209774
1,3,2007,2007-09-30,0.41,0.2384307
1,3,2007,2007-10-08,0.3,0.5404055
1,3,2007,2007-10-16,0.47,0.45680782
1,3,2007,2007-10-24,0.8,0.56456196
1,3,2007,2007-11-01,0.85,0.83087945
1,3,2007,2007-11-09,0.8,0.86659014
1,3,2007,2007-11-17,0.86,0.75859404
1,3,2007,2007-11-25,0.45,0.7145739
1,3,2007,2007-12-03,0.35,0.194238
1,3,2007,2007-12-11,0.12,0.12193094
1,3,2007,2007-12-19,0.02,0.08229503
1,3,2007,2007-12-27,0.01,0.05603987
1,3,2008,2008-07-03,0.01,0.06108004
1,3,2008,2008-07-11,0.02,0.0665929
1,3,2008,2008-07-19,0.0,0.0712288
1,3,2008,2008-07-27,0.06,0.086966515
1,3,2008,2008-08-04,0.2,0.16884674
1,3,2008,2008-08-12,0.06,0.27004522
1,3,2008,2008-08-20,0.05,0.15898262
1,3,2008,2008-08-28,0.12,0.08312881
1,3,2008,2008-09-05,0.32,0.13605079
1,3,2008,2008-09-13,0.48,0.35217226
1,3,2008,2008-09-21,0.49,0.5295695
1,3,2008,2008-09-29,0.38,0.5311941
1,3,2008,2008-10-07,0.62,0.4687634
1,3,2008,2008-10-15,0.73,0.6321546
1,3,2008,2008-10-23,0.81,0.7618759
1,3,2008,2008-10-31,0.79,0.8536495
1,3,2008,2008-11-08,0.79,0.81266606
1,3,2008,2008-11-16,0.67,0.73591244
1,3,2008,2008-11-24,0.61,0.5119134
1,3,2008,2008-12-02,0.45,0.25476927
1,3,2008,2008-12-10,0.13,0.17983072
1,3,2008,2008-12-18,0.06,0.0375731
1,3,2008,2008-12-26,0.02,0.05105385
1,3,2009,2009-07-04,0.01,0.07245752
1,3,2009,2009-07-12,0.01,0.05397418
1,3,2009,2009-07-20,0.04,0.061803013
1,3,2009,2009-07-28,0.03,0.08181381
1,3,2009,2009-08-05,0.03,0.087864995
1,3,2009,2009-08-13,0.07,0.12674591
1,3,2009,2009-08-21,0.07,0.10023555
1,3,2009,2009-08-29,0.07,0.10959855
1,3,2009,2009-09-06,0.16,0.12572618
1,3,2009,2009-09-14,0.27,0.28311908
1,3,2009,2009-09-22,0.53,0.38831094
1,3,2009,2009-09-30,0.63,0.6157192
1,3,2009,2009-10-08,0.75,0.6565895
1,3,2009,2009-10-16,0.85,0.77600574
1,3,2009,2009-10-24,0.91,0.86953515
1,3,2009,2009-11-01,0.9,0.91425174
1,3,2009,2009-11-09,0.83,0.8429908
1,3,2009,2009-11-17,0.59,0.68245316
1,3,2009,2009-11-25,0.17,0.23561174
1,3,2009,2009-12-03,0.07,0.013048828
1,3,2009,2009-12-11,0.02,0.057232946
1,3,2009,2009-12-19,0.02,0.023143172
1,3,2009,2009-12-27,0.01,0.047535837
1,3,2010,2010-07-04,0.01,0.055987805
1,3,2010,2010-07-12,0.01,0.058302462
1,3,2010,2010-07-20,0.01,0.05893773
1,3,2010,2010-07-28,0.0,0.06810501
1,3,2010,2010-08-05,0.01,0.052957147
1,3,2010,2010-08-13,0.02,0.06471673
1,3,2010,2010-08-21,0.02,0.08365783
1,3,2010,2010-08-29,0.04,0.076600134
1,3,2010,2010-09-06,0.04,0.094822824
1,3,2010,2010-09-14,0.03,0.11823948
1,3,2010,2010-09-22,0.05,0.13004223
1,3,2010,2010-09-30,0.17,0.22113726
1,3,2010,2010-10-08,0.28,0.30657974
1,3,2010,2010-10-16,0.24,0.42069477
1,3,2010,2010-10-24,0.57,0.386674
1,3,2010,2010-11-01,0.46,0.6414666
1,3,2010,2010-11-09,0.53,0.53331846
1,3,2010,2010-11-17,0.53,0.5357771
1,3,2010,2010-11-25,0.27,0.4254409
1,3,2010,2010-12-03,0.13,0.13566329
1,3,2010,2010-12-11,0.08,0.05533901
1,3,2010,2010-12-19,0.02,0.08042851
1,3,2010,2010-12-27,0.02,0.046781063
1,3,2011,2011-07-04,0.0,0.058872014
1,3,2011,2011-07-12,0.01,0.04813996
1,3,2011,2011-07-20,0.0,0.06051773
1,3,2011,2011-07-28,0.01,0.050821096
1,3,2011,2011-08-05,0.01,0.058086038
1,3,2011,2011-08-13,0.07,0.060489804
1,3,2011,2011-08-21,0.02,0.1179215
1,3,2011,2011-08-29,0.43,0.06431711
1,3,2011,2011-09-06,0.68,0.5298213
1,3,2011,2011-09-14,0.78,0.7424221
1,3,2011,2011-09-22,0.9,0.78578764
1,3,2011,2011-09-30,0.93,0.8506051
1,3,2011,2011-10-08,0.94,0.87720007
1,3,2011,2011-10-16,0.94,0.8791865
1,3,2011,2011-10-24,0.93,0.83569574
1,3,2011,2011-11-01,0.95,0.8831973
1,3,2011,2011-11-09,0.92,0.843449
1,3,2011,2011-11-17,0.92,0.8171337
1,3,2011,2011-11-25,0.89,0.7984655
1,3,2011,2011-12-03,0.8,0.6544988
1,3,2011,2011-12-11,0.22,0.47664654
1,3,2011,2011-12-19,0.05,0.09248242
1,3,2011,2011-12-27,0.07,0.08787152
1,3,2012,2012-07-03,0.03,0.0630109
1,3,2012,2012-07-11,0.02,0.072497785
1,3,2012,2012-07-19,0.01,0.065519065
1,3,2012,2012-07-27,0.03,0.054162115
1,3,2012,2012-08-04,0.0,0.07852855
1,3,2012,2012-08-12,0.0,0.047394484
1,3,2012,2012-08-20,0.01,0.07135153
1,3,2012,2012-08-28,0.0,0.0570502
1,3,2012,2012-09-05,0.04,0.19275334
1,3,2012,2012-09-13,0.05,0.21102768
1,3,2012,2012-09-21,0.19,0.232681
1,3,2012,2012-09-29,0.32,0.40343338
1,3,2012,2012-10-07,0.44,0.43643
1,3,2012,2012-10-15,0.52,0.548815
1,3,2012,2012-10-23,0.55,0.5970901
1,3,2012,2012-10-31,0.43,0.594233
1,3,2012,2012-11-08,0.37,0.41249657
1,3,2012,2012-11-16,0.3,0.2917838
1,3,2012,2012-11-24,0.25,0.24875808
1,3,2012,2012-12-02,0.08,0.24123605
1,3,2012,2012-12-10,0.04,0.116406724
1,3,2012,2012-12-18,0.02,0.015321672
1,3,2012,2012-12-26,0.02,0.02938804
1,4,2001,2001-07-04,0.06,0.089007854
1,4,2001,2001-07-12,0.03,0.13532917
1,4,2001,2001-07-20,0.02,0.082832575
1,4,2001,2001-07-28,0.02,0.082314044
1,4,2001,2001-08-05,0.15,0.06993136
1,4,2001,2001-08-13,0.07,0.19793092
1,4,2001,2001-08-21,0.06,0.118529335
1,4,2001,2001-08-29,0.08,0.158682
1,4,2001,2001-09-06,0.32,0.194225
1,4,2001,2001-09-14,0.61,0.4186041
1,4,2001,2001-09-22,0.62,0.6836983
1,4,2001,2001-09-30,0.56,0.7058705
1,4,2001,2001-10-08,0.48,0.6225934
1,4,2001,2001-10-16,0.65,0.4214247
1,4,2001,2001-10-24,0.52,0.58915097
1,4,2001,2001-11-01,0.4,0.4516797
1,4,2001,2001-11-09,0.3,0.34469035
1,4,2001,2001-11-17,0.17,0.16453807
1,4,2001,2001-11-25,0.13,0.11836538
1,4,2001,2001-12-03,0.06,0.09977731
1,4,2001,2001-12-11,0.05,0.09088254
1,4,2001,2001-12-19,0.03,0.07597011
1,4,2001,2001-12-27,0.03,0.06533921
1,4,2002,2002-07-04,0.17,0.139195
1,4,2002,2002-07-12,0.14,0.20068958
1,4,2002,2002-07-20,0.1,0.15712415
1,4,2002,2002-07-28,0.16,0.117984354
1,4,2002,2002-08-05,0.15,0.170167
1,4,2002,2002-08-13,0.17,0.20186271
1,4,2002,2002-08-21,0.17,0.18748882
1,4,2002,2002-08-29,0.24,0.18338938
1,4,2002,2002-09-06,0.53,0.2539606
1,4,2002,2002-09-14,0.61,0.618719
1,4,2002,2002-09-22,0.61,0.69635737
1,4,2002,2002-09-30,0.73,0.6768915
1,4,2002,2002-10-08,0.76,0.70916593
1,4,2002,2002-10-16,0.64,0.7053025
1,4,2002,2002-10-24,0.5,0.59965044
1,4,2002,2002-11-01,0.48,0.34531093
1,4,2002,2002-11-09,0.45,0.29641324
1,4,2002,2002-11-17,0.24,0.32615343
1,4,2002,2002-11-25,0.23,0.18843707
1,4,2002,2002-12-03,0.16,0.1613005
1,4,2002,2002-12-11,0.1,0.15377629
1,4,2002,2002-12-19,0.14,0.109885395
1,4,2002,2002-12-27,0.1,0.1451818
1,4,2003,2003-07-04,0.13,0.13018222
1,4,2003,2003-07-12,0.18,0.19050884
1,4,2003,2003-07-20,0.19,0.20901653
1,4,2003,2003-07-28,0.18,0.21016324
1,4,2003,2003-08-05,0.18,0.2153607
1,4,2003,2003-08-13,0.16,0.20289676
1,4,2003,2003-08-21,0.14,0.1925594
1,4,2003,2003-08-29,0.17,0.17151985
1,4,2003,2003-09-06,0.19,0.22314678
1,4,2003,2003-09-14,0.17,0.32036275
1,4,2003,2003-09-22,0.22,0.28816038
1,4,2003,2003-09-30,0.22,0.3196705
1,4,2003,2003-10-08,0.31,0.3273161
1,4,2003,2003-10-16,0.42,0.3989914
1,4,2003,2003-10-24,0.42,0.4609697
1,4,2003,2003-11-01,0.19,0.43703863
1,4,2003,2003-11-09,0.18,0.23242246
1,4,2003,2003-11-17,0.15,0.15763955
1,4,2003,2003-11-25,0.17,0.14575946
1,4,2003,2003-12-03,0.13,0.18970239
1,4,2003,2003-12-11,0.15,0.14468029
1,4,2003,2003-12-19,0.09,0.16113909
1,4,2003,2003-12-27,0.1,0.12424511
1,4,2004,2004-07-03,0.09,0.1730271
1,4,2004,2004-07-11,0.12,0.12581076
1,4,2004,2004-07-19,0.23,0.17725866
1,4,2004,2004-07-27,0.23,0.27473694
1,4,2004,2004-08-04,0.18,0.26556763
1,4,2004,2004-08-12,0.22,0.21615137
1,4,2004,2004-08-20,0.14,0.23236237
1,4,2004,2004-08-28,0.23,0.1610508
1,4,2004,2004-09-05,0.16,0.25897035
1,4,2004,2004-09-13,0.31,0.19268486
1,4,2004,2004-09-21,0.43,0.3412701
1,4,2004,2004-09-29,0.49,0.45968774
1,4,2004,2004-10-07,0.48,0.5192136
1,4,2004,2004-10-15,0.35,0.5086291
1,4,2004,2004-10-23,0.44,0.38541856
1,4,2004,2004-10-31,0.31,0.42926633
1,4,2004,2004-11-08,0.27,0.2850353
1,4,2004,2004-11-16,0.22,0.21722649
1,4,2004,2004-11-24,0.15,0.20586163
1,4,2004,2004-12-02,0.17,0.17185286
1,4,2004,2004-12-10,0.16,0.18052939
1,4,2004,2004-12-18,0.12,0.1851796
1,4,2004,2004-12-26,0.1,0.1352441
1,4,2005,2005-07-04,0.2,0.2127095
1,4,2005,2005-07-12,0.18,0.2028544
1,4,2005,2005-07-20,0.16,0.19970658
1,4,2005,2005-07-28,0.12,0.21241438
1,4,2005,2005-08-05,0.11,0.16780807
1,4,2005,2005-08-13,0.1,0.14701861
1,4,2005,2005-08-21,0.15,0.15253305
1,4,2005,2005-08-29,0.18,0.17107043
1,4,2005,2005-09-06,0.19,0.23872422
1,4,2005,2005-09-14,0.32,0.21185796
1,4,2005,2005-09-22,0.4,0.39717823
1,4,2005,2005-09-30,0.47,0.46762663
1,4,2005,2005-10-08,0.58,0.54319954
1,4,2005,2005-10-16,0.61,0.6020804
1,4,2005,2005-10-24,0.59,0.58401895
1,4,2005,2005-11-01,0.54,0.5633044
1,4,2005,2005-11-09,0.38,0.46669504
1,4,2005,2005-11-17,0.36,0.28911528
1,4,2005,2005-11-25,0.24,0.25581497
1,4,2005,2005-12-03,0.12,0.20429498
1,4,2005,2005-12-11,0.16,0.13595773
1,4,2005,2005-12-19,0.1,0.17967606
1,4,2005,2005-12-27,0.12,0.12343259
1,4,2006,2006-07-04,0.22,0.2572161
1,4,2006,2006-07-12,0.27,0.25598878
1,4,2006,2006-07-20,0.25,0.28242707
1,4,2006,2006-07-28,0.16,0.26142365
1,4,2006,2006-08-05,0.17,0.17430268
1,4,2006,2006-08-13,0.15,0.17596577
1,4,2006,2006-08-21,0.15,0.1634313
1,4,2006,2006-08-29,0.14,0.18605757
1,4,2006,2006-09-06,0.25,0.1798276
1,4,2006,2006-09-14,0.19,0.2920375
1,4,2006,2006-09-22,0.45,0.2583608
1,4,2006,2006-09-30,0.45,0.5259521
1,4,2006,2006-10-08,0.48,0.5080562
1,4,2006,2006-10-16,0.43,0.5540956
1,4,2006,2006-10-24,0.39,0.4650392
1,4,2006,2006-11-01,0.52,0.39583537
1,4,2006,2006-11-09,0.34,0.49701923
1,4,2006,2006-11-17,0.26,0.3273702
1,4,2006,2006-11-25,0.17,0.20659693
1,4,2006,2006-12-03,0.06,0.13544685
1,4,2006,2006-12-11,0.09,0.079360634
1,4,2006,2006-12-19,0.1,0.13035727
1,4,2006,2006-12-27,0.09,0.12233023
1,4,2007,2007-07-04,0.3,0.2536934
1,4,2007,2007-07-12,0.19,0.34280682
1,4,2007,2007-07-20,0.22,0.24326974
1,4,2007,2007-07-28,0.32,0.2464905
1,4,2007,2007-08-05,0.26,0.31626955
1,4,2007,2007-08-13,0.24,0.27577674
1,4,2007,2007-08-21,0.23,0.24470344
1,4,2007,2007-08-29,0.17,0.2365764
1,4,2007,2007-09-06,0.14,0.18537033
1,4,2007,2007-09-14,0.16,0.19320872
1,4,2007,2007-09-22,0.17,0.18611263
1,4,2007,2007-09-30,0.24,0.28796384
1,4,2007,2007-10-08,0.21,0.31077677
1,4,2007,2007-10-16,0.35,0.2956797
1,4,2007,2007-10-24,0.5,0.3830792
1,4,2007,2007-11-01,0.5,0.51046383
1,4,2007,2007-11-09,0.38,0.5496662
1,4,2007,2007-11-17,0.53,0.38686728
1,4,2007,2007-11-25,0.32,0.42944133
1,4,2007,2007-12-03,0.24,0.2789454
1,4,2007,2007-12-11,0.16,0.1727819
1,4,2007,2007-12-19,0.12,0.14767121
1,4,2007,2007-12-27,0.11,0.13896234
1,4,2008,2008-07-03,0.15,0.20301433
1,4,2008,2008-07-11,0.1,0.21468358
1,4,2008,2008-07-19,0.13,0.13498451
1,4,2008,2008-07-27,0.12,0.18337446
1,4,2008,2008-08-04,0.12,0.1906976
1,4,2008,2008-08-12,0.18,0.17306836
1,4,2008,2008-08-20,0.13,0.22611994
1,4,2008,2008-08-28,0.17,0.1699177
1,4,2008,2008-09-05,0.16,0.19595629
1,4,2008,2008-09-13,0.14,0.17612173
1,4,2008,2008-09-21,0.34,0.17252041
1,4,2008,2008-09-29,0.19,0.37514246
1,4,2008,2008-10-07,0.32,0.2504967
1,4,2008,2008-10-15,0.48,0.3474499
1,4,2008,2008-10-23,0.54,0.5364591
1,4,2008,2008-10-31,0.42,0.60566866
1,4,2008,2008-11-08,0.45,0.4808991
1,4,2008,2008-11-16,0.41,0.39645916
1,4,2008,2008-11-24,0.39,0.41053018
1,4,2008,2008-12-02,0.31,0.35981
1,4,2008,2008-12-10,0.2,0.26243517
1,4,2008,2008-12-18,0.13,0.16695932
1,4,2008,2008-12-26,0.07,0.12991674
1,4,2009,2009-07-04,0.14,0.23872179
1,4,2009,2009-07-12,0.17,0.16373295
1,4,2009,2009-07-20,0.18,0.18315278
1,4,2009,2009-07-28,0.23,0.20151933
1,4,2009,2009-08-05,0.16,0.24841484
1,4,2009,2009-08-13,0.16,0.18397427
1,4,2009,2009-08-21,0.16,0.19924986
1,4,2009,2009-08-29,0.12,0.17584887
1,4,2009,2009-09-06,0.13,0.16139838
1,4,2009,2009-09-14,0.2,0.16256052
1,4,2009,2009-09-22,0.43,0.22536783
1,4,2009,2009-09-30,0.43,0.5252166
1,4,2009,2009-10-08,0.37,0.45332396
1,4,2009,2009-10-16,0.46,0.41277653
1,4,2009,2009-10-24,0.49,0.49018264
1,4,2009,2009-11-01,0.56,0.541747
1,4,2009,2009-11-09,0.52,0.5597875
1,4,2009,2009-11-17,0.47,0.5027609
1,4,2009,2009-11-25,0.17,0.42925617
1,4,2009,2009-12-03,0.11,0.17366081
1,4,2009,2009-12-11,0.05,0.09092364
1,4,2009,2009-12-19,0.12,0.08262879
1,4,2009,2009-12-27,0.11,0.14131755
1,4,2010,2010-07-04,0.14,0.23713307
1,4,2010,2010-07-12,0.22,0.16341466
1,4,2010,2010-07-20,0.22,0.24470416
1,4,2010,2010-07-28,0.11,0.24246855
1,4,2010,2010-08-05,0.21,0.17051385
1,4,2010,2010-08-13,0.17,0.22396949
1,4,2010,2010-08-21,0.12,0.19216396
1,4,2010,2010-08-29,0.13,0.15644024
1,4,2010,2010-09-06,0.1,0.14939424
1,4,2010,2010-09-14,0.11,0.13176598
1,4,2010,2010-09-22,0.15,0.16847937
1,4,2010,2010-09-30,0.23,0.2722208
1,4,2010,2010-10-08,0.32,0.30888745
1,4,2010,2010-10-16,0.27,0.37257564
1,4,2010,2010-10-24,0.5,0.33886787
1,4,2010,2010-11-01,0.46,0.5247071
1,4,2010,2010-11-09,0.45,0.5156932
1,4,2010,2010-11-17,0.45,0.48025173
1,4,2010,2010-11-25,0.22,0.42280132
1,4,2010,2010-12-03,0.2,0.19179633
1,4,2010,2010-12-11,0.1,0.12041789
1,4,2010,2010-12-19,0.11,0.101854354
1,4,2010,2010-12-27,0.1,0.14390767
1,4,2011,2011-07-04,0.18,0.16095321
1,4,2011,2011-07-12,0.11,0.1949491
1,4,2011,2011-07-20,0.15,0.15971027
1,4,2011,2011-07-28,0.12,0.19792107
1,4,2011,2011-08-05,0.14,0.13406213
1,4,2011,2011-08-13,0.15,0.20064867
1,4,2011,2011-08-21,0.1,0.17613737
1,4,2011,2011-08-29,0.13,0.13177018
1,4,2011,2011-09-06,0.28,0.16217022
1,4,2011,2011-09-14,0.31,0.2992683
1,4,2011,2011-09-22,0.64,0.33191693
1,4,2011,2011-09-30,0.65,0.6624718
1,4,2011,2011-10-08,0.66,0.65996957
1,4,2011,2011-10-16,0.73,0.6675315
1,4,2011,2011-10-24,0.72,0.685022
1,4,2011,2011-11-01,0.76,0.7102401
1,4,2011,2011-11-09,0.62,0.7250228
1,4,2011,2011-11-17,0.62,0.53417015
1,4,2011,2011-11-25,0.48,0.4903743
1,4,2011,2011-12-03,0.42,0.3049125
1,4,2011,2011-12-11,0.24,0.27212605
1,4,2011,2011-12-19,0.05,0.16179632
1,4,2011,2011-12-27,0.12,0.077245414
1,4,2012,2012-07-03,0.15,0.17464052
1,4,2012,2012-07-11,0.15,0.18561
1,4,2012,2012-07-19,0.09,0.16886833
1,4,2012,2012-07-27,0.15,0.13136104
1,4,2012,2012-08-04,0.12,0.1748625
1,4,2012,2012-08-12,0.08,0.15431692
1,4,2012,2012-08-20,0.12,0.12688145
1,4,2012,2012-08-28,0.07,0.14511691
1,4,2012,2012-09-05,0.11,0.11265609
1,4,2012,2012-09-13,0.17,0.20624617
1,4,2012,2012-09-21,0.35,0.2389328
1,4,2012,2012-09-29,0.3,0.5154103
1,4,2012,2012-10-07,0.4,0.41300333
1,4,2012,2012-10-15,0.48,0.4684038
1,4,2012,2012-10-23,0.57,0.53137296
1,4,2012,2012-10-31,0.49,0.60504484
1,4,2012,2012-11-08,0.48,0.5226687
1,4,2012,2012-11-16,0.41,0.43133104
1,4,2012,2012-11-24,0.35,0.3451556
1,4,2012,2012-12-02,0.17,0.28179955
1,4,2012,2012-12-10,0.15,0.15089598
1,4,2012,2012-12-18,0.07,0.11517137
1,4,2012,2012-12-26,0.1,0.068213284
2,3,2001,2001-07-04,0.05,0.09977165
2,3,2001,2001-07-12,0.01,0.099282146
2,3,2001,2001-07-20,0.04,0.07852259
2,3,2001,2001-07-28,0.0,0.09631932
2,3,2001,2001-08-05,0.03,0.15793304
2,3,2001,2001-08-13,0.18,0.16031395
2,3,2001,2001-08-21,0.19,0.35529646
2,3,2001,2001-08-29,0.64,0.31005555
2,3,2001,2001-09-06,0.72,0.74416625
2,3,2001,2001-09-14,0.7,0.76928216
2,3,2001,2001-09-22,0.71,0.710209
2,3,2001,2001-09-30,0.66,0.67766875
2,3,2001,2001-10-08,0.67,0.5695699
2,3,2001,2001-10-16,0.69,0.5601336
2,3,2001,2001-10-24,0.67,0.6359929
2,3,2001,2001-11-01,0.67,0.60187733
2,3,2001,2001-11-09,0.58,0.6016109
2,3,2001,2001-11-17,0.62,0.4476549
2,3,2001,2001-11-25,0.58,0.52192354
2,3,2001,2001-12-03,0.5,0.5052455
2,3,2001,2001-12-11,0.36,0.39026424
2,3,2001,2001-12-19,0.02,0.21703565
2,3,2001,2001-12-27,0.01,-0.001262486
2,3,2002,2002-07-04,0.04,0.06946832
2,3,2002,2002-07-12,0.01,0.10044879
2,3,2002,2002-07-20,0.0,0.05544597
2,3,2002,2002-07-28,0.05,0.061672032
2,3,2002,2002-08-05,0.03,0.092695266
2,3,2002,2002-08-13,0.59,0.08018744
2,3,2002,2002-08-21,0.59,0.71874714
2,3,2002,2002-08-29,0.63,0.64801735
2,3,2002,2002-09-06,0.62,0.745329
2,3,2002,2002-09-14,0.73,0.6724478
2,3,2002,2002-09-22,0.72,0.7440144
2,3,2002,2002-09-30,0.71,0.69788575
2,3,2002,2002-10-08,0.68,0.63770676
2,3,2002,2002-10-16,0.65,0.5815238
2,3,2002,2002-10-24,0.64,0.55760616
2,3,2002,2002-11-01,0.64,0.55563945
2,3,2002,2002-11-09,0.63,0.5745696
2,3,2002,2002-11-17,0.58,0.53948563
2,3,2002,2002-11-25,0.57,0.49187216
2,3,2002,2002-12-03,0.45,0.4839128
2,3,2002,2002-12-11,0.26,0.3180016
2,3,2002,2002-12-19,0.09,0.117920116
2,3,2002,2002-12-27,0.02,0.010301858
2,3,2003,2003-07-04,0.0,0.05130869
2,3,2003,2003-07-12,0.02,0.06632763
2,3,2003,2003-07-20,0.09,0.07042721
2,3,2003,2003-07-28,0.06,0.13271526
2,3,2003,2003-08-05,0.11,0.108944744
2,3,2003,2003-08-13,0.04,0.14871377
2,3,2003,2003-08-21,0.01,0.26038805
2,3,2003,2003-08-29,0.04,0.1532583
2,3,2003,2003-09-06,0.04,0.22716534
2,3,2003,2003-09-14,0.05,0.16039944
2,3,2003,2003-09-22,0.36,0.23262468
2,3,2003,2003-09-30,0.63,0.50323737
2,3,2003,2003-10-08,0.63,0.70846033
2,3,2003,2003-10-16,0.62,0.68488
2,3,2003,2003-10-24,0.62,0.5982881
2,3,2003,2003-11-01,0.46,0.55478543
2,3,2003,2003-11-09,0.37,0.33641383
2,3,2003,2003-11-17,0.13,0.2351066
2,3,2003,2003-11-25,0.02,0.061341226
2,3,2003,2003-12-03,0.02,0.04737529
2,3,2003,2003-12-11,0.01,0.08245611
2,3,2003,2003-12-19,0.01,0.054749876
2,3,2003,2003-12-27,0.0,0.036150485
2,3,2004,2004-07-03,0.01,0.052620202
2,3,2004,2004-07-11,0.01,0.06284514
2,3,2004,2004-07-19,0.03,0.06689495
2,3,2004,2004-07-27,0.01,0.10547155
2,3,2004,2004-08-04,0.01,0.06623086
2,3,2004,2004-08-12,0.11,0.08754945
2,3,2004,2004-08-20,0.18,0.15087329
2,3,2004,2004-08-28,0.41,0.20807207
2,3,2004,2004-09-05,0.63,0.48375583
2,3,2004,2004-09-13,0.73,0.6881915
2,3,2004,2004-09-21,0.69,0.7472402
2,3,2004,2004-09-29,0.76,0.71526694
2,3,2004,2004-10-07,0.7,0.80090594
2,3,2004,2004-10-15,0.64,0.69422966
2,3,2004,2004-10-23,0.65,0.5441873
2,3,2004,2004-10-31,0.53,0.5470604
2,3,2004,2004-11-08,0.27,0.3503208
2,3,2004,2004-11-16,0.05,0.095927715
2,3,2004,2004-11-24,0.02,0.011627823
2,3,2004,2004-12-02,0.04,0.040026426
2,3,2004,2004-12-10,0.01,0.072079
2,3,2004,2004-12-18,0.0,0.049714863
2,3,2004,2004-12-26,0.0,0.052462697
2,3,2005,2005-07-04,0.0,0.062989146
2,3,2005,2005-07-12,0.03,0.05500713
2,3,2005,2005-07-20,0.06,0.08297208
2,3,2005,2005-07-28,0.01,0.111169636
2,3,2005,2005-08-05,0.01,0.055534214
2,3,2005,2005-08-13,0.1,0.061243802
2,3,2005,2005-08-21,0.35,0.18163013
2,3,2005,2005-08-29,0.68,0.46337622
2,3,2005,2005-09-06,0.67,0.7949377
2,3,2005,2005-09-14,0.71,0.75232935
2,3,2005,2005-09-22,0.72,0.7453897
2,3,2005,2005-09-30,0.7,0.69776374
2,3,2005,2005-10-08,0.73,0.6575685
2,3,2005,2005-10-16,0.73,0.66522026
2,3,2005,2005-10-24,0.7,0.6471879
2,3,2005,2005-11-01,0.71,0.6041002
2,3,2005,2005-11-09,0.67,0.5864866
2,3,2005,2005-11-17,0.62,0.44976828
2,3,2005,2005-11-25,0.57,0.35361665
2,3,2005,2005-12-03,0.09,0.37819648
2,3,2005,2005-12-11,0.05,0.10613841
2,3,2005,2005-12-19,0.01,0.06405541
2,3,2005,2005-12-27,0.02,0.07489276
2,3,2006,2006-07-04,0.03,0.08181471
2,3,2006,2006-07-12,0.04,0.07375729
2,3,2006,2006-07-20,0.02,0.09268507
2,3,2006,2006-07-28,0.02,0.07750884
2,3,2006,2006-08-05,0.05,0.062372476
2,3,2006,2006-08-13,0.12,0.094451964
2,3,2006,2006-08-21,0.16,0.19076064
2,3,2006,2006-08-29,0.56,0.29540405
2,3,2006,2006-09-06,0.64,0.7421631
2,3,2006,2006-09-14,0.64,0.72308797
2,3,2006,2006-09-22,0.74,0.67968214
2,3,2006,2006-09-30,0.66,0.73977244
2,3,2006,2006-10-08,0.7,0.59861314
2,3,2006,2006-10-16,0.71,0.6381701
2,3,2006,2006-10-24,0.67,0.66694
2,3,2006,2006-11-01,0.7,0.5897376
2,3,2006,2006-11-09,0.66,0.6315721
2,3,2006,2006-11-17,0.61,0.57043016
2,3,2006,2006-11-25,0.45,0.4776157
2,3,2006,2006-12-03,0.02,0.25448284
2,3,2006,2006-12-11,0.01,-0.029934675
2,3,2006,2006-12-19,0.01,0.03732595
2,3,2006,2006-12-27,0.0,0.098002344
2,3,2007,2007-07-04,0.02,0.06887421
2,3,2007,2007-07-12,0.03,0.07538104
2,3,2007,2007-07-20,0.09,0.085026026
2,3,2007,2007-07-28,0.21,0.13216601
2,3,2007,2007-08-05,0.15,0.252254
2,3,2007,2007-08-13,0.15,0.19165513
2,3,2007,2007-08-21,0.19,0.20154355
2,3,2007,2007-08-29,0.08,0.23217852
2,3,2007,2007-09-06,0.05,0.2424351
2,3,2007,2007-09-14,0.11,0.19233823
2,3,2007,2007-09-22,0.18,0.25458762
2,3,2007,2007-09-30,0.51,0.3271035
2,3,2007,2007-10-08,0.57,0.60310805
2,3,2007,2007-10-16,0.63,0.6530056
2,3,2007,2007-10-24,0.7,0.6701266
2,3,2007,2007-11-01,0.68,0.69825697
2,3,2007,2007-11-09,0.67,0.65408874
2,3,2007,2007-11-17,0.69,0.5986597
2,3,2007,2007-11-25,0.6,0.6089461
2,3,2007,2007-12-03,0.57,0.4225304
2,3,2007,2007-12-11,0.06,0.25893337
2,3,2007,2007-12-19,0.01,0.00970614
2,3,2007,2007-12-27,0.01,0.059692502
2,3,2008,2008-07-03,0.01,0.062093258
2,3,2008,2008-07-11,0.01,0.06545347
2,3,2008,2008-07-19,0.0,0.06720865
2,3,2008,2008-07-27,0.01,0.075671285
2,3,2008,2008-08-04,0.12,0.1181228
2,3,2008,2008-08-12,0.05,0.18638949
2,3,2008,2008-08-20,0.15,0.118933275
2,3,2008,2008-08-28,0.4,0.23515451
2,3,2008,2008-09-05,0.54,0.43994993
2,3,2008,2008-09-13,0.58,0.5863553
2,3,2008,2008-09-21,0.67,0.6141747
2,3,2008,2008-09-29,0.65,0.67974865
2,3,2008,2008-10-07,0.68,0.6954243
2,3,2008,2008-10-15,0.67,0.7063972
2,3,2008,2008-10-23,0.68,0.66607535
2,3,2008,2008-10-31,0.69,0.6628785
2,3,2008,2008-11-08,0.67,0.6510966
2,3,2008,2008-11-16,0.68,0.60391307
2,3,2008,2008-11-24,0.67,0.62029564
2,3,2008,2008-12-02,0.63,0.57999444
2,3,2008,2008-12-10,0.13,0.5146945
2,3,2008,2008-12-18,0.1,0.090770125
2,3,2008,2008-12-26,0.04,0.080813766
2,3,2009,2009-07-04,0.01,0.07157019
2,3,2009,2009-07-12,0.02,0.06042388
2,3,2009,2009-07-20,0.02,0.07091677
2,3,2009,2009-07-28,0.02,0.06571725
2,3,2009,2009-08-05,0.03,0.06990829
2,3,2009,2009-08-13,0.07,0.11371383
2,3,2009,2009-08-21,0.07,0.112769395
2,3,2009,2009-08-29,0.14,0.1487607
2,3,2009,2009-09-06,0.28,0.2916019
2,3,2009,2009-09-14,0.43,0.41974726
2,3,2009,2009-09-22,0.59,0.5523168
2,3,2009,2009-09-30,0.68,0.6915474
2,3,2009,2009-10-08,0.69,0.71677876
2,3,2009,2009-10-16,0.71,0.6944237
2,3,2009,2009-10-24,0.72,0.6776819
2,3,2009,2009-11-01,0.7,0.67416286
2,3,2009,2009-11-09,0.68,0.6358815
2,3,2009,2009-11-17,0.62,0.5909301
2,3,2009,2009-11-25,0.11,0.5071662
2,3,2009,2009-12-03,0.1,0.07449308
2,3,2009,2009-12-11,0.03,0.06937638
2,3,2009,2009-12-19,0.01,-0.017265111
2,3,2009,2009-12-27,0.01,0.056878984
2,3,2010,2010-07-04,0.05,0.06568214
2,3,2010,2010-07-12,0.02,0.09799355
2,3,2010,2010-07-20,0.01,0.067519754
2,3,2010,2010-07-28,0.01,0.061411172
2,3,2010,2010-08-05,0.0,0.06273168
2,3,2010,2010-08-13,0.02,0.05783677
2,3,2010,2010-08-21,0.03,0.089984626
2,3,2010,2010-08-29,0.07,0.08968705
2,3,2010,2010-09-06,0.09,0.15033782
2,3,2010,2010-09-14,0.05,0.19602065
2,3,2010,2010-09-22,0.1,0.18045746
2,3,2010,2010-09-30,0.18,0.26767582
2,3,2010,2010-10-08,0.25,0.32211253
2,3,2010,2010-10-16,0.31,0.3808327
2,3,2010,2010-10-24,0.52,0.4250228
2,3,2010,2010-11-01,0.57,0.6095535
2,3,2010,2010-11-09,0.56,0.62177074
2,3,2010,2010-11-17,0.58,0.56935644
2,3,2010,2010-11-25,0.18,0.5343838
2,3,2010,2010-12-03,0.08,0.11644596
2,3,2010,2010-12-11,0.04,0.050660193
2,3,2010,2010-12-19,0.01,0.08047643
2,3,2010,2010-12-27,0.01,0.04029426
2,3,2011,2011-07-04,0.01,0.08031961
2,3,2011,2011-07-12,0.02,0.07080525
2,3,2011,2011-07-20,0.0,0.06918293
2,3,2011,2011-07-28,0.03,0.0493778
2,3,2011,2011-08-05,0.02,0.08166444
2,3,2011,2011-08-13,0.05,0.06402853
2,3,2011,2011-08-21,0.08,0.10111448
2,3,2011,2011-08-29,0.54,0.12399906
2,3,2011,2011-09-06,0.6,0.64614093
2,3,2011,2011-09-14,0.6,0.6576891
2,3,2011,2011-09-22,0.66,0.62264276
2,3,2011,2011-09-30,0.7,0.6255621
2,3,2011,2011-10-08,0.71,0.6830778
2,3,2011,2011-10-16,0.72,0.69147086
2,3,2011,2011-10-24,0.71,0.69127005
2,3,2011,2011-11-01,0.72,0.7076961
2,3,2011,2011-11-09,0.72,0.7077235
2,3,2011,2011-11-17,0.72,0.6757687
2,3,2011,2011-11-25,0.7,0.65878356
2,3,2011,2011-12-03,0.68,0.47595114
2,3,2011,2011-12-11,0.06,0.44780806
2,3,2011,2011-12-19,0.08,0.08633059
2,3,2011,2011-12-27,0.13,0.085504055
2,3,2012,2012-07-03,0.02,0.061961442
2,3,2012,2012-07-11,0.02,0.07129207
2,3,2012,2012-07-19,0.0,0.0723142
2,3,2012,2012-07-27,0.05,0.047249436
2,3,2012,2012-08-04,0.01,0.10908231
2,3,2012,2012-08-12,0.0,0.057323158
2,3,2012,2012-08-20,0.01,0.064994365
2,3,2012,2012-08-28,0.02,0.08005297
2,3,2012,2012-09-05,0.15,0.24811132
2,3,2012,2012-09-13,0.06,0.28856862
2,3,2012,2012-09-21,0.23,0.21835774
2,3,2012,2012-09-29,0.42,0.41602457
2,3,2012,2012-10-07,0.47,0.5230373
2,3,2012,2012-10-15,0.5,0.5799353
2,3,2012,2012-10-23,0.43,0.55617315
2,3,2012,2012-10-31,0.25,0.42062476
2,3,2012,2012-11-08,0.17,0.19664446
2,3,2012,2012-11-16,0.15,0.13187718
2,3,2012,2012-11-24,0.03,0.17532243
2,3,2012,2012-12-02,0.04,0.12663881
2,3,2012,2012-12-10,0.02,0.1585618
2,3,2012,2012-12-18,0.01,-0.0016262233
2,3,2012,2012-12-26,0.01,0.06771144
2,4,2001,2001-07-04,0.08,0.112027675
2,4,2001,2001-07-12,0.02,0.14473416
2,4,2001,2001-07-20,0.02,0.060052156
2,4,2001,2001-07-28,0.01,0.07040262
2,4,2001,2001-08-05,0.08,0.06795591
2,4,2001,2001-08-13,0.08,0.13081904
2,4,2001,2001-08-21,0.03,0.14983581
2,4,2001,2001-08-29,0.2,0.12030183
2,4,2001,2001-09-06,0.43,0.37196591
2,4,2001,2001-09-14,0.7,0.54190016
2,4,2001,2001-09-22,0.74,0.7984252
2,4,2001,2001-09-30,0.74,0.7936144
2,4,2001,2001-10-08,0.78,0.7555436
2,4,2001,2001-10-16,0.73,0.73228514
2,4,2001,2001-10-24,0.67,0.624008
2,4,2001,2001-11-01,0.63,0.5030649
2,4,2001,2001-11-09,0.4,0.50552493
2,4,2001,2001-11-17,0.48,0.20734645
2,4,2001,2001-11-25,0.45,0.30939132
2,4,2001,2001-12-03,0.29,0.37775925
2,4,2001,2001-12-11,0.16,0.22823729
2,4,2001,2001-12-19,0.06,0.09578884
2,4,2001,2001-12-27,0.03,0.06412518
2,4,2002,2002-07-04,0.21,0.08120209
2,4,2002,2002-07-12,0.12,0.27662894
2,4,2002,2002-07-20,0.02,0.14614068
2,4,2002,2002-07-28,0.06,0.062891334
2,4,2002,2002-08-05,0.06,0.086702466
2,4,2002,2002-08-13,0.15,0.115162104
2,4,2002,2002-08-21,0.15,0.2023205
2,4,2002,2002-08-29,0.19,0.17039943
2,4,2002,2002-09-06,0.5,0.2737392
2,4,2002,2002-09-14,0.67,0.6308986
2,4,2002,2002-09-22,0.82,0.76934683
2,4,2002,2002-09-30,0.87,0.8588785
2,4,2002,2002-10-08,0.9,0.85763067
2,4,2002,2002-10-16,0.84,0.85910916
2,4,2002,2002-10-24,0.74,0.71910113
2,4,2002,2002-11-01,0.65,0.5028836
2,4,2002,2002-11-09,0.63,0.38506532
2,4,2002,2002-11-17,0.46,0.3705312
2,4,2002,2002-11-25,0.41,0.27759612
2,4,2002,2002-12-03,0.26,0.28014347
2,4,2002,2002-12-11,0.17,0.16232292
2,4,2002,2002-12-19,0.11,0.105077595
2,4,2002,2002-12-27,0.03,0.09034178
2,4,2003,2003-07-04,0.02,0.061231405
2,4,2003,2003-07-12,0.02,0.1349025
2,4,2003,2003-07-20,0.08,0.07673743
2,4,2003,2003-07-28,0.04,0.114885956
2,4,2003,2003-08-05,0.05,0.083644
2,4,2003,2003-08-13,0.03,0.09791267
2,4,2003,2003-08-21,0.03,0.10667461
2,4,2003,2003-08-29,0.1,0.099841654
2,4,2003,2003-09-06,0.05,0.18215318
2,4,2003,2003-09-14,0.14,0.2092238
2,4,2003,2003-09-22,0.12,0.3154714
2,4,2003,2003-09-30,0.43,0.29411477
2,4,2003,2003-10-08,0.47,0.58237374
2,4,2003,2003-10-16,0.65,0.5824951
2,4,2003,2003-10-24,0.66,0.70838284
2,4,2003,2003-11-01,0.54,0.6518531
2,4,2003,2003-11-09,0.34,0.4558291
2,4,2003,2003-11-17,0.2,0.16387586
2,4,2003,2003-11-25,0.14,0.07657027
2,4,2003,2003-12-03,0.05,0.09371126
2,4,2003,2003-12-11,0.05,0.07038322
2,4,2003,2003-12-19,0.01,0.08630738
2,4,2003,2003-12-27,0.0,0.04609385
2,4,2004,2004-07-03,0.02,0.064365774
2,4,2004,2004-07-11,0.05,0.06975445
2,4,2004,2004-07-19,0.05,0.097835034
2,4,2004,2004-07-27,0.07,0.112472445
2,4,2004,2004-08-04,0.02,0.11052701
2,4,2004,2004-08-12,0.05,0.06830898
2,4,2004,2004-08-20,0.05,0.09294295
2,4,2004,2004-08-28,0.11,0.09079769
2,4,2004,2004-09-05,0.28,0.17589453
2,4,2004,2004-09-13,0.4,0.3202317
2,4,2004,2004-09-21,0.57,0.46988744
2,4,2004,2004-09-29,0.74,0.6109005
2,4,2004,2004-10-07,0.7,0.7880271
2,4,2004,2004-10-15,0.57,0.70836186
2,4,2004,2004-10-23,0.66,0.5670372
2,4,2004,2004-10-31,0.52,0.6152231
2,4,2004,2004-11-08,0.42,0.41157985
2,4,2004,2004-11-16,0.25,0.23308054
2,4,2004,2004-11-24,0.08,0.10223767
2,4,2004,2004-12-02,0.05,0.054529876
2,4,2004,2004-12-10,0.01,0.063420236
2,4,2004,2004-12-18,0.02,0.04711163
2,4,2004,2004-12-26,0.01,0.05817631
2,4,2005,2005-07-04,0.03,0.103830785
2,4,2005,2005-07-12,0.04,0.06572673
2,4,2005,2005-07-20,0.03,0.094750494
2,4,2005,2005-07-28,0.03,0.079455316
2,4,2005,2005-08-05,0.05,0.089791864
2,4,2005,2005-08-13,0.01,0.08784634
2,4,2005,2005-08-21,0.02,0.06476468
2,4,2005,2005-08-29,0.22,0.07690567
2,4,2005,2005-09-06,0.29,0.30392826
2,4,2005,2005-09-14,0.59,0.39032996
2,4,2005,2005-09-22,0.66,0.69881094
2,4,2005,2005-09-30,0.7,0.72430956
2,4,2005,2005-10-08,0.71,0.7495887
2,4,2005,2005-10-16,0.7,0.7048309
2,4,2005,2005-10-24,0.69,0.61186326
2,4,2005,2005-11-01,0.71,0.61027753
2,4,2005,2005-11-09,0.58,0.6094729
2,4,2005,2005-11-17,0.59,0.41182548
2,4,2005,2005-11-25,0.32,0.37326658
2,4,2005,2005-12-03,0.19,0.14873949
2,4,2005,2005-12-11,0.04,0.096137404
2,4,2005,2005-12-19,0.01,0.051221907
2,4,2005,2005-12-27,0.03,0.048067957
2,4,2006,2006-07-04,0.04,0.09178755
2,4,2006,2006-07-12,0.06,0.077460796
2,4,2006,2006-07-20,0.04,0.10575724
2,4,2006,2006-07-28,0.04,0.07968265
2,4,2006,2006-08-05,0.04,0.08515155
2,4,2006,2006-08-13,0.12,0.09011075
2,4,2006,2006-08-21,0.06,0.15244468
2,4,2006,2006-08-29,0.16,0.09402546
2,4,2006,2006-09-06,0.15,0.2723817
2,4,2006,2006-09-14,0.35,0.22639905
2,4,2006,2006-09-22,0.62,0.5414056
2,4,2006,2006-09-30,0.59,0.7083185
2,4,2006,2006-10-08,0.7,0.6702206
2,4,2006,2006-10-16,0.69,0.70611894
2,4,2006,2006-10-24,0.65,0.6639198
2,4,2006,2006-11-01,0.74,0.59273195
2,4,2006,2006-11-09,0.64,0.6929581
2,4,2006,2006-11-17,0.6,0.5233318
2,4,2006,2006-11-25,0.39,0.45962346
2,4,2006,2006-12-03,0.15,0.16799575
2,4,2006,2006-12-11,0.01,0.038740665
2,4,2006,2006-12-19,0.04,0.023517638
2,4,2006,2006-12-27,0.02,0.06777787
2,4,2007,2007-07-04,0.12,0.23513621
2,4,2007,2007-07-12,0.09,0.15184282
2,4,2007,2007-07-20,0.06,0.12581559
2,4,2007,2007-07-28,0.12,0.08237088
2,4,2007,2007-08-05,0.12,0.15030068
2,4,2007,2007-08-13,0.12,0.14428574
2,4,2007,2007-08-21,0.14,0.17482527
2,4,2007,2007-08-29,0.03,0.15774803
2,4,2007,2007-09-06,0.04,0.094703496
2,4,2007,2007-09-14,0.1,0.09816149
2,4,2007,2007-09-22,0.16,0.22962297
2,4,2007,2007-09-30,0.42,0.32821485
2,4,2007,2007-10-08,0.34,0.53594005
2,4,2007,2007-10-16,0.45,0.4745993
2,4,2007,2007-10-24,0.71,0.5224948
2,4,2007,2007-11-01,0.69,0.7317746
2,4,2007,2007-11-09,0.63,0.71081865
2,4,2007,2007-11-17,0.72,0.5943963
2,4,2007,2007-11-25,0.58,0.63288546
2,4,2007,2007-12-03,0.57,0.40048063
2,4,2007,2007-12-11,0.31,0.31967482
2,4,2007,2007-12-19,0.08,0.12488118
2,4,2007,2007-12-27,0.07,0.059003204
2,4,2008,2008-07-03,0.05,0.17583448
2,4,2008,2008-07-11,0.04,0.09390682
2,4,2008,2008-07-19,0.02,0.09026456
2,4,2008,2008-07-27,0.01,0.05918172
2,4,2008,2008-08-04,0.02,0.08350417
2,4,2008,2008-08-12,0.05,0.088758886
2,4,2008,2008-08-20,0.08,0.11707777
2,4,2008,2008-08-28,0.13,0.14472665
2,4,2008,2008-09-05,0.27,0.14814971
2,4,2008,2008-09-13,0.38,0.30694672
2,4,2008,2008-09-21,0.47,0.4261785
2,4,2008,2008-09-29,0.45,0.52583027
2,4,2008,2008-10-07,0.58,0.53587663
2,4,2008,2008-10-15,0.7,0.60435754
2,4,2008,2008-10-23,0.68,0.7093773
2,4,2008,2008-10-31,0.71,0.7163726
2,4,2008,2008-11-08,0.69,0.7120465
2,4,2008,2008-11-16,0.68,0.62806547
2,4,2008,2008-11-24,0.65,0.6208789
2,4,2008,2008-12-02,0.54,0.5352155
2,4,2008,2008-12-10,0.35,0.38736975
2,4,2008,2008-12-18,0.07,0.14342143
2,4,2008,2008-12-26,0.02,0.0006300509
2,4,2009,2009-07-04,0.04,0.13644047
2,4,2009,2009-07-12,0.04,0.06504956
2,4,2009,2009-07-20,0.04,0.08000949
2,4,2009,2009-07-28,0.08,0.073889196
2,4,2009,2009-08-05,0.04,0.1163308
2,4,2009,2009-08-13,0.03,0.07851672
2,4,2009,2009-08-21,0.03,0.08396372
2,4,2009,2009-08-29,0.08,0.090094924
2,4,2009,2009-09-06,0.11,0.1530888
2,4,2009,2009-09-14,0.25,0.21338612
2,4,2009,2009-09-22,0.51,0.3728914
2,4,2009,2009-09-30,0.48,0.614123
2,4,2009,2009-10-08,0.63,0.5556814
2,4,2009,2009-10-16,0.7,0.6712148
2,4,2009,2009-10-24,0.73,0.73090595
2,4,2009,2009-11-01,0.75,0.73096806
2,4,2009,2009-11-09,0.7,0.7221821
2,4,2009,2009-11-17,0.69,0.619908
2,4,2009,2009-11-25,0.47,0.5898149
2,4,2009,2009-12-03,0.1,0.29045862
2,4,2009,2009-12-11,0.07,0.020747721
2,4,2009,2009-12-19,0.06,0.03905624
2,4,2009,2009-12-27,0.02,0.044551194
2,4,2010,2010-07-04,0.03,0.075151205
2,4,2010,2010-07-12,0.04,0.06317657
2,4,2010,2010-07-20,0.04,0.08449021
2,4,2010,2010-07-28,0.02,0.08545193
2,4,2010,2010-08-05,0.03,0.08253297
2,4,2010,2010-08-13,0.04,0.07720405
2,4,2010,2010-08-21,0.1,0.08605534
2,4,2010,2010-08-29,0.01,0.14216292
2,4,2010,2010-09-06,0.01,0.06961578
2,4,2010,2010-09-14,0.04,0.08425662
2,4,2010,2010-09-22,0.04,0.15129593
2,4,2010,2010-09-30,0.25,0.2093597
2,4,2010,2010-10-08,0.45,0.3736983
2,4,2010,2010-10-16,0.5,0.5738895
2,4,2010,2010-10-24,0.66,0.6085744
2,4,2010,2010-11-01,0.68,0.71282405
2,4,2010,2010-11-09,0.72,0.69697237
2,4,2010,2010-11-17,0.73,0.6990481
2,4,2010,2010-11-25,0.54,0.67728317
2,4,2010,2010-12-03,0.46,0.34990463
2,4,2010,2010-12-11,0.07,0.1396009
2,4,2010,2010-12-19,0.07,0.019011647
2,4,2010,2010-12-27,0.07,0.07137635
2,4,2011,2011-07-04,0.03,0.070198774
2,4,2011,2011-07-12,0.03,0.06931338
2,4,2011,2011-07-20,0.02,0.07646352
2,4,2011,2011-07-28,0.01,0.0713442
2,4,2011,2011-08-05,0.05,0.059618026
2,4,2011,2011-08-13,0.03,0.10320023
2,4,2011,2011-08-21,0.01,0.080284
2,4,2011,2011-08-29,0.25,0.08383557
2,4,2011,2011-09-06,0.37,0.29112357
2,4,2011,2011-09-14,0.51,0.40539834
2,4,2011,2011-09-22,0.77,0.5615571
2,4,2011,2011-09-30,0.81,0.768718
2,4,2011,2011-10-08,0.77,0.7963965
2,4,2011,2011-10-16,0.78,0.7615021
2,4,2011,2011-10-24,0.77,0.7478272
2,4,2011,2011-11-01,0.8,0.74242055
2,4,2011,2011-11-09,0.78,0.7593757
2,4,2011,2011-11-17,0.77,0.7255397
2,4,2011,2011-11-25,0.65,0.691659
2,4,2011,2011-12-03,0.73,0.42767793
2,4,2011,2011-12-11,0.35,0.5408319
2,4,2011,2011-12-19,0.06,0.17199412
2,4,2011,2011-12-27,0.12,0.03858906
2,4,2012,2012-07-03,0.04,0.08713296
2,4,2012,2012-07-11,0.05,0.07304686
2,4,2012,2012-07-19,0.05,0.09174651
2,4,2012,2012-07-27,0.17,0.08733368
2,4,2012,2012-08-04,0.01,0.20610616
2,4,2012,2012-08-12,0.01,0.07048124
2,4,2012,2012-08-20,0.15,0.065162
2,4,2012,2012-08-28,0.06,0.1827446
2,4,2012,2012-09-05,0.2,0.16308337
2,4,2012,2012-09-13,0.29,0.33978635
2,4,2012,2012-09-21,0.37,0.40745947
2,4,2012,2012-09-29,0.56,0.53357524
2,4,2012,2012-10-07,0.6,0.6670222
2,4,2012,2012-10-15,0.64,0.6514732
2,4,2012,2012-10-23,0.69,0.6534843
2,4,2012,2012-10-31,0.64,0.6769073
2,4,2012,2012-11-08,0.61,0.6059214
2,4,2012,2012-11-16,0.62,0.5329857
2,4,2012,2012-11-24,0.45,0.5484028
2,4,2012,2012-12-02,0.21,0.30403414
2,4,2012,2012-12-10,0.1,0.101392835
2,4,2012,2012-12-18,0.0,0.022004217
2,4,2012,2012-12-26,0.01,-0.0049187243
2,7,2001,2001-07-04,0.3,0.2714057
2,7,2001,2001-07-12,0.18,0.31066123
2,7,2001,2001-07-20,0.19,0.21468656
2,7,2001,2001-07-28,0.13,0.20679043
2,7,2001,2001-08-05,0.15,0.18642506
2,7,2001,2001-08-13,0.18,0.18853547
2,7,2001,2001-08-21,0.33,0.24263772
2,7,2001,2001-08-29,0.34,0.3650639
2,7,2001,2001-09-06,0.3,0.38039765
2,7,2001,2001-09-14,0.33,0.33238667
2,7,2001,2001-09-22,0.29,0.3229093
2,7,2001,2001-09-30,0.31,0.3168698
2,7,2001,2001-10-08,0.25,0.31117368
2,7,2001,2001-10-16,0.29,0.28500974
2,7,2001,2001-10-24,0.18,0.28517058
2,7,2001,2001-11-01,0.05,0.19347641
2,7,2001,2001-11-09,0.13,0.10790473
2,7,2001,2001-11-17,0.03,0.1296122
2,7,2001,2001-11-25,0.11,0.08150226
2,7,2001,2001-12-03,0.1,0.15405455
2,7,2001,2001-12-11,0.12,0.12305561
2,7,2001,2001-12-19,0.13,0.1483169
2,7,2001,2001-12-27,0.11,0.15323119
2,7,2002,2002-07-04,0.33,0.4119835
2,7,2002,2002-07-12,0.33,0.369754
2,7,2002,2002-07-20,0.19,0.31664193
2,7,2002,2002-07-28,0.18,0.21525006
2,7,2002,2002-08-05,0.23,0.1766186
2,7,2002,2002-08-13,0.37,0.2339669
2,7,2002,2002-08-21,0.37,0.37271994
2,7,2002,2002-08-29,0.33,0.41791373
2,7,2002,2002-09-06,0.26,0.3826813
2,7,2002,2002-09-14,0.42,0.29245296
2,7,2002,2002-09-22,0.44,0.3860731
2,7,2002,2002-09-30,0.38,0.439216
2,7,2002,2002-10-08,0.38,0.40637422
2,7,2002,2002-10-16,0.34,0.3593598
2,7,2002,2002-10-24,0.16,0.34021854
2,7,2002,2002-11-01,0.2,0.20788904
2,7,2002,2002-11-09,0.16,0.16036874
2,7,2002,2002-11-17,0.14,0.1816277
2,7,2002,2002-11-25,0.13,0.14231832
2,7,2002,2002-12-03,0.1,0.16070703
2,7,2002,2002-12-11,0.06,0.1321905
2,7,2002,2002-12-19,0.11,0.1123333
2,7,2002,2002-12-27,0.13,0.15269046
2,7,2003,2003-07-04,0.32,0.41547385
2,7,2003,2003-07-12,0.47,0.33276448
2,7,2003,2003-07-20,0.48,0.41071332
2,7,2003,2003-07-28,0.55,0.4455734
2,7,2003,2003-08-05,0.41,0.4930224
2,7,2003,2003-08-13,0.37,0.40848136
2,7,2003,2003-08-21,0.42,0.37853453
2,7,2003,2003-08-29,0.4,0.4185098
2,7,2003,2003-09-06,0.4,0.40957546
2,7,2003,2003-09-14,0.47,0.38248837
2,7,2003,2003-09-22,0.45,0.4578605
2,7,2003,2003-09-30,0.46,0.47323748
2,7,2003,2003-10-08,0.4,0.46409473
2,7,2003,2003-10-16,0.35,0.40491506
2,7,2003,2003-10-24,0.38,0.3500682
2,7,2003,2003-11-01,0.23,0.32514563
2,7,2003,2003-11-09,0.12,0.24500896
2,7,2003,2003-11-17,0.18,0.15176134
2,7,2003,2003-11-25,0.21,0.18169211
2,7,2003,2003-12-03,0.25,0.2223969
2,7,2003,2003-12-11,0.14,0.2550431
2,7,2003,2003-12-19,0.14,0.16161604
2,7,2003,2003-12-27,0.11,0.16147794
2,7,2004,2004-07-03,0.41,0.47555935
2,7,2004,2004-07-11,0.5,0.38596076
2,7,2004,2004-07-19,0.48,0.45954674
2,7,2004,2004-07-27,0.48,0.49388748
2,7,2004,2004-08-04,0.45,0.5082812
2,7,2004,2004-08-12,0.4,0.44877374
2,7,2004,2004-08-20,0.35,0.39189783
2,7,2004,2004-08-28,0.51,0.35191157
2,7,2004,2004-09-05,0.47,0.47030798
2,7,2004,2004-09-13,0.49,0.47954696
2,7,2004,2004-09-21,0.39,0.49805212
2,7,2004,2004-09-29,0.38,0.41801244
2,7,2004,2004-10-07,0.34,0.38822138
2,7,2004,2004-10-15,0.32,0.34650943
2,7,2004,2004-10-23,0.27,0.3228479
2,7,2004,2004-10-31,0.29,0.29340038
2,7,2004,2004-11-08,0.09,0.2776443
2,7,2004,2004-11-16,0.25,0.14348702
2,7,2004,2004-11-24,0.16,0.22228841
2,7,2004,2004-12-02,0.11,0.2138431
2,7,2004,2004-12-10,0.11,0.18472922
2,7,2004,2004-12-18,0.29,0.13796887
2,7,2004,2004-12-26,0.22,0.29332784
2,7,2005,2005-07-04,0.6,0.45256984
2,7,2005,2005-07-12,0.48,0.53676033
2,7,2005,2005-07-20,0.59,0.5011542
2,7,2005,2005-07-28,0.58,0.55675536
2,7,2005,2005-08-05,0.61,0.5622056
2,7,2005,2005-08-13,0.38,0.5850756
2,7,2005,2005-08-21,0.41,0.41503742
2,7,2005,2005-08-29,0.46,0.35494763
2,7,2005,2005-09-06,0.45,0.45399153
2,7,2005,2005-09-14,0.54,0.47455448
2,7,2005,2005-09-22,0.57,0.5302721
2,7,2005,2005-09-30,0.42,0.54045105
2,7,2005,2005-10-08,0.43,0.4434356
2,7,2005,2005-10-16,0.46,0.39054802
2,7,2005,2005-10-24,0.39,0.42513895
2,7,2005,2005-11-01,0.27,0.38723126
2,7,2005,2005-11-09,0.27,0.290584
2,7,2005,2005-11-17,0.33,0.223221
2,7,2005,2005-11-25,0.23,0.31547064
2,7,2005,2005-12-03,0.11,0.25417253
2,7,2005,2005-12-11,0.17,0.14725347
2,7,2005,2005-12-19,0.17,0.16889672
2,7,2005,2005-12-27,0.27,0.2418445
2,7,2006,2006-07-04,0.58,0.44824398
2,7,2006,2006-07-12,0.45,0.56506014
2,7,2006,2006-07-20,0.48,0.4837638
2,7,2006,2006-07-28,0.4,0.48680162
2,7,2006,2006-08-05,0.52,0.42261162
2,7,2006,2006-08-13,0.51,0.5160242
2,7,2006,2006-08-21,0.46,0.48570427
2,7,2006,2006-08-29,0.4,0.4546237
2,7,2006,2006-09-06,0.37,0.40184587
2,7,2006,2006-09-14,0.49,0.38454086
2,7,2006,2006-09-22,0.46,0.48402762
2,7,2006,2006-09-30,0.29,0.49556872
2,7,2006,2006-10-08,0.39,0.3611123
2,7,2006,2006-10-16,0.29,0.33999163
2,7,2006,2006-10-24,0.16,0.3271546
2,7,2006,2006-11-01,0.2,0.23455375
2,7,2006,2006-11-09,0.12,0.19114147
2,7,2006,2006-11-17,0.14,0.1690479
2,7,2006,2006-11-25,0.12,0.20119186
2,7,2006,2006-12-03,0.1,0.16536307
2,7,2006,2006-12-11,0.13,0.12680106
2,7,2006,2006-12-19,0.17,0.16681138
2,7,2006,2006-12-27,0.37,0.20341294
2,7,2007,2007-07-04,0.66,0.6216835
2,7,2007,2007-07-12,0.55,0.6511892
2,7,2007,2007-07-20,0.49,0.5596693
2,7,2007,2007-07-28,0.67,0.47404802
2,7,2007,2007-08-05,0.68,0.5821947
2,7,2007,2007-08-13,0.66,0.6474887
2,7,2007,2007-08-21,0.53,0.6475496
2,7,2007,2007-08-29,0.5,0.5308005
2,7,2007,2007-09-06,0.42,0.45607463
2,7,2007,2007-09-14,0.56,0.389637
2,7,2007,2007-09-22,0.48,0.51858705
2,7,2007,2007-09-30,0.45,0.49444824
2,7,2007,2007-10-08,0.46,0.4362491
2,7,2007,2007-10-16,0.39,0.4255816
2,7,2007,2007-10-24,0.37,0.38344157
2,7,2007,2007-11-01,0.41,0.32983482
2,7,2007,2007-11-09,0.21,0.3557191
2,7,2007,2007-11-17,0.11,0.24224249
2,7,2007,2007-11-25,0.12,0.14055422
2,7,2007,2007-12-03,0.31,0.14269434
2,7,2007,2007-12-11,0.22,0.3066411
2,7,2007,2007-12-19,0.16,0.25085273
2,7,2007,2007-12-27,0.13,0.20592786
2,7,2008,2008-07-03,0.62,0.6624838
2,7,2008,2008-07-11,0.59,0.6193347
2,7,2008,2008-07-19,0.6,0.58139366
2,7,2008,2008-07-27,0.48,0.54556465
2,7,2008,2008-08-04,0.57,0.50251085
2,7,2008,2008-08-12,0.69,0.57044077
2,7,2008,2008-08-20,0.5,0.6644691
2,7,2008,2008-08-28,0.54,0.53312147
2,7,2008,2008-09-05,0.57,0.49538916
2,7,2008,2008-09-13,0.5,0.50827473
2,7,2008,2008-09-21,0.49,0.51789486
2,7,2008,2008-09-29,0.39,0.49000725
2,7,2008,2008-10-07,0.39,0.4030609
2,7,2008,2008-10-15,0.32,0.38006186
2,7,2008,2008-10-23,0.37,0.332458
2,7,2008,2008-10-31,0.24,0.35353178
2,7,2008,2008-11-08,0.27,0.29315814
2,7,2008,2008-11-16,0.15,0.25169706
2,7,2008,2008-11-24,0.2,0.16012189
2,7,2008,2008-12-02,0.21,0.18663578
2,7,2008,2008-12-10,0.21,0.27556014
2,7,2008,2008-12-18,0.24,0.24961928
2,7,2008,2008-12-26,0.41,0.24805109
2,7,2009,2009-07-04,0.59,0.5166123
2,7,2009,2009-07-12,0.84,0.56662136
2,7,2009,2009-07-20,0.68,0.7446879
2,7,2009,2009-07-28,0.48,0.671996
2,7,2009,2009-08-05,0.48,0.5171249
2,7,2009,2009-08-13,0.52,0.39530078
2,7,2009,2009-08-21,0.52,0.5231365
2,7,2009,2009-08-29,0.56,0.5242682
2,7,2009,2009-09-06,0.59,0.5442401
2,7,2009,2009-09-14,0.53,0.57357574
2,7,2009,2009-09-22,0.54,0.5364557
2,7,2009,2009-09-30,0.54,0.5208297
2,7,2009,2009-10-08,0.49,0.50099546
2,7,2009,2009-10-16,0.48,0.47387546
2,7,2009,2009-10-24,0.36,0.44574866
2,7,2009,2009-11-01,0.24,0.37165993
2,7,2009,2009-11-09,0.19,0.25085187
2,7,2009,2009-11-17,0.17,0.19384253
2,7,2009,2009-11-25,0.16,0.1750034
2,7,2009,2009-12-03,0.16,0.1896277
2,7,2009,2009-12-11,0.17,0.1966848
2,7,2009,2009-12-19,0.25,0.20907143
2,7,2009,2009-12-27,0.23,0.28164023
2,7,2010,2010-07-04,0.66,0.7306216
2,7,2010,2010-07-12,0.7,0.6499262
2,7,2010,2010-07-20,0.77,0.6898519
2,7,2010,2010-07-28,0.75,0.72722465
2,7,2010,2010-08-05,0.82,0.6959799
2,7,2010,2010-08-13,0.72,0.7217383
2,7,2010,2010-08-21,0.68,0.66547704
2,7,2010,2010-08-29,0.62,0.6479869
2,7,2010,2010-09-06,0.51,0.5833756
2,7,2010,2010-09-14,0.53,0.51204926
2,7,2010,2010-09-22,0.5,0.50302094
2,7,2010,2010-09-30,0.64,0.48999572
2,7,2010,2010-10-08,0.81,0.59840655
2,7,2010,2010-10-16,0.71,0.72406256
2,7,2010,2010-10-24,0.59,0.6818279
2,7,2010,2010-11-01,0.48,0.57016754
2,7,2010,2010-11-09,0.44,0.39224002
2,7,2010,2010-11-17,0.41,0.3526912
2,7,2010,2010-11-25,0.32,0.3547664
2,7,2010,2010-12-03,0.32,0.30559877
2,7,2010,2010-12-11,0.22,0.2909557
2,7,2010,2010-12-19,0.25,0.23705901
2,7,2010,2010-12-27,0.36,0.2645917
2,7,2011,2011-07-04,0.59,0.7296694
2,7,2011,2011-07-12,0.62,0.60428417
2,7,2011,2011-07-20,0.62,0.55939984
2,7,2011,2011-07-28,0.61,0.59812164
2,7,2011,2011-08-05,0.61,0.62321705
2,7,2011,2011-08-13,0.71,0.6246299
2,7,2011,2011-08-21,0.53,0.67878246
2,7,2011,2011-08-29,0.68,0.55051655
2,7,2011,2011-09-06,0.58,0.6147777
2,7,2011,2011-09-14,0.62,0.53079176
2,7,2011,2011-09-22,0.55,0.5875329
2,7,2011,2011-09-30,0.55,0.5222578
2,7,2011,2011-10-08,0.48,0.5584018
2,7,2011,2011-10-16,0.42,0.53282595
2,7,2011,2011-10-24,0.29,0.47417086
2,7,2011,2011-11-01,0.33,0.32745668
2,7,2011,2011-11-09,0.33,0.28996766
2,7,2011,2011-11-17,0.27,0.3245092
2,7,2011,2011-11-25,0.2,0.30652976
2,7,2011,2011-12-03,0.25,0.2308324
2,7,2011,2011-12-11,0.27,0.25176153
2,7,2011,2011-12-19,0.24,0.27245295
2,7,2011,2011-12-27,0.34,0.26577806
2,7,2012,2012-07-03,0.79,0.637777
2,7,2012,2012-07-11,0.73,0.72452915
2,7,2012,2012-07-19,0.68,0.6961203
2,7,2012,2012-07-27,0.66,0.6587653
2,7,2012,2012-08-04,0.71,0.6200609
2,7,2012,2012-08-12,0.63,0.6644577
2,7,2012,2012-08-20,0.7,0.6321238
2,7,2012,2012-08-28,0.63,0.65338045
2,7,2012,2012-09-05,0.63,0.6176844
2,7,2012,2012-09-13,0.64,0.60940546
2,7,2012,2012-09-21,0.52,0.61656994
2,7,2012,2012-09-29,0.58,0.5189885
2,7,2012,2012-10-07,0.52,0.5450783
2,7,2012,2012-10-15,0.51,0.49470535
2,7,2012,2012-10-23,0.43,0.4888658
2,7,2012,2012-10-31,0.22,0.39649156
2,7,2012,2012-11-08,0.22,0.2596205
2,7,2012,2012-11-16,0.25,0.20991074
2,7,2012,2012-11-24,0.23,0.25870046
2,7,2012,2012-12-02,0.24,0.24285299
2,7,2012,2012-12-10,0.26,0.25950348
2,7,2012,2012-12-18,0.24,0.28630263
2,7,2012,2012-12-26,0.42,0.26869184
2,8,2001,2001-07-04,0.14,0.1545055
2,8,2001,2001-07-12,0.1,0.18774968
2,8,2001,2001-07-20,0.1,0.1490141
2,8,2001,2001-07-28,0.08,0.15435193
2,8,2001,2001-08-05,0.11,0.14877295
2,8,2001,2001-08-13,0.12,0.15573779
2,8,2001,2001-08-21,0.18,0.17725068
2,8,2001,2001-08-29,0.19,0.22358799
2,8,2001,2001-09-06,0.18,0.2323337
2,8,2001,2001-09-14,0.16,0.21083589
2,8,2001,2001-09-22,0.18,0.19726108
2,8,2001,2001-09-30,0.22,0.21972814
2,8,2001,2001-10-08,0.22,0.24234071
2,8,2001,2001-10-16,0.22,0.26002398
2,8,2001,2001-10-24,0.16,0.25700468
2,8,2001,2001-11-01,0.08,0.20023428
2,8,2001,2001-11-09,0.11,0.12715611
2,8,2001,2001-11-17,0.06,0.13232702
2,8,2001,2001-11-25,0.11,0.11311728
2,8,2001,2001-12-03,0.07,0.14589366
2,8,2001,2001-12-11,0.07,0.10942227
2,8,2001,2001-12-19,0.05,0.107491136
2,8,2001,2001-12-27,0.03,0.09968975
2,8,2002,2002-07-04,0.12,0.2591813
2,8,2002,2002-07-12,0.12,0.17902973
2,8,2002,2002-07-20,0.1,0.1525402
2,8,2002,2002-07-28,0.06,0.13273522
2,8,2002,2002-08-05,0.12,0.1031563
2,8,2002,2002-08-13,0.24,0.15670785
2,8,2002,2002-08-21,0.24,0.25936547
2,8,2002,2002-08-29,0.21,0.27921742
2,8,2002,2002-09-06,0.15,0.2511293
2,8,2002,2002-09-14,0.23,0.19138297
2,8,2002,2002-09-22,0.25,0.23066479
2,8,2002,2002-09-30,0.24,0.26381376
2,8,2002,2002-10-08,0.19,0.27258182
2,8,2002,2002-10-16,0.24,0.23066995
2,8,2002,2002-10-24,0.14,0.25281346
2,8,2002,2002-11-01,0.17,0.18316387
2,8,2002,2002-11-09,0.13,0.17044285
2,8,2002,2002-11-17,0.11,0.15625216
2,8,2002,2002-11-25,0.09,0.13223803
2,8,2002,2002-12-03,0.09,0.13206853
2,8,2002,2002-12-11,0.03,0.121335864
2,8,2002,2002-12-19,0.09,0.08390364
2,8,2002,2002-12-27,0.07,0.121705905
2,8,2003,2003-07-04,0.1,0.2063985
2,8,2003,2003-07-12,0.25,0.14284375
2,8,2003,2003-07-20,0.29,0.24475981
2,8,2003,2003-07-28,0.31,0.2836662
2,8,2003,2003-08-05,0.28,0.3027347
2,8,2003,2003-08-13,0.18,0.27970278
2,8,2003,2003-08-21,0.22,0.23404206
2,8,2003,2003-08-29,0.22,0.24596323
2,8,2003,2003-09-06,0.21,0.24409378
2,8,2003,2003-09-14,0.27,0.22369908
2,8,2003,2003-09-22,0.24,0.27982002
2,8,2003,2003-09-30,0.24,0.27569684
2,8,2003,2003-10-08,0.22,0.26971868
2,8,2003,2003-10-16,0.29,0.23715603
2,8,2003,2003-10-24,0.2,0.29235744
2,8,2003,2003-11-01,0.14,0.22750384
2,8,2003,2003-11-09,0.11,0.17790028
2,8,2003,2003-11-17,0.14,0.14345767
2,8,2003,2003-11-25,0.14,0.16080073
2,8,2003,2003-12-03,0.11,0.16067004
2,8,2003,2003-12-11,0.12,0.14325906
2,8,2003,2003-12-19,0.05,0.13241145
2,8,2003,2003-12-27,0.04,0.1015991
2,8,2004,2004-07-03,0.17,0.2512192
2,8,2004,2004-07-11,0.25,0.1905601
2,8,2004,2004-07-19,0.31,0.26641566
2,8,2004,2004-07-27,0.31,0.33958006
2,8,2004,2004-08-04,0.24,0.3534243
2,8,2004,2004-08-12,0.18,0.28547558
2,8,2004,2004-08-20,0.18,0.20629847
2,8,2004,2004-08-28,0.32,0.2003854
2,8,2004,2004-09-05,0.25,0.31340316
2,8,2004,2004-09-13,0.28,0.28457737
2,8,2004,2004-09-21,0.28,0.30325526
2,8,2004,2004-09-29,0.21,0.29493296
2,8,2004,2004-10-07,0.25,0.25069818
2,8,2004,2004-10-15,0.22,0.25357172
2,8,2004,2004-10-23,0.19,0.2605579
2,8,2004,2004-10-31,0.17,0.22205773
2,8,2004,2004-11-08,0.06,0.18580219
2,8,2004,2004-11-16,0.18,0.111431
2,8,2004,2004-11-24,0.12,0.19347927
2,8,2004,2004-12-02,0.08,0.16297826
2,8,2004,2004-12-10,0.06,0.1323026
2,8,2004,2004-12-18,0.15,0.10996592
2,8,2004,2004-12-26,0.15,0.15929186
2,8,2005,2005-07-04,0.31,0.36891595
2,8,2005,2005-07-12,0.3,0.31875893
2,8,2005,2005-07-20,0.27,0.3112716
2,8,2005,2005-07-28,0.36,0.29895118
2,8,2005,2005-08-05,0.33,0.3607678
2,8,2005,2005-08-13,0.24,0.3416158
2,8,2005,2005-08-21,0.18,0.26464343
2,8,2005,2005-08-29,0.16,0.19941974
2,8,2005,2005-09-06,0.26,0.21594517
2,8,2005,2005-09-14,0.31,0.27704188
2,8,2005,2005-09-22,0.3,0.33090752
2,8,2005,2005-09-30,0.24,0.3279692
2,8,2005,2005-10-08,0.29,0.26768148
2,8,2005,2005-10-16,0.36,0.2843386
2,8,2005,2005-10-24,0.25,0.34600133
2,8,2005,2005-11-01,0.24,0.2862235
2,8,2005,2005-11-09,0.23,0.24148357
2,8,2005,2005-11-17,0.2,0.21288618
2,8,2005,2005-11-25,0.22,0.22172979
2,8,2005,2005-12-03,0.1,0.22431488
2,8,2005,2005-12-11,0.1,0.14181745
2,8,2005,2005-12-19,0.15,0.12164457
2,8,2005,2005-12-27,0.16,0.18630207
2,8,2006,2006-07-04,0.33,0.29209659
2,8,2006,2006-07-12,0.3,0.33317965
2,8,2006,2006-07-20,0.33,0.32589793
2,8,2006,2006-07-28,0.22,0.3315648
2,8,2006,2006-08-05,0.3,0.28171983
2,8,2006,2006-08-13,0.28,0.30717018
2,8,2006,2006-08-21,0.27,0.29364842
2,8,2006,2006-08-29,0.25,0.2694174
2,8,2006,2006-09-06,0.24,0.24728972
2,8,2006,2006-09-14,0.29,0.2654637
2,8,2006,2006-09-22,0.28,0.3169505
2,8,2006,2006-09-30,0.25,0.31541568
2,8,2006,2006-10-08,0.26,0.27566686
2,8,2006,2006-10-16,0.22,0.27701783
2,8,2006,2006-10-24,0.18,0.27438256
2,8,2006,2006-11-01,0.14,0.22436786
2,8,2006,2006-11-09,0.11,0.18297544
2,8,2006,2006-11-17,0.12,0.16074604
2,8,2006,2006-11-25,0.09,0.16311058
2,8,2006,2006-12-03,0.01,0.15136898
2,8,2006,2006-12-11,0.03,0.073607534
2,8,2006,2006-12-19,0.06,0.08753276
2,8,2006,2006-12-27,0.24,0.123872966
2,8,2007,2007-07-04,0.32,0.3454391
2,8,2007,2007-07-12,0.27,0.34642053
2,8,2007,2007-07-20,0.36,0.30492252
2,8,2007,2007-07-28,0.4,0.35142353
2,8,2007,2007-08-05,0.4,0.37977618
2,8,2007,2007-08-13,0.3,0.40128738
2,8,2007,2007-08-21,0.26,0.3346764
2,8,2007,2007-08-29,0.25,0.27956694
2,8,2007,2007-09-06,0.21,0.25938785
2,8,2007,2007-09-14,0.31,0.23870559
2,8,2007,2007-09-22,0.25,0.31254277
2,8,2007,2007-09-30,0.25,0.2911538
2,8,2007,2007-10-08,0.25,0.273962
2,8,2007,2007-10-16,0.23,0.26716176
2,8,2007,2007-10-24,0.23,0.25133213
2,8,2007,2007-11-01,0.25,0.23866346
2,8,2007,2007-11-09,0.16,0.24394044
2,8,2007,2007-11-17,0.18,0.18569613
2,8,2007,2007-11-25,0.04,0.18872425
2,8,2007,2007-12-03,0.21,0.09921792
2,8,2007,2007-12-11,0.12,0.1878946
2,8,2007,2007-12-19,0.04,0.14080417
2,8,2007,2007-12-27,0.03,0.09691569
2,8,2008,2008-07-03,0.32,0.36784253
2,8,2008,2008-07-11,0.28,0.3463443
2,8,2008,2008-07-19,0.32,0.29983288
2,8,2008,2008-07-27,0.27,0.325624
2,8,2008,2008-08-04,0.3,0.32329053
2,8,2008,2008-08-12,0.36,0.333902
2,8,2008,2008-08-20,0.27,0.35270846
2,8,2008,2008-08-28,0.3,0.3012703
2,8,2008,2008-09-05,0.32,0.29057324
2,8,2008,2008-09-13,0.43,0.3095668
2,8,2008,2008-09-21,0.26,0.41300732
2,8,2008,2008-09-29,0.18,0.32054466
2,8,2008,2008-10-07,0.19,0.22293064
2,8,2008,2008-10-15,0.2,0.20784178
2,8,2008,2008-10-23,0.21,0.22711258
2,8,2008,2008-10-31,0.07,0.23882231
2,8,2008,2008-11-08,0.18,0.15556048
2,8,2008,2008-11-16,0.06,0.18819144
2,8,2008,2008-11-24,0.05,0.1270874
2,8,2008,2008-12-02,0.06,0.08598086
2,8,2008,2008-12-10,0.1,0.13678715
2,8,2008,2008-12-18,0.14,0.14109832
2,8,2008,2008-12-26,0.18,0.15942325
2,8,2009,2009-07-04,0.34,0.32959494
2,8,2009,2009-07-12,0.54,0.34213307
2,8,2009,2009-07-20,0.37,0.47258452
2,8,2009,2009-07-28,0.36,0.41335687
2,8,2009,2009-08-05,0.31,0.35880032
2,8,2009,2009-08-13,0.3,0.31982085
2,8,2009,2009-08-21,0.3,0.32354116
2,8,2009,2009-08-29,0.33,0.31129122
2,8,2009,2009-09-06,0.36,0.331373
2,8,2009,2009-09-14,0.29,0.36482206
2,8,2009,2009-09-22,0.33,0.3507313
2,8,2009,2009-09-30,0.33,0.32801417
2,8,2009,2009-10-08,0.29,0.30859888
2,8,2009,2009-10-16,0.27,0.28606534
2,8,2009,2009-10-24,0.17,0.2744465
2,8,2009,2009-11-01,0.15,0.21522664
2,8,2009,2009-11-09,0.09,0.15805486
2,8,2009,2009-11-17,0.14,0.14296576
2,8,2009,2009-11-25,0.13,0.14670797
2,8,2009,2009-12-03,0.05,0.14679213
2,8,2009,2009-12-11,0.06,0.094567955
2,8,2009,2009-12-19,0.11,0.11159137
2,8,2009,2009-12-27,0.09,0.16076311
2,8,2010,2010-07-04,0.34,0.40723675
2,8,2010,2010-07-12,0.32,0.36250228
2,8,2010,2010-07-20,0.36,0.37102067
2,8,2010,2010-07-28,0.32,0.375919
2,8,2010,2010-08-05,0.45,0.3466574
2,8,2010,2010-08-13,0.38,0.40204924
2,8,2010,2010-08-21,0.4,0.39303762
2,8,2010,2010-08-29,0.31,0.39194107
2,8,2010,2010-09-06,0.37,0.34186748
2,8,2010,2010-09-14,0.31,0.3661293
2,8,2010,2010-09-22,0.27,0.33354178
2,8,2010,2010-09-30,0.31,0.29985029
2,8,2010,2010-10-08,0.4,0.31555283
2,8,2010,2010-10-16,0.43,0.3837292
2,8,2010,2010-10-24,0.32,0.417176
2,8,2010,2010-11-01,0.17,0.33838764
2,8,2010,2010-11-09,0.17,0.21060723
2,8,2010,2010-11-17,0.21,0.16395062
2,8,2010,2010-11-25,0.14,0.21801561
2,8,2010,2010-12-03,0.16,0.17608152
2,8,2010,2010-12-11,0.18,0.16507068
2,8,2010,2010-12-19,0.09,0.18127353
2,8,2010,2010-12-27,0.22,0.13615161
2,8,2011,2011-07-04,0.31,0.40060407
2,8,2011,2011-07-12,0.29,0.34300166
2,8,2011,2011-07-20,0.29,0.300688
2,8,2011,2011-07-28,0.3,0.30781168
2,8,2011,2011-08-05,0.34,0.31823254
2,8,2011,2011-08-13,0.36,0.3702102
2,8,2011,2011-08-21,0.25,0.38312697
2,8,2011,2011-08-29,0.32,0.31926745
2,8,2011,2011-09-06,0.33,0.30713403
2,8,2011,2011-09-14,0.35,0.3451726
2,8,2011,2011-09-22,0.3,0.35947645
2,8,2011,2011-09-30,0.28,0.3200124
2,8,2011,2011-10-08,0.21,0.2971291
2,8,2011,2011-10-16,0.26,0.27295426
2,8,2011,2011-10-24,0.19,0.30363977
2,8,2011,2011-11-01,0.21,0.24843809
2,8,2011,2011-11-09,0.22,0.2102812
2,8,2011,2011-11-17,0.21,0.21875437
2,8,2011,2011-11-25,0.13,0.23483424
2,8,2011,2011-12-03,0.21,0.17107455
2,8,2011,2011-12-11,0.13,0.21624358
2,8,2011,2011-12-19,0.08,0.17753053
2,8,2011,2011-12-27,0.17,0.12249707
2,8,2012,2012-07-03,0.4,0.3488264
2,8,2012,2012-07-11,0.37,0.38478592
2,8,2012,2012-07-19,0.4,0.37446237
2,8,2012,2012-07-27,0.35,0.38594556
2,8,2012,2012-08-04,0.37,0.364015
2,8,2012,2012-08-12,0.29,0.37348062
2,8,2012,2012-08-20,0.29,0.33350205
2,8,2012,2012-08-28,0.32,0.29509717
2,8,2012,2012-09-05,0.41,0.31975794
2,8,2012,2012-09-13,0.31,0.40070793
2,8,2012,2012-09-21,0.31,0.36251625
2,8,2012,2012-09-29,0.41,0.3218502
2,8,2012,2012-10-07,0.46,0.37473094
2,8,2012,2012-10-15,0.32,0.42434612
2,8,2012,2012-10-23,0.29,0.3587826
2,8,2012,2012-10-31,0.19,0.2861447
2,8,2012,2012-11-08,0.17,0.22060698
2,8,2012,2012-11-16,0.2,0.19919077
2,8,2012,2012-11-24,0.15,0.2221541
2,8,2012,2012-12-02,0.15,0.17768444
2,8,2012,2012-12-10,0.15,0.19135965
2,8,2012,2012-12-18,0.05,0.17284484
2,8,2012,2012-12-26,0.3,0.1011242
2,9,2001,2001-07-04,0.11,0.13428262
2,9,2001,2001-07-12,0.05,0.15511815
2,9,2001,2001-07-20,0.04,0.099675715
2,9,2001,2001-07-28,0.04,0.102992505
2,9,2001,2001-08-05,0.05,0.110128015
2,9,2001,2001-08-13,0.04,0.10073453
2,9,2001,2001-08-21,0.1,0.115107924
2,9,2001,2001-08-29,0.18,0.16933528
2,9,2001,2001-09-06,0.14,0.23635913
2,9,2001,2001-09-14,0.09,0.19071572
2,9,2001,2001-09-22,0.14,0.14914586
2,9,2001,2001-09-30,0.21,0.17282763
2,9,2001,2001-10-08,0.18,0.23006047
2,9,2001,2001-10-16,0.14,0.22116846
2,9,2001,2001-10-24,0.11,0.20342144
2,9,2001,2001-11-01,0.08,0.16620843
2,9,2001,2001-11-09,0.07,0.12740606
2,9,2001,2001-11-17,0.02,0.100483745
2,9,2001,2001-11-25,0.12,0.0812504
2,9,2001,2001-12-03,0.03,0.15078162
2,9,2001,2001-12-11,0.06,0.082917064
2,9,2001,2001-12-19,0.03,0.10588732
2,9,2001,2001-12-27,0.03,0.0786787
2,9,2002,2002-07-04,0.21,0.28951544
2,9,2002,2002-07-12,0.2,0.24004006
2,9,2002,2002-07-20,0.1,0.20097552
2,9,2002,2002-07-28,0.09,0.13450064
2,9,2002,2002-08-05,0.12,0.11752109
2,9,2002,2002-08-13,0.26,0.1401113
2,9,2002,2002-08-21,0.26,0.24855366
2,9,2002,2002-08-29,0.17,0.271587
2,9,2002,2002-09-06,0.1,0.22802053
2,9,2002,2002-09-14,0.19,0.15626037
2,9,2002,2002-09-22,0.19,0.18566135
2,9,2002,2002-09-30,0.2,0.21086839
2,9,2002,2002-10-08,0.19,0.24110815
2,9,2002,2002-10-16,0.21,0.2229712
2,9,2002,2002-10-24,0.16,0.22146642
2,9,2002,2002-11-01,0.18,0.18427685
2,9,2002,2002-11-09,0.12,0.18412086
2,9,2002,2002-11-17,0.16,0.14826418
2,9,2002,2002-11-25,0.08,0.15852186
2,9,2002,2002-12-03,0.07,0.13404296
2,9,2002,2002-12-11,0.04,0.10445309
2,9,2002,2002-12-19,0.07,0.09196824
2,9,2002,2002-12-27,0.05,0.10393971
2,9,2003,2003-07-04,0.13,0.17342368
2,9,2003,2003-07-12,0.15,0.18497787
2,9,2003,2003-07-20,0.2,0.18928817
2,9,2003,2003-07-28,0.2,0.20316684
2,9,2003,2003-08-05,0.19,0.2055229
2,9,2003,2003-08-13,0.09,0.20651698
2,9,2003,2003-08-21,0.1,0.17444712
2,9,2003,2003-08-29,0.15,0.1707451
2,9,2003,2003-09-06,0.2,0.1807709
2,9,2003,2003-09-14,0.28,0.20276187
2,9,2003,2003-09-22,0.24,0.28584754
2,9,2003,2003-09-30,0.24,0.26984674
2,9,2003,2003-10-08,0.23,0.26359665
2,9,2003,2003-10-16,0.22,0.24689057
2,9,2003,2003-10-24,0.17,0.24409407
2,9,2003,2003-11-01,0.12,0.20380604
2,9,2003,2003-11-09,0.05,0.16915277
2,9,2003,2003-11-17,0.12,0.11205107
2,9,2003,2003-11-25,0.06,0.15866083
2,9,2003,2003-12-03,0.05,0.108444065
2,9,2003,2003-12-11,0.05,0.103645
2,9,2003,2003-12-19,0.03,0.08998668
2,9,2003,2003-12-27,0.05,0.090718865
2,9,2004,2004-07-03,0.14,0.1543778
2,9,2004,2004-07-11,0.14,0.16776225
2,9,2004,2004-07-19,0.25,0.17738742
2,9,2004,2004-07-27,0.24,0.2716173
2,9,2004,2004-08-04,0.11,0.26866636
2,9,2004,2004-08-12,0.11,0.18898754
2,9,2004,2004-08-20,0.12,0.13857803
2,9,2004,2004-08-28,0.16,0.14619733
2,9,2004,2004-09-05,0.18,0.19132254
2,9,2004,2004-09-13,0.21,0.22341257
2,9,2004,2004-09-21,0.22,0.26227635
2,9,2004,2004-09-29,0.19,0.25644308
2,9,2004,2004-10-07,0.22,0.23347971
2,9,2004,2004-10-15,0.19,0.24007574
2,9,2004,2004-10-23,0.14,0.2259653
2,9,2004,2004-10-31,0.1,0.18353446
2,9,2004,2004-11-08,0.03,0.1411065
2,9,2004,2004-11-16,0.12,0.083390415
2,9,2004,2004-11-24,0.05,0.15299128
2,9,2004,2004-12-02,0.03,0.10063803
2,9,2004,2004-12-10,0.03,0.090430945
2,9,2004,2004-12-18,0.05,0.08136389
2,9,2004,2004-12-26,0.05,0.09565985
2,9,2005,2005-07-04,0.23,0.1904292
2,9,2005,2005-07-12,0.16,0.23039371
2,9,2005,2005-07-20,0.15,0.19996044
2,9,2005,2005-07-28,0.21,0.2071844
2,9,2005,2005-08-05,0.2,0.24042074
2,9,2005,2005-08-13,0.14,0.21477829
2,9,2005,2005-08-21,0.06,0.17109765
2,9,2005,2005-08-29,0.09,0.11902802
2,9,2005,2005-09-06,0.17,0.14114887
2,9,2005,2005-09-14,0.19,0.20641446
2,9,2005,2005-09-22,0.25,0.23597011
2,9,2005,2005-09-30,0.2,0.2766008
2,9,2005,2005-10-08,0.22,0.23673731
2,9,2005,2005-10-16,0.27,0.24293664
2,9,2005,2005-10-24,0.25,0.26992238
2,9,2005,2005-11-01,0.3,0.25785294
2,9,2005,2005-11-09,0.2,0.2724494
2,9,2005,2005-11-17,0.18,0.20871595
2,9,2005,2005-11-25,0.14,0.19530207
2,9,2005,2005-12-03,0.11,0.15904821
2,9,2005,2005-12-11,0.05,0.13186687
2,9,2005,2005-12-19,0.08,0.09143841
2,9,2005,2005-12-27,0.1,0.11510299
2,9,2006,2006-07-04,0.14,0.25486615
2,9,2006,2006-07-12,0.14,0.20728987
2,9,2006,2006-07-20,0.21,0.18412858
2,9,2006,2006-07-28,0.09,0.21489373
2,9,2006,2006-08-05,0.12,0.16443872
2,9,2006,2006-08-13,0.16,0.17106955
2,9,2006,2006-08-21,0.18,0.18240184
2,9,2006,2006-08-29,0.18,0.18427877
2,9,2006,2006-09-06,0.2,0.19200008
2,9,2006,2006-09-14,0.21,0.22571138
2,9,2006,2006-09-22,0.28,0.2406936
2,9,2006,2006-09-30,0.14,0.29967144
2,9,2006,2006-10-08,0.23,0.21229747
2,9,2006,2006-10-16,0.18,0.23719433
2,9,2006,2006-10-24,0.13,0.23282887
2,9,2006,2006-11-01,0.1,0.19844756
2,9,2006,2006-11-09,0.05,0.17589904
2,9,2006,2006-11-17,0.08,0.12477684
2,9,2006,2006-11-25,0.04,0.13475679
2,9,2006,2006-12-03,0.01,0.10302448
2,9,2006,2006-12-11,0.02,0.08249566
2,9,2006,2006-12-19,0.03,0.07315409
2,9,2006,2006-12-27,0.11,0.09281808
2,9,2007,2007-07-04,0.25,0.26895422
2,9,2007,2007-07-12,0.13,0.26714727
2,9,2007,2007-07-20,0.22,0.18377735
2,9,2007,2007-07-28,0.23,0.22845665
2,9,2007,2007-08-05,0.23,0.2293264
2,9,2007,2007-08-13,0.28,0.23970714
2,9,2007,2007-08-21,0.13,0.2737497
2,9,2007,2007-08-29,0.13,0.20002048
2,9,2007,2007-09-06,0.14,0.17289862
2,9,2007,2007-09-14,0.16,0.1832246
2,9,2007,2007-09-22,0.2,0.20267601
2,9,2007,2007-09-30,0.2,0.24738242
2,9,2007,2007-10-08,0.22,0.22009765
2,9,2007,2007-10-16,0.22,0.24557075
2,9,2007,2007-10-24,0.26,0.23797762
2,9,2007,2007-11-01,0.23,0.25428015
2,9,2007,2007-11-09,0.08,0.23130035
2,9,2007,2007-11-17,0.26,0.13654825
2,9,2007,2007-11-25,0.04,0.22200729
2,9,2007,2007-12-03,0.18,0.110608906
2,9,2007,2007-12-11,0.08,0.17727883
2,9,2007,2007-12-19,0.05,0.11634387
2,9,2007,2007-12-27,0.06,0.10001731
2,9,2008,2008-07-03,0.14,0.2654631
2,9,2008,2008-07-11,0.13,0.20642608
2,9,2008,2008-07-19,0.13,0.16244136
2,9,2008,2008-07-27,0.14,0.17709492
2,9,2008,2008-08-04,0.15,0.19087972
2,9,2008,2008-08-12,0.2,0.20210339
2,9,2008,2008-08-20,0.18,0.24358845
2,9,2008,2008-08-28,0.21,0.20418139
2,9,2008,2008-09-05,0.25,0.21448176
2,9,2008,2008-09-13,0.23,0.24599561
2,9,2008,2008-09-21,0.24,0.24982767
2,9,2008,2008-09-29,0.15,0.25960624
2,9,2008,2008-10-07,0.19,0.20547272
2,9,2008,2008-10-15,0.22,0.21708103
2,9,2008,2008-10-23,0.18,0.24298367
2,9,2008,2008-10-31,0.1,0.23383226
2,9,2008,2008-11-08,0.12,0.17320435
2,9,2008,2008-11-16,0.05,0.13978744
2,9,2008,2008-11-24,0.07,0.13865189
2,9,2008,2008-12-02,0.05,0.09965405
2,9,2008,2008-12-10,0.04,0.1267219
2,9,2008,2008-12-18,0.05,0.09116688
2,9,2008,2008-12-26,0.06,0.09849399
2,9,2009,2009-07-04,0.1,0.18157354
2,9,2009,2009-07-12,0.17,0.14366232
2,9,2009,2009-07-20,0.18,0.18412401
2,9,2009,2009-07-28,0.26,0.19957297
2,9,2009,2009-08-05,0.14,0.26523465
2,9,2009,2009-08-13,0.18,0.19403604
2,9,2009,2009-08-21,0.18,0.21128777
2,9,2009,2009-08-29,0.17,0.21055238
2,9,2009,2009-09-06,0.26,0.21373935
2,9,2009,2009-09-14,0.22,0.276236
2,9,2009,2009-09-22,0.24,0.25868806
2,9,2009,2009-09-30,0.24,0.26504436
2,9,2009,2009-10-08,0.25,0.2443964
2,9,2009,2009-10-16,0.25,0.25700235
2,9,2009,2009-10-24,0.16,0.26758474
2,9,2009,2009-11-01,0.13,0.2110891
2,9,2009,2009-11-09,0.09,0.15846841
2,9,2009,2009-11-17,0.07,0.13373332
2,9,2009,2009-11-25,0.12,0.10496989
2,9,2009,2009-12-03,0.01,0.14465374
2,9,2009,2009-12-11,0.02,0.07414606
2,9,2009,2009-12-19,0.04,0.07918328
2,9,2009,2009-12-27,0.04,0.09051332
2,9,2010,2010-07-04,0.19,0.24437138
2,9,2010,2010-07-12,0.25,0.20208804
2,9,2010,2010-07-20,0.16,0.24759457
2,9,2010,2010-07-28,0.11,0.20907283
2,9,2010,2010-08-05,0.4,0.18436445
2,9,2010,2010-08-13,0.18,0.33743334
2,9,2010,2010-08-21,0.2,0.25011626
2,9,2010,2010-08-29,0.14,0.22663894
2,9,2010,2010-09-06,0.17,0.18526839
2,9,2010,2010-09-14,0.24,0.21620038
2,9,2010,2010-09-22,0.19,0.25765365
2,9,2010,2010-09-30,0.26,0.24051726
2,9,2010,2010-10-08,0.3,0.271311
2,9,2010,2010-10-16,0.24,0.3072677
2,9,2010,2010-10-24,0.26,0.28125966
2,9,2010,2010-11-01,0.17,0.25825202
2,9,2010,2010-11-09,0.16,0.20070595
2,9,2010,2010-11-17,0.15,0.17227732
2,9,2010,2010-11-25,0.08,0.16294837
2,9,2010,2010-12-03,0.18,0.13270082
2,9,2010,2010-12-11,0.06,0.16728358
2,9,2010,2010-12-19,0.01,0.10204643
2,9,2010,2010-12-27,0.08,0.072202116
2,9,2011,2011-07-04,0.13,0.23588331
2,9,2011,2011-07-12,0.13,0.17955646
2,9,2011,2011-07-20,0.14,0.18124607
2,9,2011,2011-07-28,0.12,0.17342728
2,9,2011,2011-08-05,0.14,0.15319087
2,9,2011,2011-08-13,0.14,0.23314199
2,9,2011,2011-08-21,0.14,0.18614349
2,9,2011,2011-08-29,0.15,0.18858398
2,9,2011,2011-09-06,0.23,0.1723031
2,9,2011,2011-09-14,0.25,0.24070731
2,9,2011,2011-09-22,0.29,0.2789081
2,9,2011,2011-09-30,0.29,0.29984432
2,9,2011,2011-10-08,0.16,0.3084564
2,9,2011,2011-10-16,0.22,0.24152914
2,9,2011,2011-10-24,0.12,0.23557463
2,9,2011,2011-11-01,0.12,0.19069791
2,9,2011,2011-11-09,0.14,0.16147117
2,9,2011,2011-11-17,0.05,0.16958869
2,9,2011,2011-11-25,0.13,0.118588135
2,9,2011,2011-12-03,0.13,0.14823547
2,9,2011,2011-12-11,0.06,0.17916861
2,9,2011,2011-12-19,0.02,0.11286515
2,9,2011,2011-12-27,0.06,0.0700753
2,9,2012,2012-07-03,0.21,0.1616957
2,9,2012,2012-07-11,0.2,0.21124196
2,9,2012,2012-07-19,0.18,0.21574885
2,9,2012,2012-07-27,0.17,0.20880482
2,9,2012,2012-08-04,0.17,0.19074342
2,9,2012,2012-08-12,0.13,0.19391608
2,9,2012,2012-08-20,0.14,0.16997732
2,9,2012,2012-08-28,0.18,0.17282031
2,9,2012,2012-09-05,0.25,0.20220347
2,9,2012,2012-09-13,0.24,0.27689463
2,9,2012,2012-09-21,0.24,0.27984577
2,9,2012,2012-09-29,0.32,0.2820128
2,9,2012,2012-10-07,0.27,0.32274288
2,9,2012,2012-10-15,0.21,0.2843722
2,9,2012,2012-10-23,0.24,0.24214537
2,9,2012,2012-10-31,0.12,0.2299674
2,9,2012,2012-11-08,0.14,0.16856357
2,9,2012,2012-11-16,0.16,0.16657697
2,9,2012,2012-11-24,0.1,0.16529511
2,9,2012,2012-12-02,0.07,0.1503533
2,9,2012,2012-12-10,0.04,0.12553547
2,9,2012,2012-12-18,0.02,0.09032413
2,9,2012,2012-12-26,0.08,0.068620265
2,10,2001,2001-07-04,0.13,0.14761582
2,10,2001,2001-07-12,0.06,0.15133026
2,10,2001,2001-07-20,0.07,0.10871863
2,10,2001,2001-07-28,0.05,0.11679165
2,10,2001,2001-08-05,0.08,0.113556504
2,10,2001,2001-08-13,0.06,0.1252909
2,10,2001,2001-08-21,0.07,0.110584766
2,10,2001,2001-08-29,0.09,0.12290236
2,10,2001,2001-09-06,0.14,0.16399771
2,10,2001,2001-09-14,0.17,0.17622595
2,10,2001,2001-09-22,0.22,0.2290502
2,10,2001,2001-09-30,0.23,0.26346606
2,10,2001,2001-10-08,0.32,0.26686263
2,10,2001,2001-10-16,0.4,0.33577907
2,10,2001,2001-10-24,0.28,0.39865935
2,10,2001,2001-11-01,0.35,0.3582897
2,10,2001,2001-11-09,0.25,0.354165
2,10,2001,2001-11-17,0.25,0.30313239
2,10,2001,2001-11-25,0.34,0.27743164
2,10,2001,2001-12-03,0.23,0.32655793
2,10,2001,2001-12-11,0.24,0.26477265
2,10,2001,2001-12-19,0.16,0.23028858
2,10,2001,2001-12-27,0.12,0.19200811
2,10,2002,2002-07-04,0.25,0.45532694
2,10,2002,2002-07-12,0.23,0.3489602
2,10,2002,2002-07-20,0.12,0.24622816
2,10,2002,2002-07-28,0.1,0.16898295
2,10,2002,2002-08-05,0.16,0.1336483
2,10,2002,2002-08-13,0.13,0.17126708
2,10,2002,2002-08-21,0.13,0.15817627
2,10,2002,2002-08-29,0.09,0.15968531
2,10,2002,2002-09-06,0.06,0.13598546
2,10,2002,2002-09-14,0.09,0.12747465
2,10,2002,2002-09-22,0.12,0.14934939
2,10,2002,2002-09-30,0.23,0.18276727
2,10,2002,2002-10-08,0.3,0.25875187
2,10,2002,2002-10-16,0.34,0.32644755
2,10,2002,2002-10-24,0.3,0.37079418
2,10,2002,2002-11-01,0.38,0.33596447
2,10,2002,2002-11-09,0.33,0.36542726
2,10,2002,2002-11-17,0.33,0.34477296
2,10,2002,2002-11-25,0.18,0.33387965
2,10,2002,2002-12-03,0.23,0.2690788
2,10,2002,2002-12-11,0.15,0.24808829
2,10,2002,2002-12-19,0.14,0.2104115
2,10,2002,2002-12-27,0.08,0.17886567
2,10,2003,2003-07-04,0.21,0.31292403
2,10,2003,2003-07-12,0.17,0.25827047
2,10,2003,2003-07-20,0.13,0.20607953
2,10,2003,2003-07-28,0.15,0.16594464
2,10,2003,2003-08-05,0.11,0.16647209
2,10,2003,2003-08-13,0.11,0.16072528
2,10,2003,2003-08-21,0.08,0.15539518
2,10,2003,2003-08-29,0.1,0.13658765
2,10,2003,2003-09-06,0.2,0.13683501
2,10,2003,2003-09-14,0.32,0.19462262
2,10,2003,2003-09-22,0.23,0.29522032
2,10,2003,2003-09-30,0.33,0.26036924
2,10,2003,2003-10-08,0.34,0.32037333
2,10,2003,2003-10-16,0.33,0.35169148
2,10,2003,2003-10-24,0.21,0.36156648
2,10,2003,2003-11-01,0.27,0.2884799
2,10,2003,2003-11-09,0.23,0.2939233
2,10,2003,2003-11-17,0.33,0.28059918
2,10,2003,2003-11-25,0.24,0.32619992
2,10,2003,2003-12-03,0.19,0.27354944
2,10,2003,2003-12-11,0.12,0.23228464
2,10,2003,2003-12-19,0.1,0.1754082
2,10,2003,2003-12-27,0.07,0.14917353
2,10,2004,2004-07-03,0.11,0.19175357
2,10,2004,2004-07-11,0.12,0.16641182
2,10,2004,2004-07-19,0.28,0.16330375
2,10,2004,2004-07-27,0.26,0.25877464
2,10,2004,2004-08-04,0.1,0.2688567
2,10,2004,2004-08-12,0.1,0.1818003
2,10,2004,2004-08-20,0.12,0.14348991
2,10,2004,2004-08-28,0.22,0.14755844
2,10,2004,2004-09-05,0.32,0.22074695
2,10,2004,2004-09-13,0.36,0.32083398
2,10,2004,2004-09-21,0.27,0.37972257
2,10,2004,2004-09-29,0.33,0.32097796
2,10,2004,2004-10-07,0.47,0.33090052
2,10,2004,2004-10-15,0.3,0.42231044
2,10,2004,2004-10-23,0.34,0.37098837
2,10,2004,2004-10-31,0.38,0.33180037
2,10,2004,2004-11-08,0.11,0.3576148
2,10,2004,2004-11-16,0.37,0.2435087
2,10,2004,2004-11-24,0.22,0.31478515
2,10,2004,2004-12-02,0.15,0.27892953
2,10,2004,2004-12-10,0.12,0.216061
2,10,2004,2004-12-18,0.14,0.16091043
2,10,2004,2004-12-26,0.12,0.1607363
2,10,2005,2005-07-04,0.21,0.23652478
2,10,2005,2005-07-12,0.14,0.20962325
2,10,2005,2005-07-20,0.11,0.17978695
2,10,2005,2005-07-28,0.15,0.18642797
2,10,2005,2005-08-05,0.15,0.20486082
2,10,2005,2005-08-13,0.11,0.1776665
2,10,2005,2005-08-21,0.1,0.14867589
2,10,2005,2005-08-29,0.09,0.14260964
2,10,2005,2005-09-06,0.16,0.16125247
2,10,2005,2005-09-14,0.24,0.22936432
2,10,2005,2005-09-22,0.38,0.29146624
2,10,2005,2005-09-30,0.29,0.36232156
2,10,2005,2005-10-08,0.36,0.33582902
2,10,2005,2005-10-16,0.37,0.37826398
2,10,2005,2005-10-24,0.44,0.37791047
2,10,2005,2005-11-01,0.35,0.4130553
2,10,2005,2005-11-09,0.38,0.38958776
2,10,2005,2005-11-17,0.36,0.35664025
2,10,2005,2005-11-25,0.36,0.36763334
2,10,2005,2005-12-03,0.21,0.3573824
2,10,2005,2005-12-11,0.15,0.27382004
2,10,2005,2005-12-19,0.25,0.1908862
2,10,2005,2005-12-27,0.21,0.23107971
2,10,2006,2006-07-04,0.13,0.16719665
2,10,2006,2006-07-12,0.1,0.17331803
2,10,2006,2006-07-20,0.11,0.15140143
2,10,2006,2006-07-28,0.08,0.14725493
2,10,2006,2006-08-05,0.11,0.1383701
2,10,2006,2006-08-13,0.16,0.15738073
2,10,2006,2006-08-21,0.23,0.181746
2,10,2006,2006-08-29,0.29,0.229408
2,10,2006,2006-09-06,0.38,0.2715373
2,10,2006,2006-09-14,0.36,0.34810707
2,10,2006,2006-09-22,0.48,0.3638235
2,10,2006,2006-09-30,0.46,0.4482075
2,10,2006,2006-10-08,0.46,0.4489812
2,10,2006,2006-10-16,0.41,0.45638934
2,10,2006,2006-10-24,0.33,0.4373117
2,10,2006,2006-11-01,0.37,0.39748302
2,10,2006,2006-11-09,0.34,0.3833211
2,10,2006,2006-11-17,0.27,0.36998442
2,10,2006,2006-11-25,0.16,0.32721594
2,10,2006,2006-12-03,0.08,0.25559527
2,10,2006,2006-12-11,0.12,0.16757949
2,10,2006,2006-12-19,0.14,0.1523578
2,10,2006,2006-12-27,0.19,0.191225
2,10,2007,2007-07-04,0.2,0.23881362
2,10,2007,2007-07-12,0.13,0.21659027
2,10,2007,2007-07-20,0.26,0.1731394
2,10,2007,2007-07-28,0.15,0.23691136
2,10,2007,2007-08-05,0.15,0.18627968
2,10,2007,2007-08-13,0.12,0.18127209
2,10,2007,2007-08-21,0.12,0.16929735
2,10,2007,2007-08-29,0.16,0.18379557
2,10,2007,2007-09-06,0.24,0.21984921
2,10,2007,2007-09-14,0.35,0.29126856
2,10,2007,2007-09-22,0.25,0.3585426
2,10,2007,2007-09-30,0.44,0.3371235
2,10,2007,2007-10-08,0.47,0.41416833
2,10,2007,2007-10-16,0.46,0.46142548
2,10,2007,2007-10-24,0.48,0.46742597
2,10,2007,2007-11-01,0.51,0.4703573
2,10,2007,2007-11-09,0.34,0.4893269
2,10,2007,2007-11-17,0.5,0.4157337
2,10,2007,2007-11-25,0.31,0.4401042
2,10,2007,2007-12-03,0.41,0.35374466
2,10,2007,2007-12-11,0.29,0.3387721
2,10,2007,2007-12-19,0.12,0.29855353
2,10,2007,2007-12-27,0.13,0.20590295
2,10,2008,2008-07-03,0.12,0.33555883
2,10,2008,2008-07-11,0.1,0.22591351
2,10,2008,2008-07-19,0.12,0.15389529
2,10,2008,2008-07-27,0.17,0.18256749
2,10,2008,2008-08-04,0.1,0.19501087
2,10,2008,2008-08-12,0.13,0.16179608
2,10,2008,2008-08-20,0.16,0.1598014
2,10,2008,2008-08-28,0.18,0.1813184
2,10,2008,2008-09-05,0.47,0.20959345
2,10,2008,2008-09-13,0.39,0.41570073
2,10,2008,2008-09-21,0.38,0.41488206
2,10,2008,2008-09-29,0.4,0.39853758
2,10,2008,2008-10-07,0.48,0.4126732
2,10,2008,2008-10-15,0.49,0.46685869
2,10,2008,2008-10-23,0.49,0.49220008
2,10,2008,2008-10-31,0.41,0.50112855
2,10,2008,2008-11-08,0.44,0.47302663
2,10,2008,2008-11-16,0.26,0.45175585
2,10,2008,2008-11-24,0.25,0.37407988
2,10,2008,2008-12-02,0.26,0.30167603
2,10,2008,2008-12-10,0.17,0.29818463
2,10,2008,2008-12-18,0.11,0.24177319
2,10,2008,2008-12-26,0.1,0.16656567
2,10,2009,2009-07-04,0.08,0.21588571
2,10,2009,2009-07-12,0.13,0.14101979
2,10,2009,2009-07-20,0.21,0.14820868
2,10,2009,2009-07-28,0.12,0.20935868
2,10,2009,2009-08-05,0.13,0.18443035
2,10,2009,2009-08-13,0.14,0.16448897
2,10,2009,2009-08-21,0.14,0.1705538
2,10,2009,2009-08-29,0.12,0.18104543
2,10,2009,2009-09-06,0.19,0.17542653
2,10,2009,2009-09-14,0.27,0.27898198
2,10,2009,2009-09-22,0.32,0.31586322
2,10,2009,2009-09-30,0.42,0.34911305
2,10,2009,2009-10-08,0.48,0.4006765
2,10,2009,2009-10-16,0.48,0.46596545
2,10,2009,2009-10-24,0.47,0.48923147
2,10,2009,2009-11-01,0.35,0.49401826
2,10,2009,2009-11-09,0.45,0.42992646
2,10,2009,2009-11-17,0.46,0.44392323
2,10,2009,2009-11-25,0.36,0.4382073
2,10,2009,2009-12-03,0.21,0.38863564
2,10,2009,2009-12-11,0.21,0.2942831
2,10,2009,2009-12-19,0.13,0.23313814
2,10,2009,2009-12-27,0.09,0.17488496
2,10,2010,2010-07-04,0.13,0.32556528
2,10,2010,2010-07-12,0.18,0.20822635
2,10,2010,2010-07-20,0.15,0.18832776
2,10,2010,2010-07-28,0.12,0.20196374
2,10,2010,2010-08-05,0.18,0.1681467
2,10,2010,2010-08-13,0.12,0.19245064
2,10,2010,2010-08-21,0.1,0.16745794
2,10,2010,2010-08-29,0.09,0.15393743
2,10,2010,2010-09-06,0.17,0.13820592
2,10,2010,2010-09-14,0.22,0.20344125
2,10,2010,2010-09-22,0.24,0.26254743
2,10,2010,2010-09-30,0.45,0.29196244
2,10,2010,2010-10-08,0.54,0.42239493
2,10,2010,2010-10-16,0.5,0.50446546
2,10,2010,2010-10-24,0.56,0.5145502
2,10,2010,2010-11-01,0.45,0.54420525
2,10,2010,2010-11-09,0.53,0.4920225
2,10,2010,2010-11-17,0.43,0.51404643
2,10,2010,2010-11-25,0.42,0.47750062
2,10,2010,2010-12-03,0.39,0.447133
2,10,2010,2010-12-11,0.17,0.39910173
2,10,2010,2010-12-19,0.14,0.27587157
2,10,2010,2010-12-27,0.14,0.18571566
2,10,2011,2011-07-04,0.11,0.38368398
2,10,2011,2011-07-12,0.16,0.23504315
2,10,2011,2011-07-20,0.11,0.17915884
2,10,2011,2011-07-28,0.1,0.1642729
2,10,2011,2011-08-05,0.13,0.14848693
2,10,2011,2011-08-13,0.13,0.17305104
2,10,2011,2011-08-21,0.15,0.1667365
2,10,2011,2011-08-29,0.14,0.17528135
2,10,2011,2011-09-06,0.11,0.16566578
2,10,2011,2011-09-14,0.41,0.16608648
2,10,2011,2011-09-22,0.47,0.36997706
2,10,2011,2011-09-30,0.54,0.4412383
2,10,2011,2011-10-08,0.46,0.52589214
2,10,2011,2011-10-16,0.53,0.5003646
2,10,2011,2011-10-24,0.45,0.53053737
2,10,2011,2011-11-01,0.38,0.50682056
2,10,2011,2011-11-09,0.39,0.45161244
2,10,2011,2011-11-17,0.23,0.43935695
2,10,2011,2011-11-25,0.26,0.3421006
2,10,2011,2011-12-03,0.12,0.30501273
2,10,2011,2011-12-11,0.12,0.22836232
2,10,2011,2011-12-19,0.08,0.16960716
2,10,2011,2011-12-27,0.09,0.13442227
2,10,2012,2012-07-03,0.09,0.19331236
2,10,2012,2012-07-11,0.12,0.13449387
2,10,2012,2012-07-19,0.1,0.15409493
2,10,2012,2012-07-27,0.18,0.141659
2,10,2012,2012-08-04,0.12,0.19266069
2,10,2012,2012-08-12,0.09,0.16682997
2,10,2012,2012-08-20,0.09,0.14756565
2,10,2012,2012-08-28,0.12,0.14410622
2,10,2012,2012-09-05,0.24,0.16101402
2,10,2012,2012-09-13,0.35,0.23546498
2,10,2012,2012-09-21,0.42,0.38433132
2,10,2012,2012-09-29,0.53,0.4444762
2,10,2012,2012-10-07,0.55,0.5156546
2,10,2012,2012-10-15,0.54,0.5301678
2,10,2012,2012-10-23,0.55,0.5479398
2,10,2012,2012-10-31,0.51,0.5530636
2,10,2012,2012-11-08,0.48,0.5284792
2,10,2012,2012-11-16,0.42,0.5024371
2,10,2012,2012-11-24,0.37,0.44376436
2,10,2012,2012-12-02,0.25,0.3916596
2,10,2012,2012-12-10,0.17,0.29372108
2,10,2012,2012-12-18,0.09,0.21147844
2,10,2012,2012-12-26,0.07,0.14531055
2,11,2001,2001-07-04,0.34,0.28353935
2,11,2001,2001-07-12,0.22,0.31723857
2,11,2001,2001-07-20,0.39,0.2581942
2,11,2001,2001-07-28,0.34,0.31481114
2,11,2001,2001-08-05,0.42,0.3533751
2,11,2001,2001-08-13,0.34,0.38300705
2,11,2001,2001-08-21,0.36,0.34797978
2,11,2001,2001-08-29,0.27,0.33265746
2,11,2001,2001-09-06,0.31,0.30596706
2,11,2001,2001-09-14,0.41,0.29093033
2,11,2001,2001-09-22,0.39,0.35358125
2,11,2001,2001-09-30,0.41,0.36646235
2,11,2001,2001-10-08,0.44,0.37581778
2,11,2001,2001-10-16,0.5,0.39356965
2,11,2001,2001-10-24,0.39,0.43316704
2,11,2001,2001-11-01,0.44,0.4044768
2,11,2001,2001-11-09,0.3,0.40205094
2,11,2001,2001-11-17,0.5,0.33909526
2,11,2001,2001-11-25,0.48,0.40296298
2,11,2001,2001-12-03,0.53,0.4433301
2,11,2001,2001-12-11,0.48,0.45740652
2,11,2001,2001-12-19,0.57,0.45289558
2,11,2001,2001-12-27,0.58,0.4896102
2,11,2002,2002-07-04,0.68,0.6956308
2,11,2002,2002-07-12,0.68,0.6785675
2,11,2002,2002-07-20,0.65,0.6612227
2,11,2002,2002-07-28,0.47,0.635618
2,11,2002,2002-08-05,0.6,0.54929185
2,11,2002,2002-08-13,0.6,0.5737945
2,11,2002,2002-08-21,0.6,0.5624867
2,11,2002,2002-08-29,0.63,0.5649008
2,11,2002,2002-09-06,0.53,0.581642
2,11,2002,2002-09-14,0.65,0.5463589
2,11,2002,2002-09-22,0.63,0.5894408
2,11,2002,2002-09-30,0.63,0.59083116
2,11,2002,2002-10-08,0.66,0.6000086
2,11,2002,2002-10-16,0.64,0.6248446
2,11,2002,2002-10-24,0.6,0.625365
2,11,2002,2002-11-01,0.63,0.60652804
2,11,2002,2002-11-09,0.6,0.615062
2,11,2002,2002-11-17,0.59,0.5848082
2,11,2002,2002-11-25,0.61,0.59091777
2,11,2002,2002-12-03,0.59,0.5971558
2,11,2002,2002-12-11,0.53,0.59771305
2,11,2002,2002-12-19,0.57,0.57108736
2,11,2002,2002-12-27,0.59,0.5851526
2,11,2003,2003-07-04,0.77,0.68214595
2,11,2003,2003-07-12,0.73,0.71734077
2,11,2003,2003-07-20,0.85,0.7121662
2,11,2003,2003-07-28,0.83,0.7559366
2,11,2003,2003-08-05,0.72,0.7474408
2,11,2003,2003-08-13,0.72,0.73063
2,11,2003,2003-08-21,0.55,0.7235944
2,11,2003,2003-08-29,0.62,0.64644724
2,11,2003,2003-09-06,0.62,0.6486282
2,11,2003,2003-09-14,0.74,0.6201598
2,11,2003,2003-09-22,0.63,0.67063236
2,11,2003,2003-09-30,0.6,0.64491415
2,11,2003,2003-10-08,0.64,0.6461804
2,11,2003,2003-10-16,0.66,0.65316254
2,11,2003,2003-10-24,0.68,0.65104645
2,11,2003,2003-11-01,0.57,0.66173565
2,11,2003,2003-11-09,0.54,0.6299185
2,11,2003,2003-11-17,0.64,0.60852396
2,11,2003,2003-11-25,0.6,0.62663054
2,11,2003,2003-12-03,0.63,0.60879207
2,11,2003,2003-12-11,0.65,0.6267015
2,11,2003,2003-12-19,0.62,0.6361205
2,11,2003,2003-12-27,0.56,0.6292225
2,11,2004,2004-07-03,0.7,0.70810956
2,11,2004,2004-07-11,0.68,0.71023643
2,11,2004,2004-07-19,0.81,0.69345075
2,11,2004,2004-07-27,0.8,0.74542904
2,11,2004,2004-08-04,0.6,0.74976397
2,11,2004,2004-08-12,0.68,0.6975135
2,11,2004,2004-08-20,0.61,0.71220887
2,11,2004,2004-08-28,0.69,0.6383604
2,11,2004,2004-09-05,0.77,0.66590595
2,11,2004,2004-09-13,0.71,0.6946314
2,11,2004,2004-09-21,0.56,0.6980036
2,11,2004,2004-09-29,0.64,0.6549738
2,11,2004,2004-10-07,0.7,0.66359603
2,11,2004,2004-10-15,0.6,0.66296256
2,11,2004,2004-10-23,0.59,0.63451517
2,11,2004,2004-10-31,0.67,0.6405494
2,11,2004,2004-11-08,0.61,0.6509925
2,11,2004,2004-11-16,0.73,0.6228223
2,11,2004,2004-11-24,0.78,0.6742422
2,11,2004,2004-12-02,0.75,0.6997553
2,11,2004,2004-12-10,0.68,0.7113109
2,11,2004,2004-12-18,0.73,0.7041063
2,11,2004,2004-12-26,0.74,0.71344966
2,11,2005,2005-07-04,0.87,0.7368822
2,11,2005,2005-07-12,0.78,0.7786524
2,11,2005,2005-07-20,0.75,0.7534455
2,11,2005,2005-07-28,0.72,0.76280224
2,11,2005,2005-08-05,0.71,0.74084646
2,11,2005,2005-08-13,0.7,0.7174997
2,11,2005,2005-08-21,0.62,0.7072071
2,11,2005,2005-08-29,0.61,0.66316503
2,11,2005,2005-09-06,0.71,0.6574094
2,11,2005,2005-09-14,0.62,0.6841284
2,11,2005,2005-09-22,0.71,0.65149873
2,11,2005,2005-09-30,0.66,0.6813071
2,11,2005,2005-10-08,0.65,0.6659095
2,11,2005,2005-10-16,0.71,0.66751146
2,11,2005,2005-10-24,0.74,0.6841486
2,11,2005,2005-11-01,0.7,0.69391215
2,11,2005,2005-11-09,0.66,0.69298345
2,11,2005,2005-11-17,0.69,0.68240833
2,11,2005,2005-11-25,0.71,0.6948613
2,11,2005,2005-12-03,0.69,0.6985316
2,11,2005,2005-12-11,0.59,0.69836175
2,11,2005,2005-12-19,0.66,0.6627531
2,11,2005,2005-12-27,0.64,0.6776059
2,11,2006,2006-07-04,0.73,0.6695581
2,11,2006,2006-07-12,0.69,0.7006768
2,11,2006,2006-07-20,0.63,0.6968385
2,11,2006,2006-07-28,0.6,0.686805
2,11,2006,2006-08-05,0.63,0.662642
2,11,2006,2006-08-13,0.61,0.6558762
2,11,2006,2006-08-21,0.57,0.6398655
2,11,2006,2006-08-29,0.61,0.61876285
2,11,2006,2006-09-06,0.6,0.6255257
2,11,2006,2006-09-14,0.62,0.6230252
2,11,2006,2006-09-22,0.7,0.62773263
2,11,2006,2006-09-30,0.68,0.66931164
2,11,2006,2006-10-08,0.63,0.6664884
2,11,2006,2006-10-16,0.59,0.6621728
2,11,2006,2006-10-24,0.58,0.64869916
2,11,2006,2006-11-01,0.6,0.6341716
2,11,2006,2006-11-09,0.61,0.63027924
2,11,2006,2006-11-17,0.59,0.6283493
2,11,2006,2006-11-25,0.51,0.62408054
2,11,2006,2006-12-03,0.53,0.594921
2,11,2006,2006-12-11,0.6,0.5908005
2,11,2006,2006-12-19,0.69,0.5989277
2,11,2006,2006-12-27,0.76,0.6406193
2,11,2007,2007-07-04,0.68,0.67645067
2,11,2007,2007-07-12,0.54,0.68889797
2,11,2007,2007-07-20,0.65,0.6314151
2,11,2007,2007-07-28,0.67,0.6539328
2,11,2007,2007-08-05,0.67,0.6470628
2,11,2007,2007-08-13,0.56,0.6555231
2,11,2007,2007-08-21,0.56,0.62542784
2,11,2007,2007-08-29,0.57,0.6119772
2,11,2007,2007-09-06,0.57,0.59906983
2,11,2007,2007-09-14,0.63,0.5904834
2,11,2007,2007-09-22,0.54,0.618175
2,11,2007,2007-09-30,0.63,0.5969
2,11,2007,2007-10-08,0.59,0.6318612
2,11,2007,2007-10-16,0.68,0.61509395
2,11,2007,2007-10-24,0.6,0.6465608
2,11,2007,2007-11-01,0.63,0.62348557
2,11,2007,2007-11-09,0.61,0.6372018
2,11,2007,2007-11-17,0.6,0.62904626
2,11,2007,2007-11-25,0.56,0.62125415
2,11,2007,2007-12-03,0.63,0.59729123
2,11,2007,2007-12-11,0.6,0.6145301
2,11,2007,2007-12-19,0.54,0.6077611
2,11,2007,2007-12-27,0.62,0.5980356
2,11,2008,2008-07-03,0.6,0.69075173
2,11,2008,2008-07-11,0.59,0.6578636
2,11,2008,2008-07-19,0.64,0.6337228
2,11,2008,2008-07-27,0.6,0.64268404
2,11,2008,2008-08-04,0.55,0.62290156
2,11,2008,2008-08-12,0.64,0.61102974
2,11,2008,2008-08-20,0.56,0.6301513
2,11,2008,2008-08-28,0.57,0.59443444
2,11,2008,2008-09-05,0.55,0.5952923
2,11,2008,2008-09-13,0.54,0.58469325
2,11,2008,2008-09-21,0.52,0.57858276
2,11,2008,2008-09-29,0.55,0.5609319
2,11,2008,2008-10-07,0.56,0.57428026
2,11,2008,2008-10-15,0.6,0.5750787
2,11,2008,2008-10-23,0.66,0.6041051
2,11,2008,2008-10-31,0.54,0.63093233
2,11,2008,2008-11-08,0.57,0.6007934
2,11,2008,2008-11-16,0.44,0.60767174
2,11,2008,2008-11-24,0.54,0.5434709
2,11,2008,2008-12-02,0.58,0.55464476
2,11,2008,2008-12-10,0.56,0.57763636
2,11,2008,2008-12-18,0.57,0.57435143
2,11,2008,2008-12-26,0.53,0.586462
2,11,2009,2009-07-04,0.51,0.6402024
2,11,2009,2009-07-12,0.59,0.58730793
2,11,2009,2009-07-20,0.63,0.60533756
2,11,2009,2009-07-28,0.56,0.61821353
2,11,2009,2009-08-05,0.55,0.5949419
2,11,2009,2009-08-13,0.56,0.59213674
2,11,2009,2009-08-21,0.56,0.5926285
2,11,2009,2009-08-29,0.45,0.58037055
2,11,2009,2009-09-06,0.54,0.53761935
2,11,2009,2009-09-14,0.48,0.5539016
2,11,2009,2009-09-22,0.46,0.5250965
2,11,2009,2009-09-30,0.55,0.5063599
2,11,2009,2009-10-08,0.57,0.5450127
2,11,2009,2009-10-16,0.54,0.5602859
2,11,2009,2009-10-24,0.55,0.56501484
2,11,2009,2009-11-01,0.5,0.58362603
2,11,2009,2009-11-09,0.51,0.5543467
2,11,2009,2009-11-17,0.56,0.5504282
2,11,2009,2009-11-25,0.54,0.55164456
2,11,2009,2009-12-03,0.49,0.5531914
2,11,2009,2009-12-11,0.49,0.5406342
2,11,2009,2009-12-19,0.55,0.53734016
2,11,2009,2009-12-27,0.53,0.5559179
2,11,2010,2010-07-04,0.63,0.7411697
2,11,2010,2010-07-12,0.79,0.69734764
2,11,2010,2010-07-20,0.73,0.73511815
2,11,2010,2010-07-28,0.69,0.694165
2,11,2010,2010-08-05,0.77,0.6909858
2,11,2010,2010-08-13,0.63,0.718382
2,11,2010,2010-08-21,0.58,0.6617379
2,11,2010,2010-08-29,0.53,0.64087814
2,11,2010,2010-09-06,0.57,0.58935237
2,11,2010,2010-09-14,0.62,0.5831941
2,11,2010,2010-09-22,0.59,0.5909271
2,11,2010,2010-09-30,0.67,0.58545995
2,11,2010,2010-10-08,0.65,0.62860775
2,11,2010,2010-10-16,0.61,0.63339573
2,11,2010,2010-10-24,0.65,0.6271558
2,11,2010,2010-11-01,0.57,0.6431569
2,11,2010,2010-11-09,0.61,0.6035342
2,11,2010,2010-11-17,0.52,0.611454
2,11,2010,2010-11-25,0.57,0.574594
2,11,2010,2010-12-03,0.57,0.5819589
2,11,2010,2010-12-11,0.53,0.5762019
2,11,2010,2010-12-19,0.46,0.5570767
2,11,2010,2010-12-27,0.6,0.53079116
2,11,2011,2011-07-04,0.6,0.7230903
2,11,2011,2011-07-12,0.66,0.68404526
2,11,2011,2011-07-20,0.65,0.6865645
2,11,2011,2011-07-28,0.59,0.6603472
2,11,2011,2011-08-05,0.64,0.64380443
2,11,2011,2011-08-13,0.63,0.6628771
2,11,2011,2011-08-21,0.52,0.64225876
2,11,2011,2011-08-29,0.52,0.59970814
2,11,2011,2011-09-06,0.52,0.57732177
2,11,2011,2011-09-14,0.58,0.5582136
2,11,2011,2011-09-22,0.58,0.57821834
2,11,2011,2011-09-30,0.64,0.58569294
2,11,2011,2011-10-08,0.53,0.62479436
2,11,2011,2011-10-16,0.58,0.59292096
2,11,2011,2011-10-24,0.53,0.60730386
2,11,2011,2011-11-01,0.56,0.58346903
2,11,2011,2011-11-09,0.63,0.5814834
2,11,2011,2011-11-17,0.58,0.612918
2,11,2011,2011-11-25,0.64,0.59185964
2,11,2011,2011-12-03,0.61,0.62397754
2,11,2011,2011-12-11,0.67,0.61683565
2,11,2011,2011-12-19,0.57,0.6397621
2,11,2011,2011-12-27,0.55,0.60232246
2,11,2012,2012-07-03,0.76,0.6209049
2,11,2012,2012-07-11,0.72,0.679333
2,11,2012,2012-07-19,0.65,0.6750691
2,11,2012,2012-07-27,0.69,0.6710007
2,11,2012,2012-08-04,0.67,0.6894989
2,11,2012,2012-08-12,0.57,0.67276317
2,11,2012,2012-08-20,0.6,0.6341599
2,11,2012,2012-08-28,0.56,0.6273677
2,11,2012,2012-09-05,0.66,0.5929658
2,11,2012,2012-09-13,0.63,0.6194715
2,11,2012,2012-09-21,0.59,0.6208852
2,11,2012,2012-09-29,0.67,0.61559564
2,11,2012,2012-10-07,0.67,0.6528362
2,11,2012,2012-10-15,0.58,0.64495575
2,11,2012,2012-10-23,0.65,0.6238192
2,11,2012,2012-10-31,0.57,0.64103
2,11,2012,2012-11-08,0.56,0.60552466
2,11,2012,2012-11-16,0.56,0.60092247
2,11,2012,2012-11-24,0.64,0.592529
2,11,2012,2012-12-02,0.58,0.6220102
2,11,2012,2012-12-10,0.62,0.60363674
2,11,2012,2012-12-18,0.52,0.6300774
2,11,2012,2012-12-26,0.56,0.5853818
2,12,2001,2001-07-04,0.52,0.51069397
2,12,2001,2001-07-12,0.4,0.5098379
2,12,2001,2001-07-20,0.52,0.4758298
2,12,2001,2001-07-28,0.52,0.509223
2,12,2001,2001-08-05,0.5,0.5240252
2,12,2001,2001-08-13,0.45,0.5147031
2,12,2001,2001-08-21,0.52,0.50165033
2,12,2001,2001-08-29,0.44,0.5040358
2,12,2001,2001-09-06,0.47,0.48229638
2,12,2001,2001-09-14,0.44,0.4767006
2,12,2001,2001-09-22,0.55,0.4714848
2,12,2001,2001-09-30,0.49,0.5178361
2,12,2001,2001-10-08,0.42,0.5086159
2,12,2001,2001-10-16,0.61,0.48807186
2,12,2001,2001-10-24,0.5,0.5610537
2,12,2001,2001-11-01,0.56,0.5291729
2,12,2001,2001-11-09,0.56,0.54915214
2,12,2001,2001-11-17,0.62,0.5651927
2,12,2001,2001-11-25,0.58,0.58127356
2,12,2001,2001-12-03,0.61,0.5817193
2,12,2001,2001-12-11,0.59,0.59149444
2,12,2001,2001-12-19,0.64,0.58996755
2,12,2001,2001-12-27,0.64,0.6098998
2,12,2002,2002-07-04,0.66,0.6699019
2,12,2002,2002-07-12,0.66,0.6576679
2,12,2002,2002-07-20,0.67,0.644433
2,12,2002,2002-07-28,0.54,0.647627
2,12,2002,2002-08-05,0.54,0.5982477
2,12,2002,2002-08-13,0.57,0.5853828
2,12,2002,2002-08-21,0.57,0.57529294
2,12,2002,2002-08-29,0.56,0.5691916
2,12,2002,2002-09-06,0.6,0.5629749
2,12,2002,2002-09-14,0.67,0.5815595
2,12,2002,2002-09-22,0.67,0.60767686
2,12,2002,2002-09-30,0.57,0.62672126
2,12,2002,2002-10-08,0.64,0.60363
2,12,2002,2002-10-16,0.56,0.6211262
2,12,2002,2002-10-24,0.59,0.5969196
2,12,2002,2002-11-01,0.63,0.5926077
2,12,2002,2002-11-09,0.58,0.6148102
2,12,2002,2002-11-17,0.61,0.59621257
2,12,2002,2002-11-25,0.65,0.6158051
2,12,2002,2002-12-03,0.6,0.62987256
2,12,2002,2002-12-11,0.63,0.61832404
2,12,2002,2002-12-19,0.64,0.63162625
2,12,2002,2002-12-27,0.66,0.63869745
2,12,2003,2003-07-04,0.67,0.6635604
2,12,2003,2003-07-12,0.6,0.6661223
2,12,2003,2003-07-20,0.62,0.6478888
2,12,2003,2003-07-28,0.65,0.6481344
2,12,2003,2003-08-05,0.65,0.6399802
2,12,2003,2003-08-13,0.56,0.63636655
2,12,2003,2003-08-21,0.53,0.6089814
2,12,2003,2003-08-29,0.5,0.59080255
2,12,2003,2003-09-06,0.57,0.5621622
2,12,2003,2003-09-14,0.6,0.5746754
2,12,2003,2003-09-22,0.58,0.59385264
2,12,2003,2003-09-30,0.63,0.5980447
2,12,2003,2003-10-08,0.59,0.6210696
2,12,2003,2003-10-16,0.55,0.61558497
2,12,2003,2003-10-24,0.53,0.5946517
2,12,2003,2003-11-01,0.54,0.5836676
2,12,2003,2003-11-09,0.55,0.5768006
2,12,2003,2003-11-17,0.61,0.57201296
2,12,2003,2003-11-25,0.59,0.5973624
2,12,2003,2003-12-03,0.59,0.6014492
2,12,2003,2003-12-11,0.67,0.60635394
2,12,2003,2003-12-19,0.62,0.6411837
2,12,2003,2003-12-27,0.59,0.62862444
2,12,2004,2004-07-03,0.69,0.6628355
2,12,2004,2004-07-11,0.65,0.67440903
2,12,2004,2004-07-19,0.68,0.6608022
2,12,2004,2004-07-27,0.62,0.66893905
2,12,2004,2004-08-04,0.51,0.6487501
2,12,2004,2004-08-12,0.58,0.6070168
2,12,2004,2004-08-20,0.52,0.6083071
2,12,2004,2004-08-28,0.67,0.56559235
2,12,2004,2004-09-05,0.71,0.60510975
2,12,2004,2004-09-13,0.68,0.6390228
2,12,2004,2004-09-21,0.52,0.6474558
2,12,2004,2004-09-29,0.55,0.61433995
2,12,2004,2004-10-07,0.72,0.6117995
2,12,2004,2004-10-15,0.63,0.6471454
2,12,2004,2004-10-23,0.63,0.61629117
2,12,2004,2004-10-31,0.71,0.63047314
2,12,2004,2004-11-08,0.73,0.66292995
2,12,2004,2004-11-16,0.72,0.6679602
2,12,2004,2004-11-24,0.73,0.6817906
2,12,2004,2004-12-02,0.69,0.6959708
2,12,2004,2004-12-10,0.7,0.68610215
2,12,2004,2004-12-18,0.72,0.69167167
2,12,2004,2004-12-26,0.74,0.6918052
2,12,2005,2005-07-04,0.73,0.69914186
2,12,2005,2005-07-12,0.68,0.7112454
2,12,2005,2005-07-20,0.66,0.68824685
2,12,2005,2005-07-28,0.7,0.6827514
2,12,2005,2005-08-05,0.62,0.68380046
2,12,2005,2005-08-13,0.66,0.64455664
2,12,2005,2005-08-21,0.59,0.65497816
2,12,2005,2005-08-29,0.66,0.6182667
2,12,2005,2005-09-06,0.62,0.64481735
2,12,2005,2005-09-14,0.53,0.6361408
2,12,2005,2005-09-22,0.64,0.60826963
2,12,2005,2005-09-30,0.64,0.6302496
2,12,2005,2005-10-08,0.66,0.62173796
2,12,2005,2005-10-16,0.73,0.64220506
2,12,2005,2005-10-24,0.73,0.67603076
2,12,2005,2005-11-01,0.7,0.6883625
2,12,2005,2005-11-09,0.64,0.6944247
2,12,2005,2005-11-17,0.7,0.68157977
2,12,2005,2005-11-25,0.68,0.69458747
2,12,2005,2005-12-03,0.74,0.6817652
2,12,2005,2005-12-11,0.63,0.7008656
2,12,2005,2005-12-19,0.68,0.6716769
2,12,2005,2005-12-27,0.66,0.68750954
2,12,2006,2006-07-04,0.61,0.6324272
2,12,2006,2006-07-12,0.67,0.6378871
2,12,2006,2006-07-20,0.59,0.6512556
2,12,2006,2006-07-28,0.71,0.6278048
2,12,2006,2006-08-05,0.67,0.6735167
2,12,2006,2006-08-13,0.63,0.6577569
2,12,2006,2006-08-21,0.56,0.65393084
2,12,2006,2006-08-29,0.58,0.6269237
2,12,2006,2006-09-06,0.57,0.62090766
2,12,2006,2006-09-14,0.46,0.6007189
2,12,2006,2006-09-22,0.67,0.5485472
2,12,2006,2006-09-30,0.65,0.6168653
2,12,2006,2006-10-08,0.62,0.61732185
2,12,2006,2006-10-16,0.59,0.6235249
2,12,2006,2006-10-24,0.55,0.6395164
2,12,2006,2006-11-01,0.56,0.61821973
2,12,2006,2006-11-09,0.64,0.6109877
2,12,2006,2006-11-17,0.64,0.627313
2,12,2006,2006-11-25,0.62,0.6340599
2,12,2006,2006-12-03,0.57,0.6368127
2,12,2006,2006-12-11,0.65,0.63125086
2,12,2006,2006-12-19,0.72,0.6449006
2,12,2006,2006-12-27,0.81,0.66972566
2,12,2007,2007-07-04,0.66,0.6493772
2,12,2007,2007-07-12,0.5,0.65469265
2,12,2007,2007-07-20,0.64,0.5949134
2,12,2007,2007-07-28,0.64,0.6261368
2,12,2007,2007-08-05,0.64,0.6334634
2,12,2007,2007-08-13,0.5,0.6345948
2,12,2007,2007-08-21,0.51,0.6001334
2,12,2007,2007-08-29,0.55,0.58078563
2,12,2007,2007-09-06,0.51,0.57331026
2,12,2007,2007-09-14,0.57,0.54706866
2,12,2007,2007-09-22,0.51,0.5608017
2,12,2007,2007-09-30,0.6,0.5595404
2,12,2007,2007-10-08,0.56,0.5907459
2,12,2007,2007-10-16,0.65,0.5867364
2,12,2007,2007-10-24,0.58,0.6190349
2,12,2007,2007-11-01,0.63,0.60209024
2,12,2007,2007-11-09,0.59,0.6193944
2,12,2007,2007-11-17,0.59,0.6148615
2,12,2007,2007-11-25,0.59,0.61324286
2,12,2007,2007-12-03,0.68,0.6143789
2,12,2007,2007-12-11,0.65,0.6386008
2,12,2007,2007-12-19,0.59,0.64022064
2,12,2007,2007-12-27,0.66,0.6344987
2,12,2008,2008-07-03,0.65,0.6772464
2,12,2008,2008-07-11,0.6,0.6592474
2,12,2008,2008-07-19,0.66,0.63244164
2,12,2008,2008-07-27,0.6,0.6547971
2,12,2008,2008-08-04,0.6,0.62381756
2,12,2008,2008-08-12,0.55,0.6260177
2,12,2008,2008-08-20,0.57,0.5968506
2,12,2008,2008-08-28,0.59,0.5888319
2,12,2008,2008-09-05,0.59,0.59005183
2,12,2008,2008-09-13,0.54,0.58658445
2,12,2008,2008-09-21,0.43,0.57813525
2,12,2008,2008-09-29,0.53,0.5287534
2,12,2008,2008-10-07,0.59,0.5507045
2,12,2008,2008-10-15,0.66,0.56746906
2,12,2008,2008-10-23,0.64,0.607837
2,12,2008,2008-10-31,0.57,0.62310565
2,12,2008,2008-11-08,0.58,0.6173035
2,12,2008,2008-11-16,0.64,0.6156337
2,12,2008,2008-11-24,0.61,0.6257491
2,12,2008,2008-12-02,0.65,0.61409855
2,12,2008,2008-12-10,0.66,0.64073163
2,12,2008,2008-12-18,0.61,0.64972484
2,12,2008,2008-12-26,0.6,0.63459283
2,12,2009,2009-07-04,0.54,0.64545256
2,12,2009,2009-07-12,0.62,0.6018174
2,12,2009,2009-07-20,0.7,0.6220257
2,12,2009,2009-07-28,0.61,0.6523757
2,12,2009,2009-08-05,0.58,0.6246803
2,12,2009,2009-08-13,0.59,0.62595236
2,12,2009,2009-08-21,0.59,0.61625385
2,12,2009,2009-08-29,0.5,0.60364825
2,12,2009,2009-09-06,0.53,0.56891704
2,12,2009,2009-09-14,0.47,0.57061934
2,12,2009,2009-09-22,0.55,0.5347899
2,12,2009,2009-09-30,0.56,0.53983486
2,12,2009,2009-10-08,0.63,0.55511683
2,12,2009,2009-10-16,0.58,0.59012455
2,12,2009,2009-10-24,0.62,0.59819883
2,12,2009,2009-11-01,0.63,0.6217195
2,12,2009,2009-11-09,0.62,0.6272196
2,12,2009,2009-11-17,0.68,0.62438774
2,12,2009,2009-11-25,0.66,0.65177566
2,12,2009,2009-12-03,0.66,0.64845884
2,12,2009,2009-12-11,0.62,0.6587304
2,12,2009,2009-12-19,0.63,0.6495035
2,12,2009,2009-12-27,0.68,0.64557123
2,12,2010,2010-07-04,0.6,0.6767572
2,12,2010,2010-07-12,0.71,0.64028573
2,12,2010,2010-07-20,0.7,0.6737778
2,12,2010,2010-07-28,0.64,0.6700851
2,12,2010,2010-08-05,0.66,0.6556259
2,12,2010,2010-08-13,0.59,0.66738665
2,12,2010,2010-08-21,0.49,0.6316556
2,12,2010,2010-08-29,0.52,0.58488214
2,12,2010,2010-09-06,0.58,0.5670708
2,12,2010,2010-09-14,0.61,0.57187164
2,12,2010,2010-09-22,0.56,0.57658434
2,12,2010,2010-09-30,0.64,0.57693493
2,12,2010,2010-10-08,0.63,0.61296916
2,12,2010,2010-10-16,0.58,0.6217412
2,12,2010,2010-10-24,0.64,0.6081114
2,12,2010,2010-11-01,0.57,0.6358689
2,12,2010,2010-11-09,0.6,0.6084118
2,12,2010,2010-11-17,0.49,0.616379
2,12,2010,2010-11-25,0.56,0.5803812
2,12,2010,2010-12-03,0.52,0.5909855
2,12,2010,2010-12-11,0.51,0.5727792
2,12,2010,2010-12-19,0.4,0.5594189
2,12,2010,2010-12-27,0.55,0.51733935
2,12,2011,2011-07-04,0.59,0.6527248
2,12,2011,2011-07-12,0.55,0.63109905
2,12,2011,2011-07-20,0.49,0.62015724
2,12,2011,2011-07-28,0.52,0.5835068
2,12,2011,2011-08-05,0.63,0.5734221
2,12,2011,2011-08-13,0.6,0.60671085
2,12,2011,2011-08-21,0.41,0.59701014
2,12,2011,2011-08-29,0.5,0.5337542
2,12,2011,2011-09-06,0.47,0.54201084
2,12,2011,2011-09-14,0.59,0.51561046
2,12,2011,2011-09-22,0.5,0.5562011
2,12,2011,2011-09-30,0.66,0.5415474
2,12,2011,2011-10-08,0.54,0.607432
2,12,2011,2011-10-16,0.6,0.5815455
2,12,2011,2011-10-24,0.55,0.6006527
2,12,2011,2011-11-01,0.59,0.5957656
2,12,2011,2011-11-09,0.62,0.59631205
2,12,2011,2011-11-17,0.62,0.61337465
2,12,2011,2011-11-25,0.65,0.6072234
2,12,2011,2011-12-03,0.63,0.6287334
2,12,2011,2011-12-11,0.66,0.62328875
2,12,2011,2011-12-19,0.55,0.6355585
2,12,2011,2011-12-27,0.46,0.59099954
2,12,2012,2012-07-03,0.71,0.5969465
2,12,2012,2012-07-11,0.63,0.6420714
2,12,2012,2012-07-19,0.56,0.61814463
2,12,2012,2012-07-27,0.6,0.5997883
2,12,2012,2012-08-04,0.6,0.6142501
2,12,2012,2012-08-12,0.52,0.6067601
2,12,2012,2012-08-20,0.53,0.57665604
2,12,2012,2012-08-28,0.48,0.5628561
2,12,2012,2012-09-05,0.6,0.5345887
2,12,2012,2012-09-13,0.57,0.55976605
2,12,2012,2012-09-21,0.49,0.5690383
2,12,2012,2012-09-29,0.65,0.5411755
2,12,2012,2012-10-07,0.64,0.6140914
2,12,2012,2012-10-15,0.55,0.60698444
2,12,2012,2012-10-23,0.59,0.59131736
2,12,2012,2012-10-31,0.51,0.61058795
2,12,2012,2012-11-08,0.5,0.5731687
2,12,2012,2012-11-16,0.56,0.5582609
2,12,2012,2012-11-24,0.55,0.57567215
2,12,2012,2012-12-02,0.57,0.5728819
2,12,2012,2012-12-10,0.59,0.585428
2,12,2012,2012-12-18,0.5,0.6032489
2,12,2012,2012-12-26,0.57,0.56546855
2,13,2001,2001-07-04,0.31,0.31844527
2,13,2001,2001-07-12,0.23,0.32199988
2,13,2001,2001-07-20,0.32,0.30041578
2,13,2001,2001-07-28,0.38,0.31791234
2,13,2001,2001-08-05,0.28,0.35683134
2,13,2001,2001-08-13,0.25,0.3310823
2,13,2001,2001-08-21,0.32,0.29290202
2,13,2001,2001-08-29,0.22,0.29145673
2,13,2001,2001-09-06,0.28,0.2796815
2,13,2001,2001-09-14,0.28,0.31162074
2,13,2001,2001-09-22,0.32,0.31472483
2,13,2001,2001-09-30,0.21,0.33298326
2,13,2001,2001-10-08,0.42,0.3019516
2,13,2001,2001-10-16,0.42,0.3734144
2,13,2001,2001-10-24,0.38,0.40674546
2,13,2001,2001-11-01,0.36,0.41283104
2,13,2001,2001-11-09,0.31,0.41067797
2,13,2001,2001-11-17,0.35,0.37615415
2,13,2001,2001-11-25,0.37,0.36999345
2,13,2001,2001-12-03,0.38,0.38169867
2,13,2001,2001-12-11,0.39,0.38369966
2,13,2001,2001-12-19,0.39,0.39677057
2,13,2001,2001-12-27,0.39,0.40390986
2,13,2002,2002-07-04,0.39,0.4304529
2,13,2002,2002-07-12,0.39,0.4122708
2,13,2002,2002-07-20,0.37,0.39777812
2,13,2002,2002-07-28,0.29,0.3889644
2,13,2002,2002-08-05,0.37,0.36076728
2,13,2002,2002-08-13,0.39,0.36810264
2,13,2002,2002-08-21,0.39,0.37609854
2,13,2002,2002-08-29,0.34,0.38533905
2,13,2002,2002-09-06,0.43,0.36571896
2,13,2002,2002-09-14,0.45,0.39540413
2,13,2002,2002-09-22,0.41,0.41788676
2,13,2002,2002-09-30,0.32,0.41471067
2,13,2002,2002-10-08,0.42,0.37486193
2,13,2002,2002-10-16,0.38,0.41173252
2,13,2002,2002-10-24,0.41,0.4093266
2,13,2002,2002-11-01,0.42,0.41478407
2,13,2002,2002-11-09,0.35,0.42988753
2,13,2002,2002-11-17,0.4,0.39592373
2,13,2002,2002-11-25,0.43,0.4059732
2,13,2002,2002-12-03,0.39,0.42466348
2,13,2002,2002-12-11,0.43,0.41478333
2,13,2002,2002-12-19,0.42,0.43373066
2,13,2002,2002-12-27,0.44,0.43751007
2,13,2003,2003-07-04,0.29,0.39803812
2,13,2003,2003-07-12,0.38,0.3625153
2,13,2003,2003-07-20,0.31,0.3870481
2,13,2003,2003-07-28,0.31,0.36606827
2,13,2003,2003-08-05,0.4,0.3427686
2,13,2003,2003-08-13,0.29,0.38652533
2,13,2003,2003-08-21,0.28,0.35771215
2,13,2003,2003-08-29,0.28,0.34093514
2,13,2003,2003-09-06,0.25,0.3322404
2,13,2003,2003-09-14,0.24,0.31929693
2,13,2003,2003-09-22,0.32,0.31555158
2,13,2003,2003-09-30,0.4,0.34210363
2,13,2003,2003-10-08,0.35,0.37454945
2,13,2003,2003-10-16,0.37,0.38094145
2,13,2003,2003-10-24,0.36,0.39185676
2,13,2003,2003-11-01,0.33,0.3971546
2,13,2003,2003-11-09,0.34,0.38314188
2,13,2003,2003-11-17,0.39,0.3750837
2,13,2003,2003-11-25,0.37,0.39611283
2,13,2003,2003-12-03,0.39,0.40001464
2,13,2003,2003-12-11,0.4,0.40732437
2,13,2003,2003-12-19,0.36,0.42193225
2,13,2003,2003-12-27,0.34,0.40816677
2,13,2004,2004-07-03,0.42,0.44075698
2,13,2004,2004-07-11,0.41,0.4301293
2,13,2004,2004-07-19,0.42,0.43059397
2,13,2004,2004-07-27,0.36,0.4245772
2,13,2004,2004-08-04,0.27,0.39936388
2,13,2004,2004-08-12,0.37,0.36026117
2,13,2004,2004-08-20,0.23,0.36872447
2,13,2004,2004-08-28,0.42,0.31377062
2,13,2004,2004-09-05,0.38,0.36157438
2,13,2004,2004-09-13,0.38,0.37346378
2,13,2004,2004-09-21,0.35,0.36975458
2,13,2004,2004-09-29,0.33,0.37745258
2,13,2004,2004-10-07,0.46,0.37301323
2,13,2004,2004-10-15,0.41,0.4196879
2,13,2004,2004-10-23,0.42,0.42030177
2,13,2004,2004-10-31,0.45,0.4250551
2,13,2004,2004-11-08,0.46,0.44476217
2,13,2004,2004-11-16,0.46,0.44917262
2,13,2004,2004-11-24,0.46,0.45974943
2,13,2004,2004-12-02,0.43,0.46452352
2,13,2004,2004-12-10,0.44,0.45679379
2,13,2004,2004-12-18,0.47,0.4575807
2,13,2004,2004-12-26,0.44,0.46453953
2,13,2005,2005-07-04,0.34,0.43424064
2,13,2005,2005-07-12,0.43,0.41077572
2,13,2005,2005-07-20,0.37,0.42721066
2,13,2005,2005-07-28,0.45,0.41485855
2,13,2005,2005-08-05,0.39,0.43183887
2,13,2005,2005-08-13,0.37,0.41487122
2,13,2005,2005-08-21,0.32,0.40089253
2,13,2005,2005-08-29,0.35,0.3661067
2,13,2005,2005-09-06,0.37,0.37527406
2,13,2005,2005-09-14,0.31,0.38659477
2,13,2005,2005-09-22,0.39,0.36582604
2,13,2005,2005-09-30,0.33,0.38792765
2,13,2005,2005-10-08,0.38,0.3711771
2,13,2005,2005-10-16,0.45,0.3948475
2,13,2005,2005-10-24,0.42,0.43475124
2,13,2005,2005-11-01,0.42,0.4350163
2,13,2005,2005-11-09,0.4,0.44598952
2,13,2005,2005-11-17,0.42,0.4451708
2,13,2005,2005-11-25,0.42,0.44748738
2,13,2005,2005-12-03,0.4,0.44974774
2,13,2005,2005-12-11,0.38,0.43882346
2,13,2005,2005-12-19,0.4,0.42906094
2,13,2005,2005-12-27,0.37,0.43396378
2,13,2006,2006-07-04,0.37,0.46066445
2,13,2006,2006-07-12,0.43,0.42527628
2,13,2006,2006-07-20,0.39,0.43812978
2,13,2006,2006-07-28,0.45,0.42224675
2,13,2006,2006-08-05,0.44,0.44520897
2,13,2006,2006-08-13,0.42,0.45221376
2,13,2006,2006-08-21,0.34,0.44058055
2,13,2006,2006-08-29,0.38,0.40572852
2,13,2006,2006-09-06,0.37,0.4000505
2,13,2006,2006-09-14,0.28,0.39570883
2,13,2006,2006-09-22,0.44,0.34979907
2,13,2006,2006-09-30,0.43,0.4054897
2,13,2006,2006-10-08,0.34,0.4177273
2,13,2006,2006-10-16,0.38,0.39092696
2,13,2006,2006-10-24,0.44,0.41461486
2,13,2006,2006-11-01,0.42,0.4371735
2,13,2006,2006-11-09,0.43,0.43517935
2,13,2006,2006-11-17,0.42,0.44395727
2,13,2006,2006-11-25,0.42,0.4474522
2,13,2006,2006-12-03,0.4,0.44478995
2,13,2006,2006-12-11,0.46,0.4352026
2,13,2006,2006-12-19,0.49,0.45125794
2,13,2006,2006-12-27,0.6,0.4720725
2,13,2007,2007-07-04,0.42,0.4475993
2,13,2007,2007-07-12,0.41,0.44027907
2,13,2007,2007-07-20,0.42,0.43957794
2,13,2007,2007-07-28,0.37,0.43752387
2,13,2007,2007-08-05,0.37,0.42454818
2,13,2007,2007-08-13,0.2,0.41682047
2,13,2007,2007-08-21,0.32,0.34498966
2,13,2007,2007-08-29,0.33,0.34029412
2,13,2007,2007-09-06,0.29,0.35418516
2,13,2007,2007-09-14,0.23,0.33740297
2,13,2007,2007-09-22,0.2,0.30362532
2,13,2007,2007-09-30,0.41,0.28984728
2,13,2007,2007-10-08,0.29,0.3744698
2,13,2007,2007-10-16,0.37,0.34565213
2,13,2007,2007-10-24,0.35,0.36744425
2,13,2007,2007-11-01,0.36,0.3899549
2,13,2007,2007-11-09,0.32,0.38879573
2,13,2007,2007-11-17,0.36,0.38168612
2,13,2007,2007-11-25,0.35,0.38863388
2,13,2007,2007-12-03,0.42,0.3889803
2,13,2007,2007-12-11,0.4,0.41296682
2,13,2007,2007-12-19,0.39,0.42593306
2,13,2007,2007-12-27,0.4,0.42957282
2,13,2008,2008-07-03,0.44,0.42506537
2,13,2008,2008-07-11,0.33,0.43776613
2,13,2008,2008-07-19,0.29,0.4107865
2,13,2008,2008-07-27,0.35,0.37677503
2,13,2008,2008-08-04,0.36,0.37674254
2,13,2008,2008-08-12,0.21,0.37712243
2,13,2008,2008-08-20,0.32,0.30457705
2,13,2008,2008-08-28,0.42,0.3225849
2,13,2008,2008-09-05,0.38,0.38286045
2,13,2008,2008-09-13,0.3,0.38024414
2,13,2008,2008-09-21,0.28,0.34752575
2,13,2008,2008-09-29,0.33,0.31898805
2,13,2008,2008-10-07,0.37,0.34781545
2,13,2008,2008-10-15,0.38,0.3628962
2,13,2008,2008-10-23,0.42,0.38297716
2,13,2008,2008-10-31,0.4,0.40930143
2,13,2008,2008-11-08,0.36,0.41403398
2,13,2008,2008-11-16,0.41,0.39618987
2,13,2008,2008-11-24,0.4,0.41249377
2,13,2008,2008-12-02,0.39,0.41204956
2,13,2008,2008-12-10,0.46,0.4146148
2,13,2008,2008-12-18,0.42,0.4467218
2,13,2008,2008-12-26,0.35,0.44080716
2,13,2009,2009-07-04,0.36,0.4850603
2,13,2009,2009-07-12,0.51,0.4397069
2,13,2009,2009-07-20,0.51,0.46737275
2,13,2009,2009-07-28,0.44,0.48479307
2,13,2009,2009-08-05,0.39,0.45485523
2,13,2009,2009-08-13,0.38,0.44230443
2,13,2009,2009-08-21,0.38,0.40578437
2,13,2009,2009-08-29,0.32,0.39456952
2,13,2009,2009-09-06,0.39,0.37793654
2,13,2009,2009-09-14,0.35,0.39604855
2,13,2009,2009-09-22,0.43,0.38008863
2,13,2009,2009-09-30,0.43,0.39827034
2,13,2009,2009-10-08,0.44,0.419083
2,13,2009,2009-10-16,0.43,0.4323977
2,13,2009,2009-10-24,0.45,0.4426945
2,13,2009,2009-11-01,0.47,0.45623428
2,13,2009,2009-11-09,0.42,0.46853107
2,13,2009,2009-11-17,0.49,0.45012268
2,13,2009,2009-11-25,0.45,0.47595257
2,13,2009,2009-12-03,0.45,0.46895653
2,13,2009,2009-12-11,0.43,0.46282655
2,13,2009,2009-12-19,0.44,0.4669469
2,13,2009,2009-12-27,0.46,0.46138722
2,13,2010,2010-07-04,0.37,0.4638855
2,13,2010,2010-07-12,0.36,0.42640117
2,13,2010,2010-07-20,0.43,0.4285001
2,13,2010,2010-07-28,0.34,0.44602048
2,13,2010,2010-08-05,0.44,0.41096008
2,13,2010,2010-08-13,0.4,0.431851
2,13,2010,2010-08-21,0.32,0.4278799
2,13,2010,2010-08-29,0.39,0.3873387
2,13,2010,2010-09-06,0.36,0.39810413
2,13,2010,2010-09-14,0.41,0.39198458
2,13,2010,2010-09-22,0.38,0.40378165
2,13,2010,2010-09-30,0.42,0.41255337
2,13,2010,2010-10-08,0.46,0.4287342
2,13,2010,2010-10-16,0.45,0.4565247
2,13,2010,2010-10-24,0.4,0.46065965
2,13,2010,2010-11-01,0.39,0.45023656
2,13,2010,2010-11-09,0.39,0.4438786
2,13,2010,2010-11-17,0.36,0.43145603
2,13,2010,2010-11-25,0.39,0.4185943
2,13,2010,2010-12-03,0.41,0.42219558
2,13,2010,2010-12-11,0.37,0.43183967
2,13,2010,2010-12-19,0.31,0.41735864
2,13,2010,2010-12-27,0.4,0.39048353
2,13,2011,2011-07-04,0.33,0.42712572
2,13,2011,2011-07-12,0.32,0.39464155
2,13,2011,2011-07-20,0.21,0.3726687
2,13,2011,2011-07-28,0.3,0.3256252
2,13,2011,2011-08-05,0.4,0.3255371
2,13,2011,2011-08-13,0.36,0.38483557
2,13,2011,2011-08-21,0.21,0.383776
2,13,2011,2011-08-29,0.34,0.32379597
2,13,2011,2011-09-06,0.29,0.35291925
2,13,2011,2011-09-14,0.34,0.33900565
2,13,2011,2011-09-22,0.25,0.3562787
2,13,2011,2011-09-30,0.37,0.3333423
2,13,2011,2011-10-08,0.37,0.36876917
2,13,2011,2011-10-16,0.43,0.3943288
2,13,2011,2011-10-24,0.38,0.42263928
2,13,2011,2011-11-01,0.4,0.42014825
2,13,2011,2011-11-09,0.38,0.42099068
2,13,2011,2011-11-17,0.4,0.41644734
2,13,2011,2011-11-25,0.35,0.41336668
2,13,2011,2011-12-03,0.41,0.3988817
2,13,2011,2011-12-11,0.4,0.41626093
2,13,2011,2011-12-19,0.36,0.41760707
2,13,2011,2011-12-27,0.27,0.39317963
2,13,2012,2012-07-03,0.41,0.40894818
2,13,2012,2012-07-11,0.35,0.4118748
2,13,2012,2012-07-19,0.37,0.3890477
2,13,2012,2012-07-27,0.37,0.37205595
2,13,2012,2012-08-04,0.36,0.37768918
2,13,2012,2012-08-12,0.3,0.38433173
2,13,2012,2012-08-20,0.36,0.3621876
2,13,2012,2012-08-28,0.3,0.35592288
2,13,2012,2012-09-05,0.44,0.34377706
2,13,2012,2012-09-13,0.28,0.3886852
2,13,2012,2012-09-21,0.24,0.35504043
2,13,2012,2012-09-29,0.39,0.30463436
2,13,2012,2012-10-07,0.4,0.36876577
2,13,2012,2012-10-15,0.33,0.38949877
2,13,2012,2012-10-23,0.38,0.3815889
2,13,2012,2012-10-31,0.28,0.39994413
2,13,2012,2012-11-08,0.32,0.36460516
2,13,2012,2012-11-16,0.34,0.35666966
2,13,2012,2012-11-24,0.36,0.36980134
2,13,2012,2012-12-02,0.36,0.37229475
2,13,2012,2012-12-10,0.38,0.38546264
2,13,2012,2012-12-18,0.32,0.39835334
2,13,2012,2012-12-26,0.31,0.37610012
3,1,2001,2001-07-04,0.21,0.27509582
3,1,2001,2001-07-12,0.22,0.31431147
3,1,2001,2001-07-20,0.24,0.37116417
3,1,2001,2001-07-28,0.43,0.36743787
3,1,2001,2001-08-05,0.47,0.5674831
3,1,2001,2001-08-13,0.51,0.5677764
3,1,2001,2001-08-21,0.7,0.5870094
3,1,2001,2001-08-29,0.89,0.77920824
3,1,2001,2001-09-06,0.86,0.9411894
3,1,2001,2001-09-14,0.84,0.87382984
3,1,2001,2001-09-22,0.86,0.7952528
3,1,2001,2001-09-30,0.84,0.831138
3,1,2001,2001-10-08,0.85,0.78807855
3,1,2001,2001-10-16,0.85,0.80600345
3,1,2001,2001-10-24,0.84,0.8099908
3,1,2001,2001-11-01,0.84,0.7861656
3,1,2001,2001-11-09,0.84,0.78474677
3,1,2001,2001-11-17,0.83,0.79264265
3,1,2001,2001-11-25,0.84,0.7842018
3,1,2001,2001-12-03,0.85,0.7934636
3,1,2001,2001-12-11,0.83,0.80024993
3,1,2001,2001-12-19,0.76,0.75130713
3,1,2001,2001-12-27,0.71,0.6264931
3,1,2002,2002-07-04,0.08,0.19487005
3,1,2002,2002-07-12,0.23,0.16334811
3,1,2002,2002-07-20,0.26,0.34179774
3,1,2002,2002-07-28,0.3,0.3317593
3,1,2002,2002-08-05,0.48,0.4419398
3,1,2002,2002-08-13,0.75,0.5941469
3,1,2002,2002-08-21,0.75,0.83730197
3,1,2002,2002-08-29,0.84,0.8080516
3,1,2002,2002-09-06,0.88,0.8904246
3,1,2002,2002-09-14,0.86,0.8820813
3,1,2002,2002-09-22,0.86,0.8017223
3,1,2002,2002-09-30,0.85,0.8020777
3,1,2002,2002-10-08,0.85,0.78669983
3,1,2002,2002-10-16,0.83,0.79463935
3,1,2002,2002-10-24,0.83,0.76575017
3,1,2002,2002-11-01,0.84,0.7676038
3,1,2002,2002-11-09,0.85,0.79313135
3,1,2002,2002-11-17,0.86,0.8067956
3,1,2002,2002-11-25,0.83,0.8126317
3,1,2002,2002-12-03,0.81,0.7618327
3,1,2002,2002-12-11,0.79,0.7354777
3,1,2002,2002-12-19,0.68,0.7115466
3,1,2002,2002-12-27,0.28,0.4839298
3,1,2003,2003-07-04,0.11,0.09570348
3,1,2003,2003-07-12,0.21,0.17248811
3,1,2003,2003-07-20,0.14,0.32992175
3,1,2003,2003-07-28,0.18,0.25209808
3,1,2003,2003-08-05,0.27,0.27674806
3,1,2003,2003-08-13,0.27,0.3991987
3,1,2003,2003-08-21,0.48,0.44209525
3,1,2003,2003-08-29,0.68,0.64195704
3,1,2003,2003-09-06,0.66,0.7986187
3,1,2003,2003-09-14,0.72,0.7115592
3,1,2003,2003-09-22,0.72,0.73136675
3,1,2003,2003-09-30,0.76,0.7078024
3,1,2003,2003-10-08,0.7,0.74493945
3,1,2003,2003-10-16,0.74,0.63155127
3,1,2003,2003-10-24,0.72,0.68334794
3,1,2003,2003-11-01,0.69,0.6784375
3,1,2003,2003-11-09,0.68,0.62242603
3,1,2003,2003-11-17,0.61,0.61834764
3,1,2003,2003-11-25,0.48,0.5185331
3,1,2003,2003-12-03,0.32,0.29971492
3,1,2003,2003-12-11,0.26,0.15386906
3,1,2003,2003-12-19,0.12,0.1437616
3,1,2003,2003-12-27,0.07,0.06863934
3,1,2004,2004-07-03,0.08,0.09061566
3,1,2004,2004-07-11,0.06,0.15383244
3,1,2004,2004-07-19,0.21,0.15361853
3,1,2004,2004-07-27,0.53,0.28367805
3,1,2004,2004-08-04,0.51,0.6537118
3,1,2004,2004-08-12,0.59,0.6132984
3,1,2004,2004-08-20,0.59,0.6581463
3,1,2004,2004-08-28,0.7,0.64392865
3,1,2004,2004-09-05,0.7,0.77973855
3,1,2004,2004-09-13,0.74,0.72817546
3,1,2004,2004-09-21,0.74,0.74584436
3,1,2004,2004-09-29,0.71,0.7187896
3,1,2004,2004-10-07,0.72,0.66399443
3,1,2004,2004-10-15,0.7,0.65145075
3,1,2004,2004-10-23,0.71,0.6491938
3,1,2004,2004-10-31,0.78,0.6607145
3,1,2004,2004-11-08,0.65,0.76089174
3,1,2004,2004-11-16,0.58,0.53154737
3,1,2004,2004-11-24,0.36,0.36998656
3,1,2004,2004-12-02,0.33,0.15057825
3,1,2004,2004-12-10,0.14,0.15493977
3,1,2004,2004-12-18,0.08,0.0780136
3,1,2004,2004-12-26,0.07,0.06672633
3,1,2005,2005-07-04,0.2,0.084491014
3,1,2005,2005-07-12,0.24,0.28196847
3,1,2005,2005-07-20,0.11,0.30198762
3,1,2005,2005-07-28,0.54,0.22547428
3,1,2005,2005-08-05,0.51,0.7143641
3,1,2005,2005-08-13,0.61,0.6004772
3,1,2005,2005-08-21,0.65,0.7067735
3,1,2005,2005-08-29,0.72,0.679635
3,1,2005,2005-09-06,0.71,0.7606908
3,1,2005,2005-09-14,0.71,0.71104413
3,1,2005,2005-09-22,0.72,0.68682516
3,1,2005,2005-09-30,0.7,0.68838495
3,1,2005,2005-10-08,0.72,0.6402696
3,1,2005,2005-10-16,0.69,0.6745294
3,1,2005,2005-10-24,0.7,0.6290968
3,1,2005,2005-11-01,0.73,0.647491
3,1,2005,2005-11-09,0.73,0.7261262
3,1,2005,2005-11-17,0.72,0.66926354
3,1,2005,2005-11-25,0.7,0.62218034
3,1,2005,2005-12-03,0.62,0.5290197
3,1,2005,2005-12-11,0.58,0.4458518
3,1,2005,2005-12-19,0.37,0.39447275
3,1,2005,2005-12-27,0.25,0.21563356
3,1,2006,2006-07-04,0.08,0.08962986
3,1,2006,2006-07-12,0.17,0.1880087
3,1,2006,2006-07-20,0.18,0.26871797
3,1,2006,2006-07-28,0.16,0.23961802
3,1,2006,2006-08-05,0.44,0.35767034
3,1,2006,2006-08-13,0.7,0.5580686
3,1,2006,2006-08-21,0.74,0.8206155
3,1,2006,2006-08-29,0.78,0.792315
3,1,2006,2006-09-06,0.81,0.797585
3,1,2006,2006-09-14,0.78,0.7960999
3,1,2006,2006-09-22,0.82,0.72058296
3,1,2006,2006-09-30,0.76,0.7758677
3,1,2006,2006-10-08,0.82,0.6705134
3,1,2006,2006-10-16,0.82,0.76980895
3,1,2006,2006-10-24,0.82,0.774997
3,1,2006,2006-11-01,0.81,0.7635248
3,1,2006,2006-11-09,0.8,0.75449413
3,1,2006,2006-11-17,0.81,0.736339
3,1,2006,2006-11-25,0.72,0.7529059
3,1,2006,2006-12-03,0.61,0.5869488
3,1,2006,2006-12-11,0.25,0.3664419
3,1,2006,2006-12-19,0.29,0.05910465
3,1,2006,2006-12-27,0.16,0.12066239
3,1,2007,2007-07-04,0.06,0.07526487
3,1,2007,2007-07-12,0.08,0.12667644
3,1,2007,2007-07-20,0.31,0.16602421
3,1,2007,2007-07-28,0.5,0.42674446
3,1,2007,2007-08-05,0.54,0.6045025
3,1,2007,2007-08-13,0.55,0.67793185
3,1,2007,2007-08-21,0.6,0.6735858
3,1,2007,2007-08-29,0.62,0.6723527
3,1,2007,2007-09-06,0.65,0.65616655
3,1,2007,2007-09-14,0.71,0.6726942
3,1,2007,2007-09-22,0.58,0.72194636
3,1,2007,2007-09-30,0.66,0.5032909
3,1,2007,2007-10-08,0.64,0.57617307
3,1,2007,2007-10-16,0.65,0.6344903
3,1,2007,2007-10-24,0.67,0.6355821
3,1,2007,2007-11-01,0.66,0.65673685
3,1,2007,2007-11-09,0.65,0.6299973
3,1,2007,2007-11-17,0.66,0.60161024
3,1,2007,2007-11-25,0.66,0.62649775
3,1,2007,2007-12-03,0.64,0.60146976
3,1,2007,2007-12-11,0.59,0.5331055
3,1,2007,2007-12-19,0.37,0.34404483
3,1,2007,2007-12-27,0.16,0.19018589
3,1,2008,2008-07-03,0.07,0.10325259
3,1,2008,2008-07-11,0.05,0.124694675
3,1,2008,2008-07-19,0.14,0.105758905
3,1,2008,2008-07-27,0.35,0.2870249
3,1,2008,2008-08-04,0.52,0.5259998
3,1,2008,2008-08-12,0.68,0.66556245
3,1,2008,2008-08-20,0.73,0.777073
3,1,2008,2008-08-28,0.69,0.76666725
3,1,2008,2008-09-05,0.73,0.6783893
3,1,2008,2008-09-13,0.59,0.70477664
3,1,2008,2008-09-21,0.58,0.496594
3,1,2008,2008-09-29,0.58,0.41757306
3,1,2008,2008-10-07,0.61,0.51888907
3,1,2008,2008-10-15,0.57,0.6034253
3,1,2008,2008-10-23,0.61,0.54394466
3,1,2008,2008-10-31,0.6,0.5949378
3,1,2008,2008-11-08,0.6,0.58564407
3,1,2008,2008-11-16,0.65,0.57141995
3,1,2008,2008-11-24,0.73,0.64424145
3,1,2008,2008-12-02,0.61,0.74827087
3,1,2008,2008-12-10,0.6,0.5389336
3,1,2008,2008-12-18,0.57,0.46571887
3,1,2008,2008-12-26,0.46,0.4086036
3,1,2009,2009-07-04,0.06,0.08523154
3,1,2009,2009-07-12,0.06,0.11742516
3,1,2009,2009-07-20,0.21,0.104827374
3,1,2009,2009-07-28,0.37,0.30920875
3,1,2009,2009-08-05,0.48,0.52814496
3,1,2009,2009-08-13,0.6,0.64175665
3,1,2009,2009-08-21,0.6,0.7399119
3,1,2009,2009-08-29,0.69,0.6644167
3,1,2009,2009-09-06,0.6,0.7111366
3,1,2009,2009-09-14,0.61,0.5650643
3,1,2009,2009-09-22,0.62,0.4998206
3,1,2009,2009-09-30,0.59,0.55222255
3,1,2009,2009-10-08,0.6,0.5441234
3,1,2009,2009-10-16,0.59,0.5730102
3,1,2009,2009-10-24,0.56,0.5551802
3,1,2009,2009-11-01,0.59,0.52454746
3,1,2009,2009-11-09,0.59,0.5687902
3,1,2009,2009-11-17,0.56,0.5775374
3,1,2009,2009-11-25,0.48,0.54446775
3,1,2009,2009-12-03,0.49,0.44919157
3,1,2009,2009-12-11,0.33,0.4209819
3,1,2009,2009-12-19,0.2,0.23508954
3,1,2009,2009-12-27,0.1,0.13411146
3,1,2010,2010-07-04,0.08,0.09006438
3,1,2010,2010-07-12,0.1,0.13768741
3,1,2010,2010-07-20,0.19,0.14950855
3,1,2010,2010-07-28,0.03,0.30285913
3,1,2010,2010-08-05,0.05,0.16651157
3,1,2010,2010-08-13,0.28,0.20622405
3,1,2010,2010-08-21,0.29,0.4558467
3,1,2010,2010-08-29,0.39,0.42021576
3,1,2010,2010-09-06,0.49,0.5531748
3,1,2010,2010-09-14,0.52,0.5518851
3,1,2010,2010-09-22,0.51,0.56101775
3,1,2010,2010-09-30,0.62,0.52560556
3,1,2010,2010-10-08,0.45,0.63837516
3,1,2010,2010-10-16,0.56,0.40320814
3,1,2010,2010-10-24,0.57,0.50480604
3,1,2010,2010-11-01,0.54,0.56950444
3,1,2010,2010-11-09,0.54,0.5319006
3,1,2010,2010-11-17,0.59,0.5166003
3,1,2010,2010-11-25,0.52,0.5820177
3,1,2010,2010-12-03,0.5,0.45923227
3,1,2010,2010-12-11,0.27,0.42970508
3,1,2010,2010-12-19,0.24,0.15344016
3,1,2010,2010-12-27,0.27,0.13177301
3,1,2011,2011-07-04,0.23,0.12541719
3,1,2011,2011-07-12,0.15,0.31225574
3,1,2011,2011-07-20,0.17,0.2406445
3,1,2011,2011-07-28,0.52,0.25610068
3,1,2011,2011-08-05,0.47,0.56549263
3,1,2011,2011-08-13,0.55,0.53353655
3,1,2011,2011-08-21,0.66,0.6534834
3,1,2011,2011-08-29,0.53,0.71202344
3,1,2011,2011-09-06,0.56,0.5470474
3,1,2011,2011-09-14,0.5,0.55305254
3,1,2011,2011-09-22,0.5,0.49045324
3,1,2011,2011-09-30,0.48,0.4761985
3,1,2011,2011-10-08,0.49,0.49099913
3,1,2011,2011-10-16,0.51,0.451894
3,1,2011,2011-10-24,0.52,0.51384234
3,1,2011,2011-11-01,0.53,0.54046667
3,1,2011,2011-11-09,0.55,0.5278941
3,1,2011,2011-11-17,0.59,0.54405236
3,1,2011,2011-11-25,0.64,0.6098913
3,1,2011,2011-12-03,0.58,0.6418694
3,1,2011,2011-12-11,0.51,0.53256357
3,1,2011,2011-12-19,0.4,0.34465206
3,1,2011,2011-12-27,0.47,0.25317928
3,1,2012,2012-07-03,0.1,0.08967754
3,1,2012,2012-07-11,0.25,0.21667024
3,1,2012,2012-07-19,0.24,0.32113782
3,1,2012,2012-07-27,0.07,0.33361393
3,1,2012,2012-08-04,0.17,0.22220604
3,1,2012,2012-08-12,0.16,0.25939924
3,1,2012,2012-08-20,0.3,0.27517846
3,1,2012,2012-08-28,0.48,0.46787527
3,1,2012,2012-09-05,0.47,0.5708367
3,1,2012,2012-09-13,0.45,0.5444647
3,1,2012,2012-09-21,0.45,0.4462855
3,1,2012,2012-09-29,0.47,0.42949846
3,1,2012,2012-10-07,0.46,0.46501347
3,1,2012,2012-10-15,0.51,0.46209788
3,1,2012,2012-10-23,0.49,0.52896684
3,1,2012,2012-10-31,0.45,0.49946833
3,1,2012,2012-11-08,0.39,0.4378572
3,1,2012,2012-11-16,0.29,0.36230326
3,1,2012,2012-11-24,0.21,0.26835805
3,1,2012,2012-12-02,0.15,0.21569768
3,1,2012,2012-12-10,0.12,0.1659912
3,1,2012,2012-12-18,0.11,0.15867113
3,1,2012,2012-12-26,0.05,0.14660752
3,2,2001,2001-07-04,0.22,0.2838125
3,2,2001,2001-07-12,0.28,0.27576724
3,2,2001,2001-07-20,0.39,0.41906857
3,2,2001,2001-07-28,0.56,0.49482676
3,2,2001,2001-08-05,0.62,0.7026395
3,2,2001,2001-08-13,0.62,0.6982862
3,2,2001,2001-08-21,0.74,0.6614517
3,2,2001,2001-08-29,0.78,0.7766563
3,2,2001,2001-09-06,0.75,0.79497665
3,2,2001,2001-09-14,0.74,0.70890385
3,2,2001,2001-09-22,0.75,0.6730546
3,2,2001,2001-09-30,0.75,0.6932316
3,2,2001,2001-10-08,0.77,0.7002497
3,2,2001,2001-10-16,0.79,0.7234297
3,2,2001,2001-10-24,0.77,0.74995834
3,2,2001,2001-11-01,0.77,0.6952158
3,2,2001,2001-11-09,0.74,0.69463027
3,2,2001,2001-11-17,0.74,0.6552777
3,2,2001,2001-11-25,0.75,0.66402096
3,2,2001,2001-12-03,0.75,0.695185
3,2,2001,2001-12-11,0.75,0.692924
3,2,2001,2001-12-19,0.72,0.68303007
3,2,2001,2001-12-27,0.68,0.63213587
3,2,2002,2002-07-04,0.03,0.12666357
3,2,2002,2002-07-12,0.12,0.1260607
3,2,2002,2002-07-20,0.25,0.2416288
3,2,2002,2002-07-28,0.46,0.38343042
3,2,2002,2002-08-05,0.59,0.62307405
3,2,2002,2002-08-13,0.71,0.7053272
3,2,2002,2002-08-21,0.71,0.76301384
3,2,2002,2002-08-29,0.75,0.73883843
3,2,2002,2002-09-06,0.76,0.7557082
3,2,2002,2002-09-14,0.76,0.7265887
3,2,2002,2002-09-22,0.8,0.70145357
3,2,2002,2002-09-30,0.77,0.75891185
3,2,2002,2002-10-08,0.77,0.70367235
3,2,2002,2002-10-16,0.75,0.701365
3,2,2002,2002-10-24,0.75,0.6824347
3,2,2002,2002-11-01,0.74,0.6771252
3,2,2002,2002-11-09,0.76,0.6698534
3,2,2002,2002-11-17,0.76,0.6967125
3,2,2002,2002-11-25,0.75,0.702546
3,2,2002,2002-12-03,0.75,0.6856999
3,2,2002,2002-12-11,0.75,0.6854395
3,2,2002,2002-12-19,0.69,0.68885994
3,2,2002,2002-12-27,0.46,0.5753799
3,2,2003,2003-07-04,0.02,0.05445394
3,2,2003,2003-07-12,0.08,0.08213547
3,2,2003,2003-07-20,0.15,0.16491227
3,2,2003,2003-07-28,0.22,0.2646578
3,2,2003,2003-08-05,0.46,0.38253963
3,2,2003,2003-08-13,0.45,0.62492734
3,2,2003,2003-08-21,0.6,0.5870123
3,2,2003,2003-08-29,0.71,0.689234
3,2,2003,2003-09-06,0.67,0.76326334
3,2,2003,2003-09-14,0.7,0.6748861
3,2,2003,2003-09-22,0.75,0.6657859
3,2,2003,2003-09-30,0.77,0.7441555
3,2,2003,2003-10-08,0.75,0.7438034
3,2,2003,2003-10-16,0.75,0.68864137
3,2,2003,2003-10-24,0.75,0.67259306
3,2,2003,2003-11-01,0.73,0.68422216
3,2,2003,2003-11-09,0.72,0.6522552
3,2,2003,2003-11-17,0.73,0.64872503
3,2,2003,2003-11-25,0.64,0.6747861
3,2,2003,2003-12-03,0.33,0.52042663
3,2,2003,2003-12-11,0.17,0.11837238
3,2,2003,2003-12-19,0.06,0.065305024
3,2,2003,2003-12-27,0.03,0.032060683
3,2,2004,2004-07-03,0.08,0.06339738
3,2,2004,2004-07-11,0.08,0.13519791
3,2,2004,2004-07-19,0.34,0.14190388
3,2,2004,2004-07-27,0.63,0.46434373
3,2,2004,2004-08-04,0.67,0.74717194
3,2,2004,2004-08-12,0.67,0.76439774
3,2,2004,2004-08-20,0.67,0.69199824
3,2,2004,2004-08-28,0.72,0.6740397
3,2,2004,2004-09-05,0.7,0.741018
3,2,2004,2004-09-13,0.75,0.67196864
3,2,2004,2004-09-21,0.75,0.72069275
3,2,2004,2004-09-29,0.76,0.7265788
3,2,2004,2004-10-07,0.69,0.72588634
3,2,2004,2004-10-15,0.69,0.5836351
3,2,2004,2004-10-23,0.7,0.5860214
3,2,2004,2004-10-31,0.71,0.6433199
3,2,2004,2004-11-08,0.68,0.66173613
3,2,2004,2004-11-16,0.68,0.6067855
3,2,2004,2004-11-24,0.58,0.6116334
3,2,2004,2004-12-02,0.33,0.4241688
3,2,2004,2004-12-10,0.19,0.07675618
3,2,2004,2004-12-18,0.02,0.06769204
3,2,2004,2004-12-26,0.02,0.023417473
3,2,2005,2005-07-04,0.11,0.05751428
3,2,2005,2005-07-12,0.04,0.18992133
3,2,2005,2005-07-20,0.05,0.10791561
3,2,2005,2005-07-28,0.44,0.20853142
3,2,2005,2005-08-05,0.6,0.6628739
3,2,2005,2005-08-13,0.69,0.72413087
3,2,2005,2005-08-21,0.7,0.77092254
3,2,2005,2005-08-29,0.72,0.70330936
3,2,2005,2005-09-06,0.71,0.7056258
3,2,2005,2005-09-14,0.73,0.66160864
3,2,2005,2005-09-22,0.73,0.69625473
3,2,2005,2005-09-30,0.71,0.6888101
3,2,2005,2005-10-08,0.73,0.64925313
3,2,2005,2005-10-16,0.72,0.6528821
3,2,2005,2005-10-24,0.71,0.65107584
3,2,2005,2005-11-01,0.71,0.64219874
3,2,2005,2005-11-09,0.71,0.65164673
3,2,2005,2005-11-17,0.69,0.644845
3,2,2005,2005-11-25,0.7,0.6161175
3,2,2005,2005-12-03,0.7,0.6023053
3,2,2005,2005-12-11,0.65,0.5300151
3,2,2005,2005-12-19,0.47,0.44564176
3,2,2005,2005-12-27,0.11,0.24006526
3,2,2006,2006-07-04,0.06,0.11064544
3,2,2006,2006-07-12,0.14,0.13597155
3,2,2006,2006-07-20,0.09,0.18343726
3,2,2006,2006-07-28,0.18,0.13166082
3,2,2006,2006-08-05,0.56,0.37443113
3,2,2006,2006-08-13,0.66,0.72676504
3,2,2006,2006-08-21,0.68,0.7728769
3,2,2006,2006-08-29,0.71,0.71737313
3,2,2006,2006-09-06,0.74,0.70550716
3,2,2006,2006-09-14,0.71,0.7164954
3,2,2006,2006-09-22,0.74,0.6584074
3,2,2006,2006-09-30,0.7,0.690143
3,2,2006,2006-10-08,0.72,0.6217255
3,2,2006,2006-10-16,0.72,0.65855026
3,2,2006,2006-10-24,0.71,0.6683147
3,2,2006,2006-11-01,0.72,0.64562654
3,2,2006,2006-11-09,0.71,0.6611159
3,2,2006,2006-11-17,0.71,0.6505296
3,2,2006,2006-11-25,0.68,0.64263177
3,2,2006,2006-12-03,0.66,0.6035397
3,2,2006,2006-12-11,0.33,0.5783415
3,2,2006,2006-12-19,0.37,0.15731633
3,2,2006,2006-12-27,0.2,0.16020258
3,2,2007,2007-07-04,0.0,0.07316929
3,2,2007,2007-07-12,0.04,0.06696987
3,2,2007,2007-07-20,0.25,0.1314028
3,2,2007,2007-07-28,0.61,0.32737604
3,2,2007,2007-08-05,0.68,0.73687434
3,2,2007,2007-08-13,0.68,0.7997332
3,2,2007,2007-08-21,0.74,0.7525157
3,2,2007,2007-08-29,0.66,0.753276
3,2,2007,2007-09-06,0.67,0.605152
3,2,2007,2007-09-14,0.69,0.6031465
3,2,2007,2007-09-22,0.62,0.6446388
3,2,2007,2007-09-30,0.6,0.5464387
3,2,2007,2007-10-08,0.62,0.4932809
3,2,2007,2007-10-16,0.62,0.56708366
3,2,2007,2007-10-24,0.61,0.5913868
3,2,2007,2007-11-01,0.62,0.56831664
3,2,2007,2007-11-09,0.6,0.5831202
3,2,2007,2007-11-17,0.63,0.55385673
3,2,2007,2007-11-25,0.63,0.5969676
3,2,2007,2007-12-03,0.62,0.5919764
3,2,2007,2007-12-11,0.64,0.56554407
3,2,2007,2007-12-19,0.27,0.47519213
3,2,2007,2007-12-27,0.2,0.11811525
3,2,2008,2008-07-03,0.0,0.10087985
3,2,2008,2008-07-11,0.03,0.048933
3,2,2008,2008-07-19,0.32,0.09450588
3,2,2008,2008-07-27,0.41,0.48670274
3,2,2008,2008-08-04,0.65,0.5990562
3,2,2008,2008-08-12,0.7,0.7992512
3,2,2008,2008-08-20,0.65,0.75042355
3,2,2008,2008-08-28,0.63,0.64814067
3,2,2008,2008-09-05,0.65,0.5359256
3,2,2008,2008-09-13,0.59,0.5840351
3,2,2008,2008-09-21,0.6,0.5248432
3,2,2008,2008-09-29,0.57,0.5166812
3,2,2008,2008-10-07,0.58,0.49064696
3,2,2008,2008-10-15,0.57,0.5332785
3,2,2008,2008-10-23,0.58,0.5365716
3,2,2008,2008-10-31,0.57,0.5477565
3,2,2008,2008-11-08,0.55,0.53780913
3,2,2008,2008-11-16,0.59,0.50278443
3,2,2008,2008-11-24,0.6,0.57033587
3,2,2008,2008-12-02,0.57,0.5903425
3,2,2008,2008-12-10,0.6,0.5323439
3,2,2008,2008-12-18,0.61,0.56950986
3,2,2008,2008-12-26,0.41,0.46191218
3,2,2009,2009-07-04,0.0,0.06999287
3,2,2009,2009-07-12,0.01,0.05000609
3,2,2009,2009-07-20,0.15,0.07228437
3,2,2009,2009-07-28,0.17,0.3238704
3,2,2009,2009-08-05,0.52,0.30331203
3,2,2009,2009-08-13,0.6,0.72275734
3,2,2009,2009-08-21,0.6,0.7038982
3,2,2009,2009-08-29,0.56,0.6357279
3,2,2009,2009-09-06,0.54,0.50638735
3,2,2009,2009-09-14,0.58,0.47567168
3,2,2009,2009-09-22,0.54,0.5363587
3,2,2009,2009-09-30,0.53,0.4983737
3,2,2009,2009-10-08,0.56,0.47492328
3,2,2009,2009-10-16,0.56,0.5316361
3,2,2009,2009-10-24,0.56,0.54036117
3,2,2009,2009-11-01,0.56,0.53704405
3,2,2009,2009-11-09,0.57,0.52910817
3,2,2009,2009-11-17,0.55,0.53596854
3,2,2009,2009-11-25,0.54,0.5234493
3,2,2009,2009-12-03,0.42,0.51189667
3,2,2009,2009-12-11,0.23,0.33730033
3,2,2009,2009-12-19,0.19,0.14493723
3,2,2009,2009-12-27,0.03,0.14537682
3,2,2010,2010-07-04,0.07,0.06339738
3,2,2010,2010-07-12,0.07,0.11817205
3,2,2010,2010-07-20,0.07,0.11205912
3,2,2010,2010-07-28,0.04,0.15649055
3,2,2010,2010-08-05,0.13,0.111742884
3,2,2010,2010-08-13,0.38,0.34683764
3,2,2010,2010-08-21,0.4,0.5325072
3,2,2010,2010-08-29,0.45,0.5496587
3,2,2010,2010-09-06,0.46,0.52741474
3,2,2010,2010-09-14,0.45,0.46663907
3,2,2010,2010-09-22,0.47,0.45825493
3,2,2010,2010-09-30,0.43,0.4625012
3,2,2010,2010-10-08,0.42,0.40556744
3,2,2010,2010-10-16,0.43,0.40517864
3,2,2010,2010-10-24,0.44,0.42863825
3,2,2010,2010-11-01,0.44,0.44683152
3,2,2010,2010-11-09,0.43,0.44331408
3,2,2010,2010-11-17,0.46,0.4295206
3,2,2010,2010-11-25,0.45,0.45898855
3,2,2010,2010-12-03,0.42,0.443392
3,2,2010,2010-12-11,0.22,0.36589903
3,2,2010,2010-12-19,0.19,0.12119901
3,2,2010,2010-12-27,0.31,0.12384221
3,2,2011,2011-07-04,0.04,0.057207584
3,2,2011,2011-07-12,0.11,0.112093985
3,2,2011,2011-07-20,0.07,0.16977164
3,2,2011,2011-07-28,0.46,0.12817672
3,2,2011,2011-08-05,0.41,0.5574991
3,2,2011,2011-08-13,0.48,0.48952088
3,2,2011,2011-08-21,0.47,0.62052506
3,2,2011,2011-08-29,0.46,0.5228827
3,2,2011,2011-09-06,0.42,0.48972803
3,2,2011,2011-09-14,0.32,0.4102242
3,2,2011,2011-09-22,0.31,0.2859295
3,2,2011,2011-09-30,0.31,0.28818402
3,2,2011,2011-10-08,0.31,0.31423792
3,2,2011,2011-10-16,0.29,0.33384275
3,2,2011,2011-10-24,0.31,0.31943247
3,2,2011,2011-11-01,0.31,0.3494868
3,2,2011,2011-11-09,0.32,0.3510467
3,2,2011,2011-11-17,0.3,0.35769755
3,2,2011,2011-11-25,0.34,0.34004396
3,2,2011,2011-12-03,0.35,0.37957108
3,2,2011,2011-12-11,0.41,0.38018554
3,2,2011,2011-12-19,0.39,0.38273394
3,2,2011,2011-12-27,0.36,0.3592543
3,2,2012,2012-07-03,0.01,0.053330034
3,2,2012,2012-07-11,0.01,0.07513195
3,2,2012,2012-07-19,0.0,0.09197855
3,2,2012,2012-07-27,0.01,0.06373197
3,2,2012,2012-08-04,0.05,0.21785054
3,2,2012,2012-08-12,0.06,0.15760301
3,2,2012,2012-08-20,0.29,0.22022335
3,2,2012,2012-08-28,0.32,0.43166256
3,2,2012,2012-09-05,0.49,0.4141929
3,2,2012,2012-09-13,0.24,0.5890231
3,2,2012,2012-09-21,0.28,0.2687885
3,2,2012,2012-09-29,0.32,0.22340526
3,2,2012,2012-10-07,0.3,0.3450893
3,2,2012,2012-10-15,0.29,0.34043932
3,2,2012,2012-10-23,0.3,0.31243545
3,2,2012,2012-10-31,0.27,0.32904592
3,2,2012,2012-11-08,0.27,0.2995301
3,2,2012,2012-11-16,0.23,0.303605
3,2,2012,2012-11-24,0.07,0.25539583
3,2,2012,2012-12-02,0.11,0.12312308
3,2,2012,2012-12-10,0.08,0.17424539
3,2,2012,2012-12-18,0.07,0.16689341
3,2,2012,2012-12-26,0.09,0.16008599
3,3,2001,2001-07-04,0.13,0.18587969
3,3,2001,2001-07-12,0.12,0.19246498
3,3,2001,2001-07-20,0.29,0.22064705
3,3,2001,2001-07-28,0.35,0.40708002
3,3,2001,2001-08-05,0.4,0.4860865
3,3,2001,2001-08-13,0.59,0.5386025
3,3,2001,2001-08-21,0.68,0.69879526
3,3,2001,2001-08-29,0.83,0.7395506
3,3,2001,2001-09-06,0.85,0.8521513
3,3,2001,2001-09-14,0.83,0.83712614
3,3,2001,2001-09-22,0.84,0.7820736
3,3,2001,2001-09-30,0.8,0.7689198
3,3,2001,2001-10-08,0.8,0.70314676
3,3,2001,2001-10-16,0.81,0.6980703
3,3,2001,2001-10-24,0.79,0.7363303
3,3,2001,2001-11-01,0.8,0.70332736
3,3,2001,2001-11-09,0.76,0.7260946
3,3,2001,2001-11-17,0.78,0.65722185
3,3,2001,2001-11-25,0.78,0.69534326
3,3,2001,2001-12-03,0.77,0.71155584
3,3,2001,2001-12-11,0.77,0.68680906
3,3,2001,2001-12-19,0.68,0.6895776
3,3,2001,2001-12-27,0.63,0.5367
3,3,2002,2002-07-04,0.06,0.10714677
3,3,2002,2002-07-12,0.09,0.13701978
3,3,2002,2002-07-20,0.13,0.15569553
3,3,2002,2002-07-28,0.42,0.2483803
3,3,2002,2002-08-05,0.55,0.5549984
3,3,2002,2002-08-13,0.77,0.6479269
3,3,2002,2002-08-21,0.77,0.84730434
3,3,2002,2002-08-29,0.82,0.7922238
3,3,2002,2002-09-06,0.8,0.8314892
3,3,2002,2002-09-14,0.86,0.7642938
3,3,2002,2002-09-22,0.85,0.81372344
3,3,2002,2002-09-30,0.85,0.78739846
3,3,2002,2002-10-08,0.84,0.7580543
3,3,2002,2002-10-16,0.82,0.7490078
3,3,2002,2002-10-24,0.81,0.7256063
3,3,2002,2002-11-01,0.79,0.7112205
3,3,2002,2002-11-09,0.81,0.69573677
3,3,2002,2002-11-17,0.8,0.7242288
3,3,2002,2002-11-25,0.79,0.7255648
3,3,2002,2002-12-03,0.75,0.70621854
3,3,2002,2002-12-11,0.7,0.6398933
3,3,2002,2002-12-19,0.53,0.5665634
3,3,2002,2002-12-27,0.25,0.27703327
3,3,2003,2003-07-04,0.02,0.065669775
3,3,2003,2003-07-12,0.1,0.089576185
3,3,2003,2003-07-20,0.17,0.17079777
3,3,2003,2003-07-28,0.2,0.240899
3,3,2003,2003-08-05,0.34,0.35757804
3,3,2003,2003-08-13,0.16,0.48716986
3,3,2003,2003-08-21,0.27,0.34519792
3,3,2003,2003-08-29,0.54,0.38992923
3,3,2003,2003-09-06,0.55,0.6745219
3,3,2003,2003-09-14,0.64,0.62397814
3,3,2003,2003-09-22,0.72,0.6860955
3,3,2003,2003-09-30,0.78,0.74601233
3,3,2003,2003-10-08,0.78,0.78591305
3,3,2003,2003-10-16,0.77,0.74507093
3,3,2003,2003-10-24,0.77,0.6943202
3,3,2003,2003-11-01,0.73,0.68873096
3,3,2003,2003-11-09,0.7,0.62219405
3,3,2003,2003-11-17,0.68,0.59268445
3,3,2003,2003-11-25,0.48,0.5817853
3,3,2003,2003-12-03,0.18,0.28224352
3,3,2003,2003-12-11,0.06,0.019548833
3,3,2003,2003-12-19,0.03,0.0248608
3,3,2003,2003-12-27,0.0,0.028930664
3,3,2004,2004-07-03,0.07,0.05808103
3,3,2004,2004-07-11,0.1,0.12669517
3,3,2004,2004-07-19,0.24,0.16945021
3,3,2004,2004-07-27,0.36,0.33762676
3,3,2004,2004-08-04,0.32,0.4459697
3,3,2004,2004-08-12,0.53,0.42524046
3,3,2004,2004-08-20,0.61,0.551824
3,3,2004,2004-08-28,0.68,0.6428231
3,3,2004,2004-09-05,0.66,0.7366878
3,3,2004,2004-09-13,0.75,0.67426455
3,3,2004,2004-09-21,0.7,0.750371
3,3,2004,2004-09-29,0.76,0.67994535
3,3,2004,2004-10-07,0.72,0.7453575
3,3,2004,2004-10-15,0.73,0.66491187
3,3,2004,2004-10-23,0.77,0.6597946
3,3,2004,2004-10-31,0.78,0.7226862
3,3,2004,2004-11-08,0.76,0.7196677
3,3,2004,2004-11-16,0.63,0.66689277
3,3,2004,2004-11-24,0.42,0.43341744
3,3,2004,2004-12-02,0.2,0.12982619
3,3,2004,2004-12-10,0.05,0.032488376
3,3,2004,2004-12-18,0.0,0.031049103
3,3,2004,2004-12-26,0.0,0.0348697
3,3,2005,2005-07-04,0.0,0.05591476
3,3,2005,2005-07-12,0.02,0.07832074
3,3,2005,2005-07-20,0.09,0.09862214
3,3,2005,2005-07-28,0.32,0.2110112
3,3,2005,2005-08-05,0.37,0.47409907
3,3,2005,2005-08-13,0.61,0.47082463
3,3,2005,2005-08-21,0.7,0.73974615
3,3,2005,2005-08-29,0.75,0.75130904
3,3,2005,2005-09-06,0.75,0.76835275
3,3,2005,2005-09-14,0.74,0.7217539
3,3,2005,2005-09-22,0.74,0.6989676
3,3,2005,2005-09-30,0.72,0.66426784
3,3,2005,2005-10-08,0.72,0.6546096
3,3,2005,2005-10-16,0.74,0.6384509
3,3,2005,2005-10-24,0.72,0.68112457
3,3,2005,2005-11-01,0.74,0.6640264
3,3,2005,2005-11-09,0.75,0.68968946
3,3,2005,2005-11-17,0.75,0.6935223
3,3,2005,2005-11-25,0.79,0.6401406
3,3,2005,2005-12-03,0.74,0.6370814
3,3,2005,2005-12-11,0.62,0.5068289
3,3,2005,2005-12-19,0.24,0.33434188
3,3,2005,2005-12-27,0.05,0.09685391
3,3,2006,2006-07-04,0.01,0.0650129
3,3,2006,2006-07-12,0.03,0.0629707
3,3,2006,2006-07-20,0.04,0.08713737
3,3,2006,2006-07-28,0.09,0.11277318
3,3,2006,2006-08-05,0.33,0.2357494
3,3,2006,2006-08-13,0.68,0.47037032
3,3,2006,2006-08-21,0.67,0.8150341
3,3,2006,2006-08-29,0.76,0.746119
3,3,2006,2006-09-06,0.8,0.77134013
3,3,2006,2006-09-14,0.79,0.78749865
3,3,2006,2006-09-22,0.83,0.7377722
3,3,2006,2006-09-30,0.79,0.76975805
3,3,2006,2006-10-08,0.82,0.6935178
3,3,2006,2006-10-16,0.81,0.7382905
3,3,2006,2006-10-24,0.82,0.7378328
3,3,2006,2006-11-01,0.82,0.73976105
3,3,2006,2006-11-09,0.79,0.74587774
3,3,2006,2006-11-17,0.8,0.69703895
3,3,2006,2006-11-25,0.76,0.7162632
3,3,2006,2006-12-03,0.71,0.67434216
3,3,2006,2006-12-11,0.19,0.5699044
3,3,2006,2006-12-19,0.27,0.10165748
3,3,2006,2006-12-27,0.11,0.11158717
3,3,2007,2007-07-04,0.0,0.059229493
3,3,2007,2007-07-12,0.03,0.058425337
3,3,2007,2007-07-20,0.15,0.091913015
3,3,2007,2007-07-28,0.46,0.20858198
3,3,2007,2007-08-05,0.54,0.5681088
3,3,2007,2007-08-13,0.53,0.6602921
3,3,2007,2007-08-21,0.69,0.6683233
3,3,2007,2007-08-29,0.66,0.7496983
3,3,2007,2007-09-06,0.72,0.6827447
3,3,2007,2007-09-14,0.67,0.7232231
3,3,2007,2007-09-22,0.7,0.61726964
3,3,2007,2007-09-30,0.82,0.6564888
3,3,2007,2007-10-08,0.76,0.8061968
3,3,2007,2007-10-16,0.78,0.7136141
3,3,2007,2007-10-24,0.79,0.7070525
3,3,2007,2007-11-01,0.77,0.7321961
3,3,2007,2007-11-09,0.75,0.6944793
3,3,2007,2007-11-17,0.77,0.6474178
3,3,2007,2007-11-25,0.76,0.69857574
3,3,2007,2007-12-03,0.76,0.6779244
3,3,2007,2007-12-11,0.7,0.66236275
3,3,2007,2007-12-19,0.16,0.35693967
3,3,2007,2007-12-27,0.18,0.042266756
3,3,2008,2008-07-03,0.01,0.0650129
3,3,2008,2008-07-11,0.01,0.0629707
3,3,2008,2008-07-19,0.11,0.07202938
3,3,2008,2008-07-27,0.19,0.21046117
3,3,2008,2008-08-04,0.56,0.36936536
3,3,2008,2008-08-12,0.6,0.71228313
3,3,2008,2008-08-20,0.76,0.6849536
3,3,2008,2008-08-28,0.79,0.81261945
3,3,2008,2008-09-05,0.77,0.788067
3,3,2008,2008-09-13,0.74,0.7394145
3,3,2008,2008-09-21,0.77,0.6323274
3,3,2008,2008-09-29,0.76,0.6977711
3,3,2008,2008-10-07,0.77,0.7295218
3,3,2008,2008-10-15,0.77,0.7077067
3,3,2008,2008-10-23,0.77,0.705408
3,3,2008,2008-10-31,0.78,0.70315266
3,3,2008,2008-11-08,0.77,0.71045274
3,3,2008,2008-11-16,0.79,0.6864562
3,3,2008,2008-11-24,0.79,0.7258321
3,3,2008,2008-12-02,0.78,0.72184026
3,3,2008,2008-12-10,0.76,0.70066047
3,3,2008,2008-12-18,0.69,0.64540267
3,3,2008,2008-12-26,0.46,0.32208222
3,3,2009,2009-07-04,0.01,0.059461594
3,3,2009,2009-07-12,0.04,0.0673005
3,3,2009,2009-07-20,0.13,0.09232187
3,3,2009,2009-07-28,0.23,0.2130051
3,3,2009,2009-08-05,0.46,0.32304943
3,3,2009,2009-08-13,0.62,0.6575155
3,3,2009,2009-08-21,0.62,0.72313017
3,3,2009,2009-08-29,0.64,0.7026582
3,3,2009,2009-09-06,0.72,0.66439104
3,3,2009,2009-09-14,0.78,0.7200047
3,3,2009,2009-09-22,0.79,0.764585
3,3,2009,2009-09-30,0.78,0.7589512
3,3,2009,2009-10-08,0.79,0.7119585
3,3,2009,2009-10-16,0.79,0.72071457
3,3,2009,2009-10-24,0.78,0.71968937
3,3,2009,2009-11-01,0.77,0.7008916
3,3,2009,2009-11-09,0.76,0.68883455
3,3,2009,2009-11-17,0.75,0.6741066
3,3,2009,2009-11-25,0.68,0.672897
3,3,2009,2009-12-03,0.41,0.55956733
3,3,2009,2009-12-11,0.16,0.18406633
3,3,2009,2009-12-19,0.06,0.027851164
3,3,2009,2009-12-27,0.02,0.02643302
3,3,2010,2010-07-04,0.09,0.074222684
3,3,2010,2010-07-12,0.2,0.14010592
3,3,2010,2010-07-20,0.05,0.2552281
3,3,2010,2010-07-28,0.06,0.1392678
3,3,2010,2010-08-05,0.11,0.1547016
3,3,2010,2010-08-13,0.17,0.2612
3,3,2010,2010-08-21,0.22,0.33004448
3,3,2010,2010-08-29,0.27,0.35928425
3,3,2010,2010-09-06,0.35,0.39481217
3,3,2010,2010-09-14,0.45,0.47209054
3,3,2010,2010-09-22,0.55,0.5644839
3,3,2010,2010-09-30,0.68,0.6290402
3,3,2010,2010-10-08,0.69,0.7269647
3,3,2010,2010-10-16,0.71,0.7030605
3,3,2010,2010-10-24,0.75,0.6893246
3,3,2010,2010-11-01,0.76,0.71671
3,3,2010,2010-11-09,0.74,0.71416384
3,3,2010,2010-11-17,0.76,0.6642101
3,3,2010,2010-11-25,0.74,0.68770194
3,3,2010,2010-12-03,0.67,0.6374035
3,3,2010,2010-12-11,0.19,0.41392633
3,3,2010,2010-12-19,0.12,0.043813407
3,3,2010,2010-12-27,0.09,0.08845708
3,3,2011,2011-07-04,0.0,0.0715467
3,3,2011,2011-07-12,0.03,0.08028278
3,3,2011,2011-07-20,0.07,0.13918251
3,3,2011,2011-07-28,0.42,0.10793206
3,3,2011,2011-08-05,0.38,0.526248
3,3,2011,2011-08-13,0.6,0.4433137
3,3,2011,2011-08-21,0.71,0.6869222
3,3,2011,2011-08-29,0.76,0.7296558
3,3,2011,2011-09-06,0.72,0.74949837
3,3,2011,2011-09-14,0.62,0.6869594
3,3,2011,2011-09-22,0.57,0.5540125
3,3,2011,2011-09-30,0.57,0.4975516
3,3,2011,2011-10-08,0.6,0.55714744
3,3,2011,2011-10-16,0.59,0.60212505
3,3,2011,2011-10-24,0.61,0.5760982
3,3,2011,2011-11-01,0.6,0.59700656
3,3,2011,2011-11-09,0.61,0.57583636
3,3,2011,2011-11-17,0.62,0.5719855
3,3,2011,2011-11-25,0.62,0.5890626
3,3,2011,2011-12-03,0.65,0.58024913
3,3,2011,2011-12-11,0.57,0.5943506
3,3,2011,2011-12-19,0.39,0.3108587
3,3,2011,2011-12-27,0.35,0.1469696
3,3,2012,2012-07-03,0.02,0.059461594
3,3,2012,2012-07-11,0.01,0.073143065
3,3,2012,2012-07-19,0.01,0.070118785
3,3,2012,2012-07-27,0.06,0.08101371
3,3,2012,2012-08-04,0.05,0.25273043
3,3,2012,2012-08-12,0.05,0.16413358
3,3,2012,2012-08-20,0.12,0.26009417
3,3,2012,2012-08-28,0.29,0.275636
3,3,2012,2012-09-05,0.37,0.46708328
3,3,2012,2012-09-13,0.44,0.5002992
3,3,2012,2012-09-21,0.48,0.51375926
3,3,2012,2012-09-29,0.5,0.48916358
3,3,2012,2012-10-07,0.4,0.5000778
3,3,2012,2012-10-15,0.45,0.3771218
3,3,2012,2012-10-23,0.45,0.42004928
3,3,2012,2012-10-31,0.41,0.44938886
3,3,2012,2012-11-08,0.4,0.40385467
3,3,2012,2012-11-16,0.28,0.38245583
3,3,2012,2012-11-24,0.13,0.2558736
3,3,2012,2012-12-02,0.12,0.12359214
3,3,2012,2012-12-10,0.07,0.15107925
3,3,2012,2012-12-18,0.05,0.13833551
3,3,2012,2012-12-26,0.03,0.10512021
3,4,2001,2001-07-04,0.03,0.08282551
3,4,2001,2001-07-12,0.02,0.083625376
3,4,2001,2001-07-20,0.06,0.07228148
3,4,2001,2001-07-28,0.09,0.11171812
3,4,2001,2001-08-05,0.22,0.19557826
3,4,2001,2001-08-13,0.39,0.32612592
3,4,2001,2001-08-21,0.37,0.55413514
3,4,2001,2001-08-29,0.79,0.53541374
3,4,2001,2001-09-06,0.93,0.8801223
3,4,2001,2001-09-14,0.98,0.9424975
3,4,2001,2001-09-22,0.98,0.9550015
3,4,2001,2001-09-30,0.98,0.90910035
3,4,2001,2001-10-08,0.98,0.881685
3,4,2001,2001-10-16,0.99,0.87770176
3,4,2001,2001-10-24,0.96,0.89209926
3,4,2001,2001-11-01,0.96,0.8475909
3,4,2001,2001-11-09,0.94,0.8562077
3,4,2001,2001-11-17,0.94,0.8310156
3,4,2001,2001-11-25,0.94,0.8433498
3,4,2001,2001-12-03,0.92,0.8397223
3,4,2001,2001-12-11,0.86,0.8083544
3,4,2001,2001-12-19,0.73,0.71269464
3,4,2001,2001-12-27,0.48,0.46867448
3,4,2002,2002-07-04,0.02,0.05822578
3,4,2002,2002-07-12,0.04,0.07932341
3,4,2002,2002-07-20,0.03,0.08987984
3,4,2002,2002-07-28,0.1,0.091029316
3,4,2002,2002-08-05,0.3,0.1644971
3,4,2002,2002-08-13,0.65,0.4199693
3,4,2002,2002-08-21,0.65,0.76854
3,4,2002,2002-08-29,0.68,0.6908715
3,4,2002,2002-09-06,0.9,0.7419163
3,4,2002,2002-09-14,0.96,0.92312384
3,4,2002,2002-09-22,0.97,0.9629859
3,4,2002,2002-09-30,0.97,0.9260508
3,4,2002,2002-10-08,0.98,0.87754893
3,4,2002,2002-10-16,0.98,0.88499814
3,4,2002,2002-10-24,0.97,0.88465405
3,4,2002,2002-11-01,0.95,0.85817957
3,4,2002,2002-11-09,0.96,0.8384216
3,4,2002,2002-11-17,0.9,0.85764813
3,4,2002,2002-11-25,0.91,0.77136946
3,4,2002,2002-12-03,0.9,0.80600756
3,4,2002,2002-12-11,0.83,0.80388755
3,4,2002,2002-12-19,0.66,0.66543853
3,4,2002,2002-12-27,0.13,0.33093077
3,4,2003,2003-07-04,0.0,0.052867144
3,4,2003,2003-07-12,0.01,0.06293288
3,4,2003,2003-07-20,0.23,0.0761995
3,4,2003,2003-07-28,0.23,0.29512733
3,4,2003,2003-08-05,0.28,0.2875663
3,4,2003,2003-08-13,0.08,0.40197328
3,4,2003,2003-08-21,0.1,0.24706782
3,4,2003,2003-08-29,0.42,0.23334956
3,4,2003,2003-09-06,0.26,0.5577515
3,4,2003,2003-09-14,0.5,0.4318534
3,4,2003,2003-09-22,0.65,0.64774233
3,4,2003,2003-09-30,0.93,0.73659885
3,4,2003,2003-10-08,0.96,0.9376966
3,4,2003,2003-10-16,0.97,0.9509638
3,4,2003,2003-10-24,0.96,0.9154696
3,4,2003,2003-11-01,0.92,0.8583969
3,4,2003,2003-11-09,0.88,0.793409
3,4,2003,2003-11-17,0.8,0.75500715
3,4,2003,2003-11-25,0.46,0.61273575
3,4,2003,2003-12-03,0.1,0.19741787
3,4,2003,2003-12-11,0.1,0.00036984682
3,4,2003,2003-12-19,0.01,0.034594715
3,4,2003,2003-12-27,0.0,0.011766523
3,4,2004,2004-07-03,0.03,0.060765326
3,4,2004,2004-07-11,0.17,0.07921404
3,4,2004,2004-07-19,0.2,0.21937877
3,4,2004,2004-07-27,0.19,0.30613816
3,4,2004,2004-08-04,0.08,0.27164793
3,4,2004,2004-08-12,0.23,0.15691651
3,4,2004,2004-08-20,0.27,0.22071943
3,4,2004,2004-08-28,0.49,0.28752166
3,4,2004,2004-09-05,0.61,0.63071877
3,4,2004,2004-09-13,0.78,0.64018023
3,4,2004,2004-09-21,0.83,0.8113544
3,4,2004,2004-09-29,0.89,0.8344271
3,4,2004,2004-10-07,0.93,0.90727824
3,4,2004,2004-10-15,0.95,0.9133039
3,4,2004,2004-10-23,0.95,0.8996009
3,4,2004,2004-10-31,0.9,0.8614348
3,4,2004,2004-11-08,0.89,0.7641716
3,4,2004,2004-11-16,0.56,0.75991035
3,4,2004,2004-11-24,0.21,0.2850744
3,4,2004,2004-12-02,0.07,0.011163324
3,4,2004,2004-12-10,0.0,0.0396505
3,4,2004,2004-12-18,0.0,0.040018052
3,4,2004,2004-12-26,0.0,0.021182537
3,4,2005,2005-07-04,0.0,0.05548793
3,4,2005,2005-07-12,0.01,0.06437275
3,4,2005,2005-07-20,0.04,0.11793059
3,4,2005,2005-07-28,0.14,0.135694
3,4,2005,2005-08-05,0.17,0.22460224
3,4,2005,2005-08-13,0.13,0.19504683
3,4,2005,2005-08-21,0.31,0.2088483
3,4,2005,2005-08-29,0.7,0.3903609
3,4,2005,2005-09-06,0.82,0.800446
3,4,2005,2005-09-14,0.88,0.85092556
3,4,2005,2005-09-22,0.9,0.879466
3,4,2005,2005-09-30,0.9,0.87685424
3,4,2005,2005-10-08,0.9,0.8487077
3,4,2005,2005-10-16,0.92,0.829296
3,4,2005,2005-10-24,0.95,0.8503191
3,4,2005,2005-11-01,0.96,0.87795544
3,4,2005,2005-11-09,0.96,0.8629342
3,4,2005,2005-11-17,0.97,0.85539997
3,4,2005,2005-11-25,0.95,0.7571868
3,4,2005,2005-12-03,0.78,0.63677955
3,4,2005,2005-12-11,0.33,0.36864516
3,4,2005,2005-12-19,0.04,0.11104435
3,4,2005,2005-12-27,0.06,0.070224494
3,4,2006,2006-07-04,0.01,0.065133035
3,4,2006,2006-07-12,0.03,0.063990414
3,4,2006,2006-07-20,0.07,0.08444679
3,4,2006,2006-07-28,0.16,0.12622075
3,4,2006,2006-08-05,0.25,0.24413484
3,4,2006,2006-08-13,0.42,0.32207626
3,4,2006,2006-08-21,0.36,0.481042
3,4,2006,2006-08-29,0.57,0.43945116
3,4,2006,2006-09-06,0.69,0.70508015
3,4,2006,2006-09-14,0.9,0.7680834
3,4,2006,2006-09-22,0.96,0.9117172
3,4,2006,2006-09-30,0.97,0.9453967
3,4,2006,2006-10-08,0.98,0.91336215
3,4,2006,2006-10-16,0.98,0.8838289
3,4,2006,2006-10-24,0.98,0.8812585
3,4,2006,2006-11-01,0.98,0.88387233
3,4,2006,2006-11-09,0.98,0.8815194
3,4,2006,2006-11-17,0.96,0.8788385
3,4,2006,2006-11-25,0.91,0.8534302
3,4,2006,2006-12-03,0.78,0.7743336
3,4,2006,2006-12-11,0.11,0.47182465
3,4,2006,2006-12-19,0.2,0.08342615
3,4,2006,2006-12-27,0.03,0.19449282
3,4,2007,2007-07-04,0.0,0.063623935
3,4,2007,2007-07-12,0.02,0.05617401
3,4,2007,2007-07-20,0.09,0.08278078
3,4,2007,2007-07-28,0.35,0.15661818
3,4,2007,2007-08-05,0.35,0.46557048
3,4,2007,2007-08-13,0.35,0.44319436
3,4,2007,2007-08-21,0.58,0.46898624
3,4,2007,2007-08-29,0.41,0.621149
3,4,2007,2007-09-06,0.46,0.47316664
3,4,2007,2007-09-14,0.47,0.5047629
3,4,2007,2007-09-22,0.59,0.55089104
3,4,2007,2007-09-30,0.88,0.6764444
3,4,2007,2007-10-08,0.89,0.9103123
3,4,2007,2007-10-16,0.94,0.89872366
3,4,2007,2007-10-24,0.97,0.90481025
3,4,2007,2007-11-01,0.96,0.90052706
3,4,2007,2007-11-09,0.96,0.8678709
3,4,2007,2007-11-17,0.96,0.8615719
3,4,2007,2007-11-25,0.96,0.858984
3,4,2007,2007-12-03,0.95,0.8472776
3,4,2007,2007-12-11,0.81,0.7996784
3,4,2007,2007-12-19,0.03,0.34072617
3,4,2007,2007-12-27,0.07,0.056191713
3,4,2008,2008-07-03,0.0,0.058029592
3,4,2008,2008-07-11,0.02,0.05597356
3,4,2008,2008-07-19,0.06,0.08128837
3,4,2008,2008-07-27,0.02,0.13569409
3,4,2008,2008-08-04,0.44,0.16671105
3,4,2008,2008-08-12,0.33,0.5915587
3,4,2008,2008-08-20,0.49,0.4394662
3,4,2008,2008-08-28,0.66,0.6213796
3,4,2008,2008-09-05,0.83,0.6761006
3,4,2008,2008-09-13,0.86,0.8112725
3,4,2008,2008-09-21,0.87,0.8160598
3,4,2008,2008-09-29,0.87,0.82447517
3,4,2008,2008-10-07,0.89,0.85656655
3,4,2008,2008-10-15,0.89,0.85105175
3,4,2008,2008-10-23,0.9,0.838043
3,4,2008,2008-10-31,0.91,0.83316225
3,4,2008,2008-11-08,0.91,0.83377475
3,4,2008,2008-11-16,0.94,0.82675254
3,4,2008,2008-11-24,0.96,0.8635245
3,4,2008,2008-12-02,0.95,0.881548
3,4,2008,2008-12-10,0.84,0.85218143
3,4,2008,2008-12-18,0.56,0.5962393
3,4,2008,2008-12-26,0.23,0.17003791
3,4,2009,2009-07-04,0.0,0.055223852
3,4,2009,2009-07-12,0.03,0.05775121
3,4,2009,2009-07-20,0.07,0.09080374
3,4,2009,2009-07-28,0.19,0.13312972
3,4,2009,2009-08-05,0.3,0.23019071
3,4,2009,2009-08-13,0.38,0.48769352
3,4,2009,2009-08-21,0.38,0.46080697
3,4,2009,2009-08-29,0.48,0.49130976
3,4,2009,2009-09-06,0.63,0.57324755
3,4,2009,2009-09-14,0.76,0.7234663
3,4,2009,2009-09-22,0.86,0.80515695
3,4,2009,2009-09-30,0.86,0.86587894
3,4,2009,2009-10-08,0.89,0.82974124
3,4,2009,2009-10-16,0.89,0.83204424
3,4,2009,2009-10-24,0.89,0.8130617
3,4,2009,2009-11-01,0.89,0.8065739
3,4,2009,2009-11-09,0.9,0.8053677
3,4,2009,2009-11-17,0.89,0.81769615
3,4,2009,2009-11-25,0.78,0.8090992
3,4,2009,2009-12-03,0.28,0.62340724
3,4,2009,2009-12-11,0.11,0.16565599
3,4,2009,2009-12-19,0.04,0.06852248
3,4,2009,2009-12-27,0.01,0.019300997
3,4,2010,2010-07-04,0.01,0.06275436
3,4,2010,2010-07-12,0.07,0.06267902
3,4,2010,2010-07-20,0.06,0.12898913
3,4,2010,2010-07-28,0.06,0.11754465
3,4,2010,2010-08-05,0.05,0.15382238
3,4,2010,2010-08-13,0.15,0.15694408
3,4,2010,2010-08-21,0.28,0.2771441
3,4,2010,2010-08-29,0.2,0.3762239
3,4,2010,2010-09-06,0.14,0.31727046
3,4,2010,2010-09-14,0.21,0.26660493
3,4,2010,2010-09-22,0.25,0.35124338
3,4,2010,2010-09-30,0.49,0.40301475
3,4,2010,2010-10-08,0.61,0.6255717
3,4,2010,2010-10-16,0.83,0.69751215
3,4,2010,2010-10-24,0.86,0.8589151
3,4,2010,2010-11-01,0.85,0.86117816
3,4,2010,2010-11-09,0.86,0.8077954
3,4,2010,2010-11-17,0.87,0.78360665
3,4,2010,2010-11-25,0.88,0.79202497
3,4,2010,2010-12-03,0.82,0.7674742
3,4,2010,2010-12-11,0.16,0.4601443
3,4,2010,2010-12-19,0.11,0.11597721
3,4,2010,2010-12-27,0.07,0.14557457
3,4,2011,2011-07-04,0.01,0.056069106
3,4,2011,2011-07-12,0.01,0.066774726
3,4,2011,2011-07-20,0.02,0.08476257
3,4,2011,2011-07-28,0.09,0.08373234
3,4,2011,2011-08-05,0.11,0.14829244
3,4,2011,2011-08-13,0.31,0.14931582
3,4,2011,2011-08-21,0.36,0.40947765
3,4,2011,2011-08-29,0.73,0.4508472
3,4,2011,2011-09-06,0.7,0.7774014
3,4,2011,2011-09-14,0.7,0.66547513
3,4,2011,2011-09-22,0.81,0.6420462
3,4,2011,2011-09-30,0.81,0.750646
3,4,2011,2011-10-08,0.83,0.7936875
3,4,2011,2011-10-16,0.83,0.81099993
3,4,2011,2011-10-24,0.84,0.8264662
3,4,2011,2011-11-01,0.85,0.80673486
3,4,2011,2011-11-09,0.86,0.7889825
3,4,2011,2011-11-17,0.86,0.7870671
3,4,2011,2011-11-25,0.86,0.7819775
3,4,2011,2011-12-03,0.86,0.7796028
3,4,2011,2011-12-11,0.79,0.7567843
3,4,2011,2011-12-19,0.29,0.3857032
3,4,2011,2011-12-27,0.18,0.08972022
3,4,2012,2012-07-03,0.02,0.05507356
3,4,2012,2012-07-11,0.01,0.07758379
3,4,2012,2012-07-19,0.01,0.064039886
3,4,2012,2012-07-27,0.08,0.06853208
3,4,2012,2012-08-04,0.02,0.15590495
3,4,2012,2012-08-12,0.09,0.08871806
3,4,2012,2012-08-20,0.12,0.23615429
3,4,2012,2012-08-28,0.1,0.21851438
3,4,2012,2012-09-05,0.32,0.32478002
3,4,2012,2012-09-13,0.35,0.4620764
3,4,2012,2012-09-21,0.52,0.48097295
3,4,2012,2012-09-29,0.71,0.64261687
3,4,2012,2012-10-07,0.74,0.7652463
3,4,2012,2012-10-15,0.77,0.76214945
3,4,2012,2012-10-23,0.78,0.75625217
3,4,2012,2012-10-31,0.75,0.7343078
3,4,2012,2012-11-08,0.72,0.67660815
3,4,2012,2012-11-16,0.57,0.6255189
3,4,2012,2012-11-24,0.25,0.3863245
3,4,2012,2012-12-02,0.11,0.07172337
3,4,2012,2012-12-10,0.04,0.03844896
3,4,2012,2012-12-18,0.04,0.033052355
3,4,2012,2012-12-26,0.01,0.021121323
3,5,2001,2001-07-04,0.05,0.059522837
3,5,2001,2001-07-12,0.03,0.08316529
3,5,2001,2001-07-20,0.02,0.06448123
3,5,2001,2001-07-28,0.03,0.062448323
3,5,2001,2001-08-05,0.13,0.07876113
3,5,2001,2001-08-13,0.31,0.16883132
3,5,2001,2001-08-21,0.31,0.39786223
3,5,2001,2001-08-29,0.43,0.43597418
3,5,2001,2001-09-06,0.55,0.5810566
3,5,2001,2001-09-14,0.75,0.61503124
3,5,2001,2001-09-22,0.83,0.7896602
3,5,2001,2001-09-30,0.85,0.844887
3,5,2001,2001-10-08,0.87,0.8481308
3,5,2001,2001-10-16,0.9,0.8231354
3,5,2001,2001-10-24,0.89,0.8399699
3,5,2001,2001-11-01,0.88,0.8131458
3,5,2001,2001-11-09,0.88,0.781209
3,5,2001,2001-11-17,0.86,0.78519464
3,5,2001,2001-11-25,0.85,0.7557303
3,5,2001,2001-12-03,0.75,0.7465954
3,5,2001,2001-12-11,0.56,0.5864813
3,5,2001,2001-12-19,0.37,0.29300725
3,5,2001,2001-12-27,0.19,0.10354555
3,5,2002,2002-07-04,0.03,0.13250656
3,5,2002,2002-07-12,0.02,0.058347166
3,5,2002,2002-07-20,0.02,0.057033718
3,5,2002,2002-07-28,0.02,0.061603338
3,5,2002,2002-08-05,0.06,0.07377225
3,5,2002,2002-08-13,0.21,0.1444273
3,5,2002,2002-08-21,0.21,0.34926093
3,5,2002,2002-08-29,0.23,0.29948437
3,5,2002,2002-09-06,0.49,0.34714767
3,5,2002,2002-09-14,0.62,0.5901187
3,5,2002,2002-09-22,0.75,0.71507156
3,5,2002,2002-09-30,0.79,0.7968503
3,5,2002,2002-10-08,0.91,0.79814
3,5,2002,2002-10-16,0.87,0.8808024
3,5,2002,2002-10-24,0.88,0.8226199
3,5,2002,2002-11-01,0.88,0.8027344
3,5,2002,2002-11-09,0.92,0.78624976
3,5,2002,2002-11-17,0.88,0.83853614
3,5,2002,2002-11-25,0.79,0.7756232
3,5,2002,2002-12-03,0.61,0.6300268
3,5,2002,2002-12-11,0.33,0.32446066
3,5,2002,2002-12-19,0.27,0.08189547
3,5,2002,2002-12-27,0.14,0.084187895
3,5,2003,2003-07-04,0.02,0.07012665
3,5,2003,2003-07-12,0.02,0.052648216
3,5,2003,2003-07-20,0.03,0.06283519
3,5,2003,2003-07-28,0.03,0.07693204
3,5,2003,2003-08-05,0.1,0.07907385
3,5,2003,2003-08-13,0.07,0.15772606
3,5,2003,2003-08-21,0.19,0.16175325
3,5,2003,2003-08-29,0.31,0.27139473
3,5,2003,2003-09-06,0.34,0.37768346
3,5,2003,2003-09-14,0.5,0.46795037
3,5,2003,2003-09-22,0.5,0.6128945
3,5,2003,2003-09-30,0.74,0.5950893
3,5,2003,2003-10-08,0.88,0.77226174
3,5,2003,2003-10-16,0.91,0.8879614
3,5,2003,2003-10-24,0.89,0.8871273
3,5,2003,2003-11-01,0.81,0.829041
3,5,2003,2003-11-09,0.78,0.6719784
3,5,2003,2003-11-17,0.57,0.65433276
3,5,2003,2003-11-25,0.41,0.3537313
3,5,2003,2003-12-03,0.24,0.15210092
3,5,2003,2003-12-11,0.11,0.064160585
3,5,2003,2003-12-19,0.04,0.018039554
3,5,2003,2003-12-27,0.01,0.042747468
3,5,2004,2004-07-03,0.02,0.08882439
3,5,2004,2004-07-11,0.03,0.04866329
3,5,2004,2004-07-19,0.04,0.071691245
3,5,2004,2004-07-27,0.07,0.08675873
3,5,2004,2004-08-04,0.05,0.11551274
3,5,2004,2004-08-12,0.15,0.1137729
3,5,2004,2004-08-20,0.12,0.19432864
3,5,2004,2004-08-28,0.25,0.19109914
3,5,2004,2004-09-05,0.33,0.36059973
3,5,2004,2004-09-13,0.53,0.4064228
3,5,2004,2004-09-21,0.74,0.63479215
3,5,2004,2004-09-29,0.81,0.762294
3,5,2004,2004-10-07,0.9,0.82069445
3,5,2004,2004-10-15,0.85,0.89322096
3,5,2004,2004-10-23,0.91,0.8275908
3,5,2004,2004-10-31,0.86,0.84295404
3,5,2004,2004-11-08,0.81,0.73594964
3,5,2004,2004-11-16,0.54,0.6545054
3,5,2004,2004-11-24,0.25,0.26350164
3,5,2004,2004-12-02,0.12,0.046034187
3,5,2004,2004-12-10,0.01,0.05284664
3,5,2004,2004-12-18,0.0,0.025621295
3,5,2004,2004-12-26,0.0,0.0344159
3,5,2005,2005-07-04,0.03,0.080538124
3,5,2005,2005-07-12,0.02,0.050389647
3,5,2005,2005-07-20,0.01,0.059981108
3,5,2005,2005-07-28,0.02,0.063473254
3,5,2005,2005-08-05,0.05,0.08763188
3,5,2005,2005-08-13,0.08,0.10343742
3,5,2005,2005-08-21,0.05,0.1626778
3,5,2005,2005-08-29,0.32,0.10696077
3,5,2005,2005-09-06,0.4,0.44958177
3,5,2005,2005-09-14,0.62,0.48210338
3,5,2005,2005-09-22,0.8,0.7279199
3,5,2005,2005-09-30,0.82,0.8309577
3,5,2005,2005-10-08,0.86,0.82536703
3,5,2005,2005-10-16,0.9,0.84950507
3,5,2005,2005-10-24,0.9,0.8421207
3,5,2005,2005-11-01,0.87,0.8386677
3,5,2005,2005-11-09,0.84,0.7615936
3,5,2005,2005-11-17,0.8,0.70238644
3,5,2005,2005-11-25,0.63,0.54680526
3,5,2005,2005-12-03,0.36,0.2747662
3,5,2005,2005-12-11,0.22,0.103963405
3,5,2005,2005-12-19,0.07,0.09395084
3,5,2005,2005-12-27,0.07,0.061215043
3,5,2006,2006-07-04,0.03,0.096910685
3,5,2006,2006-07-12,0.01,0.052541137
3,5,2006,2006-07-20,0.04,0.05064684
3,5,2006,2006-07-28,0.03,0.08203289
3,5,2006,2006-08-05,0.24,0.077973604
3,5,2006,2006-08-13,0.28,0.30303293
3,5,2006,2006-08-21,0.25,0.32095623
3,5,2006,2006-08-29,0.36,0.28441173
3,5,2006,2006-09-06,0.46,0.44385922
3,5,2006,2006-09-14,0.63,0.5367753
3,5,2006,2006-09-22,0.83,0.71947074
3,5,2006,2006-09-30,0.88,0.85136116
3,5,2006,2006-10-08,0.89,0.87054276
3,5,2006,2006-10-16,0.86,0.8601793
3,5,2006,2006-10-24,0.86,0.78700197
3,5,2006,2006-11-01,0.91,0.77127504
3,5,2006,2006-11-09,0.89,0.82849073
3,5,2006,2006-11-17,0.82,0.792843
3,5,2006,2006-11-25,0.7,0.6707249
3,5,2006,2006-12-03,0.5,0.41274038
3,5,2006,2006-12-11,0.19,0.16508634
3,5,2006,2006-12-19,0.11,0.037106574
3,5,2006,2006-12-27,0.03,0.055137515
3,5,2007,2007-07-04,0.1,0.14679249
3,5,2007,2007-07-12,0.08,0.1142551
3,5,2007,2007-07-20,0.04,0.09662628
3,5,2007,2007-07-28,0.12,0.07452223
3,5,2007,2007-08-05,0.15,0.15151228
3,5,2007,2007-08-13,0.15,0.2509898
3,5,2007,2007-08-21,0.33,0.2347594
3,5,2007,2007-08-29,0.32,0.40254927
3,5,2007,2007-09-06,0.33,0.39432144
3,5,2007,2007-09-14,0.42,0.41975096
3,5,2007,2007-09-22,0.48,0.5153883
3,5,2007,2007-09-30,0.71,0.59393233
3,5,2007,2007-10-08,0.65,0.77175266
3,5,2007,2007-10-16,0.77,0.68206096
3,5,2007,2007-10-24,0.88,0.75541234
3,5,2007,2007-11-01,0.85,0.8529761
3,5,2007,2007-11-09,0.87,0.82031286
3,5,2007,2007-11-17,0.86,0.80136895
3,5,2007,2007-11-25,0.8,0.75188416
3,5,2007,2007-12-03,0.73,0.62254727
3,5,2007,2007-12-11,0.58,0.44773912
3,5,2007,2007-12-19,0.17,0.22951403
3,5,2007,2007-12-27,0.23,0.05562535
3,5,2008,2008-07-03,0.07,0.12757477
3,5,2008,2008-07-11,0.04,0.11001372
3,5,2008,2008-07-19,0.08,0.0821546
3,5,2008,2008-07-27,0.07,0.110958666
3,5,2008,2008-08-04,0.18,0.12893318
3,5,2008,2008-08-12,0.2,0.24656847
3,5,2008,2008-08-20,0.32,0.24496657
3,5,2008,2008-08-28,0.4,0.4317137
3,5,2008,2008-09-05,0.55,0.46010768
3,5,2008,2008-09-13,0.63,0.59913015
3,5,2008,2008-09-21,0.73,0.648
3,5,2008,2008-09-29,0.76,0.72235847
3,5,2008,2008-10-07,0.8,0.76991135
3,5,2008,2008-10-15,0.85,0.7723192
3,5,2008,2008-10-23,0.89,0.8205484
3,5,2008,2008-10-31,0.87,0.85931945
3,5,2008,2008-11-08,0.82,0.8109076
3,5,2008,2008-11-16,0.84,0.71973765
3,5,2008,2008-11-24,0.77,0.7392997
3,5,2008,2008-12-02,0.65,0.6328279
3,5,2008,2008-12-10,0.52,0.43135732
3,5,2008,2008-12-18,0.3,0.23624134
3,5,2008,2008-12-26,0.12,0.061614424
3,5,2009,2009-07-04,0.04,0.09914085
3,5,2009,2009-07-12,0.03,0.07811636
3,5,2009,2009-07-20,0.06,0.068216294
3,5,2009,2009-07-28,0.12,0.116025284
3,5,2009,2009-08-05,0.13,0.16410579
3,5,2009,2009-08-13,0.16,0.20580429
3,5,2009,2009-08-21,0.16,0.2221066
3,5,2009,2009-08-29,0.2,0.2505025
3,5,2009,2009-09-06,0.41,0.29485697
3,5,2009,2009-09-14,0.49,0.5359209
3,5,2009,2009-09-22,0.71,0.5915852
3,5,2009,2009-09-30,0.71,0.77040744
3,5,2009,2009-10-08,0.77,0.72631276
3,5,2009,2009-10-16,0.83,0.7630197
3,5,2009,2009-10-24,0.84,0.8076707
3,5,2009,2009-11-01,0.85,0.81020486
3,5,2009,2009-11-09,0.86,0.78965914
3,5,2009,2009-11-17,0.83,0.76976836
3,5,2009,2009-11-25,0.67,0.73187625
3,5,2009,2009-12-03,0.35,0.4629985
3,5,2009,2009-12-11,0.19,0.13757105
3,5,2009,2009-12-19,0.08,0.050097525
3,5,2009,2009-12-27,0.0,0.036655813
3,5,2010,2010-07-04,0.08,0.13737279
3,5,2010,2010-07-12,0.03,0.09654307
3,5,2010,2010-07-20,0.06,0.058699965
3,5,2010,2010-07-28,0.06,0.10537207
3,5,2010,2010-08-05,0.15,0.12344907
3,5,2010,2010-08-13,0.1,0.2134464
3,5,2010,2010-08-21,0.18,0.15710694
3,5,2010,2010-08-29,0.22,0.23521283
3,5,2010,2010-09-06,0.22,0.2679816
3,5,2010,2010-09-14,0.26,0.33202523
3,5,2010,2010-09-22,0.23,0.3632752
3,5,2010,2010-09-30,0.46,0.37786016
3,5,2010,2010-10-08,0.69,0.56447303
3,5,2010,2010-10-16,0.78,0.75185674
3,5,2010,2010-10-24,0.85,0.8010384
3,5,2010,2010-11-01,0.8,0.8389998
3,5,2010,2010-11-09,0.81,0.7559296
3,5,2010,2010-11-17,0.78,0.7336444
3,5,2010,2010-11-25,0.73,0.67814076
3,5,2010,2010-12-03,0.53,0.5572351
3,5,2010,2010-12-11,0.19,0.2352728
3,5,2010,2010-12-19,0.02,0.038215846
3,5,2010,2010-12-27,0.02,0.03128326
3,5,2011,2011-07-04,0.04,0.107099086
3,5,2011,2011-07-12,0.03,0.07600245
3,5,2011,2011-07-20,0.03,0.060442805
3,5,2011,2011-07-28,0.07,0.08183241
3,5,2011,2011-08-05,0.1,0.11977646
3,5,2011,2011-08-13,0.12,0.17562844
3,5,2011,2011-08-21,0.12,0.16128969
3,5,2011,2011-08-29,0.4,0.18685165
3,5,2011,2011-09-06,0.46,0.48500234
3,5,2011,2011-09-14,0.5,0.51069975
3,5,2011,2011-09-22,0.8,0.54725236
3,5,2011,2011-09-30,0.81,0.7538686
3,5,2011,2011-10-08,0.81,0.7841087
3,5,2011,2011-10-16,0.83,0.8040149
3,5,2011,2011-10-24,0.82,0.8134276
3,5,2011,2011-11-01,0.86,0.787092
3,5,2011,2011-11-09,0.82,0.7920534
3,5,2011,2011-11-17,0.85,0.73158336
3,5,2011,2011-11-25,0.69,0.754422
3,5,2011,2011-12-03,0.7,0.50708854
3,5,2011,2011-12-11,0.47,0.44753653
3,5,2011,2011-12-19,0.16,0.17699468
3,5,2011,2011-12-27,0.16,0.04603368
3,5,2012,2012-07-03,0.04,0.08013645
3,5,2012,2012-07-11,0.02,0.07180056
3,5,2012,2012-07-19,0.01,0.06229779
3,5,2012,2012-07-27,0.02,0.061047554
3,5,2012,2012-08-04,0.05,0.08719286
3,5,2012,2012-08-12,0.18,0.12021144
3,5,2012,2012-08-20,0.18,0.2505373
3,5,2012,2012-08-28,0.22,0.22526324
3,5,2012,2012-09-05,0.34,0.35926455
3,5,2012,2012-09-13,0.43,0.43885255
3,5,2012,2012-09-21,0.53,0.52664804
3,5,2012,2012-09-29,0.66,0.64824915
3,5,2012,2012-10-07,0.75,0.718037
3,5,2012,2012-10-15,0.78,0.76576644
3,5,2012,2012-10-23,0.81,0.77125823
3,5,2012,2012-10-31,0.79,0.771729
3,5,2012,2012-11-08,0.74,0.7351513
3,5,2012,2012-11-16,0.62,0.63826334
3,5,2012,2012-11-24,0.34,0.46284512
3,5,2012,2012-12-02,0.19,0.14755684
3,5,2012,2012-12-10,0.08,0.059345722
3,5,2012,2012-12-18,0.03,0.033825845
3,5,2012,2012-12-26,0.06,0.020216435
3,6,2001,2001-07-04,0.07,0.08126885
3,6,2001,2001-07-12,0.03,0.09558287
3,6,2001,2001-07-20,0.03,0.05762908
3,6,2001,2001-07-28,0.02,0.07590258
3,6,2001,2001-08-05,0.05,0.06963074
3,6,2001,2001-08-13,0.07,0.09381792
3,6,2001,2001-08-21,0.09,0.12129894
3,6,2001,2001-08-29,0.13,0.16249879
3,6,2001,2001-09-06,0.21,0.24771279
3,6,2001,2001-09-14,0.39,0.3031302
3,6,2001,2001-09-22,0.53,0.50884944
3,6,2001,2001-09-30,0.47,0.60487103
3,6,2001,2001-10-08,0.49,0.5357201
3,6,2001,2001-10-16,0.39,0.46946773
3,6,2001,2001-10-24,0.32,0.35673088
3,6,2001,2001-11-01,0.19,0.25703663
3,6,2001,2001-11-09,0.14,0.1561263
3,6,2001,2001-11-17,0.05,0.121487066
3,6,2001,2001-11-25,0.08,0.08217949
3,6,2001,2001-12-03,0.06,0.12098445
3,6,2001,2001-12-11,0.07,0.09562746
3,6,2001,2001-12-19,0.06,0.114144385
3,6,2001,2001-12-27,0.08,0.10186705
3,6,2002,2002-07-04,0.19,0.3476084
3,6,2002,2002-07-12,0.19,0.16800797
3,6,2002,2002-07-20,0.1,0.1490961
3,6,2002,2002-07-28,0.06,0.112179786
3,6,2002,2002-08-05,0.03,0.08001581
3,6,2002,2002-08-13,0.03,0.07123709
3,6,2002,2002-08-21,0.03,0.084527224
3,6,2002,2002-08-29,0.04,0.09311861
3,6,2002,2002-09-06,0.05,0.113836795
3,6,2002,2002-09-14,0.15,0.14200346
3,6,2002,2002-09-22,0.24,0.2919433
3,6,2002,2002-09-30,0.37,0.37416965
3,6,2002,2002-10-08,0.51,0.46268588
3,6,2002,2002-10-16,0.43,0.56721944
3,6,2002,2002-10-24,0.35,0.45565522
3,6,2002,2002-11-01,0.31,0.3184415
3,6,2002,2002-11-09,0.23,0.22728342
3,6,2002,2002-11-17,0.1,0.18983915
3,6,2002,2002-11-25,0.11,0.098299414
3,6,2002,2002-12-03,0.06,0.12497178
3,6,2002,2002-12-11,0.02,0.08725169
3,6,2002,2002-12-19,0.03,0.070198864
3,6,2002,2002-12-27,0.05,0.07834041
3,6,2003,2003-07-04,0.16,0.24975026
3,6,2003,2003-07-12,0.2,0.15564281
3,6,2003,2003-07-20,0.17,0.19771412
3,6,2003,2003-07-28,0.17,0.1711298
3,6,2003,2003-08-05,0.13,0.1711554
3,6,2003,2003-08-13,0.1,0.12995142
3,6,2003,2003-08-21,0.08,0.112701386
3,6,2003,2003-08-29,0.11,0.100229144
3,6,2003,2003-09-06,0.24,0.13588727
3,6,2003,2003-09-14,0.31,0.26719084
3,6,2003,2003-09-22,0.39,0.36222702
3,6,2003,2003-09-30,0.46,0.4527227
3,6,2003,2003-10-08,0.46,0.52380884
3,6,2003,2003-10-16,0.38,0.5274172
3,6,2003,2003-10-24,0.27,0.40982267
3,6,2003,2003-11-01,0.13,0.24692273
3,6,2003,2003-11-09,0.07,0.12365669
3,6,2003,2003-11-17,0.08,0.093490124
3,6,2003,2003-11-25,0.09,0.09715402
3,6,2003,2003-12-03,0.08,0.12414886
3,6,2003,2003-12-11,0.04,0.10419726
3,6,2003,2003-12-19,0.07,0.06906226
3,6,2003,2003-12-27,0.04,0.10425171
3,6,2004,2004-07-03,0.15,0.22020923
3,6,2004,2004-07-11,0.17,0.13849096
3,6,2004,2004-07-19,0.13,0.17688212
3,6,2004,2004-07-27,0.08,0.16240098
3,6,2004,2004-08-04,0.08,0.12724422
3,6,2004,2004-08-12,0.08,0.11600025
3,6,2004,2004-08-20,0.1,0.11418256
3,6,2004,2004-08-28,0.18,0.13184504
3,6,2004,2004-09-05,0.25,0.22046886
3,6,2004,2004-09-13,0.33,0.32544172
3,6,2004,2004-09-21,0.46,0.40592986
3,6,2004,2004-09-29,0.51,0.5298317
3,6,2004,2004-10-07,0.54,0.5629159
3,6,2004,2004-10-15,0.4,0.56015027
3,6,2004,2004-10-23,0.31,0.39004704
3,6,2004,2004-10-31,0.23,0.23617007
3,6,2004,2004-11-08,0.14,0.15043205
3,6,2004,2004-11-16,0.14,0.11658116
3,6,2004,2004-11-24,0.07,0.14442363
3,6,2004,2004-12-02,0.07,0.100613385
3,6,2004,2004-12-10,0.07,0.10669935
3,6,2004,2004-12-18,0.14,0.09579173
3,6,2004,2004-12-26,0.14,0.1786046
3,6,2005,2005-07-04,0.38,0.2515247
3,6,2005,2005-07-12,0.25,0.3443783
3,6,2005,2005-07-20,0.21,0.26587415
3,6,2005,2005-07-28,0.15,0.19293964
3,6,2005,2005-08-05,0.15,0.14842829
3,6,2005,2005-08-13,0.1,0.15724187
3,6,2005,2005-08-21,0.09,0.12136863
3,6,2005,2005-08-29,0.13,0.12634902
3,6,2005,2005-09-06,0.13,0.18980102
3,6,2005,2005-09-14,0.18,0.20348632
3,6,2005,2005-09-22,0.34,0.27217597
3,6,2005,2005-09-30,0.4,0.4478473
3,6,2005,2005-10-08,0.5,0.49088243
3,6,2005,2005-10-16,0.5,0.56833005
3,6,2005,2005-10-24,0.49,0.49872106
3,6,2005,2005-11-01,0.28,0.44156748
3,6,2005,2005-11-09,0.23,0.23715733
3,6,2005,2005-11-17,0.19,0.1546691
3,6,2005,2005-11-25,0.09,0.16965885
3,6,2005,2005-12-03,0.06,0.10275477
3,6,2005,2005-12-11,0.05,0.08905339
3,6,2005,2005-12-19,0.06,0.086507976
3,6,2005,2005-12-27,0.12,0.12675299
3,6,2006,2006-07-04,0.22,0.2894234
3,6,2006,2006-07-12,0.12,0.27433154
3,6,2006,2006-07-20,0.12,0.16427402
3,6,2006,2006-07-28,0.08,0.14344254
3,6,2006,2006-08-05,0.14,0.11114338
3,6,2006,2006-08-13,0.12,0.1789623
3,6,2006,2006-08-21,0.12,0.14212024
3,6,2006,2006-08-29,0.24,0.15007806
3,6,2006,2006-09-06,0.34,0.27603266
3,6,2006,2006-09-14,0.45,0.36935815
3,6,2006,2006-09-22,0.63,0.49033332
3,6,2006,2006-09-30,0.63,0.6623417
3,6,2006,2006-10-08,0.64,0.6370424
3,6,2006,2006-10-16,0.49,0.6379329
3,6,2006,2006-10-24,0.4,0.4688552
3,6,2006,2006-11-01,0.28,0.33992937
3,6,2006,2006-11-09,0.15,0.18305926
3,6,2006,2006-11-17,0.08,0.11162418
3,6,2006,2006-11-25,0.05,0.093179256
3,6,2006,2006-12-03,0.03,0.07645804
3,6,2006,2006-12-11,0.06,0.06537223
3,6,2006,2006-12-19,0.07,0.09778282
3,6,2006,2006-12-27,0.12,0.11382201
3,6,2007,2007-07-04,0.26,0.39027998
3,6,2007,2007-07-12,0.31,0.27630007
3,6,2007,2007-07-20,0.14,0.2553522
3,6,2007,2007-07-28,0.17,0.1522405
3,6,2007,2007-08-05,0.17,0.16127762
3,6,2007,2007-08-13,0.17,0.20292391
3,6,2007,2007-08-21,0.13,0.19398957
3,6,2007,2007-08-29,0.16,0.15866375
3,6,2007,2007-09-06,0.18,0.22428276
3,6,2007,2007-09-14,0.34,0.26293513
3,6,2007,2007-09-22,0.41,0.4471411
3,6,2007,2007-09-30,0.51,0.5250217
3,6,2007,2007-10-08,0.54,0.592809
3,6,2007,2007-10-16,0.49,0.576808
3,6,2007,2007-10-24,0.37,0.47398236
3,6,2007,2007-11-01,0.32,0.3023919
3,6,2007,2007-11-09,0.16,0.21816461
3,6,2007,2007-11-17,0.19,0.12006351
3,6,2007,2007-11-25,0.06,0.146397
3,6,2007,2007-12-03,0.11,0.080295384
3,6,2007,2007-12-11,0.11,0.124633715
3,6,2007,2007-12-19,0.1,0.1374662
3,6,2007,2007-12-27,0.05,0.13633625
3,6,2008,2008-07-03,0.3,0.37590128
3,6,2008,2008-07-11,0.23,0.2833431
3,6,2008,2008-07-19,0.15,0.22673893
3,6,2008,2008-07-27,0.11,0.1388473
3,6,2008,2008-08-04,0.12,0.13396658
3,6,2008,2008-08-12,0.16,0.15654299
3,6,2008,2008-08-20,0.18,0.20048457
3,6,2008,2008-08-28,0.24,0.2052262
3,6,2008,2008-09-05,0.35,0.27442756
3,6,2008,2008-09-13,0.43,0.38141072
3,6,2008,2008-09-21,0.56,0.49809688
3,6,2008,2008-09-29,0.49,0.60746086
3,6,2008,2008-10-07,0.47,0.5364409
3,6,2008,2008-10-15,0.41,0.48746246
3,6,2008,2008-10-23,0.28,0.3854613
3,6,2008,2008-10-31,0.23,0.24338086
3,6,2008,2008-11-08,0.12,0.17975889
3,6,2008,2008-11-16,0.08,0.107715964
3,6,2008,2008-11-24,0.07,0.11373529
3,6,2008,2008-12-02,0.07,0.083978474
3,6,2008,2008-12-10,0.12,0.117881045
3,6,2008,2008-12-18,0.11,0.16022225
3,6,2008,2008-12-26,0.17,0.14909965
3,6,2009,2009-07-04,0.37,0.3605683
3,6,2009,2009-07-12,0.44,0.3267424
3,6,2009,2009-07-20,0.34,0.38121843
3,6,2009,2009-07-28,0.21,0.3065667
3,6,2009,2009-08-05,0.15,0.18533552
3,6,2009,2009-08-13,0.14,0.14183553
3,6,2009,2009-08-21,0.14,0.17075892
3,6,2009,2009-08-29,0.15,0.18104185
3,6,2009,2009-09-06,0.19,0.21119922
3,6,2009,2009-09-14,0.21,0.27749076
3,6,2009,2009-09-22,0.37,0.3048936
3,6,2009,2009-09-30,0.37,0.4806974
3,6,2009,2009-10-08,0.43,0.4441408
3,6,2009,2009-10-16,0.53,0.46783057
3,6,2009,2009-10-24,0.49,0.51646787
3,6,2009,2009-11-01,0.46,0.45819807
3,6,2009,2009-11-09,0.34,0.39479688
3,6,2009,2009-11-17,0.27,0.26260495
3,6,2009,2009-11-25,0.17,0.20033646
3,6,2009,2009-12-03,0.08,0.15043233
3,6,2009,2009-12-11,0.07,0.0992817
3,6,2009,2009-12-19,0.11,0.11364663
3,6,2009,2009-12-27,0.07,0.1484551
3,6,2010,2010-07-04,0.38,0.5051498
3,6,2010,2010-07-12,0.35,0.35252276
3,6,2010,2010-07-20,0.35,0.30975384
3,6,2010,2010-07-28,0.22,0.3250237
3,6,2010,2010-08-05,0.27,0.21102884
3,6,2010,2010-08-13,0.21,0.21573417
3,6,2010,2010-08-21,0.19,0.21259381
3,6,2010,2010-08-29,0.12,0.20162374
3,6,2010,2010-09-06,0.15,0.14910859
3,6,2010,2010-09-14,0.2,0.19177686
3,6,2010,2010-09-22,0.21,0.24504182
3,6,2010,2010-09-30,0.41,0.30432612
3,6,2010,2010-10-08,0.64,0.47790483
3,6,2010,2010-10-16,0.56,0.6775837
3,6,2010,2010-10-24,0.6,0.6015916
3,6,2010,2010-11-01,0.4,0.58830655
3,6,2010,2010-11-09,0.29,0.35654914
3,6,2010,2010-11-17,0.3,0.20721151
3,6,2010,2010-11-25,0.17,0.20669405
3,6,2010,2010-12-03,0.08,0.15824881
3,6,2010,2010-12-11,0.07,0.086942255
3,6,2010,2010-12-19,0.05,0.094127566
3,6,2010,2010-12-27,0.14,0.09750569
3,6,2011,2011-07-04,0.18,0.36970314
3,6,2011,2011-07-12,0.17,0.16869563
3,6,2011,2011-07-20,0.16,0.13698387
3,6,2011,2011-07-28,0.16,0.2019892
3,6,2011,2011-08-05,0.17,0.18339288
3,6,2011,2011-08-13,0.17,0.2183711
3,6,2011,2011-08-21,0.11,0.19921362
3,6,2011,2011-08-29,0.24,0.15109275
3,6,2011,2011-09-06,0.3,0.24771005
3,6,2011,2011-09-14,0.38,0.324243
3,6,2011,2011-09-22,0.52,0.42063394
3,6,2011,2011-09-30,0.52,0.5384055
3,6,2011,2011-10-08,0.57,0.5641017
3,6,2011,2011-10-16,0.37,0.62609875
3,6,2011,2011-10-24,0.24,0.41467854
3,6,2011,2011-11-01,0.28,0.22524366
3,6,2011,2011-11-09,0.1,0.19432776
3,6,2011,2011-11-17,0.09,0.12135044
3,6,2011,2011-11-25,0.04,0.124316186
3,6,2011,2011-12-03,0.07,0.08224478
3,6,2011,2011-12-11,0.11,0.09946737
3,6,2011,2011-12-19,0.13,0.13591301
3,6,2011,2011-12-27,0.18,0.15316273
3,6,2012,2012-07-03,0.25,0.20184894
3,6,2012,2012-07-11,0.2,0.19432503
3,6,2012,2012-07-19,0.14,0.1863655
3,6,2012,2012-07-27,0.12,0.15786918
3,6,2012,2012-08-04,0.18,0.1503473
3,6,2012,2012-08-12,0.22,0.21486787
3,6,2012,2012-08-20,0.23,0.2532078
3,6,2012,2012-08-28,0.26,0.24423134
3,6,2012,2012-09-05,0.37,0.30860206
3,6,2012,2012-09-13,0.51,0.42227697
3,6,2012,2012-09-21,0.54,0.56578887
3,6,2012,2012-09-29,0.55,0.59580433
3,6,2012,2012-10-07,0.52,0.57355285
3,6,2012,2012-10-15,0.42,0.52318
3,6,2012,2012-10-23,0.27,0.3623817
3,6,2012,2012-10-31,0.14,0.18452358
3,6,2012,2012-11-08,0.07,0.11191785
3,6,2012,2012-11-16,0.06,0.073690146
3,6,2012,2012-11-24,0.03,0.09120554
3,6,2012,2012-12-02,0.08,0.05709833
3,6,2012,2012-12-10,0.12,0.12849046
3,6,2012,2012-12-18,0.12,0.17186683
3,6,2012,2012-12-26,0.16,0.17339544
3,7,2001,2001-07-04,0.14,0.14449382
3,7,2001,2001-07-12,0.09,0.1587414
3,7,2001,2001-07-20,0.09,0.11768532
3,7,2001,2001-07-28,0.06,0.12862515
3,7,2001,2001-08-05,0.1,0.1171056
3,7,2001,2001-08-13,0.03,0.1406516
3,7,2001,2001-08-21,0.07,0.097393125
3,7,2001,2001-08-29,0.12,0.16171369
3,7,2001,2001-09-06,0.16,0.22397122
3,7,2001,2001-09-14,0.21,0.2463426
3,7,2001,2001-09-22,0.24,0.2822739
3,7,2001,2001-09-30,0.35,0.31207868
3,7,2001,2001-10-08,0.37,0.41084474
3,7,2001,2001-10-16,0.35,0.41248953
3,7,2001,2001-10-24,0.34,0.3808622
3,7,2001,2001-11-01,0.2,0.31647664
3,7,2001,2001-11-09,0.15,0.21198381
3,7,2001,2001-11-17,0.06,0.14537257
3,7,2001,2001-11-25,0.09,0.092258304
3,7,2001,2001-12-03,0.06,0.11758168
3,7,2001,2001-12-11,0.04,0.0903393
3,7,2001,2001-12-19,0.04,0.081653595
3,7,2001,2001-12-27,0.04,0.08284801
3,7,2002,2002-07-04,0.25,0.3302969
3,7,2002,2002-07-12,0.25,0.25690407
3,7,2002,2002-07-20,0.17,0.22948302
3,7,2002,2002-07-28,0.14,0.17753987
3,7,2002,2002-08-05,0.16,0.1458069
3,7,2002,2002-08-13,0.17,0.1797083
3,7,2002,2002-08-21,0.17,0.16985393
3,7,2002,2002-08-29,0.14,0.18817183
3,7,2002,2002-09-06,0.11,0.17228904
3,7,2002,2002-09-14,0.22,0.15842779
3,7,2002,2002-09-22,0.23,0.27068916
3,7,2002,2002-09-30,0.32,0.27976266
3,7,2002,2002-10-08,0.36,0.3932929
3,7,2002,2002-10-16,0.3,0.4124204
3,7,2002,2002-10-24,0.23,0.35451937
3,7,2002,2002-11-01,0.23,0.26207772
3,7,2002,2002-11-09,0.17,0.21714617
3,7,2002,2002-11-17,0.13,0.17633258
3,7,2002,2002-11-25,0.1,0.1302215
3,7,2002,2002-12-03,0.05,0.12515625
3,7,2002,2002-12-11,0.02,0.082105905
3,7,2002,2002-12-19,0.05,0.06332871
3,7,2002,2002-12-27,0.07,0.09258354
3,7,2003,2003-07-04,0.16,0.22762884
3,7,2003,2003-07-12,0.23,0.19373661
3,7,2003,2003-07-20,0.22,0.25537038
3,7,2003,2003-07-28,0.25,0.2344855
3,7,2003,2003-08-05,0.2,0.25645947
3,7,2003,2003-08-13,0.16,0.22008753
3,7,2003,2003-08-21,0.19,0.1898109
3,7,2003,2003-08-29,0.24,0.21378899
3,7,2003,2003-09-06,0.29,0.25355756
3,7,2003,2003-09-14,0.34,0.29391107
3,7,2003,2003-09-22,0.34,0.37015888
3,7,2003,2003-09-30,0.37,0.3678996
3,7,2003,2003-10-08,0.38,0.40368038
3,7,2003,2003-10-16,0.3,0.41208887
3,7,2003,2003-10-24,0.29,0.3304152
3,7,2003,2003-11-01,0.16,0.272704
3,7,2003,2003-11-09,0.07,0.18558447
3,7,2003,2003-11-17,0.13,0.10981035
3,7,2003,2003-11-25,0.15,0.15123674
3,7,2003,2003-12-03,0.15,0.17026344
3,7,2003,2003-12-11,0.09,0.16332608
3,7,2003,2003-12-19,0.06,0.10514131
3,7,2003,2003-12-27,0.05,0.09347549
3,7,2004,2004-07-03,0.19,0.2531459
3,7,2004,2004-07-11,0.25,0.20169842
3,7,2004,2004-07-19,0.17,0.26079294
3,7,2004,2004-07-27,0.17,0.2123907
3,7,2004,2004-08-04,0.17,0.21728352
3,7,2004,2004-08-12,0.2,0.1999755
3,7,2004,2004-08-20,0.2,0.21970636
3,7,2004,2004-08-28,0.25,0.23068939
3,7,2004,2004-09-05,0.23,0.29054847
3,7,2004,2004-09-13,0.34,0.28413105
3,7,2004,2004-09-21,0.34,0.38661405
3,7,2004,2004-09-29,0.43,0.38386637
3,7,2004,2004-10-07,0.35,0.45644832
3,7,2004,2004-10-15,0.25,0.38789275
3,7,2004,2004-10-23,0.18,0.27280194
3,7,2004,2004-10-31,0.16,0.18761757
3,7,2004,2004-11-08,0.06,0.1603802
3,7,2004,2004-11-16,0.13,0.08508706
3,7,2004,2004-11-24,0.07,0.16188063
3,7,2004,2004-12-02,0.07,0.12241334
3,7,2004,2004-12-10,0.04,0.13266237
3,7,2004,2004-12-18,0.09,0.08277574
3,7,2004,2004-12-26,0.08,0.12470882
3,7,2005,2005-07-04,0.36,0.32092068
3,7,2005,2005-07-12,0.26,0.3410285
3,7,2005,2005-07-20,0.26,0.2868542
3,7,2005,2005-07-28,0.2,0.24727114
3,7,2005,2005-08-05,0.24,0.21152054
3,7,2005,2005-08-13,0.14,0.24584742
3,7,2005,2005-08-21,0.17,0.1844161
3,7,2005,2005-08-29,0.23,0.20382118
3,7,2005,2005-09-06,0.26,0.27531037
3,7,2005,2005-09-14,0.35,0.29681343
3,7,2005,2005-09-22,0.42,0.4038527
3,7,2005,2005-09-30,0.38,0.45525414
3,7,2005,2005-10-08,0.37,0.43839946
3,7,2005,2005-10-16,0.38,0.38312712
3,7,2005,2005-10-24,0.27,0.35168785
3,7,2005,2005-11-01,0.22,0.25822198
3,7,2005,2005-11-09,0.15,0.20272845
3,7,2005,2005-11-17,0.13,0.14430575
3,7,2005,2005-11-25,0.11,0.15496153
3,7,2005,2005-12-03,0.07,0.12743704
3,7,2005,2005-12-11,0.08,0.10438374
3,7,2005,2005-12-19,0.08,0.10466984
3,7,2005,2005-12-27,0.13,0.1254723
3,7,2006,2006-07-04,0.26,0.26163635
3,7,2006,2006-07-12,0.2,0.30776614
3,7,2006,2006-07-20,0.21,0.24067153
3,7,2006,2006-07-28,0.16,0.23529144
3,7,2006,2006-08-05,0.26,0.1866841
3,7,2006,2006-08-13,0.29,0.28708464
3,7,2006,2006-08-21,0.26,0.29245114
3,7,2006,2006-08-29,0.31,0.28197083
3,7,2006,2006-09-06,0.32,0.32602268
3,7,2006,2006-09-14,0.36,0.34990087
3,7,2006,2006-09-22,0.46,0.40265438
3,7,2006,2006-09-30,0.44,0.4940289
3,7,2006,2006-10-08,0.45,0.46894816
3,7,2006,2006-10-16,0.38,0.44967318
3,7,2006,2006-10-24,0.25,0.38183632
3,7,2006,2006-11-01,0.26,0.255874
3,7,2006,2006-11-09,0.13,0.2196116
3,7,2006,2006-11-17,0.07,0.14790666
3,7,2006,2006-11-25,0.05,0.104570836
3,7,2006,2006-12-03,0.04,0.09323916
3,7,2006,2006-12-11,0.03,0.08049175
3,7,2006,2006-12-19,0.05,0.08395964
3,7,2006,2006-12-27,0.11,0.10327625
3,7,2007,2007-07-04,0.28,0.3672351
3,7,2007,2007-07-12,0.33,0.2991522
3,7,2007,2007-07-20,0.23,0.30464157
3,7,2007,2007-07-28,0.32,0.25060913
3,7,2007,2007-08-05,0.32,0.29821953
3,7,2007,2007-08-13,0.3,0.34831733
3,7,2007,2007-08-21,0.21,0.34096637
3,7,2007,2007-08-29,0.24,0.24859929
3,7,2007,2007-09-06,0.23,0.2629312
3,7,2007,2007-09-14,0.39,0.2751261
3,7,2007,2007-09-22,0.42,0.42535618
3,7,2007,2007-09-30,0.47,0.4784776
3,7,2007,2007-10-08,0.46,0.5096831
3,7,2007,2007-10-16,0.43,0.47637683
3,7,2007,2007-10-24,0.38,0.42416823
3,7,2007,2007-11-01,0.28,0.34158832
3,7,2007,2007-11-09,0.14,0.2593256
3,7,2007,2007-11-17,0.04,0.14360282
3,7,2007,2007-11-25,0.02,0.071427286
3,7,2007,2007-12-03,0.12,0.061701655
3,7,2007,2007-12-11,0.07,0.14704894
3,7,2007,2007-12-19,0.07,0.10424715
3,7,2007,2007-12-27,0.01,0.1150122
3,7,2008,2008-07-03,0.28,0.3594568
3,7,2008,2008-07-11,0.27,0.290381
3,7,2008,2008-07-19,0.16,0.27721336
3,7,2008,2008-07-27,0.17,0.18975535
3,7,2008,2008-08-04,0.21,0.21155255
3,7,2008,2008-08-12,0.25,0.26268917
3,7,2008,2008-08-20,0.23,0.29765195
3,7,2008,2008-08-28,0.27,0.25369537
3,7,2008,2008-09-05,0.39,0.28723797
3,7,2008,2008-09-13,0.4,0.39702404
3,7,2008,2008-09-21,0.39,0.45586163
3,7,2008,2008-09-29,0.34,0.44287574
3,7,2008,2008-10-07,0.36,0.38715792
3,7,2008,2008-10-15,0.32,0.37922844
3,7,2008,2008-10-23,0.23,0.3464786
3,7,2008,2008-10-31,0.16,0.2623585
3,7,2008,2008-11-08,0.13,0.17479669
3,7,2008,2008-11-16,0.07,0.13163155
3,7,2008,2008-11-24,0.12,0.082333356
3,7,2008,2008-12-02,0.01,0.12588352
3,7,2008,2008-12-10,0.02,0.07374361
3,7,2008,2008-12-18,0.04,0.076066464
3,7,2008,2008-12-26,0.14,0.09322423
3,7,2009,2009-07-04,0.32,0.34520438
3,7,2009,2009-07-12,0.46,0.31265703
3,7,2009,2009-07-20,0.45,0.42742932
3,7,2009,2009-07-28,0.25,0.42611977
3,7,2009,2009-08-05,0.24,0.2756842
3,7,2009,2009-08-13,0.26,0.21488315
3,7,2009,2009-08-21,0.26,0.281918
3,7,2009,2009-08-29,0.25,0.2870446
3,7,2009,2009-09-06,0.33,0.2854452
3,7,2009,2009-09-14,0.31,0.3812961
3,7,2009,2009-09-22,0.36,0.37107828
3,7,2009,2009-09-30,0.36,0.3958391
3,7,2009,2009-10-08,0.38,0.37474972
3,7,2009,2009-10-16,0.4,0.39156076
3,7,2009,2009-10-24,0.34,0.39928567
3,7,2009,2009-11-01,0.29,0.33514774
3,7,2009,2009-11-09,0.22,0.26045182
3,7,2009,2009-11-17,0.16,0.20344749
3,7,2009,2009-11-25,0.1,0.15544222
3,7,2009,2009-12-03,0.05,0.13101614
3,7,2009,2009-12-11,0.03,0.06782547
3,7,2009,2009-12-19,0.03,0.06742397
3,7,2009,2009-12-27,0.01,0.076123595
3,7,2010,2010-07-04,0.33,0.4234811
3,7,2010,2010-07-12,0.35,0.32475722
3,7,2010,2010-07-20,0.39,0.35980672
3,7,2010,2010-07-28,0.29,0.41977233
3,7,2010,2010-08-05,0.31,0.31124115
3,7,2010,2010-08-13,0.31,0.2706773
3,7,2010,2010-08-21,0.3,0.3066365
3,7,2010,2010-08-29,0.24,0.31951576
3,7,2010,2010-09-06,0.24,0.26524857
3,7,2010,2010-09-14,0.33,0.2754121
3,7,2010,2010-09-22,0.35,0.35516012
3,7,2010,2010-09-30,0.47,0.39497167
3,7,2010,2010-10-08,0.54,0.48685914
3,7,2010,2010-10-16,0.49,0.5441707
3,7,2010,2010-10-24,0.37,0.5036855
3,7,2010,2010-11-01,0.21,0.37324393
3,7,2010,2010-11-09,0.16,0.20742254
3,7,2010,2010-11-17,0.14,0.14421618
3,7,2010,2010-11-25,0.1,0.1513173
3,7,2010,2010-12-03,0.08,0.1208394
3,7,2010,2010-12-11,0.09,0.09948826
3,7,2010,2010-12-19,0.09,0.10894036
3,7,2010,2010-12-27,0.03,0.11455682
3,7,2011,2011-07-04,0.25,0.38085914
3,7,2011,2011-07-12,0.26,0.24797386
3,7,2011,2011-07-20,0.27,0.2413149
3,7,2011,2011-07-28,0.26,0.30837038
3,7,2011,2011-08-05,0.24,0.2883843
3,7,2011,2011-08-13,0.29,0.26945496
3,7,2011,2011-08-21,0.22,0.31162655
3,7,2011,2011-08-29,0.38,0.26576805
3,7,2011,2011-09-06,0.35,0.36894137
3,7,2011,2011-09-14,0.4,0.36679366
3,7,2011,2011-09-22,0.33,0.42572045
3,7,2011,2011-09-30,0.33,0.36561462
3,7,2011,2011-10-08,0.26,0.37489462
3,7,2011,2011-10-16,0.2,0.33155322
3,7,2011,2011-10-24,0.08,0.26583672
3,7,2011,2011-11-01,0.1,0.1431162
3,7,2011,2011-11-09,0.07,0.11769901
3,7,2011,2011-11-17,0.04,0.10854244
3,7,2011,2011-11-25,0.0,0.09049958
3,7,2011,2011-12-03,0.01,0.056965858
3,7,2011,2011-12-11,0.03,0.06998402
3,7,2011,2011-12-19,0.03,0.09324142
3,7,2011,2011-12-27,0.1,0.09443563
3,7,2012,2012-07-03,0.34,0.31485444
3,7,2012,2012-07-11,0.28,0.3278879
3,7,2012,2012-07-19,0.21,0.28727812
3,7,2012,2012-07-27,0.22,0.2349716
3,7,2012,2012-08-04,0.28,0.23832697
3,7,2012,2012-08-12,0.31,0.29691398
3,7,2012,2012-08-20,0.26,0.3460922
3,7,2012,2012-08-28,0.28,0.2876842
3,7,2012,2012-09-05,0.38,0.32471576
3,7,2012,2012-09-13,0.48,0.40885928
3,7,2012,2012-09-21,0.43,0.5113819
3,7,2012,2012-09-29,0.44,0.45072776
3,7,2012,2012-10-07,0.51,0.42508003
3,7,2012,2012-10-15,0.39,0.46270186
3,7,2012,2012-10-23,0.21,0.3742051
3,7,2012,2012-10-31,0.1,0.19913194
3,7,2012,2012-11-08,0.04,0.10396683
3,7,2012,2012-11-16,0.04,0.07907188
3,7,2012,2012-11-24,0.02,0.075380355
3,7,2012,2012-12-02,0.02,0.054612696
3,7,2012,2012-12-10,0.04,0.068422675
3,7,2012,2012-12-18,0.03,0.09187859
3,7,2012,2012-12-26,0.08,0.08249548
3,8,2001,2001-07-04,0.17,0.18522094
3,8,2001,2001-07-12,0.09,0.20578764
3,8,2001,2001-07-20,0.09,0.13741761
3,8,2001,2001-07-28,0.04,0.14475924
3,8,2001,2001-08-05,0.07,0.11111969
3,8,2001,2001-08-13,0.05,0.10767588
3,8,2001,2001-08-21,0.07,0.10873285
3,8,2001,2001-08-29,0.11,0.13659234
3,8,2001,2001-09-06,0.1,0.18324994
3,8,2001,2001-09-14,0.07,0.14691882
3,8,2001,2001-09-22,0.08,0.11875154
3,8,2001,2001-09-30,0.15,0.13417934
3,8,2001,2001-10-08,0.17,0.18106563
3,8,2001,2001-10-16,0.16,0.21924447
3,8,2001,2001-10-24,0.16,0.20758583
3,8,2001,2001-11-01,0.07,0.17483273
3,8,2001,2001-11-09,0.13,0.10827711
3,8,2001,2001-11-17,0.05,0.1402982
3,8,2001,2001-11-25,0.08,0.08889106
3,8,2001,2001-12-03,0.03,0.12692387
3,8,2001,2001-12-11,0.03,0.06522781
3,8,2001,2001-12-19,0.02,0.07287371
3,8,2001,2001-12-27,0.03,0.074317336
3,8,2002,2002-07-04,0.26,0.36745828
3,8,2002,2002-07-12,0.26,0.29777887
3,8,2002,2002-07-20,0.16,0.26309666
3,8,2002,2002-07-28,0.17,0.17605816
3,8,2002,2002-08-05,0.21,0.16373438
3,8,2002,2002-08-13,0.28,0.21242632
3,8,2002,2002-08-21,0.28,0.2725627
3,8,2002,2002-08-29,0.23,0.28209034
3,8,2002,2002-09-06,0.17,0.24649926
3,8,2002,2002-09-14,0.25,0.18888398
3,8,2002,2002-09-22,0.26,0.23528372
3,8,2002,2002-09-30,0.24,0.25869676
3,8,2002,2002-10-08,0.19,0.2651042
3,8,2002,2002-10-16,0.22,0.22313204
3,8,2002,2002-10-24,0.13,0.23552927
3,8,2002,2002-11-01,0.17,0.1722886
3,8,2002,2002-11-09,0.11,0.17213227
3,8,2002,2002-11-17,0.12,0.14904124
3,8,2002,2002-11-25,0.13,0.13544197
3,8,2002,2002-12-03,0.1,0.15590885
3,8,2002,2002-12-11,0.09,0.11924127
3,8,2002,2002-12-19,0.09,0.115764946
3,8,2002,2002-12-27,0.11,0.11183721
3,8,2003,2003-07-04,0.08,0.22189744
3,8,2003,2003-07-12,0.23,0.15679543
3,8,2003,2003-07-20,0.25,0.26892716
3,8,2003,2003-07-28,0.29,0.26232305
3,8,2003,2003-08-05,0.18,0.30854025
3,8,2003,2003-08-13,0.19,0.22569577
3,8,2003,2003-08-21,0.2,0.23557179
3,8,2003,2003-08-29,0.19,0.24722439
3,8,2003,2003-09-06,0.19,0.22985694
3,8,2003,2003-09-14,0.27,0.20968784
3,8,2003,2003-09-22,0.25,0.29622588
3,8,2003,2003-09-30,0.23,0.29195607
3,8,2003,2003-10-08,0.21,0.26909876
3,8,2003,2003-10-16,0.23,0.22835141
3,8,2003,2003-10-24,0.19,0.2503042
3,8,2003,2003-11-01,0.15,0.20630959
3,8,2003,2003-11-09,0.09,0.18386476
3,8,2003,2003-11-17,0.16,0.12509015
3,8,2003,2003-11-25,0.18,0.18334176
3,8,2003,2003-12-03,0.18,0.20712881
3,8,2003,2003-12-11,0.24,0.20427603
3,8,2003,2003-12-19,0.08,0.24385002
3,8,2003,2003-12-27,0.08,0.12977117
3,8,2004,2004-07-03,0.18,0.20962195
3,8,2004,2004-07-11,0.31,0.18462503
3,8,2004,2004-07-19,0.26,0.33542264
3,8,2004,2004-07-27,0.26,0.30606848
3,8,2004,2004-08-04,0.22,0.3112648
3,8,2004,2004-08-12,0.25,0.23787199
3,8,2004,2004-08-20,0.23,0.25333577
3,8,2004,2004-08-28,0.27,0.25189078
3,8,2004,2004-09-05,0.19,0.28304744
3,8,2004,2004-09-13,0.28,0.22599699
3,8,2004,2004-09-21,0.25,0.30404043
3,8,2004,2004-09-29,0.26,0.28741857
3,8,2004,2004-10-07,0.19,0.28689536
3,8,2004,2004-10-15,0.16,0.22282411
3,8,2004,2004-10-23,0.12,0.19862956
3,8,2004,2004-10-31,0.14,0.16241904
3,8,2004,2004-11-08,0.04,0.16871752
3,8,2004,2004-11-16,0.16,0.08728495
3,8,2004,2004-11-24,0.14,0.20288976
3,8,2004,2004-12-02,0.11,0.19061401
3,8,2004,2004-12-10,0.08,0.1748615
3,8,2004,2004-12-18,0.14,0.15263547
3,8,2004,2004-12-26,0.13,0.15274552
3,8,2005,2005-07-04,0.35,0.3380032
3,8,2005,2005-07-12,0.27,0.3461429
3,8,2005,2005-07-20,0.26,0.31986308
3,8,2005,2005-07-28,0.22,0.2837282
3,8,2005,2005-08-05,0.34,0.25070208
3,8,2005,2005-08-13,0.22,0.32741058
3,8,2005,2005-08-21,0.17,0.26890483
3,8,2005,2005-08-29,0.24,0.21006112
3,8,2005,2005-09-06,0.24,0.26243207
3,8,2005,2005-09-14,0.29,0.2598768
3,8,2005,2005-09-22,0.27,0.32395792
3,8,2005,2005-09-30,0.24,0.30075464
3,8,2005,2005-10-08,0.24,0.27595717
3,8,2005,2005-10-16,0.27,0.24818528
3,8,2005,2005-10-24,0.27,0.26626545
3,8,2005,2005-11-01,0.21,0.26533267
3,8,2005,2005-11-09,0.2,0.2279286
3,8,2005,2005-11-17,0.2,0.18888783
3,8,2005,2005-11-25,0.25,0.2228247
3,8,2005,2005-12-03,0.15,0.26243883
3,8,2005,2005-12-11,0.17,0.18559587
3,8,2005,2005-12-19,0.13,0.17595671
3,8,2005,2005-12-27,0.2,0.1670619
3,8,2006,2006-07-04,0.32,0.33734322
3,8,2006,2006-07-12,0.24,0.36022216
3,8,2006,2006-07-20,0.26,0.28804725
3,8,2006,2006-07-28,0.2,0.26564336
3,8,2006,2006-08-05,0.29,0.2267033
3,8,2006,2006-08-13,0.21,0.32197413
3,8,2006,2006-08-21,0.22,0.2508847
3,8,2006,2006-08-29,0.21,0.2298525
3,8,2006,2006-09-06,0.23,0.2393808
3,8,2006,2006-09-14,0.28,0.2635274
3,8,2006,2006-09-22,0.25,0.31743866
3,8,2006,2006-09-30,0.2,0.29155108
3,8,2006,2006-10-08,0.22,0.23863275
3,8,2006,2006-10-16,0.23,0.23988885
3,8,2006,2006-10-24,0.17,0.26598155
3,8,2006,2006-11-01,0.14,0.22613932
3,8,2006,2006-11-09,0.12,0.18061759
3,8,2006,2006-11-17,0.11,0.1624301
3,8,2006,2006-11-25,0.11,0.15930785
3,8,2006,2006-12-03,0.07,0.17710914
3,8,2006,2006-12-11,0.07,0.120715484
3,8,2006,2006-12-19,0.1,0.13041589
3,8,2006,2006-12-27,0.11,0.1396584
3,8,2007,2007-07-04,0.27,0.34617642
3,8,2007,2007-07-12,0.33,0.31162834
3,8,2007,2007-07-20,0.29,0.32392517
3,8,2007,2007-07-28,0.35,0.30937368
3,8,2007,2007-08-05,0.35,0.3361315
3,8,2007,2007-08-13,0.31,0.3664275
3,8,2007,2007-08-21,0.22,0.32521376
3,8,2007,2007-08-29,0.23,0.24666497
3,8,2007,2007-09-06,0.22,0.23459335
3,8,2007,2007-09-14,0.27,0.24809375
3,8,2007,2007-09-22,0.22,0.30357456
3,8,2007,2007-09-30,0.26,0.2631346
3,8,2007,2007-10-08,0.24,0.26917553
3,8,2007,2007-10-16,0.23,0.2622531
3,8,2007,2007-10-24,0.2,0.25933897
3,8,2007,2007-11-01,0.25,0.22100712
3,8,2007,2007-11-09,0.35,0.24697381
3,8,2007,2007-11-17,0.18,0.33368084
3,8,2007,2007-11-25,0.05,0.223515
3,8,2007,2007-12-03,0.18,0.10817787
3,8,2007,2007-12-11,0.09,0.17731334
3,8,2007,2007-12-19,0.09,0.12411949
3,8,2007,2007-12-27,0.08,0.13860372
3,8,2008,2008-07-03,0.32,0.33564347
3,8,2008,2008-07-11,0.26,0.3339664
3,8,2008,2008-07-19,0.25,0.30285424
3,8,2008,2008-07-27,0.24,0.2743904
3,8,2008,2008-08-04,0.3,0.28195247
3,8,2008,2008-08-12,0.31,0.33138037
3,8,2008,2008-08-20,0.27,0.33976635
3,8,2008,2008-08-28,0.29,0.28818104
3,8,2008,2008-09-05,0.33,0.2864848
3,8,2008,2008-09-13,0.4,0.3283627
3,8,2008,2008-09-21,0.21,0.40602866
3,8,2008,2008-09-29,0.14,0.27585024
3,8,2008,2008-10-07,0.19,0.18234167
3,8,2008,2008-10-15,0.16,0.21312973
3,8,2008,2008-10-23,0.1,0.20595355
3,8,2008,2008-10-31,0.07,0.15544331
3,8,2008,2008-11-08,0.09,0.1421715
3,8,2008,2008-11-16,0.02,0.18668643
3,8,2008,2008-11-24,0.01,0.09355858
3,8,2008,2008-12-02,0.03,0.059637487
3,8,2008,2008-12-10,0.04,0.11041364
3,8,2008,2008-12-18,0.09,0.09340051
3,8,2008,2008-12-26,0.1,0.14484589
3,8,2009,2009-07-04,0.25,0.30549806
3,8,2009,2009-07-12,0.44,0.2858067
3,8,2009,2009-07-20,0.39,0.413264
3,8,2009,2009-07-28,0.31,0.40500158
3,8,2009,2009-08-05,0.27,0.33549562
3,8,2009,2009-08-13,0.29,0.28438044
3,8,2009,2009-08-21,0.29,0.3081686
3,8,2009,2009-08-29,0.28,0.3109259
3,8,2009,2009-09-06,0.32,0.30588305
3,8,2009,2009-09-14,0.31,0.3427417
3,8,2009,2009-09-22,0.34,0.36019242
3,8,2009,2009-09-30,0.33,0.33808133
3,8,2009,2009-10-08,0.33,0.30499685
3,8,2009,2009-10-16,0.3,0.3148256
3,8,2009,2009-10-24,0.14,0.29980353
3,8,2009,2009-11-01,0.12,0.17865513
3,8,2009,2009-11-09,0.06,0.13044615
3,8,2009,2009-11-17,0.07,0.104195535
3,8,2009,2009-11-25,0.08,0.09390673
3,8,2009,2009-12-03,0.02,0.10397765
3,8,2009,2009-12-11,0.03,0.06761339
3,8,2009,2009-12-19,0.03,0.083061665
3,8,2009,2009-12-27,0.01,0.096542984
3,8,2010,2010-07-04,0.29,0.34741065
3,8,2010,2010-07-12,0.41,0.2886532
3,8,2010,2010-07-20,0.4,0.4193679
3,8,2010,2010-07-28,0.3,0.43811935
3,8,2010,2010-08-05,0.44,0.34748092
3,8,2010,2010-08-13,0.42,0.38063765
3,8,2010,2010-08-21,0.4,0.41805965
3,8,2010,2010-08-29,0.25,0.41070664
3,8,2010,2010-09-06,0.27,0.29092556
3,8,2010,2010-09-14,0.32,0.27284482
3,8,2010,2010-09-22,0.32,0.33363122
3,8,2010,2010-09-30,0.34,0.356788
3,8,2010,2010-10-08,0.32,0.36374238
3,8,2010,2010-10-16,0.27,0.34671387
3,8,2010,2010-10-24,0.28,0.2989392
3,8,2010,2010-11-01,0.13,0.2584926
3,8,2010,2010-11-09,0.16,0.16120687
3,8,2010,2010-11-17,0.12,0.15213548
3,8,2010,2010-11-25,0.12,0.1424735
3,8,2010,2010-12-03,0.02,0.14752457
3,8,2010,2010-12-11,0.12,0.061190546
3,8,2010,2010-12-19,0.04,0.14354849
3,8,2010,2010-12-27,0.02,0.08007559
3,8,2011,2011-07-04,0.3,0.37978807
3,8,2011,2011-07-12,0.34,0.31042707
3,8,2011,2011-07-20,0.33,0.34707862
3,8,2011,2011-07-28,0.3,0.3712459
3,8,2011,2011-08-05,0.31,0.32730377
3,8,2011,2011-08-13,0.37,0.34074268
3,8,2011,2011-08-21,0.4,0.39702675
3,8,2011,2011-08-29,0.35,0.42687532
3,8,2011,2011-09-06,0.36,0.35870197
3,8,2011,2011-09-14,0.37,0.34032053
3,8,2011,2011-09-22,0.31,0.37105542
3,8,2011,2011-09-30,0.24,0.3444861
3,8,2011,2011-10-08,0.07,0.28205013
3,8,2011,2011-10-16,0.12,0.15935501
3,8,2011,2011-10-24,0.05,0.1580885
3,8,2011,2011-11-01,0.08,0.13326904
3,8,2011,2011-11-09,0.1,0.119434744
3,8,2011,2011-11-17,0.05,0.14849094
3,8,2011,2011-11-25,0.04,0.10139918
3,8,2011,2011-12-03,0.17,0.101082504
3,8,2011,2011-12-11,0.03,0.17382436
3,8,2011,2011-12-19,0.01,0.09976894
3,8,2011,2011-12-27,0.07,0.06269464
3,8,2012,2012-07-03,0.45,0.349698
3,8,2012,2012-07-11,0.41,0.43095788
3,8,2012,2012-07-19,0.36,0.42555365
3,8,2012,2012-07-27,0.4,0.3822238
3,8,2012,2012-08-04,0.39,0.3831596
3,8,2012,2012-08-12,0.31,0.39098477
3,8,2012,2012-08-20,0.34,0.34996533
3,8,2012,2012-08-28,0.36,0.35844168
3,8,2012,2012-09-05,0.41,0.37465012
3,8,2012,2012-09-13,0.33,0.41617948
3,8,2012,2012-09-21,0.3,0.36830577
3,8,2012,2012-09-29,0.34,0.31544426
3,8,2012,2012-10-07,0.33,0.31720406
3,8,2012,2012-10-15,0.27,0.2930492
3,8,2012,2012-10-23,0.2,0.258642
3,8,2012,2012-10-31,0.06,0.19415866
3,8,2012,2012-11-08,0.08,0.10734564
3,8,2012,2012-11-16,0.08,0.1182594
3,8,2012,2012-11-24,0.09,0.10949916
3,8,2012,2012-12-02,0.06,0.12198265
3,8,2012,2012-12-10,0.05,0.13391876
3,8,2012,2012-12-18,0.0,0.083846
3,8,2012,2012-12-26,0.12,0.04966387
3,9,2001,2001-07-04,0.49,0.4374764
3,9,2001,2001-07-12,0.42,0.47652227
3,9,2001,2001-07-20,0.4,0.42407528
3,9,2001,2001-07-28,0.32,0.40033013
3,9,2001,2001-08-05,0.4,0.36238638
3,9,2001,2001-08-13,0.24,0.36686015
3,9,2001,2001-08-21,0.38,0.29464313
3,9,2001,2001-08-29,0.39,0.36244094
3,9,2001,2001-09-06,0.41,0.41667455
3,9,2001,2001-09-14,0.36,0.4172742
3,9,2001,2001-09-22,0.36,0.37013286
3,9,2001,2001-09-30,0.39,0.37415817
3,9,2001,2001-10-08,0.39,0.38043618
3,9,2001,2001-10-16,0.38,0.4006488
3,9,2001,2001-10-24,0.37,0.40686503
3,9,2001,2001-11-01,0.29,0.37738305
3,9,2001,2001-11-09,0.33,0.30982497
3,9,2001,2001-11-17,0.16,0.2884305
3,9,2001,2001-11-25,0.37,0.21399695
3,9,2001,2001-12-03,0.35,0.34384435
3,9,2001,2001-12-11,0.31,0.33851907
3,9,2001,2001-12-19,0.28,0.31580335
3,9,2001,2001-12-27,0.34,0.27631766
3,9,2002,2002-07-04,0.73,0.67026323
3,9,2002,2002-07-12,0.68,0.69001794
3,9,2002,2002-07-20,0.61,0.65523124
3,9,2002,2002-07-28,0.58,0.6083008
3,9,2002,2002-08-05,0.67,0.5602031
3,9,2002,2002-08-13,0.7,0.6133238
3,9,2002,2002-08-21,0.69,0.62258685
3,9,2002,2002-08-29,0.6,0.64440894
3,9,2002,2002-09-06,0.53,0.59895706
3,9,2002,2002-09-14,0.61,0.552832
3,9,2002,2002-09-22,0.62,0.5688001
3,9,2002,2002-09-30,0.56,0.5805716
3,9,2002,2002-10-08,0.54,0.55987775
3,9,2002,2002-10-16,0.55,0.5404922
3,9,2002,2002-10-24,0.5,0.53593886
3,9,2002,2002-11-01,0.54,0.5047785
3,9,2002,2002-11-09,0.5,0.507982
3,9,2002,2002-11-17,0.52,0.4906047
3,9,2002,2002-11-25,0.5,0.4752915
3,9,2002,2002-12-03,0.41,0.48992974
3,9,2002,2002-12-11,0.37,0.44083428
3,9,2002,2002-12-19,0.38,0.3907897
3,9,2002,2002-12-27,0.39,0.36926237
3,9,2003,2003-07-04,0.6,0.6426598
3,9,2003,2003-07-12,0.68,0.6249028
3,9,2003,2003-07-20,0.68,0.6655051
3,9,2003,2003-07-28,0.72,0.6605512
3,9,2003,2003-08-05,0.65,0.6866136
3,9,2003,2003-08-13,0.58,0.6598989
3,9,2003,2003-08-21,0.58,0.6275045
3,9,2003,2003-08-29,0.54,0.6076398
3,9,2003,2003-09-06,0.6,0.56360984
3,9,2003,2003-09-14,0.65,0.58503896
3,9,2003,2003-09-22,0.49,0.62671494
3,9,2003,2003-09-30,0.48,0.55637455
3,9,2003,2003-10-08,0.57,0.5219502
3,9,2003,2003-10-16,0.45,0.55139434
3,9,2003,2003-10-24,0.44,0.49865362
3,9,2003,2003-11-01,0.48,0.4733984
3,9,2003,2003-11-09,0.35,0.49076915
3,9,2003,2003-11-17,0.51,0.42035407
3,9,2003,2003-11-25,0.39,0.48768526
3,9,2003,2003-12-03,0.47,0.43919685
3,9,2003,2003-12-11,0.43,0.46104312
3,9,2003,2003-12-19,0.32,0.43537772
3,9,2003,2003-12-27,0.45,0.3714686
3,9,2004,2004-07-03,0.66,0.6521621
3,9,2004,2004-07-11,0.67,0.6467332
3,9,2004,2004-07-19,0.67,0.66507053
3,9,2004,2004-07-27,0.67,0.67057675
3,9,2004,2004-08-04,0.63,0.6775105
3,9,2004,2004-08-12,0.62,0.6443527
3,9,2004,2004-08-20,0.57,0.6244365
3,9,2004,2004-08-28,0.69,0.5843793
3,9,2004,2004-09-05,0.59,0.64503586
3,9,2004,2004-09-13,0.62,0.6043071
3,9,2004,2004-09-21,0.52,0.633143
3,9,2004,2004-09-29,0.62,0.54347104
3,9,2004,2004-10-07,0.53,0.5867242
3,9,2004,2004-10-15,0.51,0.54784507
3,9,2004,2004-10-23,0.47,0.5323574
3,9,2004,2004-10-31,0.48,0.4857434
3,9,2004,2004-11-08,0.31,0.4883589
3,9,2004,2004-11-16,0.52,0.37860787
3,9,2004,2004-11-24,0.5,0.4724887
3,9,2004,2004-12-02,0.48,0.49556917
3,9,2004,2004-12-10,0.43,0.50618523
3,9,2004,2004-12-18,0.51,0.456415
3,9,2004,2004-12-26,0.51,0.4786067
3,9,2005,2005-07-04,0.75,0.6760452
3,9,2005,2005-07-12,0.69,0.70459795
3,9,2005,2005-07-20,0.7,0.6875466
3,9,2005,2005-07-28,0.67,0.6974537
3,9,2005,2005-08-05,0.68,0.6690054
3,9,2005,2005-08-13,0.68,0.6722735
3,9,2005,2005-08-21,0.56,0.66666234
3,9,2005,2005-08-29,0.62,0.59539974
3,9,2005,2005-09-06,0.61,0.6267017
3,9,2005,2005-09-14,0.57,0.60468733
3,9,2005,2005-09-22,0.62,0.5993749
3,9,2005,2005-09-30,0.56,0.60227907
3,9,2005,2005-10-08,0.61,0.5834053
3,9,2005,2005-10-16,0.63,0.60171205
3,9,2005,2005-10-24,0.59,0.6101448
3,9,2005,2005-11-01,0.61,0.58819586
3,9,2005,2005-11-09,0.61,0.5969877
3,9,2005,2005-11-17,0.56,0.5728062
3,9,2005,2005-11-25,0.53,0.57056665
3,9,2005,2005-12-03,0.51,0.54975545
3,9,2005,2005-12-11,0.52,0.53088677
3,9,2005,2005-12-19,0.53,0.51715225
3,9,2005,2005-12-27,0.51,0.5343623
3,9,2006,2006-07-04,0.71,0.60956025
3,9,2006,2006-07-12,0.58,0.6830641
3,9,2006,2006-07-20,0.57,0.6178376
3,9,2006,2006-07-28,0.51,0.6130379
3,9,2006,2006-08-05,0.59,0.5429549
3,9,2006,2006-08-13,0.5,0.59625524
3,9,2006,2006-08-21,0.46,0.5463804
3,9,2006,2006-08-29,0.48,0.509174
3,9,2006,2006-09-06,0.46,0.5034947
3,9,2006,2006-09-14,0.43,0.49736935
3,9,2006,2006-09-22,0.52,0.4784956
3,9,2006,2006-09-30,0.45,0.5274067
3,9,2006,2006-10-08,0.52,0.49246392
3,9,2006,2006-10-16,0.42,0.53398365
3,9,2006,2006-10-24,0.37,0.4816964
3,9,2006,2006-11-01,0.38,0.4405396
3,9,2006,2006-11-09,0.38,0.42502534
3,9,2006,2006-11-17,0.33,0.43115985
3,9,2006,2006-11-25,0.35,0.39847475
3,9,2006,2006-12-03,0.25,0.3883286
3,9,2006,2006-12-11,0.37,0.3286301
3,9,2006,2006-12-19,0.38,0.3821064
3,9,2006,2006-12-27,0.4,0.42132577
3,9,2007,2007-07-04,0.64,0.6754854
3,9,2007,2007-07-12,0.64,0.6641085
3,9,2007,2007-07-20,0.58,0.64398813
3,9,2007,2007-07-28,0.57,0.5964807
3,9,2007,2007-08-05,0.57,0.5732277
3,9,2007,2007-08-13,0.57,0.5788479
3,9,2007,2007-08-21,0.45,0.57105637
3,9,2007,2007-08-29,0.43,0.49635676
3,9,2007,2007-09-06,0.44,0.45599228
3,9,2007,2007-09-14,0.45,0.45249963
3,9,2007,2007-09-22,0.43,0.46026623
3,9,2007,2007-09-30,0.47,0.4629765
3,9,2007,2007-10-08,0.48,0.4778471
3,9,2007,2007-10-16,0.44,0.49843508
3,9,2007,2007-10-24,0.46,0.4646817
3,9,2007,2007-11-01,0.52,0.45591506
3,9,2007,2007-11-09,0.35,0.49232537
3,9,2007,2007-11-17,0.51,0.4111444
3,9,2007,2007-11-25,0.36,0.45550787
3,9,2007,2007-12-03,0.44,0.39719048
3,9,2007,2007-12-11,0.37,0.40599707
3,9,2007,2007-12-19,0.41,0.3933537
3,9,2007,2007-12-27,0.35,0.41905856
3,9,2008,2008-07-03,0.59,0.6766505
3,9,2008,2008-07-11,0.55,0.6173167
3,9,2008,2008-07-19,0.49,0.5930809
3,9,2008,2008-07-27,0.53,0.5199156
3,9,2008,2008-08-04,0.53,0.53900754
3,9,2008,2008-08-12,0.59,0.54158735
3,9,2008,2008-08-20,0.43,0.5842844
3,9,2008,2008-08-28,0.43,0.48507464
3,9,2008,2008-09-05,0.48,0.44396847
3,9,2008,2008-09-13,0.46,0.46775368
3,9,2008,2008-09-21,0.4,0.47754705
3,9,2008,2008-09-29,0.39,0.4386816
3,9,2008,2008-10-07,0.38,0.41986644
3,9,2008,2008-10-15,0.39,0.4143095
3,9,2008,2008-10-23,0.26,0.41529974
3,9,2008,2008-10-31,0.22,0.34030586
3,9,2008,2008-11-08,0.41,0.2923087
3,9,2008,2008-11-16,0.2,0.3791931
3,9,2008,2008-11-24,0.24,0.3176329
3,9,2008,2008-12-02,0.29,0.27592552
3,9,2008,2008-12-10,0.32,0.32228076
3,9,2008,2008-12-18,0.26,0.35102022
3,9,2008,2008-12-26,0.32,0.32532027
3,9,2009,2009-07-04,0.41,0.48946327
3,9,2009,2009-07-12,0.58,0.4669662
3,9,2009,2009-07-20,0.61,0.5488992
3,9,2009,2009-07-28,0.52,0.57923025
3,9,2009,2009-08-05,0.44,0.5553444
3,9,2009,2009-08-13,0.4,0.4939831
3,9,2009,2009-08-21,0.4,0.4543574
3,9,2009,2009-08-29,0.35,0.42133182
3,9,2009,2009-09-06,0.46,0.38430688
3,9,2009,2009-09-14,0.42,0.4477914
3,9,2009,2009-09-22,0.37,0.45174423
3,9,2009,2009-09-30,0.37,0.4100635
3,9,2009,2009-10-08,0.41,0.3828377
3,9,2009,2009-10-16,0.4,0.40889066
3,9,2009,2009-10-24,0.27,0.41870672
3,9,2009,2009-11-01,0.29,0.3223196
3,9,2009,2009-11-09,0.23,0.2751535
3,9,2009,2009-11-17,0.33,0.286095
3,9,2009,2009-11-25,0.27,0.31995416
3,9,2009,2009-12-03,0.19,0.29617333
3,9,2009,2009-12-11,0.22,0.24557494
3,9,2009,2009-12-19,0.25,0.25925046
3,9,2009,2009-12-27,0.22,0.2764577
3,9,2010,2010-07-04,0.6,0.63624567
3,9,2010,2010-07-12,0.72,0.6015265
3,9,2010,2010-07-20,0.66,0.67145836
3,9,2010,2010-07-28,0.61,0.65271604
3,9,2010,2010-08-05,0.72,0.63124716
3,9,2010,2010-08-13,0.61,0.6565795
3,9,2010,2010-08-21,0.61,0.59301096
3,9,2010,2010-08-29,0.45,0.5956016
3,9,2010,2010-09-06,0.43,0.48074928
3,9,2010,2010-09-14,0.48,0.45519704
3,9,2010,2010-09-22,0.5,0.47520456
3,9,2010,2010-09-30,0.58,0.4917841
3,9,2010,2010-10-08,0.58,0.53933054
3,9,2010,2010-10-16,0.65,0.5595267
3,9,2010,2010-10-24,0.54,0.60648656
3,9,2010,2010-11-01,0.41,0.5347713
3,9,2010,2010-11-09,0.45,0.44241497
3,9,2010,2010-11-17,0.33,0.41198295
3,9,2010,2010-11-25,0.42,0.36566377
3,9,2010,2010-12-03,0.27,0.3925739
3,9,2010,2010-12-11,0.3,0.30583528
3,9,2010,2010-12-19,0.25,0.2871964
3,9,2010,2010-12-27,0.15,0.2766637
3,9,2011,2011-07-04,0.54,0.59610397
3,9,2011,2011-07-12,0.52,0.5769929
3,9,2011,2011-07-20,0.55,0.55878645
3,9,2011,2011-07-28,0.51,0.57201296
3,9,2011,2011-08-05,0.49,0.5461136
3,9,2011,2011-08-13,0.54,0.54052174
3,9,2011,2011-08-21,0.54,0.55325085
3,9,2011,2011-08-29,0.48,0.55901295
3,9,2011,2011-09-06,0.48,0.5043877
3,9,2011,2011-09-14,0.51,0.4830814
3,9,2011,2011-09-22,0.49,0.5044673
3,9,2011,2011-09-30,0.49,0.51066023
3,9,2011,2011-10-08,0.32,0.5220558
3,9,2011,2011-10-16,0.38,0.4225002
3,9,2011,2011-10-24,0.26,0.42522067
3,9,2011,2011-11-01,0.12,0.3437151
3,9,2011,2011-11-09,0.29,0.22600706
3,9,2011,2011-11-17,0.24,0.27472383
3,9,2011,2011-11-25,0.37,0.28785175
3,9,2011,2011-12-03,0.18,0.3917396
3,9,2011,2011-12-11,0.36,0.26321948
3,9,2011,2011-12-19,0.2,0.3279778
3,9,2011,2011-12-27,0.41,0.25616992
3,9,2012,2012-07-03,0.61,0.4995913
3,9,2012,2012-07-11,0.59,0.5773858
3,9,2012,2012-07-19,0.59,0.57860374
3,9,2012,2012-07-27,0.55,0.59611106
3,9,2012,2012-08-04,0.52,0.5641482
3,9,2012,2012-08-12,0.43,0.5383989
3,9,2012,2012-08-20,0.42,0.48051077
3,9,2012,2012-08-28,0.45,0.45947295
3,9,2012,2012-09-05,0.49,0.46368104
3,9,2012,2012-09-13,0.52,0.49197346
3,9,2012,2012-09-21,0.42,0.5233991
3,9,2012,2012-09-29,0.55,0.4724084
3,9,2012,2012-10-07,0.42,0.52624774
3,9,2012,2012-10-15,0.34,0.44043127
3,9,2012,2012-10-23,0.37,0.37532905
3,9,2012,2012-10-31,0.28,0.34755972
3,9,2012,2012-11-08,0.31,0.28368682
3,9,2012,2012-11-16,0.26,0.304495
3,9,2012,2012-11-24,0.28,0.29063404
3,9,2012,2012-12-02,0.23,0.32405397
3,9,2012,2012-12-10,0.3,0.25683084
3,9,2012,2012-12-18,0.19,0.3211759
3,9,2012,2012-12-26,0.34,0.23950325
3,10,2001,2001-07-04,0.42,0.36671102
3,10,2001,2001-07-12,0.31,0.37441343
3,10,2001,2001-07-20,0.29,0.31143063
3,10,2001,2001-07-28,0.26,0.27830246
3,10,2001,2001-08-05,0.29,0.26310793
3,10,2001,2001-08-13,0.17,0.27218044
3,10,2001,2001-08-21,0.27,0.21536101
3,10,2001,2001-08-29,0.32,0.28387797
3,10,2001,2001-09-06,0.33,0.3564246
3,10,2001,2001-09-14,0.31,0.35179648
3,10,2001,2001-09-22,0.42,0.33145702
3,10,2001,2001-09-30,0.4,0.42270458
3,10,2001,2001-10-08,0.5,0.4291643
3,10,2001,2001-10-16,0.56,0.50852126
3,10,2001,2001-10-24,0.5,0.5566162
3,10,2001,2001-11-01,0.52,0.5450582
3,10,2001,2001-11-09,0.42,0.5466916
3,10,2001,2001-11-17,0.44,0.47763905
3,10,2001,2001-11-25,0.48,0.464301
3,10,2001,2001-12-03,0.48,0.47228742
3,10,2001,2001-12-11,0.42,0.47224528
3,10,2001,2001-12-19,0.38,0.4371553
3,10,2001,2001-12-27,0.44,0.39249185
3,10,2002,2002-07-04,0.65,0.7249234
3,10,2002,2002-07-12,0.57,0.6826358
3,10,2002,2002-07-20,0.54,0.60501605
3,10,2002,2002-07-28,0.48,0.54549205
3,10,2002,2002-08-05,0.56,0.48878863
3,10,2002,2002-08-13,0.54,0.51553154
3,10,2002,2002-08-21,0.54,0.5000124
3,10,2002,2002-08-29,0.44,0.50939715
3,10,2002,2002-09-06,0.41,0.46807218
3,10,2002,2002-09-14,0.48,0.4369803
3,10,2002,2002-09-22,0.53,0.45698982
3,10,2002,2002-09-30,0.61,0.5086726
3,10,2002,2002-10-08,0.61,0.56485945
3,10,2002,2002-10-16,0.6,0.5936485
3,10,2002,2002-10-24,0.56,0.60747874
3,10,2002,2002-11-01,0.61,0.5871888
3,10,2002,2002-11-09,0.58,0.6040344
3,10,2002,2002-11-17,0.51,0.57732666
3,10,2002,2002-11-25,0.46,0.54566145
3,10,2002,2002-12-03,0.43,0.5083699
3,10,2002,2002-12-11,0.31,0.47776157
3,10,2002,2002-12-19,0.39,0.39520422
3,10,2002,2002-12-27,0.36,0.39019966
3,10,2003,2003-07-04,0.6,0.61990017
3,10,2003,2003-07-12,0.6,0.62867796
3,10,2003,2003-07-20,0.61,0.61073923
3,10,2003,2003-07-28,0.62,0.6101814
3,10,2003,2003-08-05,0.55,0.61027795
3,10,2003,2003-08-13,0.45,0.5866561
3,10,2003,2003-08-21,0.43,0.52962893
3,10,2003,2003-08-29,0.46,0.49288425
3,10,2003,2003-09-06,0.64,0.4765845
3,10,2003,2003-09-14,0.64,0.5637265
3,10,2003,2003-09-22,0.54,0.5977178
3,10,2003,2003-09-30,0.55,0.580782
3,10,2003,2003-10-08,0.62,0.58878756
3,10,2003,2003-10-16,0.49,0.61393213
3,10,2003,2003-10-24,0.45,0.5579723
3,10,2003,2003-11-01,0.48,0.52170515
3,10,2003,2003-11-09,0.35,0.51882434
3,10,2003,2003-11-17,0.47,0.44834155
3,10,2003,2003-11-25,0.41,0.47452432
3,10,2003,2003-12-03,0.44,0.4470511
3,10,2003,2003-12-11,0.4,0.45279944
3,10,2003,2003-12-19,0.31,0.4183509
3,10,2003,2003-12-27,0.35,0.36773655
3,10,2004,2004-07-03,0.5,0.56236994
3,10,2004,2004-07-11,0.51,0.5489857
3,10,2004,2004-07-19,0.57,0.54152596
3,10,2004,2004-07-27,0.52,0.57543224
3,10,2004,2004-08-04,0.44,0.5611567
3,10,2004,2004-08-12,0.48,0.51560915
3,10,2004,2004-08-20,0.41,0.49943697
3,10,2004,2004-08-28,0.56,0.4517103
3,10,2004,2004-09-05,0.58,0.51950735
3,10,2004,2004-09-13,0.58,0.5770446
3,10,2004,2004-09-21,0.45,0.5999333
3,10,2004,2004-09-29,0.57,0.5354574
3,10,2004,2004-10-07,0.58,0.5646893
3,10,2004,2004-10-15,0.43,0.5813514
3,10,2004,2004-10-23,0.44,0.5139706
3,10,2004,2004-10-31,0.46,0.4802907
3,10,2004,2004-11-08,0.34,0.47564495
3,10,2004,2004-11-16,0.51,0.40429315
3,10,2004,2004-11-24,0.44,0.47238952
3,10,2004,2004-12-02,0.42,0.46057302
3,10,2004,2004-12-10,0.38,0.45492247
3,10,2004,2004-12-18,0.44,0.4195212
3,10,2004,2004-12-26,0.44,0.42603987
3,10,2005,2005-07-04,0.65,0.5867895
3,10,2005,2005-07-12,0.58,0.615129
3,10,2005,2005-07-20,0.53,0.58723277
3,10,2005,2005-07-28,0.48,0.5773728
3,10,2005,2005-08-05,0.48,0.53450304
3,10,2005,2005-08-13,0.48,0.50758725
3,10,2005,2005-08-21,0.43,0.49986005
3,10,2005,2005-08-29,0.39,0.46559525
3,10,2005,2005-09-06,0.46,0.45161518
3,10,2005,2005-09-14,0.52,0.48590297
3,10,2005,2005-09-22,0.59,0.5306553
3,10,2005,2005-09-30,0.55,0.56211144
3,10,2005,2005-10-08,0.58,0.568282
3,10,2005,2005-10-16,0.58,0.5902316
3,10,2005,2005-10-24,0.53,0.578907
3,10,2005,2005-11-01,0.52,0.5517455
3,10,2005,2005-11-09,0.54,0.5383552
3,10,2005,2005-11-17,0.51,0.52977103
3,10,2005,2005-11-25,0.5,0.5309057
3,10,2005,2005-12-03,0.4,0.51941764
3,10,2005,2005-12-11,0.35,0.46303496
3,10,2005,2005-12-19,0.43,0.40056694
3,10,2005,2005-12-27,0.4,0.4298248
3,10,2006,2006-07-04,0.53,0.5077311
3,10,2006,2006-07-12,0.43,0.5426148
3,10,2006,2006-07-20,0.41,0.499119
3,10,2006,2006-07-28,0.35,0.4712441
3,10,2006,2006-08-05,0.4,0.41406223
3,10,2006,2006-08-13,0.48,0.4218166
3,10,2006,2006-08-21,0.46,0.47495747
3,10,2006,2006-08-29,0.48,0.4775321
3,10,2006,2006-09-06,0.47,0.48189116
3,10,2006,2006-09-14,0.47,0.48711383
3,10,2006,2006-09-22,0.53,0.49829924
3,10,2006,2006-09-30,0.52,0.54220086
3,10,2006,2006-10-08,0.53,0.5432718
3,10,2006,2006-10-16,0.48,0.5553605
3,10,2006,2006-10-24,0.44,0.53101456
3,10,2006,2006-11-01,0.45,0.4990331
3,10,2006,2006-11-09,0.45,0.48642874
3,10,2006,2006-11-17,0.38,0.48479068
3,10,2006,2006-11-25,0.27,0.4468368
3,10,2006,2006-12-03,0.25,0.37131524
3,10,2006,2006-12-11,0.34,0.3072613
3,10,2006,2006-12-19,0.34,0.3344453
3,10,2006,2006-12-27,0.37,0.3723627
3,10,2007,2007-07-04,0.33,0.5115458
3,10,2007,2007-07-12,0.45,0.43519044
3,10,2007,2007-07-20,0.4,0.44774303
3,10,2007,2007-07-28,0.38,0.42959684
3,10,2007,2007-08-05,0.38,0.404465
3,10,2007,2007-08-13,0.39,0.40178233
3,10,2007,2007-08-21,0.37,0.42190367
3,10,2007,2007-08-29,0.39,0.41683322
3,10,2007,2007-09-06,0.42,0.42393684
3,10,2007,2007-09-14,0.47,0.44110858
3,10,2007,2007-09-22,0.46,0.4758184
3,10,2007,2007-09-30,0.53,0.48926044
3,10,2007,2007-10-08,0.51,0.5295154
3,10,2007,2007-10-16,0.51,0.53219974
3,10,2007,2007-10-24,0.46,0.52959657
3,10,2007,2007-11-01,0.51,0.49672914
3,10,2007,2007-11-09,0.4,0.5101237
3,10,2007,2007-11-17,0.51,0.4580472
3,10,2007,2007-11-25,0.38,0.4860488
3,10,2007,2007-12-03,0.44,0.41522297
3,10,2007,2007-12-11,0.36,0.40946788
3,10,2007,2007-12-19,0.34,0.3891827
3,10,2007,2007-12-27,0.31,0.37208313
3,10,2008,2008-07-03,0.39,0.50688946
3,10,2008,2008-07-11,0.39,0.4469902
3,10,2008,2008-07-19,0.34,0.42310956
3,10,2008,2008-07-27,0.39,0.3854526
3,10,2008,2008-08-04,0.38,0.3995195
3,10,2008,2008-08-12,0.43,0.3996016
3,10,2008,2008-08-20,0.38,0.43128183
3,10,2008,2008-08-28,0.42,0.41196367
3,10,2008,2008-09-05,0.41,0.4261126
3,10,2008,2008-09-13,0.43,0.4325342
3,10,2008,2008-09-21,0.42,0.45328954
3,10,2008,2008-09-29,0.46,0.45210782
3,10,2008,2008-10-07,0.51,0.48117805
3,10,2008,2008-10-15,0.49,0.5141273
3,10,2008,2008-10-23,0.5,0.5158262
3,10,2008,2008-10-31,0.46,0.515116
3,10,2008,2008-11-08,0.46,0.49959525
3,10,2008,2008-11-16,0.27,0.48018697
3,10,2008,2008-11-24,0.3,0.38986033
3,10,2008,2008-12-02,0.32,0.33682242
3,10,2008,2008-12-10,0.35,0.35171533
3,10,2008,2008-12-18,0.32,0.36768892
3,10,2008,2008-12-26,0.2,0.3538215
3,10,2009,2009-07-04,0.33,0.41297403
3,10,2009,2009-07-12,0.38,0.379882
3,10,2009,2009-07-20,0.34,0.38498357
3,10,2009,2009-07-28,0.36,0.36820823
3,10,2009,2009-08-05,0.33,0.38051775
3,10,2009,2009-08-13,0.34,0.36778605
3,10,2009,2009-08-21,0.34,0.37668124
3,10,2009,2009-08-29,0.27,0.37104872
3,10,2009,2009-09-06,0.41,0.33746582
3,10,2009,2009-09-14,0.42,0.3972009
3,10,2009,2009-09-22,0.31,0.436089
3,10,2009,2009-09-30,0.47,0.3873595
3,10,2009,2009-10-08,0.48,0.44700444
3,10,2009,2009-10-16,0.48,0.4911285
3,10,2009,2009-10-24,0.43,0.5051261
3,10,2009,2009-11-01,0.29,0.47971034
3,10,2009,2009-11-09,0.31,0.39248276
3,10,2009,2009-11-17,0.36,0.35601282
3,10,2009,2009-11-25,0.3,0.35168102
3,10,2009,2009-12-03,0.25,0.33047074
3,10,2009,2009-12-11,0.21,0.29528385
3,10,2009,2009-12-19,0.23,0.27022046
3,10,2009,2009-12-27,0.22,0.26994193
3,10,2010,2010-07-04,0.39,0.503173
3,10,2010,2010-07-12,0.47,0.43910134
3,10,2010,2010-07-20,0.47,0.4591943
3,10,2010,2010-07-28,0.41,0.4648772
3,10,2010,2010-08-05,0.51,0.44026545
3,10,2010,2010-08-13,0.44,0.47522628
3,10,2010,2010-08-21,0.34,0.45541447
3,10,2010,2010-08-29,0.32,0.3955168
3,10,2010,2010-09-06,0.35,0.3436326
3,10,2010,2010-09-14,0.4,0.36751217
3,10,2010,2010-09-22,0.4,0.4158975
3,10,2010,2010-09-30,0.5,0.4134529
3,10,2010,2010-10-08,0.55,0.4804991
3,10,2010,2010-10-16,0.57,0.5332072
3,10,2010,2010-10-24,0.58,0.56359303
3,10,2010,2010-11-01,0.47,0.5700607
3,10,2010,2010-11-09,0.54,0.503528
3,10,2010,2010-11-17,0.45,0.50939375
3,10,2010,2010-11-25,0.49,0.47157943
3,10,2010,2010-12-03,0.43,0.476015
3,10,2010,2010-12-11,0.3,0.43770152
3,10,2010,2010-12-19,0.26,0.3484764
3,10,2010,2010-12-27,0.26,0.28492942
3,10,2011,2011-07-04,0.36,0.49862272
3,10,2011,2011-07-12,0.39,0.42768615
3,10,2011,2011-07-20,0.38,0.41076747
3,10,2011,2011-07-28,0.34,0.417333
3,10,2011,2011-08-05,0.39,0.3906445
3,10,2011,2011-08-13,0.47,0.41547108
3,10,2011,2011-08-21,0.53,0.46468675
3,10,2011,2011-08-29,0.44,0.50048846
3,10,2011,2011-09-06,0.48,0.46073407
3,10,2011,2011-09-14,0.51,0.46917292
3,10,2011,2011-09-22,0.51,0.4997692
3,10,2011,2011-09-30,0.56,0.510005
3,10,2011,2011-10-08,0.47,0.5509792
3,10,2011,2011-10-16,0.47,0.52266186
3,10,2011,2011-10-24,0.38,0.5193252
3,10,2011,2011-11-01,0.35,0.46500382
3,10,2011,2011-11-09,0.4,0.41427496
3,10,2011,2011-11-17,0.31,0.42915243
3,10,2011,2011-11-25,0.37,0.38015985
3,10,2011,2011-12-03,0.19,0.39655697
3,10,2011,2011-12-11,0.37,0.30341718
3,10,2011,2011-12-19,0.29,0.33348402
3,10,2011,2011-12-27,0.37,0.3146154
3,10,2012,2012-07-03,0.38,0.38947204
3,10,2012,2012-07-11,0.41,0.38503215
3,10,2012,2012-07-19,0.34,0.4124809
3,10,2012,2012-07-27,0.34,0.38708553
3,10,2012,2012-08-04,0.39,0.36500815
3,10,2012,2012-08-12,0.28,0.3944802
3,10,2012,2012-08-20,0.32,0.36242965
3,10,2012,2012-08-28,0.33,0.37475732
3,10,2012,2012-09-05,0.48,0.37278968
3,10,2012,2012-09-13,0.53,0.46064362
3,10,2012,2012-09-21,0.47,0.51901066
3,10,2012,2012-09-29,0.54,0.5112642
3,10,2012,2012-10-07,0.52,0.54651076
3,10,2012,2012-10-15,0.46,0.53331196
3,10,2012,2012-10-23,0.47,0.5045793
3,10,2012,2012-10-31,0.41,0.48326138
3,10,2012,2012-11-08,0.36,0.44008365
3,10,2012,2012-11-16,0.35,0.4025946
3,10,2012,2012-11-24,0.36,0.37175193
3,10,2012,2012-12-02,0.31,0.37672532
3,10,2012,2012-12-10,0.32,0.3274702
3,10,2012,2012-12-18,0.27,0.33949932
3,10,2012,2012-12-26,0.32,0.31058472
3,11,2001,2001-07-04,0.57,0.51787734
3,11,2001,2001-07-12,0.51,0.5137638
3,11,2001,2001-07-20,0.54,0.48511717
3,11,2001,2001-07-28,0.54,0.49191493
3,11,2001,2001-08-05,0.56,0.5021234
3,11,2001,2001-08-13,0.4,0.50101364
3,11,2001,2001-08-21,0.51,0.43272397
3,11,2001,2001-08-29,0.46,0.45469162
3,11,2001,2001-09-06,0.5,0.44653332
3,11,2001,2001-09-14,0.48,0.44680154
3,11,2001,2001-09-22,0.54,0.44539502
3,11,2001,2001-09-30,0.48,0.48193222
3,11,2001,2001-10-08,0.56,0.45534134
3,11,2001,2001-10-16,0.59,0.5000669
3,11,2001,2001-10-24,0.56,0.5360633
3,11,2001,2001-11-01,0.55,0.53390646
3,11,2001,2001-11-09,0.51,0.5387165
3,11,2001,2001-11-17,0.58,0.5087577
3,11,2001,2001-11-25,0.59,0.5295541
3,11,2001,2001-12-03,0.64,0.5422158
3,11,2001,2001-12-11,0.63,0.56813973
3,11,2001,2001-12-19,0.65,0.58142537
3,11,2001,2001-12-27,0.77,0.60541165
3,11,2002,2002-07-04,0.87,0.83236146
3,11,2002,2002-07-12,0.86,0.81517637
3,11,2002,2002-07-20,0.85,0.8018949
3,11,2002,2002-07-28,0.75,0.78714085
3,11,2002,2002-08-05,0.81,0.7461295
3,11,2002,2002-08-13,0.85,0.76023936
3,11,2002,2002-08-21,0.85,0.7508749
3,11,2002,2002-08-29,0.75,0.7649146
3,11,2002,2002-09-06,0.72,0.7324391
3,11,2002,2002-09-14,0.83,0.7217134
3,11,2002,2002-09-22,0.81,0.7385969
3,11,2002,2002-09-30,0.72,0.73705864
3,11,2002,2002-10-08,0.82,0.71601796
3,11,2002,2002-10-16,0.77,0.7513796
3,11,2002,2002-10-24,0.74,0.7264688
3,11,2002,2002-11-01,0.76,0.72758293
3,11,2002,2002-11-09,0.67,0.72805494
3,11,2002,2002-11-17,0.72,0.6835382
3,11,2002,2002-11-25,0.72,0.7009248
3,11,2002,2002-12-03,0.66,0.6919937
3,11,2002,2002-12-11,0.61,0.68061984
3,11,2002,2002-12-19,0.71,0.6589354
3,11,2002,2002-12-27,0.7,0.6858417
3,11,2003,2003-07-04,0.9,0.8178077
3,11,2003,2003-07-12,0.9,0.8372992
3,11,2003,2003-07-20,0.95,0.83826864
3,11,2003,2003-07-28,0.94,0.85663104
3,11,2003,2003-08-05,0.9,0.8532953
3,11,2003,2003-08-13,0.78,0.8491485
3,11,2003,2003-08-21,0.73,0.8054637
3,11,2003,2003-08-29,0.71,0.7768082
3,11,2003,2003-09-06,0.85,0.73631454
3,11,2003,2003-09-14,0.83,0.7710517
3,11,2003,2003-09-22,0.72,0.7734672
3,11,2003,2003-09-30,0.69,0.75551385
3,11,2003,2003-10-08,0.74,0.7356666
3,11,2003,2003-10-16,0.7,0.73542744
3,11,2003,2003-10-24,0.66,0.71038574
3,11,2003,2003-11-01,0.68,0.70174384
3,11,2003,2003-11-09,0.59,0.69950527
3,11,2003,2003-11-17,0.65,0.64881337
3,11,2003,2003-11-25,0.66,0.66978407
3,11,2003,2003-12-03,0.69,0.6629147
3,11,2003,2003-12-11,0.74,0.67983717
3,11,2003,2003-12-19,0.65,0.700761
3,11,2003,2003-12-27,0.62,0.68003607
3,11,2004,2004-07-03,0.87,0.8048993
3,11,2004,2004-07-11,0.84,0.8251565
3,11,2004,2004-07-19,0.86,0.8073393
3,11,2004,2004-07-27,0.83,0.8257643
3,11,2004,2004-08-04,0.76,0.8143431
3,11,2004,2004-08-12,0.87,0.78957695
3,11,2004,2004-08-20,0.72,0.8081595
3,11,2004,2004-08-28,0.79,0.74149144
3,11,2004,2004-09-05,0.81,0.76850504
3,11,2004,2004-09-13,0.85,0.7684862
3,11,2004,2004-09-21,0.64,0.79174566
3,11,2004,2004-09-29,0.74,0.7202898
3,11,2004,2004-10-07,0.83,0.74168277
3,11,2004,2004-10-15,0.66,0.749383
3,11,2004,2004-10-23,0.7,0.7001053
3,11,2004,2004-10-31,0.75,0.71952593
3,11,2004,2004-11-08,0.65,0.71515816
3,11,2004,2004-11-16,0.79,0.67466307
3,11,2004,2004-11-24,0.78,0.7299779
3,11,2004,2004-12-02,0.8,0.7238876
3,11,2004,2004-12-10,0.78,0.7536434
3,11,2004,2004-12-18,0.8,0.7578864
3,11,2004,2004-12-26,0.84,0.7623962
3,11,2005,2005-07-04,0.93,0.8200389
3,11,2005,2005-07-12,0.89,0.8502383
3,11,2005,2005-07-20,0.87,0.83445984
3,11,2005,2005-07-28,0.81,0.8375525
3,11,2005,2005-08-05,0.81,0.80735517
3,11,2005,2005-08-13,0.82,0.7955819
3,11,2005,2005-08-21,0.69,0.793249
3,11,2005,2005-08-29,0.67,0.7338223
3,11,2005,2005-09-06,0.7,0.7267921
3,11,2005,2005-09-14,0.63,0.70946234
3,11,2005,2005-09-22,0.66,0.6853368
3,11,2005,2005-09-30,0.65,0.68119764
3,11,2005,2005-10-08,0.7,0.67347467
3,11,2005,2005-10-16,0.77,0.69632524
3,11,2005,2005-10-24,0.64,0.72041297
3,11,2005,2005-11-01,0.68,0.6855813
3,11,2005,2005-11-09,0.63,0.7026303
3,11,2005,2005-11-17,0.73,0.6602295
3,11,2005,2005-11-25,0.73,0.7075396
3,11,2005,2005-12-03,0.65,0.7083101
3,11,2005,2005-12-11,0.57,0.6994853
3,11,2005,2005-12-19,0.7,0.6641294
3,11,2005,2005-12-27,0.63,0.695733
3,11,2006,2006-07-04,0.84,0.7877641
3,11,2006,2006-07-12,0.82,0.8039659
3,11,2006,2006-07-20,0.75,0.795537
3,11,2006,2006-07-28,0.67,0.7777989
3,11,2006,2006-08-05,0.72,0.73424673
3,11,2006,2006-08-13,0.74,0.7333484
3,11,2006,2006-08-21,0.65,0.7281033
3,11,2006,2006-08-29,0.65,0.69251466
3,11,2006,2006-09-06,0.63,0.68716514
3,11,2006,2006-09-14,0.69,0.660723
3,11,2006,2006-09-22,0.67,0.6756011
3,11,2006,2006-09-30,0.73,0.6714919
3,11,2006,2006-10-08,0.69,0.69910085
3,11,2006,2006-10-16,0.68,0.6932076
3,11,2006,2006-10-24,0.57,0.7014538
3,11,2006,2006-11-01,0.65,0.6451677
3,11,2006,2006-11-09,0.63,0.6654022
3,11,2006,2006-11-17,0.62,0.6370838
3,11,2006,2006-11-25,0.56,0.65012074
3,11,2006,2006-12-03,0.56,0.6261625
3,11,2006,2006-12-11,0.66,0.6145675
3,11,2006,2006-12-19,0.71,0.6358441
3,11,2006,2006-12-27,0.78,0.66975003
3,11,2007,2007-07-04,0.72,0.76218164
3,11,2007,2007-07-12,0.67,0.75584245
3,11,2007,2007-07-20,0.74,0.7212118
3,11,2007,2007-07-28,0.69,0.7307043
3,11,2007,2007-08-05,0.69,0.6974939
3,11,2007,2007-08-13,0.62,0.7047037
3,11,2007,2007-08-21,0.54,0.6713065
3,11,2007,2007-08-29,0.59,0.62793505
3,11,2007,2007-09-06,0.59,0.6251284
3,11,2007,2007-09-14,0.67,0.6086786
3,11,2007,2007-09-22,0.6,0.65107036
3,11,2007,2007-09-30,0.67,0.6315137
3,11,2007,2007-10-08,0.59,0.6717222
3,11,2007,2007-10-16,0.68,0.6348134
3,11,2007,2007-10-24,0.58,0.6726662
3,11,2007,2007-11-01,0.65,0.61862886
3,11,2007,2007-11-09,0.56,0.6519905
3,11,2007,2007-11-17,0.66,0.60694355
3,11,2007,2007-11-25,0.56,0.6476947
3,11,2007,2007-12-03,0.61,0.59910643
3,11,2007,2007-12-11,0.57,0.61853194
3,11,2007,2007-12-19,0.62,0.6056471
3,11,2007,2007-12-27,0.63,0.6331665
3,11,2008,2008-07-03,0.7,0.76360404
3,11,2008,2008-07-11,0.71,0.73893887
3,11,2008,2008-07-19,0.71,0.7213326
3,11,2008,2008-07-27,0.67,0.7116749
3,11,2008,2008-08-04,0.67,0.69202673
3,11,2008,2008-08-12,0.65,0.69113046
3,11,2008,2008-08-20,0.63,0.6682161
3,11,2008,2008-08-28,0.66,0.6495024
3,11,2008,2008-09-05,0.61,0.65576774
3,11,2008,2008-09-13,0.55,0.6327698
3,11,2008,2008-09-21,0.53,0.6164018
3,11,2008,2008-09-29,0.58,0.58998185
3,11,2008,2008-10-07,0.67,0.60372406
3,11,2008,2008-10-15,0.68,0.6332017
3,11,2008,2008-10-23,0.62,0.6601341
3,11,2008,2008-10-31,0.62,0.64519787
3,11,2008,2008-11-08,0.67,0.6520791
3,11,2008,2008-11-16,0.6,0.6529349
3,11,2008,2008-11-24,0.6,0.635817
3,11,2008,2008-12-02,0.61,0.6281825
3,11,2008,2008-12-10,0.64,0.62847435
3,11,2008,2008-12-18,0.58,0.6322955
3,11,2008,2008-12-26,0.53,0.617638
3,11,2009,2009-07-04,0.6,0.7048618
3,11,2009,2009-07-12,0.66,0.66824055
3,11,2009,2009-07-20,0.67,0.6771141
3,11,2009,2009-07-28,0.69,0.6694933
3,11,2009,2009-08-05,0.64,0.6829494
3,11,2009,2009-08-13,0.65,0.6686313
3,11,2009,2009-08-21,0.65,0.66928566
3,11,2009,2009-08-29,0.48,0.66047823
3,11,2009,2009-09-06,0.67,0.5924382
3,11,2009,2009-09-14,0.56,0.64435804
3,11,2009,2009-09-22,0.55,0.58506465
3,11,2009,2009-09-30,0.6,0.58416855
3,11,2009,2009-10-08,0.65,0.6046506
3,11,2009,2009-10-16,0.6,0.63358593
3,11,2009,2009-10-24,0.62,0.6293781
3,11,2009,2009-11-01,0.56,0.64101005
3,11,2009,2009-11-09,0.6,0.6107465
3,11,2009,2009-11-17,0.68,0.62417763
3,11,2009,2009-11-25,0.66,0.64878887
3,11,2009,2009-12-03,0.63,0.6511904
3,11,2009,2009-12-11,0.53,0.6507507
3,11,2009,2009-12-19,0.65,0.61109006
3,11,2009,2009-12-27,0.52,0.6385864
3,11,2010,2010-07-04,0.7,0.78205764
3,11,2010,2010-07-12,0.89,0.752511
3,11,2010,2010-07-20,0.85,0.7851573
3,11,2010,2010-07-28,0.79,0.76692307
3,11,2010,2010-08-05,0.91,0.77468914
3,11,2010,2010-08-13,0.77,0.80907816
3,11,2010,2010-08-21,0.62,0.75740683
3,11,2010,2010-08-29,0.7,0.7133879
3,11,2010,2010-09-06,0.72,0.6947175
3,11,2010,2010-09-14,0.72,0.69090164
3,11,2010,2010-09-22,0.69,0.68949306
3,11,2010,2010-09-30,0.75,0.6891393
3,11,2010,2010-10-08,0.7,0.70911264
3,11,2010,2010-10-16,0.67,0.69491017
3,11,2010,2010-10-24,0.72,0.6878489
3,11,2010,2010-11-01,0.72,0.7003874
3,11,2010,2010-11-09,0.69,0.690876
3,11,2010,2010-11-17,0.65,0.6893738
3,11,2010,2010-11-25,0.7,0.6789059
3,11,2010,2010-12-03,0.7,0.6916523
3,11,2010,2010-12-11,0.59,0.68719983
3,11,2010,2010-12-19,0.54,0.6412877
3,11,2010,2010-12-27,0.62,0.6182911
3,11,2011,2011-07-04,0.72,0.80221677
3,11,2011,2011-07-12,0.74,0.7601036
3,11,2011,2011-07-20,0.77,0.75752246
3,11,2011,2011-07-28,0.69,0.7510475
3,11,2011,2011-08-05,0.72,0.72661364
3,11,2011,2011-08-13,0.77,0.7422934
3,11,2011,2011-08-21,0.65,0.74067616
3,11,2011,2011-08-29,0.68,0.6929056
3,11,2011,2011-09-06,0.58,0.70147216
3,11,2011,2011-09-14,0.74,0.6419735
3,11,2011,2011-09-22,0.65,0.7018615
3,11,2011,2011-09-30,0.79,0.6618967
3,11,2011,2011-10-08,0.71,0.7311777
3,11,2011,2011-10-16,0.64,0.7032106
3,11,2011,2011-10-24,0.71,0.6923324
3,11,2011,2011-11-01,0.73,0.70650023
3,11,2011,2011-11-09,0.74,0.7053697
3,11,2011,2011-11-17,0.75,0.71909225
3,11,2011,2011-11-25,0.81,0.7263859
3,11,2011,2011-12-03,0.76,0.75287473
3,11,2011,2011-12-11,0.83,0.7409132
3,11,2011,2011-12-19,0.7,0.7666749
3,11,2011,2011-12-27,0.64,0.7114587
3,11,2012,2012-07-03,0.81,0.7154522
3,11,2012,2012-07-11,0.79,0.75227594
3,11,2012,2012-07-19,0.74,0.747178
3,11,2012,2012-07-27,0.72,0.7472453
3,11,2012,2012-08-04,0.77,0.7341883
3,11,2012,2012-08-12,0.66,0.74323714
3,11,2012,2012-08-20,0.72,0.70057875
3,11,2012,2012-08-28,0.67,0.7173805
3,11,2012,2012-09-05,0.68,0.68646085
3,11,2012,2012-09-13,0.73,0.6821214
3,11,2012,2012-09-21,0.65,0.70812476
3,11,2012,2012-09-29,0.77,0.67246914
3,11,2012,2012-10-07,0.77,0.732691
3,11,2012,2012-10-15,0.63,0.7256437
3,11,2012,2012-10-23,0.72,0.6898775
3,11,2012,2012-10-31,0.7,0.7164271
3,11,2012,2012-11-08,0.66,0.6925857
3,11,2012,2012-11-16,0.66,0.6912905
3,11,2012,2012-11-24,0.64,0.6901214
3,11,2012,2012-12-02,0.68,0.67936647
3,11,2012,2012-12-10,0.74,0.6896552
3,11,2012,2012-12-18,0.65,0.71879256
3,11,2012,2012-12-26,0.69,0.6829057
3,12,2001,2001-07-04,0.42,0.4397527
3,12,2001,2001-07-12,0.34,0.4302069
3,12,2001,2001-07-20,0.4,0.40287638
3,12,2001,2001-07-28,0.45,0.41617757
3,12,2001,2001-08-05,0.47,0.44486183
3,12,2001,2001-08-13,0.34,0.46288055
3,12,2001,2001-08-21,0.46,0.41486713
3,12,2001,2001-08-29,0.3,0.4306959
3,12,2001,2001-09-06,0.37,0.37744677
3,12,2001,2001-09-14,0.34,0.37658522
3,12,2001,2001-09-22,0.41,0.3694797
3,12,2001,2001-09-30,0.32,0.4122123
3,12,2001,2001-10-08,0.36,0.38475826
3,12,2001,2001-10-16,0.51,0.38919377
3,12,2001,2001-10-24,0.39,0.46459284
3,12,2001,2001-11-01,0.4,0.44296634
3,12,2001,2001-11-09,0.36,0.435698
3,12,2001,2001-11-17,0.44,0.41150397
3,12,2001,2001-11-25,0.47,0.42878327
3,12,2001,2001-12-03,0.53,0.46110386
3,12,2001,2001-12-11,0.46,0.49132216
3,12,2001,2001-12-19,0.44,0.48074195
3,12,2001,2001-12-27,0.53,0.47188753
3,12,2002,2002-07-04,0.55,0.5814545
3,12,2002,2002-07-12,0.55,0.56989384
3,12,2002,2002-07-20,0.54,0.55368733
3,12,2002,2002-07-28,0.47,0.5434892
3,12,2002,2002-08-05,0.37,0.51676846
3,12,2002,2002-08-13,0.43,0.4674003
3,12,2002,2002-08-21,0.43,0.45104387
3,12,2002,2002-08-29,0.38,0.45302987
3,12,2002,2002-09-06,0.41,0.41560674
3,12,2002,2002-09-14,0.57,0.42302835
3,12,2002,2002-09-22,0.53,0.49310148
3,12,2002,2002-09-30,0.37,0.5095866
3,12,2002,2002-10-08,0.51,0.45128712
3,12,2002,2002-10-16,0.39,0.48763993
3,12,2002,2002-10-24,0.46,0.45387185
3,12,2002,2002-11-01,0.5,0.4621636
3,12,2002,2002-11-09,0.46,0.49183387
3,12,2002,2002-11-17,0.47,0.47334564
3,12,2002,2002-11-25,0.53,0.48652726
3,12,2002,2002-12-03,0.48,0.5190304
3,12,2002,2002-12-11,0.49,0.51424193
3,12,2002,2002-12-19,0.52,0.5158397
3,12,2002,2002-12-27,0.52,0.52670777
3,12,2003,2003-07-04,0.57,0.57028943
3,12,2003,2003-07-12,0.48,0.5805502
3,12,2003,2003-07-20,0.46,0.54405826
3,12,2003,2003-07-28,0.49,0.52596366
3,12,2003,2003-08-05,0.52,0.52023035
3,12,2003,2003-08-13,0.48,0.5136711
3,12,2003,2003-08-21,0.36,0.50322443
3,12,2003,2003-08-29,0.37,0.45172065
3,12,2003,2003-09-06,0.48,0.4227205
3,12,2003,2003-09-14,0.49,0.45874143
3,12,2003,2003-09-22,0.56,0.49425238
3,12,2003,2003-09-30,0.45,0.54016083
3,12,2003,2003-10-08,0.44,0.50261104
3,12,2003,2003-10-16,0.45,0.49416345
3,12,2003,2003-10-24,0.44,0.47750098
3,12,2003,2003-11-01,0.43,0.47100145
3,12,2003,2003-11-09,0.41,0.4700495
3,12,2003,2003-11-17,0.5,0.45838284
3,12,2003,2003-11-25,0.48,0.49244297
3,12,2003,2003-12-03,0.48,0.50147015
3,12,2003,2003-12-11,0.55,0.5048953
3,12,2003,2003-12-19,0.45,0.5406645
3,12,2003,2003-12-27,0.51,0.5093113
3,12,2004,2004-07-03,0.59,0.573038
3,12,2004,2004-07-11,0.54,0.5892242
3,12,2004,2004-07-19,0.57,0.5708418
3,12,2004,2004-07-27,0.45,0.5755241
3,12,2004,2004-08-04,0.37,0.52710766
3,12,2004,2004-08-12,0.42,0.4766553
3,12,2004,2004-08-20,0.35,0.46694607
3,12,2004,2004-08-28,0.5,0.4112517
3,12,2004,2004-09-05,0.49,0.45537025
3,12,2004,2004-09-13,0.55,0.48642328
3,12,2004,2004-09-21,0.36,0.5281816
3,12,2004,2004-09-29,0.53,0.47870982
3,12,2004,2004-10-07,0.61,0.51347214
3,12,2004,2004-10-15,0.46,0.55862975
3,12,2004,2004-10-23,0.5,0.510154
3,12,2004,2004-10-31,0.57,0.52449036
3,12,2004,2004-11-08,0.48,0.54854
3,12,2004,2004-11-16,0.6,0.5113563
3,12,2004,2004-11-24,0.57,0.5650206
3,12,2004,2004-12-02,0.52,0.5647286
3,12,2004,2004-12-10,0.61,0.5523006
3,12,2004,2004-12-18,0.65,0.59546787
3,12,2004,2004-12-26,0.65,0.6049947
3,12,2005,2005-07-04,0.62,0.61861277
3,12,2005,2005-07-12,0.61,0.62879413
3,12,2005,2005-07-20,0.55,0.621907
3,12,2005,2005-07-28,0.55,0.60156155
3,12,2005,2005-08-05,0.52,0.5814024
3,12,2005,2005-08-13,0.58,0.5483159
3,12,2005,2005-08-21,0.49,0.5593267
3,12,2005,2005-08-29,0.53,0.5186785
3,12,2005,2005-09-06,0.53,0.5377013
3,12,2005,2005-09-14,0.45,0.54156876
3,12,2005,2005-09-22,0.54,0.5164812
3,12,2005,2005-09-30,0.5,0.5295561
3,12,2005,2005-10-08,0.57,0.5273871
3,12,2005,2005-10-16,0.62,0.56326604
3,12,2005,2005-10-24,0.56,0.5878268
3,12,2005,2005-11-01,0.54,0.57885635
3,12,2005,2005-11-09,0.58,0.5805984
3,12,2005,2005-11-17,0.6,0.58405733
3,12,2005,2005-11-25,0.6,0.59865195
3,12,2005,2005-12-03,0.6,0.6031785
3,12,2005,2005-12-11,0.49,0.60835177
3,12,2005,2005-12-19,0.59,0.57372475
3,12,2005,2005-12-27,0.51,0.6031013
3,12,2006,2006-07-04,0.54,0.5520195
3,12,2006,2006-07-12,0.53,0.56627464
3,12,2006,2006-07-20,0.5,0.5614272
3,12,2006,2006-07-28,0.51,0.5482334
3,12,2006,2006-08-05,0.54,0.5497605
3,12,2006,2006-08-13,0.49,0.55319303
3,12,2006,2006-08-21,0.51,0.5397107
3,12,2006,2006-08-29,0.53,0.5386767
3,12,2006,2006-09-06,0.47,0.5480051
3,12,2006,2006-09-14,0.47,0.52308834
3,12,2006,2006-09-22,0.49,0.51120037
3,12,2006,2006-09-30,0.59,0.5195942
3,12,2006,2006-10-08,0.54,0.55602807
3,12,2006,2006-10-16,0.51,0.5581848
3,12,2006,2006-10-24,0.46,0.5613531
3,12,2006,2006-11-01,0.48,0.5380272
3,12,2006,2006-11-09,0.57,0.52797997
3,12,2006,2006-11-17,0.53,0.5602205
3,12,2006,2006-11-25,0.49,0.5553851
3,12,2006,2006-12-03,0.45,0.5501572
3,12,2006,2006-12-11,0.54,0.5324362
3,12,2006,2006-12-19,0.65,0.54384923
3,12,2006,2006-12-27,0.66,0.5971826
3,12,2007,2007-07-04,0.57,0.5881275
3,12,2007,2007-07-12,0.47,0.586113
3,12,2007,2007-07-20,0.56,0.5409282
3,12,2007,2007-07-28,0.47,0.5622794
3,12,2007,2007-08-05,0.47,0.52534103
3,12,2007,2007-08-13,0.42,0.5175774
3,12,2007,2007-08-21,0.42,0.48990542
3,12,2007,2007-08-29,0.47,0.47388172
3,12,2007,2007-09-06,0.44,0.49160132
3,12,2007,2007-09-14,0.56,0.4779449
3,12,2007,2007-09-22,0.4,0.5270361
3,12,2007,2007-09-30,0.55,0.47928652
3,12,2007,2007-10-08,0.47,0.53584486
3,12,2007,2007-10-16,0.56,0.51638794
3,12,2007,2007-10-24,0.47,0.54619205
3,12,2007,2007-11-01,0.48,0.52008057
3,12,2007,2007-11-09,0.47,0.51358896
3,12,2007,2007-11-17,0.57,0.51673454
3,12,2007,2007-11-25,0.49,0.5508229
3,12,2007,2007-12-03,0.59,0.5284352
3,12,2007,2007-12-11,0.56,0.5626843
3,12,2007,2007-12-19,0.54,0.5686243
3,12,2007,2007-12-27,0.61,0.57543045
3,12,2008,2008-07-03,0.55,0.6132862
3,12,2008,2008-07-11,0.58,0.58814454
3,12,2008,2008-07-19,0.59,0.59494853
3,12,2008,2008-07-27,0.54,0.59867024
3,12,2008,2008-08-04,0.53,0.56975776
3,12,2008,2008-08-12,0.48,0.5627392
3,12,2008,2008-08-20,0.5,0.527249
3,12,2008,2008-08-28,0.58,0.51840746
3,12,2008,2008-09-05,0.59,0.5508037
3,12,2008,2008-09-13,0.48,0.56253386
3,12,2008,2008-09-21,0.45,0.5436071
3,12,2008,2008-09-29,0.52,0.5140073
3,12,2008,2008-10-07,0.52,0.5352101
3,12,2008,2008-10-15,0.53,0.52479166
3,12,2008,2008-10-23,0.58,0.5447044
3,12,2008,2008-10-31,0.57,0.56657565
3,12,2008,2008-11-08,0.52,0.5706192
3,12,2008,2008-11-16,0.58,0.5547718
3,12,2008,2008-11-24,0.57,0.5831011
3,12,2008,2008-12-02,0.58,0.57399297
3,12,2008,2008-12-10,0.59,0.5903994
3,12,2008,2008-12-18,0.57,0.59824085
3,12,2008,2008-12-26,0.55,0.5929176
3,12,2009,2009-07-04,0.53,0.609368
3,12,2009,2009-07-12,0.58,0.5787307
3,12,2009,2009-07-20,0.56,0.59485793
3,12,2009,2009-07-28,0.59,0.58550805
3,12,2009,2009-08-05,0.55,0.5944363
3,12,2009,2009-08-13,0.57,0.5820328
3,12,2009,2009-08-21,0.57,0.58147687
3,12,2009,2009-08-29,0.43,0.58003694
3,12,2009,2009-09-06,0.49,0.5298593
3,12,2009,2009-09-14,0.47,0.53887653
3,12,2009,2009-09-22,0.5,0.51211286
3,12,2009,2009-09-30,0.57,0.51088667
3,12,2009,2009-10-08,0.59,0.5505841
3,12,2009,2009-10-16,0.56,0.57075346
3,12,2009,2009-10-24,0.59,0.5761584
3,12,2009,2009-11-01,0.55,0.5987656
3,12,2009,2009-11-09,0.58,0.58467376
3,12,2009,2009-11-17,0.63,0.5910455
3,12,2009,2009-11-25,0.59,0.614051
3,12,2009,2009-12-03,0.63,0.60396206
3,12,2009,2009-12-11,0.53,0.6271924
3,12,2009,2009-12-19,0.62,0.59236574
3,12,2009,2009-12-27,0.61,0.61723745
3,12,2010,2010-07-04,0.59,0.6354399
3,12,2010,2010-07-12,0.67,0.6227313
3,12,2010,2010-07-20,0.65,0.6455055
3,12,2010,2010-07-28,0.58,0.6350582
3,12,2010,2010-08-05,0.66,0.6227644
3,12,2010,2010-08-13,0.61,0.6463142
3,12,2010,2010-08-21,0.54,0.6234468
3,12,2010,2010-08-29,0.55,0.5993252
3,12,2010,2010-09-06,0.57,0.58294487
3,12,2010,2010-09-14,0.64,0.5769187
3,12,2010,2010-09-22,0.52,0.5973627
3,12,2010,2010-09-30,0.61,0.56553125
3,12,2010,2010-10-08,0.56,0.60319555
3,12,2010,2010-10-16,0.56,0.58727086
3,12,2010,2010-10-24,0.59,0.58669823
3,12,2010,2010-11-01,0.58,0.6024092
3,12,2010,2010-11-09,0.62,0.59406054
3,12,2010,2010-11-17,0.59,0.61486614
3,12,2010,2010-11-25,0.57,0.6122209
3,12,2010,2010-12-03,0.56,0.60629547
3,12,2010,2010-12-11,0.52,0.6032156
3,12,2010,2010-12-19,0.44,0.57224125
3,12,2010,2010-12-27,0.51,0.5378748
3,12,2011,2011-07-04,0.61,0.651469
3,12,2011,2011-07-12,0.53,0.6380364
3,12,2011,2011-07-20,0.63,0.6172523
3,12,2011,2011-07-28,0.51,0.6365843
3,12,2011,2011-08-05,0.62,0.57670546
3,12,2011,2011-08-13,0.58,0.61757797
3,12,2011,2011-08-21,0.49,0.6000948
3,12,2011,2011-08-29,0.52,0.5654979
3,12,2011,2011-09-06,0.52,0.56738174
3,12,2011,2011-09-14,0.54,0.55300367
3,12,2011,2011-09-22,0.47,0.56503904
3,12,2011,2011-09-30,0.6,0.53409654
3,12,2011,2011-10-08,0.53,0.5848891
3,12,2011,2011-10-16,0.54,0.5588925
3,12,2011,2011-10-24,0.52,0.5676116
3,12,2011,2011-11-01,0.6,0.56601685
3,12,2011,2011-11-09,0.59,0.5908175
3,12,2011,2011-11-17,0.6,0.5977737
3,12,2011,2011-11-25,0.61,0.60909444
3,12,2011,2011-12-03,0.65,0.618359
3,12,2011,2011-12-11,0.64,0.6327627
3,12,2011,2011-12-19,0.56,0.6310109
3,12,2011,2011-12-27,0.53,0.6000671
3,12,2012,2012-07-03,0.63,0.60509896
3,12,2012,2012-07-11,0.58,0.623608
3,12,2012,2012-07-19,0.59,0.6034121
3,12,2012,2012-07-27,0.54,0.6142888
3,12,2012,2012-08-04,0.59,0.58370125
3,12,2012,2012-08-12,0.52,0.6034265
3,12,2012,2012-08-20,0.47,0.57058865
3,12,2012,2012-08-28,0.47,0.54009306
3,12,2012,2012-09-05,0.51,0.52577883
3,12,2012,2012-09-13,0.52,0.5267861
3,12,2012,2012-09-21,0.46,0.53503233
3,12,2012,2012-09-29,0.56,0.51116633
3,12,2012,2012-10-07,0.57,0.55792093
3,12,2012,2012-10-15,0.47,0.5640578
3,12,2012,2012-10-23,0.57,0.53645706
3,12,2012,2012-10-31,0.5,0.57054615
3,12,2012,2012-11-08,0.54,0.54809195
3,12,2012,2012-11-16,0.55,0.56204647
3,12,2012,2012-11-24,0.54,0.57408005
3,12,2012,2012-12-02,0.56,0.57237494
3,12,2012,2012-12-10,0.58,0.58811927
3,12,2012,2012-12-18,0.54,0.5981709
3,12,2012,2012-12-26,0.53,0.581422
4,1,2001,2001-07-04,0.14,0.17556986
4,1,2001,2001-07-12,0.12,0.18500383
4,1,2001,2001-07-20,0.13,0.16830221
4,1,2001,2001-07-28,0.32,0.23643492
4,1,2001,2001-08-05,0.59,0.46482682
4,1,2001,2001-08-13,0.51,0.7417278
4,1,2001,2001-08-21,0.71,0.6354714
4,1,2001,2001-08-29,0.9,0.790589
4,1,2001,2001-09-06,0.92,0.94138765
4,1,2001,2001-09-14,0.89,0.9332638
4,1,2001,2001-09-22,0.92,0.8334403
4,1,2001,2001-09-30,0.93,0.87860936
4,1,2001,2001-10-08,0.93,0.8840552
4,1,2001,2001-10-16,0.96,0.8756277
4,1,2001,2001-10-24,0.94,0.90885377
4,1,2001,2001-11-01,0.93,0.8730424
4,1,2001,2001-11-09,0.93,0.8487756
4,1,2001,2001-11-17,0.91,0.8645513
4,1,2001,2001-11-25,0.88,0.84326756
4,1,2001,2001-12-03,0.81,0.7900557
4,1,2001,2001-12-11,0.78,0.6608262
4,1,2001,2001-12-19,0.66,0.6132953
4,1,2001,2001-12-27,0.63,0.45006096
4,1,2002,2002-07-04,0.08,0.1713496
4,1,2002,2002-07-12,0.14,0.13166386
4,1,2002,2002-07-20,0.15,0.19374755
4,1,2002,2002-07-28,0.2,0.19329664
4,1,2002,2002-08-05,0.43,0.32409638
4,1,2002,2002-08-13,0.68,0.6229267
4,1,2002,2002-08-21,0.71,0.7849766
4,1,2002,2002-08-29,0.78,0.7868922
4,1,2002,2002-09-06,0.76,0.84348196
4,1,2002,2002-09-14,0.8,0.7728715
4,1,2002,2002-09-22,0.82,0.77833533
4,1,2002,2002-09-30,0.82,0.8056632
4,1,2002,2002-10-08,0.81,0.7891634
4,1,2002,2002-10-16,0.79,0.76248634
4,1,2002,2002-10-24,0.79,0.74043137
4,1,2002,2002-11-01,0.78,0.7377484
4,1,2002,2002-11-09,0.78,0.7279726
4,1,2002,2002-11-17,0.78,0.73311687
4,1,2002,2002-11-25,0.69,0.73240614
4,1,2002,2002-12-03,0.7,0.5621817
4,1,2002,2002-12-11,0.62,0.5679618
4,1,2002,2002-12-19,0.54,0.4916574
4,1,2002,2002-12-27,0.22,0.34563994
4,1,2003,2003-07-04,0.15,0.15455052
4,1,2003,2003-07-12,0.14,0.18354377
4,1,2003,2003-07-20,0.2,0.20072952
4,1,2003,2003-07-28,0.3,0.257264
4,1,2003,2003-08-05,0.3,0.3806378
4,1,2003,2003-08-13,0.34,0.4375438
4,1,2003,2003-08-21,0.5,0.5114491
4,1,2003,2003-08-29,0.66,0.6380646
4,1,2003,2003-09-06,0.63,0.7620716
4,1,2003,2003-09-14,0.66,0.66374505
4,1,2003,2003-09-22,0.66,0.66211754
4,1,2003,2003-09-30,0.68,0.6528413
4,1,2003,2003-10-08,0.65,0.6687542
4,1,2003,2003-10-16,0.68,0.60876095
4,1,2003,2003-10-24,0.64,0.63888276
4,1,2003,2003-11-01,0.64,0.5909155
4,1,2003,2003-11-09,0.62,0.5836216
4,1,2003,2003-11-17,0.54,0.56982344
4,1,2003,2003-11-25,0.4,0.45652896
4,1,2003,2003-12-03,0.31,0.23788314
4,1,2003,2003-12-11,0.27,0.18274805
4,1,2003,2003-12-19,0.17,0.18368329
4,1,2003,2003-12-27,0.13,0.13554245
4,1,2004,2004-07-03,0.17,0.16856198
4,1,2004,2004-07-11,0.17,0.23053092
4,1,2004,2004-07-19,0.41,0.21946372
4,1,2004,2004-07-27,0.57,0.52275836
4,1,2004,2004-08-04,0.58,0.6837115
4,1,2004,2004-08-12,0.56,0.64752907
4,1,2004,2004-08-20,0.57,0.5640609
4,1,2004,2004-08-28,0.57,0.5932507
4,1,2004,2004-09-05,0.57,0.62520224
4,1,2004,2004-09-13,0.57,0.5846439
4,1,2004,2004-09-21,0.59,0.5620621
4,1,2004,2004-09-29,0.59,0.5827807
4,1,2004,2004-10-07,0.57,0.58623856
4,1,2004,2004-10-15,0.53,0.5392799
4,1,2004,2004-10-23,0.55,0.48625776
4,1,2004,2004-10-31,0.62,0.5079724
4,1,2004,2004-11-08,0.53,0.62212783
4,1,2004,2004-11-16,0.48,0.49957532
4,1,2004,2004-11-24,0.36,0.37452656
4,1,2004,2004-12-02,0.39,0.2168282
4,1,2004,2004-12-10,0.19,0.2689727
4,1,2004,2004-12-18,0.16,0.1373305
4,1,2004,2004-12-26,0.15,0.12406354
4,1,2005,2005-07-04,0.17,0.14954922
4,1,2005,2005-07-12,0.19,0.24734636
4,1,2005,2005-07-20,0.13,0.25571328
4,1,2005,2005-07-28,0.55,0.26618114
4,1,2005,2005-08-05,0.58,0.72011757
4,1,2005,2005-08-13,0.65,0.68351257
4,1,2005,2005-08-21,0.61,0.6950346
4,1,2005,2005-08-29,0.66,0.5968007
4,1,2005,2005-09-06,0.64,0.636896
4,1,2005,2005-09-14,0.6,0.6142813
4,1,2005,2005-09-22,0.6,0.5476949
4,1,2005,2005-09-30,0.57,0.5502521
4,1,2005,2005-10-08,0.57,0.52998024
4,1,2005,2005-10-16,0.56,0.52675986
4,1,2005,2005-10-24,0.55,0.5124492
4,1,2005,2005-11-01,0.56,0.51652944
4,1,2005,2005-11-09,0.53,0.5610683
4,1,2005,2005-11-17,0.5,0.49474287
4,1,2005,2005-11-25,0.53,0.42627195
4,1,2005,2005-12-03,0.57,0.4470729
4,1,2005,2005-12-11,0.52,0.5491213
4,1,2005,2005-12-19,0.42,0.44713247
4,1,2005,2005-12-27,0.25,0.3089731
4,1,2006,2006-07-04,0.11,0.16159615
4,1,2006,2006-07-12,0.16,0.18267013
4,1,2006,2006-07-20,0.18,0.23331735
4,1,2006,2006-07-28,0.19,0.2223596
4,1,2006,2006-08-05,0.37,0.38573474
4,1,2006,2006-08-13,0.64,0.50679505
4,1,2006,2006-08-21,0.67,0.788385
4,1,2006,2006-08-29,0.79,0.7118989
4,1,2006,2006-09-06,0.79,0.80769503
4,1,2006,2006-09-14,0.78,0.7752257
4,1,2006,2006-09-22,0.81,0.71767926
4,1,2006,2006-09-30,0.78,0.7527674
4,1,2006,2006-10-08,0.83,0.7027816
4,1,2006,2006-10-16,0.83,0.7745604
4,1,2006,2006-10-24,0.84,0.77488595
4,1,2006,2006-11-01,0.81,0.77692884
4,1,2006,2006-11-09,0.79,0.73096657
4,1,2006,2006-11-17,0.78,0.69312197
4,1,2006,2006-11-25,0.65,0.6856148
4,1,2006,2006-12-03,0.46,0.503144
4,1,2006,2006-12-11,0.25,0.261896
4,1,2006,2006-12-19,0.25,0.114463866
4,1,2006,2006-12-27,0.15,0.13255157
4,1,2007,2007-07-04,0.08,0.10525501
4,1,2007,2007-07-12,0.13,0.13585167
4,1,2007,2007-07-20,0.2,0.19930287
4,1,2007,2007-07-28,0.37,0.2779966
4,1,2007,2007-08-05,0.44,0.47211456
4,1,2007,2007-08-13,0.46,0.57197225
4,1,2007,2007-08-21,0.6,0.6073513
4,1,2007,2007-08-29,0.63,0.7013477
4,1,2007,2007-09-06,0.59,0.7011352
4,1,2007,2007-09-14,0.71,0.609015
4,1,2007,2007-09-22,0.48,0.7156458
4,1,2007,2007-09-30,0.53,0.39675382
4,1,2007,2007-10-08,0.55,0.39640146
4,1,2007,2007-10-16,0.57,0.53972316
4,1,2007,2007-10-24,0.59,0.5968861
4,1,2007,2007-11-01,0.58,0.6052637
4,1,2007,2007-11-09,0.56,0.5666116
4,1,2007,2007-11-17,0.57,0.51777285
4,1,2007,2007-11-25,0.54,0.53215957
4,1,2007,2007-12-03,0.53,0.46315265
4,1,2007,2007-12-11,0.41,0.39339918
4,1,2007,2007-12-19,0.34,0.2325647
4,1,2007,2007-12-27,0.17,0.21878135
4,1,2008,2008-07-03,0.13,0.12541988
4,1,2008,2008-07-11,0.11,0.17408085
4,1,2008,2008-07-19,0.15,0.15947944
4,1,2008,2008-07-27,0.32,0.22848345
4,1,2008,2008-08-04,0.54,0.46874347
4,1,2008,2008-08-12,0.66,0.6807147
4,1,2008,2008-08-20,0.7,0.74951696
4,1,2008,2008-08-28,0.65,0.74949086
4,1,2008,2008-09-05,0.74,0.6553275
4,1,2008,2008-09-13,0.38,0.7167201
4,1,2008,2008-09-21,0.37,0.2978543
4,1,2008,2008-09-29,0.38,0.14966285
4,1,2008,2008-10-07,0.38,0.25753763
4,1,2008,2008-10-15,0.4,0.3948699
4,1,2008,2008-10-23,0.42,0.4363999
4,1,2008,2008-10-31,0.39,0.45587087
4,1,2008,2008-11-08,0.42,0.40499368
4,1,2008,2008-11-16,0.38,0.42434573
4,1,2008,2008-11-24,0.47,0.38173273
4,1,2008,2008-12-02,0.34,0.48519504
4,1,2008,2008-12-10,0.38,0.32578248
4,1,2008,2008-12-18,0.52,0.32244653
4,1,2008,2008-12-26,0.46,0.51150143
4,1,2009,2009-07-04,0.13,0.14980341
4,1,2009,2009-07-12,0.09,0.17867738
4,1,2009,2009-07-20,0.15,0.12809892
4,1,2009,2009-07-28,0.22,0.2110366
4,1,2009,2009-08-05,0.29,0.33465284
4,1,2009,2009-08-13,0.43,0.46202898
4,1,2009,2009-08-21,0.43,0.600953
4,1,2009,2009-08-29,0.63,0.5476483
4,1,2009,2009-09-06,0.56,0.7006209
4,1,2009,2009-09-14,0.63,0.5962043
4,1,2009,2009-09-22,0.61,0.53854555
4,1,2009,2009-09-30,0.57,0.51082385
4,1,2009,2009-10-08,0.6,0.5048995
4,1,2009,2009-10-16,0.59,0.56136185
4,1,2009,2009-10-24,0.58,0.5720616
4,1,2009,2009-11-01,0.59,0.5600983
4,1,2009,2009-11-09,0.58,0.55848134
4,1,2009,2009-11-17,0.52,0.55629504
4,1,2009,2009-11-25,0.38,0.46815464
4,1,2009,2009-12-03,0.33,0.31823045
4,1,2009,2009-12-11,0.21,0.2376799
4,1,2009,2009-12-19,0.27,0.17454812
4,1,2009,2009-12-27,0.15,0.32017642
4,1,2010,2010-07-04,0.09,0.13824463
4,1,2010,2010-07-12,0.07,0.14739536
4,1,2010,2010-07-20,0.13,0.11482085
4,1,2010,2010-07-28,0.13,0.1998185
4,1,2010,2010-08-05,0.19,0.20399179
4,1,2010,2010-08-13,0.49,0.29732597
4,1,2010,2010-08-21,0.33,0.65161866
4,1,2010,2010-08-29,0.37,0.4603753
4,1,2010,2010-09-06,0.44,0.46582133
4,1,2010,2010-09-14,0.36,0.47864544
4,1,2010,2010-09-22,0.33,0.4002392
4,1,2010,2010-09-30,0.34,0.32755026
4,1,2010,2010-10-08,0.33,0.32876804
4,1,2010,2010-10-16,0.32,0.3519103
4,1,2010,2010-10-24,0.36,0.34471813
4,1,2010,2010-11-01,0.35,0.392479
4,1,2010,2010-11-09,0.34,0.38221797
4,1,2010,2010-11-17,0.4,0.36389923
4,1,2010,2010-11-25,0.33,0.41294336
4,1,2010,2010-12-03,0.36,0.29113764
4,1,2010,2010-12-11,0.31,0.31881955
4,1,2010,2010-12-19,0.29,0.25889224
4,1,2010,2010-12-27,0.28,0.28911948
4,1,2011,2011-07-04,0.14,0.15796436
4,1,2011,2011-07-12,0.15,0.19258483
4,1,2011,2011-07-20,0.19,0.1915961
4,1,2011,2011-07-28,0.39,0.24694096
4,1,2011,2011-08-05,0.28,0.46986628
4,1,2011,2011-08-13,0.38,0.36869732
4,1,2011,2011-08-21,0.65,0.5277072
4,1,2011,2011-08-29,0.36,0.7172966
4,1,2011,2011-09-06,0.39,0.4227377
4,1,2011,2011-09-14,0.38,0.3221773
4,1,2011,2011-09-22,0.36,0.34249914
4,1,2011,2011-09-30,0.36,0.3493533
4,1,2011,2011-10-08,0.38,0.35622534
4,1,2011,2011-10-16,0.43,0.39183846
4,1,2011,2011-10-24,0.42,0.45305237
4,1,2011,2011-11-01,0.45,0.4472948
4,1,2011,2011-11-09,0.44,0.4672922
4,1,2011,2011-11-17,0.49,0.44146207
4,1,2011,2011-11-25,0.5,0.5128229
4,1,2011,2011-12-03,0.45,0.49900708
4,1,2011,2011-12-11,0.43,0.4344201
4,1,2011,2011-12-19,0.38,0.3890465
4,1,2011,2011-12-27,0.43,0.33787298
4,1,2012,2012-07-03,0.13,0.15939595
4,1,2012,2012-07-11,0.19,0.1871684
4,1,2012,2012-07-19,0.17,0.24881555
4,1,2012,2012-07-27,0.14,0.23357792
4,1,2012,2012-08-04,0.16,0.2580758
4,1,2012,2012-08-12,0.21,0.20742191
4,1,2012,2012-08-20,0.42,0.31911373
4,1,2012,2012-08-28,0.42,0.60696274
4,1,2012,2012-09-05,0.41,0.48674393
4,1,2012,2012-09-13,0.27,0.41579178
4,1,2012,2012-09-21,0.28,0.23561816
4,1,2012,2012-09-29,0.31,0.2541113
4,1,2012,2012-10-07,0.25,0.33119023
4,1,2012,2012-10-15,0.25,0.29052126
4,1,2012,2012-10-23,0.23,0.30194572
4,1,2012,2012-10-31,0.21,0.27414823
4,1,2012,2012-11-08,0.19,0.27158117
4,1,2012,2012-11-16,0.14,0.24261028
4,1,2012,2012-11-24,0.11,0.21477173
4,1,2012,2012-12-02,0.13,0.18825422
4,1,2012,2012-12-10,0.3,0.20324647
4,1,2012,2012-12-18,0.35,0.40638933
4,1,2012,2012-12-26,0.17,0.42202792
4,2,2001,2001-07-04,0.23,0.28393623
4,2,2001,2001-07-12,0.23,0.30660516
4,2,2001,2001-07-20,0.35,0.35239667
4,2,2001,2001-07-28,0.63,0.4648586
4,2,2001,2001-08-05,0.76,0.7893945
4,2,2001,2001-08-13,0.78,0.84417343
4,2,2001,2001-08-21,0.84,0.81006116
4,2,2001,2001-08-29,0.91,0.8415781
4,2,2001,2001-09-06,0.91,0.8903203
4,2,2001,2001-09-14,0.9,0.8589529
4,2,2001,2001-09-22,0.91,0.82564735
4,2,2001,2001-09-30,0.91,0.84323037
4,2,2001,2001-10-08,0.91,0.84589416
4,2,2001,2001-10-16,0.91,0.8385852
4,2,2001,2001-10-24,0.92,0.8400706
4,2,2001,2001-11-01,0.92,0.85676825
4,2,2001,2001-11-09,0.93,0.85225886
4,2,2001,2001-11-17,0.94,0.8631216
4,2,2001,2001-11-25,0.92,0.88091856
4,2,2001,2001-12-03,0.91,0.8421699
4,2,2001,2001-12-11,0.9,0.8260828
4,2,2001,2001-12-19,0.83,0.81541747
4,2,2001,2001-12-27,0.72,0.6820781
4,2,2002,2002-07-04,0.09,0.18429776
4,2,2002,2002-07-12,0.21,0.17223607
4,2,2002,2002-07-20,0.34,0.31272352
4,2,2002,2002-07-28,0.44,0.46576393
4,2,2002,2002-08-05,0.7,0.61413175
4,2,2002,2002-08-13,0.82,0.82762265
4,2,2002,2002-08-21,0.82,0.8655456
4,2,2002,2002-08-29,0.83,0.8278029
4,2,2002,2002-09-06,0.78,0.80974716
4,2,2002,2002-09-14,0.77,0.7031833
4,2,2002,2002-09-22,0.77,0.68448603
4,2,2002,2002-09-30,0.76,0.7106413
4,2,2002,2002-10-08,0.75,0.7027143
4,2,2002,2002-10-16,0.75,0.68884903
4,2,2002,2002-10-24,0.74,0.6945199
4,2,2002,2002-11-01,0.75,0.68728876
4,2,2002,2002-11-09,0.78,0.70456815
4,2,2002,2002-11-17,0.82,0.75424916
4,2,2002,2002-11-25,0.8,0.80391043
4,2,2002,2002-12-03,0.83,0.7464143
4,2,2002,2002-12-11,0.74,0.78089553
4,2,2002,2002-12-19,0.68,0.62334937
4,2,2002,2002-12-27,0.26,0.48996496
4,2,2003,2003-07-04,0.15,0.11556867
4,2,2003,2003-07-12,0.22,0.20790249
4,2,2003,2003-07-20,0.19,0.32278532
4,2,2003,2003-07-28,0.36,0.30917734
4,2,2003,2003-08-05,0.54,0.49972853
4,2,2003,2003-08-13,0.52,0.70267445
4,2,2003,2003-08-21,0.61,0.636706
4,2,2003,2003-08-29,0.62,0.6615405
4,2,2003,2003-09-06,0.68,0.64058894
4,2,2003,2003-09-14,0.7,0.67648876
4,2,2003,2003-09-22,0.7,0.6831852
4,2,2003,2003-09-30,0.7,0.66619277
4,2,2003,2003-10-08,0.71,0.6496362
4,2,2003,2003-10-16,0.72,0.6594883
4,2,2003,2003-10-24,0.73,0.6754929
4,2,2003,2003-11-01,0.75,0.6837473
4,2,2003,2003-11-09,0.73,0.7110221
4,2,2003,2003-11-17,0.72,0.6833763
4,2,2003,2003-11-25,0.6,0.67142093
4,2,2003,2003-12-03,0.39,0.4601543
4,2,2003,2003-12-11,0.3,0.17823543
4,2,2003,2003-12-19,0.08,0.12724203
4,2,2003,2003-12-27,0.06,0.020724148
4,2,2004,2004-07-03,0.11,0.12132561
4,2,2004,2004-07-11,0.16,0.18388554
4,2,2004,2004-07-19,0.48,0.25065973
4,2,2004,2004-07-27,0.65,0.5948877
4,2,2004,2004-08-04,0.68,0.7615452
4,2,2004,2004-08-12,0.67,0.7513827
4,2,2004,2004-08-20,0.68,0.671669
4,2,2004,2004-08-28,0.71,0.6631666
4,2,2004,2004-09-05,0.63,0.6897683
4,2,2004,2004-09-13,0.65,0.5824454
4,2,2004,2004-09-21,0.64,0.593687
4,2,2004,2004-09-29,0.65,0.59720683
4,2,2004,2004-10-07,0.6,0.61214113
4,2,2004,2004-10-15,0.59,0.54088485
4,2,2004,2004-10-23,0.63,0.52710825
4,2,2004,2004-10-31,0.64,0.60414267
4,2,2004,2004-11-08,0.65,0.63356376
4,2,2004,2004-11-16,0.6,0.6258079
4,2,2004,2004-11-24,0.54,0.53560376
4,2,2004,2004-12-02,0.44,0.39693627
4,2,2004,2004-12-10,0.16,0.23069793
4,2,2004,2004-12-18,0.12,0.052292258
4,2,2004,2004-12-26,0.11,0.057044476
4,2,2005,2005-07-04,0.12,0.09968531
4,2,2005,2005-07-12,0.13,0.18992363
4,2,2005,2005-07-20,0.14,0.20357475
4,2,2005,2005-07-28,0.58,0.31996995
4,2,2005,2005-08-05,0.56,0.75702864
4,2,2005,2005-08-13,0.71,0.6775361
4,2,2005,2005-08-21,0.71,0.75499415
4,2,2005,2005-08-29,0.77,0.7102188
4,2,2005,2005-09-06,0.69,0.7605233
4,2,2005,2005-09-14,0.68,0.59093475
4,2,2005,2005-09-22,0.65,0.56925523
4,2,2005,2005-09-30,0.62,0.55705327
4,2,2005,2005-10-08,0.61,0.5422606
4,2,2005,2005-10-16,0.63,0.5254469
4,2,2005,2005-10-24,0.6,0.5723958
4,2,2005,2005-11-01,0.61,0.5622325
4,2,2005,2005-11-09,0.61,0.57635885
4,2,2005,2005-11-17,0.62,0.58072925
4,2,2005,2005-11-25,0.66,0.5757716
4,2,2005,2005-12-03,0.68,0.6097504
4,2,2005,2005-12-11,0.61,0.61227024
4,2,2005,2005-12-19,0.5,0.42435604
4,2,2005,2005-12-27,0.3,0.30018878
4,2,2006,2006-07-04,0.07,0.11904864
4,2,2006,2006-07-12,0.15,0.14037487
4,2,2006,2006-07-20,0.19,0.21843511
4,2,2006,2006-07-28,0.17,0.2512894
4,2,2006,2006-08-05,0.56,0.3725249
4,2,2006,2006-08-13,0.68,0.7023226
4,2,2006,2006-08-21,0.67,0.7921635
4,2,2006,2006-08-29,0.77,0.6981262
4,2,2006,2006-09-06,0.79,0.7811869
4,2,2006,2006-09-14,0.78,0.75785923
4,2,2006,2006-09-22,0.8,0.7172687
4,2,2006,2006-09-30,0.77,0.7253778
4,2,2006,2006-10-08,0.8,0.67637837
4,2,2006,2006-10-16,0.8,0.72287256
4,2,2006,2006-10-24,0.82,0.73985887
4,2,2006,2006-11-01,0.81,0.752637
4,2,2006,2006-11-09,0.8,0.73701906
4,2,2006,2006-11-17,0.81,0.7178584
4,2,2006,2006-11-25,0.77,0.73926675
4,2,2006,2006-12-03,0.66,0.6928558
4,2,2006,2006-12-11,0.37,0.5152775
4,2,2006,2006-12-19,0.37,0.13974774
4,2,2006,2006-12-27,0.18,0.16285647
4,2,2007,2007-07-04,0.02,0.079814225
4,2,2007,2007-07-12,0.07,0.081543356
4,2,2007,2007-07-20,0.21,0.15634415
4,2,2007,2007-07-28,0.57,0.3090062
4,2,2007,2007-08-05,0.61,0.69104207
4,2,2007,2007-08-13,0.61,0.7468926
4,2,2007,2007-08-21,0.75,0.69765544
4,2,2007,2007-08-29,0.77,0.77631366
4,2,2007,2007-09-06,0.71,0.79028916
4,2,2007,2007-09-14,0.78,0.6750003
4,2,2007,2007-09-22,0.58,0.7359271
4,2,2007,2007-09-30,0.58,0.42591566
4,2,2007,2007-10-08,0.61,0.3977073
4,2,2007,2007-10-16,0.6,0.54870975
4,2,2007,2007-10-24,0.62,0.58585113
4,2,2007,2007-11-01,0.59,0.6072729
4,2,2007,2007-11-09,0.61,0.55414426
4,2,2007,2007-11-17,0.62,0.57181937
4,2,2007,2007-11-25,0.64,0.59895
4,2,2007,2007-12-03,0.64,0.6135031
4,2,2007,2007-12-11,0.59,0.5695505
4,2,2007,2007-12-19,0.41,0.38831788
4,2,2007,2007-12-27,0.28,0.2153389
4,2,2008,2008-07-03,0.06,0.08280152
4,2,2008,2008-07-11,0.07,0.09932494
4,2,2008,2008-07-19,0.18,0.12240881
4,2,2008,2008-07-27,0.37,0.2900089
4,2,2008,2008-08-04,0.56,0.5872083
4,2,2008,2008-08-12,0.63,0.70427763
4,2,2008,2008-08-20,0.65,0.7118989
4,2,2008,2008-08-28,0.67,0.6929785
4,2,2008,2008-09-05,0.71,0.68533874
4,2,2008,2008-09-13,0.54,0.6874433
4,2,2008,2008-09-21,0.47,0.43718427
4,2,2008,2008-09-29,0.41,0.24425435
4,2,2008,2008-10-07,0.4,0.25000286
4,2,2008,2008-10-15,0.42,0.33684662
4,2,2008,2008-10-23,0.42,0.41661423
4,2,2008,2008-10-31,0.43,0.43460792
4,2,2008,2008-11-08,0.45,0.4329838
4,2,2008,2008-11-16,0.47,0.4596964
4,2,2008,2008-11-24,0.5,0.48624048
4,2,2008,2008-12-02,0.49,0.5209948
4,2,2008,2008-12-10,0.52,0.49530247
4,2,2008,2008-12-18,0.5,0.5025618
4,2,2008,2008-12-26,0.41,0.4152522
4,2,2009,2009-07-04,0.07,0.10460889
4,2,2009,2009-07-12,0.03,0.11060953
4,2,2009,2009-07-20,0.18,0.07544565
4,2,2009,2009-07-28,0.14,0.28068587
4,2,2009,2009-08-05,0.29,0.26378673
4,2,2009,2009-08-13,0.44,0.48784307
4,2,2009,2009-08-21,0.44,0.58546156
4,2,2009,2009-08-29,0.48,0.5556178
4,2,2009,2009-09-06,0.41,0.5250744
4,2,2009,2009-09-14,0.46,0.4177043
4,2,2009,2009-09-22,0.39,0.40740097
4,2,2009,2009-09-30,0.4,0.31067446
4,2,2009,2009-10-08,0.46,0.33262333
4,2,2009,2009-10-16,0.42,0.4420709
4,2,2009,2009-10-24,0.41,0.4221426
4,2,2009,2009-11-01,0.43,0.40133506
4,2,2009,2009-11-09,0.42,0.4245063
4,2,2009,2009-11-17,0.44,0.42624053
4,2,2009,2009-11-25,0.37,0.45121297
4,2,2009,2009-12-03,0.28,0.3704033
4,2,2009,2009-12-11,0.21,0.25732613
4,2,2009,2009-12-19,0.26,0.20042661
4,2,2009,2009-12-27,0.19,0.28306144
4,2,2010,2010-07-04,0.04,0.09745243
4,2,2010,2010-07-12,0.06,0.09366584
4,2,2010,2010-07-20,0.09,0.100143075
4,2,2010,2010-07-28,0.1,0.1829768
4,2,2010,2010-08-05,0.28,0.15764955
4,2,2010,2010-08-13,0.51,0.4278599
4,2,2010,2010-08-21,0.37,0.66004276
4,2,2010,2010-08-29,0.48,0.5000267
4,2,2010,2010-09-06,0.33,0.50699466
4,2,2010,2010-09-14,0.24,0.28548488
4,2,2010,2010-09-22,0.21,0.20609607
4,2,2010,2010-09-30,0.16,0.17791854
4,2,2010,2010-10-08,0.15,0.19007935
4,2,2010,2010-10-16,0.14,0.22186935
4,2,2010,2010-10-24,0.19,0.20246693
4,2,2010,2010-11-01,0.18,0.27059647
4,2,2010,2010-11-09,0.17,0.25342527
4,2,2010,2010-11-17,0.24,0.24335238
4,2,2010,2010-11-25,0.24,0.3244171
4,2,2010,2010-12-03,0.26,0.2886756
4,2,2010,2010-12-11,0.31,0.28678238
4,2,2010,2010-12-19,0.35,0.31605217
4,2,2010,2010-12-27,0.26,0.3911648
4,2,2011,2011-07-04,0.08,0.110336214
4,2,2011,2011-07-12,0.14,0.12385568
4,2,2011,2011-07-20,0.12,0.1914366
4,2,2011,2011-07-28,0.3,0.16805567
4,2,2011,2011-08-05,0.25,0.37177813
4,2,2011,2011-08-13,0.41,0.34812415
4,2,2011,2011-08-21,0.46,0.57902926
4,2,2011,2011-08-29,0.31,0.5205095
4,2,2011,2011-09-06,0.31,0.34862545
4,2,2011,2011-09-14,0.23,0.24595864
4,2,2011,2011-09-22,0.26,0.1768267
4,2,2011,2011-09-30,0.2,0.23968956
4,2,2011,2011-10-08,0.21,0.19653636
4,2,2011,2011-10-16,0.28,0.2197649
4,2,2011,2011-10-24,0.26,0.30109215
4,2,2011,2011-11-01,0.3,0.30344447
4,2,2011,2011-11-09,0.3,0.33493063
4,2,2011,2011-11-17,0.31,0.32153547
4,2,2011,2011-11-25,0.31,0.35142544
4,2,2011,2011-12-03,0.38,0.34007636
4,2,2011,2011-12-11,0.4,0.42114463
4,2,2011,2011-12-19,0.31,0.4471128
4,2,2011,2011-12-27,0.35,0.3428622
4,2,2012,2012-07-03,0.08,0.109940946
4,2,2012,2012-07-11,0.08,0.13256343
4,2,2012,2012-07-19,0.08,0.14763768
4,2,2012,2012-07-27,0.06,0.13275024
4,2,2012,2012-08-04,0.17,0.17345473
4,2,2012,2012-08-12,0.2,0.24488226
4,2,2012,2012-08-20,0.45,0.33410147
4,2,2012,2012-08-28,0.39,0.59558606
4,2,2012,2012-09-05,0.35,0.4545759
4,2,2012,2012-09-13,0.33,0.33476657
4,2,2012,2012-09-21,0.24,0.27454972
4,2,2012,2012-09-29,0.31,0.22792444
4,2,2012,2012-10-07,0.26,0.2973809
4,2,2012,2012-10-15,0.31,0.2757041
4,2,2012,2012-10-23,0.28,0.3578998
4,2,2012,2012-10-31,0.24,0.31003743
4,2,2012,2012-11-08,0.24,0.27821285
4,2,2012,2012-11-16,0.17,0.2677202
4,2,2012,2012-11-24,0.13,0.20773062
4,2,2012,2012-12-02,0.12,0.17221928
4,2,2012,2012-12-10,0.23,0.19596258
4,2,2012,2012-12-18,0.2,0.32375193
4,2,2012,2012-12-26,0.13,0.25419334
4,3,2001,2001-07-04,0.39,0.46903402
4,3,2001,2001-07-12,0.51,0.47765458
4,3,2001,2001-07-20,0.66,0.6510959
4,3,2001,2001-07-28,0.78,0.7097025
4,3,2001,2001-08-05,0.81,0.84490216
4,3,2001,2001-08-13,0.79,0.8510754
4,3,2001,2001-08-21,0.98,0.7935394
4,3,2001,2001-08-29,0.99,0.94968694
4,3,2001,2001-09-06,0.98,0.9411898
4,3,2001,2001-09-14,0.97,0.8933771
4,3,2001,2001-09-22,0.97,0.8799478
4,3,2001,2001-09-30,0.98,0.885682
4,3,2001,2001-10-08,0.98,0.8958745
4,3,2001,2001-10-16,0.99,0.8960858
4,3,2001,2001-10-24,0.98,0.90472376
4,3,2001,2001-11-01,0.98,0.88622725
4,3,2001,2001-11-09,0.99,0.88912797
4,3,2001,2001-11-17,0.99,0.9019834
4,3,2001,2001-11-25,0.98,0.90249157
4,3,2001,2001-12-03,0.98,0.8859266
4,3,2001,2001-12-11,0.97,0.889826
4,3,2001,2001-12-19,0.84,0.88187385
4,3,2001,2001-12-27,0.64,0.65549344
4,3,2002,2002-07-04,0.12,0.19803157
4,3,2002,2002-07-12,0.3,0.2502588
4,3,2002,2002-07-20,0.73,0.48303166
4,3,2002,2002-07-28,0.74,0.86104536
4,3,2002,2002-08-05,0.89,0.80258083
4,3,2002,2002-08-13,0.95,0.8828122
4,3,2002,2002-08-21,0.95,0.9156292
4,3,2002,2002-08-29,0.97,0.92226464
4,3,2002,2002-09-06,0.95,0.90515953
4,3,2002,2002-09-14,0.96,0.8623857
4,3,2002,2002-09-22,0.96,0.8741187
4,3,2002,2002-09-30,0.96,0.8784927
4,3,2002,2002-10-08,0.96,0.8782588
4,3,2002,2002-10-16,0.96,0.87700754
4,3,2002,2002-10-24,0.96,0.87944615
4,3,2002,2002-11-01,0.98,0.8750971
4,3,2002,2002-11-09,0.98,0.90154994
4,3,2002,2002-11-17,0.98,0.89807427
4,3,2002,2002-11-25,0.97,0.8920421
4,3,2002,2002-12-03,0.95,0.8767747
4,3,2002,2002-12-11,0.82,0.8546324
4,3,2002,2002-12-19,0.56,0.63072
4,3,2002,2002-12-27,0.2,0.20835754
4,3,2003,2003-07-04,0.11,0.07321054
4,3,2003,2003-07-12,0.24,0.1980378
4,3,2003,2003-07-20,0.37,0.38246095
4,3,2003,2003-07-28,0.45,0.59886205
4,3,2003,2003-08-05,0.54,0.6057941
4,3,2003,2003-08-13,0.5,0.6702564
4,3,2003,2003-08-21,0.66,0.56696534
4,3,2003,2003-08-29,0.68,0.71158636
4,3,2003,2003-09-06,0.68,0.7139025
4,3,2003,2003-09-14,0.71,0.67531765
4,3,2003,2003-09-22,0.73,0.68638426
4,3,2003,2003-09-30,0.75,0.70811105
4,3,2003,2003-10-08,0.78,0.7237798
4,3,2003,2003-10-16,0.9,0.7524593
4,3,2003,2003-10-24,0.91,0.88585615
4,3,2003,2003-11-01,0.94,0.8728034
4,3,2003,2003-11-09,0.94,0.8868075
4,3,2003,2003-11-17,0.94,0.8685982
4,3,2003,2003-11-25,0.58,0.8608166
4,3,2003,2003-12-03,0.47,0.3445014
4,3,2003,2003-12-11,0.19,0.15167835
4,3,2003,2003-12-19,0.03,0.041123092
4,3,2003,2003-12-27,0.01,-0.015658915
4,3,2004,2004-07-03,0.3,0.094062954
4,3,2004,2004-07-11,0.28,0.4052949
4,3,2004,2004-07-19,0.43,0.39114392
4,3,2004,2004-07-27,0.61,0.5738434
4,3,2004,2004-08-04,0.61,0.6979543
4,3,2004,2004-08-12,0.64,0.65582615
4,3,2004,2004-08-20,0.64,0.62811774
4,3,2004,2004-08-28,0.66,0.6408236
4,3,2004,2004-09-05,0.66,0.65481734
4,3,2004,2004-09-13,0.68,0.6316562
4,3,2004,2004-09-21,0.69,0.6487226
4,3,2004,2004-09-29,0.76,0.659912
4,3,2004,2004-10-07,0.86,0.743718
4,3,2004,2004-10-15,0.91,0.85049427
4,3,2004,2004-10-23,0.95,0.90271205
4,3,2004,2004-10-31,0.96,0.9093499
4,3,2004,2004-11-08,0.94,0.89757353
4,3,2004,2004-11-16,0.9,0.84899384
4,3,2004,2004-11-24,0.82,0.79215956
4,3,2004,2004-12-02,0.44,0.5000303
4,3,2004,2004-12-10,0.07,0.13219263
4,3,2004,2004-12-18,0.01,0.0664767
4,3,2004,2004-12-26,0.01,0.035586357
4,3,2005,2005-07-04,0.13,0.08577043
4,3,2005,2005-07-12,0.08,0.2882246
4,3,2005,2005-07-20,0.13,0.19047448
4,3,2005,2005-07-28,0.69,0.29446197
4,3,2005,2005-08-05,0.73,0.82523596
4,3,2005,2005-08-13,0.72,0.7927142
4,3,2005,2005-08-21,0.69,0.7053939
4,3,2005,2005-08-29,0.69,0.6195375
4,3,2005,2005-09-06,0.68,0.6193646
4,3,2005,2005-09-14,0.67,0.6143465
4,3,2005,2005-09-22,0.69,0.61074257
4,3,2005,2005-09-30,0.7,0.6427641
4,3,2005,2005-10-08,0.76,0.6778594
4,3,2005,2005-10-16,0.87,0.76771176
4,3,2005,2005-10-24,0.91,0.8785822
4,3,2005,2005-11-01,0.92,0.8979339
4,3,2005,2005-11-09,0.95,0.8715145
4,3,2005,2005-11-17,0.96,0.88143754
4,3,2005,2005-11-25,0.98,0.8741898
4,3,2005,2005-12-03,0.95,0.87519497
4,3,2005,2005-12-11,0.78,0.6923065
4,3,2005,2005-12-19,0.53,0.32150596
4,3,2005,2005-12-27,0.25,0.19526854
4,3,2006,2006-07-04,0.08,0.13435969
4,3,2006,2006-07-12,0.3,0.15788919
4,3,2006,2006-07-20,0.32,0.37506983
4,3,2006,2006-07-28,0.34,0.39034843
4,3,2006,2006-08-05,0.78,0.55702364
4,3,2006,2006-08-13,0.85,0.8735774
4,3,2006,2006-08-21,0.83,0.8689428
4,3,2006,2006-08-29,0.82,0.7875171
4,3,2006,2006-09-06,0.82,0.72637737
4,3,2006,2006-09-14,0.82,0.7270126
4,3,2006,2006-09-22,0.86,0.73189455
4,3,2006,2006-09-30,0.82,0.795467
4,3,2006,2006-10-08,0.85,0.732921
4,3,2006,2006-10-16,0.87,0.787585
4,3,2006,2006-10-24,0.88,0.8377824
4,3,2006,2006-11-01,0.96,0.83781284
4,3,2006,2006-11-09,0.96,0.91513056
4,3,2006,2006-11-17,0.97,0.8977046
4,3,2006,2006-11-25,0.98,0.8914808
4,3,2006,2006-12-03,0.95,0.90293866
4,3,2006,2006-12-11,0.71,0.84364074
4,3,2006,2006-12-19,0.47,0.38216272
4,3,2006,2006-12-27,0.21,0.09720647
4,3,2007,2007-07-04,0.01,0.08014333
4,3,2007,2007-07-12,0.03,0.082636565
4,3,2007,2007-07-20,0.17,0.17607224
4,3,2007,2007-07-28,0.84,0.29170445
4,3,2007,2007-08-05,0.87,0.9013637
4,3,2007,2007-08-13,0.87,0.9338501
4,3,2007,2007-08-21,0.92,0.87593013
4,3,2007,2007-08-29,0.86,0.8795849
4,3,2007,2007-09-06,0.84,0.7545211
4,3,2007,2007-09-14,0.8,0.72506666
4,3,2007,2007-09-22,0.75,0.687305
4,3,2007,2007-09-30,0.74,0.638508
4,3,2007,2007-10-08,0.74,0.6310768
4,3,2007,2007-10-16,0.74,0.6722449
4,3,2007,2007-10-24,0.78,0.6882527
4,3,2007,2007-11-01,0.75,0.74706936
4,3,2007,2007-11-09,0.8,0.71750784
4,3,2007,2007-11-17,0.82,0.77052426
4,3,2007,2007-11-25,0.87,0.7916566
4,3,2007,2007-12-03,0.87,0.84153414
4,3,2007,2007-12-11,0.88,0.81136787
4,3,2007,2007-12-19,0.56,0.7330315
4,3,2007,2007-12-27,0.41,0.25093773
4,3,2008,2008-07-03,0.01,0.07076982
4,3,2008,2008-07-11,0.05,0.06331441
4,3,2008,2008-07-19,0.49,0.10729319
4,3,2008,2008-07-27,0.64,0.62634873
4,3,2008,2008-08-04,0.91,0.8344163
4,3,2008,2008-08-12,0.92,0.9698699
4,3,2008,2008-08-20,0.8,0.9132858
4,3,2008,2008-08-28,0.74,0.71899426
4,3,2008,2008-09-05,0.72,0.53610617
4,3,2008,2008-09-13,0.62,0.57575554
4,3,2008,2008-09-21,0.61,0.4424591
4,3,2008,2008-09-29,0.62,0.45104593
4,3,2008,2008-10-07,0.61,0.5355487
4,3,2008,2008-10-15,0.62,0.56169105
4,3,2008,2008-10-23,0.62,0.5800297
4,3,2008,2008-10-31,0.64,0.59479797
4,3,2008,2008-11-08,0.69,0.6085689
4,3,2008,2008-11-16,0.78,0.68400276
4,3,2008,2008-11-24,0.82,0.78601277
4,3,2008,2008-12-02,0.86,0.8193377
4,3,2008,2008-12-10,0.92,0.83229643
4,3,2008,2008-12-18,0.87,0.8807181
4,3,2008,2008-12-26,0.75,0.6652105
4,3,2009,2009-07-04,0.01,0.06710377
4,3,2009,2009-07-12,0.03,0.06303823
4,3,2009,2009-07-20,0.42,0.094979316
4,3,2009,2009-07-28,0.46,0.6529844
4,3,2009,2009-08-05,0.83,0.6147907
4,3,2009,2009-08-13,0.9,0.9500449
4,3,2009,2009-08-21,0.9,0.9247668
4,3,2009,2009-08-29,0.84,0.8511249
4,3,2009,2009-09-06,0.7,0.6868228
4,3,2009,2009-09-14,0.72,0.44228092
4,3,2009,2009-09-22,0.65,0.5106268
4,3,2009,2009-09-30,0.64,0.50273323
4,3,2009,2009-10-08,0.63,0.5329214
4,3,2009,2009-10-16,0.63,0.55218744
4,3,2009,2009-10-24,0.62,0.5749856
4,3,2009,2009-11-01,0.6,0.56699
4,3,2009,2009-11-09,0.61,0.5479522
4,3,2009,2009-11-17,0.64,0.578838
4,3,2009,2009-11-25,0.63,0.6470294
4,3,2009,2009-12-03,0.48,0.6313944
4,3,2009,2009-12-11,0.35,0.40741026
4,3,2009,2009-12-19,0.29,0.22370276
4,3,2009,2009-12-27,0.1,0.18284978
4,3,2010,2010-07-04,0.09,0.08469954
4,3,2010,2010-07-12,0.24,0.1364009
4,3,2010,2010-07-20,0.16,0.29754353
4,3,2010,2010-07-28,0.17,0.32066682
4,3,2010,2010-08-05,0.47,0.29958504
4,3,2010,2010-08-13,0.63,0.6866603
4,3,2010,2010-08-21,0.43,0.7603357
4,3,2010,2010-08-29,0.53,0.49309093
4,3,2010,2010-09-06,0.48,0.4629352
4,3,2010,2010-09-14,0.39,0.37321743
4,3,2010,2010-09-22,0.5,0.31599417
4,3,2010,2010-09-30,0.47,0.42981523
4,3,2010,2010-10-08,0.44,0.45099092
4,3,2010,2010-10-16,0.47,0.41985255
4,3,2010,2010-10-24,0.51,0.44497335
4,3,2010,2010-11-01,0.52,0.5097565
4,3,2010,2010-11-09,0.56,0.5150324
4,3,2010,2010-11-17,0.65,0.55431366
4,3,2010,2010-11-25,0.74,0.66253984
4,3,2010,2010-12-03,0.78,0.7440312
4,3,2010,2010-12-11,0.59,0.7235152
4,3,2010,2010-12-19,0.41,0.40581143
4,3,2010,2010-12-27,0.16,0.16579604
4,3,2011,2011-07-04,0.09,0.08961815
4,3,2011,2011-07-12,0.25,0.1620893
4,3,2011,2011-07-20,0.2,0.38164014
4,3,2011,2011-07-28,0.82,0.28250122
4,3,2011,2011-08-05,0.81,0.84986573
4,3,2011,2011-08-13,0.87,0.857141
4,3,2011,2011-08-21,0.77,0.87667483
4,3,2011,2011-08-29,0.47,0.6530727
4,3,2011,2011-09-06,0.39,0.24820516
4,3,2011,2011-09-14,0.32,0.17747292
4,3,2011,2011-09-22,0.32,0.18155694
4,3,2011,2011-09-30,0.34,0.29842025
4,3,2011,2011-10-08,0.36,0.35885543
4,3,2011,2011-10-16,0.34,0.38535276
4,3,2011,2011-10-24,0.34,0.36151302
4,3,2011,2011-11-01,0.36,0.36966965
4,3,2011,2011-11-09,0.43,0.39239305
4,3,2011,2011-11-17,0.52,0.48137388
4,3,2011,2011-11-25,0.69,0.5908975
4,3,2011,2011-12-03,0.8,0.75852895
4,3,2011,2011-12-11,0.85,0.83087766
4,3,2011,2011-12-19,0.6,0.80103076
4,3,2011,2011-12-27,0.56,0.383271
4,3,2012,2012-07-03,0.03,0.07027939
4,3,2012,2012-07-11,0.05,0.10644022
4,3,2012,2012-07-19,0.06,0.17070825
4,3,2012,2012-07-27,0.2,0.14045735
4,3,2012,2012-08-04,0.45,0.5319396
4,3,2012,2012-08-12,0.38,0.60557914
4,3,2012,2012-08-20,0.5,0.57216215
4,3,2012,2012-08-28,0.34,0.5419755
4,3,2012,2012-09-05,0.23,0.22341564
4,3,2012,2012-09-13,0.13,0.109524965
4,3,2012,2012-09-21,0.15,0.07322058
4,3,2012,2012-09-29,0.16,0.17187263
4,3,2012,2012-10-07,0.11,0.22113019
4,3,2012,2012-10-15,0.16,0.18348911
4,3,2012,2012-10-23,0.16,0.2305425
4,3,2012,2012-10-31,0.17,0.22284286
4,3,2012,2012-11-08,0.17,0.2464388
4,3,2012,2012-11-16,0.33,0.25954244
4,3,2012,2012-11-24,0.44,0.46189415
4,3,2012,2012-12-02,0.41,0.59060603
4,3,2012,2012-12-10,0.47,0.53706324
4,3,2012,2012-12-18,0.25,0.5469604
4,3,2012,2012-12-26,0.11,0.20088626
4,4,2001,2001-07-04,0.12,0.16784114
4,4,2001,2001-07-12,0.18,0.15761316
4,4,2001,2001-07-20,0.26,0.21485177
4,4,2001,2001-07-28,0.32,0.29029402
4,4,2001,2001-08-05,0.48,0.40392566
4,4,2001,2001-08-13,0.58,0.55903924
4,4,2001,2001-08-21,0.72,0.69503784
4,4,2001,2001-08-29,0.97,0.8042711
4,4,2001,2001-09-06,0.96,0.9706036
4,4,2001,2001-09-14,0.96,0.94255435
4,4,2001,2001-09-22,0.98,0.9017067
4,4,2001,2001-09-30,0.98,0.89420485
4,4,2001,2001-10-08,0.98,0.88764477
4,4,2001,2001-10-16,1.0,0.8822641
4,4,2001,2001-10-24,0.99,0.906641
4,4,2001,2001-11-01,0.99,0.8911909
4,4,2001,2001-11-09,0.99,0.8856589
4,4,2001,2001-11-17,0.99,0.889582
4,4,2001,2001-11-25,0.99,0.889502
4,4,2001,2001-12-03,0.97,0.8896329
4,4,2001,2001-12-11,0.89,0.8633045
4,4,2001,2001-12-19,0.81,0.74175555
4,4,2001,2001-12-27,0.25,0.58966845
4,4,2002,2002-07-04,0.02,0.09567186
4,4,2002,2002-07-12,0.09,0.10121369
4,4,2002,2002-07-20,0.18,0.18657844
4,4,2002,2002-07-28,0.27,0.2840332
4,4,2002,2002-08-05,0.49,0.37803516
4,4,2002,2002-08-13,0.88,0.63117063
4,4,2002,2002-08-21,0.88,0.91765046
4,4,2002,2002-08-29,0.9,0.8757978
4,4,2002,2002-09-06,0.9,0.8985046
4,4,2002,2002-09-14,0.93,0.8504126
4,4,2002,2002-09-22,0.93,0.8665949
4,4,2002,2002-09-30,0.93,0.8550631
4,4,2002,2002-10-08,0.93,0.8452993
4,4,2002,2002-10-16,0.93,0.84349453
4,4,2002,2002-10-24,0.94,0.8487079
4,4,2002,2002-11-01,0.96,0.8563588
4,4,2002,2002-11-09,0.98,0.8799352
4,4,2002,2002-11-17,0.99,0.8967915
4,4,2002,2002-11-25,0.95,0.89931744
4,4,2002,2002-12-03,0.87,0.8374169
4,4,2002,2002-12-11,0.66,0.7110021
4,4,2002,2002-12-19,0.33,0.34337103
4,4,2002,2002-12-27,0.09,0.06059006
4,4,2003,2003-07-04,0.05,0.065662146
4,4,2003,2003-07-12,0.21,0.10601869
4,4,2003,2003-07-20,0.34,0.2889186
4,4,2003,2003-07-28,0.34,0.43771982
4,4,2003,2003-08-05,0.36,0.44129682
4,4,2003,2003-08-13,0.17,0.4756285
4,4,2003,2003-08-21,0.19,0.33873802
4,4,2003,2003-08-29,0.45,0.3098457
4,4,2003,2003-09-06,0.37,0.5858005
4,4,2003,2003-09-14,0.58,0.46845573
4,4,2003,2003-09-22,0.63,0.6685101
4,4,2003,2003-09-30,0.71,0.675349
4,4,2003,2003-10-08,0.73,0.740504
4,4,2003,2003-10-16,0.86,0.72692937
4,4,2003,2003-10-24,0.87,0.8494183
4,4,2003,2003-11-01,0.91,0.8405007
4,4,2003,2003-11-09,0.94,0.86408323
4,4,2003,2003-11-17,0.84,0.88183796
4,4,2003,2003-11-25,0.5,0.7186283
4,4,2003,2003-12-03,0.27,0.2635868
4,4,2003,2003-12-11,0.19,0.05435151
4,4,2003,2003-12-19,0.01,0.047275662
4,4,2003,2003-12-27,0.0,-0.037685603
4,4,2004,2004-07-03,0.1,0.083524525
4,4,2004,2004-07-11,0.35,0.15757093
4,4,2004,2004-07-19,0.37,0.48364946
4,4,2004,2004-07-27,0.24,0.48839307
4,4,2004,2004-08-04,0.15,0.3459616
4,4,2004,2004-08-12,0.29,0.16946356
4,4,2004,2004-08-20,0.34,0.26084155
4,4,2004,2004-08-28,0.47,0.36860037
4,4,2004,2004-09-05,0.51,0.5868186
4,4,2004,2004-09-13,0.54,0.55316985
4,4,2004,2004-09-21,0.56,0.5942234
4,4,2004,2004-09-29,0.63,0.5911344
4,4,2004,2004-10-07,0.8,0.65811205
4,4,2004,2004-10-15,0.88,0.8116543
4,4,2004,2004-10-23,0.97,0.88637066
4,4,2004,2004-10-31,0.99,0.93721265
4,4,2004,2004-11-08,0.96,0.9307933
4,4,2004,2004-11-16,0.74,0.8663442
4,4,2004,2004-11-24,0.39,0.4591422
4,4,2004,2004-12-02,0.21,0.09230426
4,4,2004,2004-12-10,0.02,0.09468812
4,4,2004,2004-12-18,0.0,0.034137577
4,4,2004,2004-12-26,0.0,0.01665631
4,4,2005,2005-07-04,0.04,0.0739508
4,4,2005,2005-07-12,0.05,0.119975954
4,4,2005,2005-07-20,0.13,0.20349889
4,4,2005,2005-07-28,0.19,0.25123495
4,4,2005,2005-08-05,0.27,0.2562166
4,4,2005,2005-08-13,0.27,0.30198947
4,4,2005,2005-08-21,0.4,0.3368565
4,4,2005,2005-08-29,0.48,0.47845078
4,4,2005,2005-09-06,0.52,0.5732562
4,4,2005,2005-09-14,0.53,0.5775664
4,4,2005,2005-09-22,0.54,0.54814655
4,4,2005,2005-09-30,0.55,0.5341103
4,4,2005,2005-10-08,0.63,0.5495906
4,4,2005,2005-10-16,0.82,0.6740655
4,4,2005,2005-10-24,0.91,0.85566795
4,4,2005,2005-11-01,0.95,0.92240703
4,4,2005,2005-11-09,0.98,0.92665136
4,4,2005,2005-11-17,0.97,0.909066
4,4,2005,2005-11-25,0.96,0.80717516
4,4,2005,2005-12-03,0.83,0.6883131
4,4,2005,2005-12-11,0.41,0.46142513
4,4,2005,2005-12-19,0.12,0.1421358
4,4,2005,2005-12-27,0.18,0.09096828
4,4,2006,2006-07-04,0.04,0.08662751
4,4,2006,2006-07-12,0.19,0.09836051
4,4,2006,2006-07-20,0.23,0.24931547
4,4,2006,2006-07-28,0.2,0.29677492
4,4,2006,2006-08-05,0.52,0.27420127
4,4,2006,2006-08-13,0.63,0.61081105
4,4,2006,2006-08-21,0.56,0.6780252
4,4,2006,2006-08-29,0.65,0.5873673
4,4,2006,2006-09-06,0.65,0.6444756
4,4,2006,2006-09-14,0.68,0.6366737
4,4,2006,2006-09-22,0.71,0.65213084
4,4,2006,2006-09-30,0.7,0.6687206
4,4,2006,2006-10-08,0.73,0.6477152
4,4,2006,2006-10-16,0.76,0.69226897
4,4,2006,2006-10-24,0.76,0.76499164
4,4,2006,2006-11-01,0.9,0.76287633
4,4,2006,2006-11-09,0.94,0.89115703
4,4,2006,2006-11-17,0.97,0.91308886
4,4,2006,2006-11-25,0.96,0.9100904
4,4,2006,2006-12-03,0.89,0.8667239
4,4,2006,2006-12-11,0.39,0.70457083
4,4,2006,2006-12-19,0.31,0.22994256
4,4,2006,2006-12-27,0.11,0.14502499
4,4,2007,2007-07-04,0.01,0.06644097
4,4,2007,2007-07-12,0.02,0.075517595
4,4,2007,2007-07-20,0.06,0.13129415
4,4,2007,2007-07-28,0.72,0.16174804
4,4,2007,2007-08-05,0.72,0.79973084
4,4,2007,2007-08-13,0.72,0.80094904
4,4,2007,2007-08-21,0.84,0.75480115
4,4,2007,2007-08-29,0.74,0.80354357
4,4,2007,2007-09-06,0.71,0.6791639
4,4,2007,2007-09-14,0.75,0.6093904
4,4,2007,2007-09-22,0.66,0.6798164
4,4,2007,2007-09-30,0.71,0.5769695
4,4,2007,2007-10-08,0.73,0.63724685
4,4,2007,2007-10-16,0.7,0.687737
4,4,2007,2007-10-24,0.74,0.6549098
4,4,2007,2007-11-01,0.76,0.69022673
4,4,2007,2007-11-09,0.76,0.75190616
4,4,2007,2007-11-17,0.79,0.7428269
4,4,2007,2007-11-25,0.82,0.76596785
4,4,2007,2007-12-03,0.83,0.78249776
4,4,2007,2007-12-11,0.76,0.7594212
4,4,2007,2007-12-19,0.18,0.44145817
4,4,2007,2007-12-27,0.18,0.0895856
4,4,2008,2008-07-03,0.01,0.057016164
4,4,2008,2008-07-11,0.02,0.068834424
4,4,2008,2008-07-19,0.52,0.077715665
4,4,2008,2008-07-27,0.29,0.6123876
4,4,2008,2008-08-04,0.8,0.50541735
4,4,2008,2008-08-12,0.73,0.90686053
4,4,2008,2008-08-20,0.59,0.73944235
4,4,2008,2008-08-28,0.58,0.5722756
4,4,2008,2008-09-05,0.6,0.4149937
4,4,2008,2008-09-13,0.51,0.5101502
4,4,2008,2008-09-21,0.53,0.44269943
4,4,2008,2008-09-29,0.53,0.4469662
4,4,2008,2008-10-07,0.53,0.4905963
4,4,2008,2008-10-15,0.52,0.51968277
4,4,2008,2008-10-23,0.53,0.49248207
4,4,2008,2008-10-31,0.57,0.5123915
4,4,2008,2008-11-08,0.6,0.5716051
4,4,2008,2008-11-16,0.75,0.6027232
4,4,2008,2008-11-24,0.81,0.76315796
4,4,2008,2008-12-02,0.91,0.81249833
4,4,2008,2008-12-10,0.9,0.88479817
4,4,2008,2008-12-18,0.76,0.8237444
4,4,2008,2008-12-26,0.63,0.41432458
4,4,2009,2009-07-04,0.0,0.057016164
4,4,2009,2009-07-12,0.09,0.060138553
4,4,2009,2009-07-20,0.19,0.14548618
4,4,2009,2009-07-28,0.27,0.42412865
4,4,2009,2009-08-05,0.59,0.3578007
4,4,2009,2009-08-13,0.72,0.78629017
4,4,2009,2009-08-21,0.72,0.77681416
4,4,2009,2009-08-29,0.74,0.68470144
4,4,2009,2009-09-06,0.67,0.6631421
4,4,2009,2009-09-14,0.71,0.56756365
4,4,2009,2009-09-22,0.62,0.6032604
4,4,2009,2009-09-30,0.62,0.5046093
4,4,2009,2009-10-08,0.62,0.5217164
4,4,2009,2009-10-16,0.62,0.5486136
4,4,2009,2009-10-24,0.62,0.5632201
4,4,2009,2009-11-01,0.61,0.5666148
4,4,2009,2009-11-09,0.62,0.56694186
4,4,2009,2009-11-17,0.62,0.58606344
4,4,2009,2009-11-25,0.53,0.6236949
4,4,2009,2009-12-03,0.22,0.5156619
4,4,2009,2009-12-11,0.21,0.17237327
4,4,2009,2009-12-19,0.17,0.12078485
4,4,2009,2009-12-27,0.03,0.114816874
4,4,2010,2010-07-04,0.03,0.06347948
4,4,2010,2010-07-12,0.11,0.080666035
4,4,2010,2010-07-20,0.14,0.18428345
4,4,2010,2010-07-28,0.23,0.22721146
4,4,2010,2010-08-05,0.41,0.33695143
4,4,2010,2010-08-13,0.56,0.59350455
4,4,2010,2010-08-21,0.57,0.69365597
4,4,2010,2010-08-29,0.5,0.6406907
4,4,2010,2010-09-06,0.3,0.5012219
4,4,2010,2010-09-14,0.36,0.1974832
4,4,2010,2010-09-22,0.38,0.26594305
4,4,2010,2010-09-30,0.45,0.3537175
4,4,2010,2010-10-08,0.44,0.4795596
4,4,2010,2010-10-16,0.5,0.4528351
4,4,2010,2010-10-24,0.53,0.513506
4,4,2010,2010-11-01,0.5,0.53506714
4,4,2010,2010-11-09,0.52,0.48748398
4,4,2010,2010-11-17,0.58,0.49456125
4,4,2010,2010-11-25,0.62,0.56952816
4,4,2010,2010-12-03,0.65,0.5896162
4,4,2010,2010-12-11,0.44,0.51972455
4,4,2010,2010-12-19,0.36,0.27614596
4,4,2010,2010-12-27,0.18,0.20770223
4,4,2011,2011-07-04,0.04,0.07867071
4,4,2011,2011-07-12,0.08,0.091959
4,4,2011,2011-07-20,0.12,0.15240993
4,4,2011,2011-07-28,0.38,0.18738608
4,4,2011,2011-08-05,0.44,0.5045849
4,4,2011,2011-08-13,0.52,0.5608724
4,4,2011,2011-08-21,0.58,0.6370523
4,4,2011,2011-08-29,0.48,0.62297785
4,4,2011,2011-09-06,0.43,0.45215195
4,4,2011,2011-09-14,0.39,0.28250152
4,4,2011,2011-09-22,0.45,0.2852267
4,4,2011,2011-09-30,0.46,0.42484036
4,4,2011,2011-10-08,0.48,0.48316094
4,4,2011,2011-10-16,0.5,0.48829573
4,4,2011,2011-10-24,0.5,0.5059324
4,4,2011,2011-11-01,0.53,0.5027807
4,4,2011,2011-11-09,0.56,0.5135231
4,4,2011,2011-11-17,0.62,0.5436283
4,4,2011,2011-11-25,0.67,0.6224084
4,4,2011,2011-12-03,0.73,0.6727054
4,4,2011,2011-12-11,0.7,0.7220956
4,4,2011,2011-12-19,0.37,0.60204506
4,4,2011,2011-12-27,0.32,0.21883129
4,4,2012,2012-07-03,0.03,0.06256643
4,4,2012,2012-07-11,0.05,0.09236556
4,4,2012,2012-07-19,0.04,0.11676061
4,4,2012,2012-07-27,0.1,0.11204001
4,4,2012,2012-08-04,0.17,0.26231864
4,4,2012,2012-08-12,0.27,0.29415286
4,4,2012,2012-08-20,0.24,0.422806
4,4,2012,2012-08-28,0.19,0.36451063
4,4,2012,2012-09-05,0.28,0.25134912
4,4,2012,2012-09-13,0.23,0.3079644
4,4,2012,2012-09-21,0.32,0.26283586
4,4,2012,2012-09-29,0.38,0.38942832
4,4,2012,2012-10-07,0.41,0.4469833
4,4,2012,2012-10-15,0.44,0.47317392
4,4,2012,2012-10-23,0.51,0.47269794
4,4,2012,2012-10-31,0.5,0.5288483
4,4,2012,2012-11-08,0.48,0.50810677
4,4,2012,2012-11-16,0.4,0.47471696
4,4,2012,2012-11-24,0.23,0.38006297
4,4,2012,2012-12-02,0.2,0.20681304
4,4,2012,2012-12-10,0.24,0.1941265
4,4,2012,2012-12-18,0.12,0.27761385
4,4,2012,2012-12-26,0.06,0.12553836
4,5,2001,2001-07-04,0.03,0.0796029
4,5,2001,2001-07-12,0.03,0.07596344
4,5,2001,2001-07-20,0.02,0.075853914
4,5,2001,2001-07-28,0.04,0.07099065
4,5,2001,2001-08-05,0.32,0.16372554
4,5,2001,2001-08-13,0.32,0.4217248
4,5,2001,2001-08-21,0.41,0.47067955
4,5,2001,2001-08-29,0.7,0.58787155
4,5,2001,2001-09-06,0.81,0.80543303
4,5,2001,2001-09-14,0.9,0.828439
4,5,2001,2001-09-22,0.95,0.8902041
4,5,2001,2001-09-30,0.96,0.91271716
4,5,2001,2001-10-08,0.96,0.8975524
4,5,2001,2001-10-16,0.99,0.87437016
4,5,2001,2001-10-24,0.99,0.89897376
4,5,2001,2001-11-01,0.99,0.89188105
4,5,2001,2001-11-09,0.99,0.8823804
4,5,2001,2001-11-17,0.98,0.8816844
4,5,2001,2001-11-25,0.97,0.8695651
4,5,2001,2001-12-03,0.91,0.85965335
4,5,2001,2001-12-11,0.8,0.77999985
4,5,2001,2001-12-19,0.56,0.58293265
4,5,2001,2001-12-27,0.15,0.25042796
4,5,2002,2002-07-04,0.04,0.0651125
4,5,2002,2002-07-12,0.03,0.09883091
4,5,2002,2002-07-20,0.03,0.08226335
4,5,2002,2002-07-28,0.1,0.07795444
4,5,2002,2002-08-05,0.33,0.14666267
4,5,2002,2002-08-13,0.62,0.49104825
4,5,2002,2002-08-21,0.62,0.7122701
4,5,2002,2002-08-29,0.55,0.670964
4,5,2002,2002-09-06,0.56,0.5998568
4,5,2002,2002-09-14,0.85,0.59755695
4,5,2002,2002-09-22,0.92,0.86749065
4,5,2002,2002-09-30,0.97,0.9174043
4,5,2002,2002-10-08,0.99,0.93240064
4,5,2002,2002-10-16,0.97,0.91204876
4,5,2002,2002-10-24,0.98,0.87427974
4,5,2002,2002-11-01,0.98,0.8777799
4,5,2002,2002-11-09,1.0,0.87794197
4,5,2002,2002-11-17,0.97,0.8992307
4,5,2002,2002-11-25,0.89,0.8545873
4,5,2002,2002-12-03,0.74,0.73671967
4,5,2002,2002-12-11,0.39,0.47309607
4,5,2002,2002-12-19,0.24,0.14609392
4,5,2002,2002-12-27,0.11,0.05038005
4,5,2003,2003-07-04,0.02,0.06094992
4,5,2003,2003-07-12,0.18,0.084151566
4,5,2003,2003-07-20,0.32,0.2290057
4,5,2003,2003-07-28,0.31,0.36422023
4,5,2003,2003-08-05,0.41,0.36552858
4,5,2003,2003-08-13,0.23,0.5055703
4,5,2003,2003-08-21,0.24,0.3653581
4,5,2003,2003-08-29,0.45,0.32860392
4,5,2003,2003-09-06,0.45,0.50344634
4,5,2003,2003-09-14,0.65,0.507465
4,5,2003,2003-09-22,0.75,0.7383639
4,5,2003,2003-09-30,0.86,0.7964853
4,5,2003,2003-10-08,0.97,0.86937904
4,5,2003,2003-10-16,0.98,0.94172436
4,5,2003,2003-10-24,0.99,0.92028016
4,5,2003,2003-11-01,0.94,0.9008598
4,5,2003,2003-11-09,0.9,0.81927466
4,5,2003,2003-11-17,0.64,0.77760106
4,5,2003,2003-11-25,0.35,0.38828695
4,5,2003,2003-12-03,0.23,0.09049559
4,5,2003,2003-12-11,0.02,0.0657157
4,5,2003,2003-12-19,0.0,-0.032926798
4,5,2003,2003-12-27,0.0,0.01298359
4,5,2004,2004-07-03,0.06,0.08101043
4,5,2004,2004-07-11,0.13,0.10800654
4,5,2004,2004-07-19,0.19,0.2270432
4,5,2004,2004-07-27,0.19,0.30553323
4,5,2004,2004-08-04,0.17,0.281082
4,5,2004,2004-08-12,0.21,0.2704647
4,5,2004,2004-08-20,0.19,0.22752163
4,5,2004,2004-08-28,0.45,0.22376505
4,5,2004,2004-09-05,0.51,0.5658154
4,5,2004,2004-09-13,0.8,0.58354974
4,5,2004,2004-09-21,0.96,0.8485222
4,5,2004,2004-09-29,0.97,0.92955786
4,5,2004,2004-10-07,0.99,0.93263745
4,5,2004,2004-10-15,0.96,0.93704486
4,5,2004,2004-10-23,0.97,0.86909145
4,5,2004,2004-10-31,0.96,0.8730598
4,5,2004,2004-11-08,0.83,0.843578
4,5,2004,2004-11-16,0.48,0.6302536
4,5,2004,2004-11-24,0.1,0.22346698
4,5,2004,2004-12-02,0.06,0.01988566
4,5,2004,2004-12-10,0.0,0.05191654
4,5,2004,2004-12-18,0.0,0.021369845
4,5,2004,2004-12-26,0.0,0.035364866
4,5,2005,2005-07-04,0.04,0.103842705
4,5,2005,2005-07-12,0.04,0.097124934
4,5,2005,2005-07-20,0.04,0.11689167
4,5,2005,2005-07-28,0.13,0.12566555
4,5,2005,2005-08-05,0.27,0.20785283
4,5,2005,2005-08-13,0.1,0.3341386
4,5,2005,2005-08-21,0.18,0.18715239
4,5,2005,2005-08-29,0.42,0.22040199
4,5,2005,2005-09-06,0.65,0.5672432
4,5,2005,2005-09-14,0.9,0.738364
4,5,2005,2005-09-22,0.98,0.92739356
4,5,2005,2005-09-30,0.95,0.9616367
4,5,2005,2005-10-08,0.98,0.9176333
4,5,2005,2005-10-16,0.99,0.89978665
4,5,2005,2005-10-24,0.99,0.8874874
4,5,2005,2005-11-01,0.97,0.88617915
4,5,2005,2005-11-09,0.96,0.85288763
4,5,2005,2005-11-17,0.86,0.80675155
4,5,2005,2005-11-25,0.71,0.5231655
4,5,2005,2005-12-03,0.42,0.25094125
4,5,2005,2005-12-11,0.13,0.13691834
4,5,2005,2005-12-19,0.05,0.07069436
4,5,2005,2005-12-27,0.1,0.060127407
4,5,2006,2006-07-04,0.08,0.111507356
4,5,2006,2006-07-12,0.13,0.11957285
4,5,2006,2006-07-20,0.13,0.16628112
4,5,2006,2006-07-28,0.06,0.1548745
4,5,2006,2006-08-05,0.43,0.11653896
4,5,2006,2006-08-13,0.58,0.54803395
4,5,2006,2006-08-21,0.49,0.61044186
4,5,2006,2006-08-29,0.59,0.5208173
4,5,2006,2006-09-06,0.63,0.5977912
4,5,2006,2006-09-14,0.85,0.67745376
4,5,2006,2006-09-22,0.98,0.87710804
4,5,2006,2006-09-30,0.98,0.9675421
4,5,2006,2006-10-08,0.97,0.93803775
4,5,2006,2006-10-16,0.98,0.8846444
4,5,2006,2006-10-24,0.97,0.879996
4,5,2006,2006-11-01,1.0,0.86687344
4,5,2006,2006-11-09,0.98,0.89651406
4,5,2006,2006-11-17,0.91,0.86695516
4,5,2006,2006-11-25,0.74,0.7319972
4,5,2006,2006-12-03,0.53,0.4141377
4,5,2006,2006-12-11,0.18,0.1503578
4,5,2006,2006-12-19,0.11,0.019070864
4,5,2006,2006-12-27,0.01,0.0610393
4,5,2007,2007-07-04,0.0,0.070718735
4,5,2007,2007-07-12,0.0,0.07428047
4,5,2007,2007-07-20,0.07,0.088755935
4,5,2007,2007-07-28,0.55,0.14701012
4,5,2007,2007-08-05,0.56,0.6272392
4,5,2007,2007-08-13,0.56,0.6735363
4,5,2007,2007-08-21,0.55,0.6487095
4,5,2007,2007-08-29,0.5,0.540385
4,5,2007,2007-09-06,0.59,0.47072983
4,5,2007,2007-09-14,0.6,0.58020496
4,5,2007,2007-09-22,0.72,0.6484836
4,5,2007,2007-09-30,0.89,0.77478516
4,5,2007,2007-10-08,0.89,0.89931315
4,5,2007,2007-10-16,0.88,0.87211883
4,5,2007,2007-10-24,0.99,0.8217361
4,5,2007,2007-11-01,0.96,0.91630495
4,5,2007,2007-11-09,0.97,0.88213444
4,5,2007,2007-11-17,0.96,0.8722605
4,5,2007,2007-11-25,0.82,0.8354939
4,5,2007,2007-12-03,0.76,0.5510484
4,5,2007,2007-12-11,0.5,0.40083787
4,5,2007,2007-12-19,0.02,0.14853518
4,5,2007,2007-12-27,0.14,0.02117768
4,5,2008,2008-07-03,0.07,0.065671295
4,5,2008,2008-07-11,0.06,0.11692488
4,5,2008,2008-07-19,0.33,0.097447336
4,5,2008,2008-07-27,0.16,0.40759924
4,5,2008,2008-08-04,0.54,0.33250916
4,5,2008,2008-08-12,0.47,0.6870165
4,5,2008,2008-08-20,0.56,0.54640263
4,5,2008,2008-08-28,0.61,0.58358943
4,5,2008,2008-09-05,0.71,0.5798144
4,5,2008,2008-09-13,0.8,0.7022506
4,5,2008,2008-09-21,0.93,0.7756351
4,5,2008,2008-09-29,0.91,0.89283514
4,5,2008,2008-10-07,0.93,0.8860799
4,5,2008,2008-10-15,0.93,0.8742894
4,5,2008,2008-10-23,0.97,0.84140843
4,5,2008,2008-10-31,0.95,0.9025793
4,5,2008,2008-11-08,0.91,0.85556054
4,5,2008,2008-11-16,0.92,0.8009542
4,5,2008,2008-11-24,0.76,0.8155911
4,5,2008,2008-12-02,0.63,0.52089155
4,5,2008,2008-12-10,0.43,0.3081962
4,5,2008,2008-12-18,0.18,0.11955756
4,5,2008,2008-12-26,0.11,-0.00056022406
4,5,2009,2009-07-04,0.02,0.068822086
4,5,2009,2009-07-12,0.05,0.09380588
4,5,2009,2009-07-20,0.34,0.109389246
4,5,2009,2009-07-28,0.38,0.5153254
4,5,2009,2009-08-05,0.45,0.4312957
4,5,2009,2009-08-13,0.45,0.60086906
4,5,2009,2009-08-21,0.45,0.4934007
4,5,2009,2009-08-29,0.51,0.4859807
4,5,2009,2009-09-06,0.78,0.530393
4,5,2009,2009-09-14,0.84,0.8017068
4,5,2009,2009-09-22,0.92,0.8420383
4,5,2009,2009-09-30,0.92,0.904381
4,5,2009,2009-10-08,0.92,0.8702202
4,5,2009,2009-10-16,0.95,0.84574306
4,5,2009,2009-10-24,0.95,0.8630338
4,5,2009,2009-11-01,0.91,0.8685838
4,5,2009,2009-11-09,0.94,0.7995533
4,5,2009,2009-11-17,0.88,0.8330898
4,5,2009,2009-11-25,0.66,0.76087415
4,5,2009,2009-12-03,0.25,0.3904917
4,5,2009,2009-12-11,0.09,0.06981903
4,5,2009,2009-12-19,0.03,0.046391517
4,5,2009,2009-12-27,0.0,0.028001755
4,5,2010,2010-07-04,0.02,0.07745886
4,5,2010,2010-07-12,0.06,0.07569286
4,5,2010,2010-07-20,0.09,0.11967325
4,5,2010,2010-07-28,0.19,0.24102785
4,5,2010,2010-08-05,0.41,0.30941492
4,5,2010,2010-08-13,0.41,0.54762816
4,5,2010,2010-08-21,0.39,0.5023215
4,5,2010,2010-08-29,0.37,0.43492723
4,5,2010,2010-09-06,0.36,0.37896755
4,5,2010,2010-09-14,0.39,0.4462946
4,5,2010,2010-09-22,0.36,0.48451632
4,5,2010,2010-09-30,0.59,0.4465399
4,5,2010,2010-10-08,0.86,0.6629193
4,5,2010,2010-10-16,0.89,0.88404167
4,5,2010,2010-10-24,0.93,0.88695896
4,5,2010,2010-11-01,0.84,0.89177984
4,5,2010,2010-11-09,0.84,0.7212426
4,5,2010,2010-11-17,0.82,0.72905856
4,5,2010,2010-11-25,0.7,0.70475346
4,5,2010,2010-12-03,0.41,0.4593259
4,5,2010,2010-12-11,0.17,0.13051131
4,5,2010,2010-12-19,0.08,0.047668606
4,5,2010,2010-12-27,0.01,0.060673237
4,5,2011,2011-07-04,0.05,0.083622515
4,5,2011,2011-07-12,0.06,0.096904844
4,5,2011,2011-07-20,0.04,0.11519511
4,5,2011,2011-07-28,0.21,0.09920314
4,5,2011,2011-08-05,0.16,0.30840918
4,5,2011,2011-08-13,0.2,0.2849039
4,5,2011,2011-08-21,0.2,0.31501308
4,5,2011,2011-08-29,0.43,0.27250522
4,5,2011,2011-09-06,0.45,0.50127465
4,5,2011,2011-09-14,0.53,0.50254416
4,5,2011,2011-09-22,0.96,0.56226575
4,5,2011,2011-09-30,0.96,0.882256
4,5,2011,2011-10-08,0.95,0.9060644
4,5,2011,2011-10-16,0.97,0.91678685
4,5,2011,2011-10-24,0.98,0.908093
4,5,2011,2011-11-01,0.98,0.9029547
4,5,2011,2011-11-09,0.95,0.85614014
4,5,2011,2011-11-17,0.97,0.819536
4,5,2011,2011-11-25,0.71,0.8482288
4,5,2011,2011-12-03,0.68,0.45044112
4,5,2011,2011-12-11,0.35,0.2605035
4,5,2011,2011-12-19,0.1,0.08040047
4,5,2011,2011-12-27,0.08,0.039717466
4,5,2012,2012-07-03,0.1,0.07390386
4,5,2012,2012-07-11,0.06,0.1537007
4,5,2012,2012-07-19,0.02,0.10591018
4,5,2012,2012-07-27,0.01,0.066909105
4,5,2012,2012-08-04,0.06,0.11294913
4,5,2012,2012-08-12,0.1,0.12898561
4,5,2012,2012-08-20,0.1,0.18577102
4,5,2012,2012-08-28,0.13,0.16477227
4,5,2012,2012-09-05,0.26,0.27634856
4,5,2012,2012-09-13,0.48,0.37053728
4,5,2012,2012-09-21,0.68,0.6087713
4,5,2012,2012-09-29,0.81,0.815794
4,5,2012,2012-10-07,0.9,0.85284233
4,5,2012,2012-10-15,0.92,0.8904345
4,5,2012,2012-10-23,0.93,0.8814122
4,5,2012,2012-10-31,0.88,0.86221045
4,5,2012,2012-11-08,0.77,0.77742887
4,5,2012,2012-11-16,0.45,0.58760405
4,5,2012,2012-11-24,0.14,0.22206931
4,5,2012,2012-12-02,0.07,-0.008448869
4,5,2012,2012-12-10,0.0,0.025987983
4,5,2012,2012-12-18,0.0,-0.012836635
4,5,2012,2012-12-26,0.0,0.023029357
4,6,2001,2001-07-04,0.03,0.062045097
4,6,2001,2001-07-12,0.01,0.07282722
4,6,2001,2001-07-20,0.07,0.056903332
4,6,2001,2001-07-28,0.12,0.12165381
4,6,2001,2001-08-05,0.26,0.18184248
4,6,2001,2001-08-13,0.26,0.30683485
4,6,2001,2001-08-21,0.26,0.32636806
4,6,2001,2001-08-29,0.4,0.3456845
4,6,2001,2001-09-06,0.38,0.49788216
4,6,2001,2001-09-14,0.46,0.4587144
4,6,2001,2001-09-22,0.53,0.532696
4,6,2001,2001-09-30,0.57,0.57071394
4,6,2001,2001-10-08,0.62,0.61450535
4,6,2001,2001-10-16,0.65,0.6377456
4,6,2001,2001-10-24,0.68,0.6533134
4,6,2001,2001-11-01,0.65,0.66937673
4,6,2001,2001-11-09,0.63,0.6311319
4,6,2001,2001-11-17,0.62,0.58020866
4,6,2001,2001-11-25,0.66,0.5670559
4,6,2001,2001-12-03,0.6,0.62351894
4,6,2001,2001-12-11,0.5,0.55798066
4,6,2001,2001-12-19,0.36,0.40251452
4,6,2001,2001-12-27,0.18,0.20751756
4,6,2002,2002-07-04,0.06,0.06656146
4,6,2002,2002-07-12,0.07,0.10632524
4,6,2002,2002-07-20,0.09,0.103752196
4,6,2002,2002-07-28,0.09,0.14133105
4,6,2002,2002-08-05,0.14,0.14579208
4,6,2002,2002-08-13,0.24,0.23877051
4,6,2002,2002-08-21,0.24,0.3127281
4,6,2002,2002-08-29,0.25,0.304906
4,6,2002,2002-09-06,0.24,0.33930287
4,6,2002,2002-09-14,0.38,0.3021863
4,6,2002,2002-09-22,0.41,0.4560058
4,6,2002,2002-09-30,0.56,0.49109772
4,6,2002,2002-10-08,0.66,0.6195326
4,6,2002,2002-10-16,0.63,0.67855597
4,6,2002,2002-10-24,0.6,0.63739973
4,6,2002,2002-11-01,0.63,0.5846696
4,6,2002,2002-11-09,0.67,0.5839672
4,6,2002,2002-11-17,0.63,0.6287396
4,6,2002,2002-11-25,0.6,0.58625734
4,6,2002,2002-12-03,0.5,0.5555967
4,6,2002,2002-12-11,0.26,0.419164
4,6,2002,2002-12-19,0.21,0.18321261
4,6,2002,2002-12-27,0.16,0.101270705
4,6,2003,2003-07-04,0.02,0.05403045
4,6,2003,2003-07-12,0.1,0.0848501
4,6,2003,2003-07-20,0.18,0.15560204
4,6,2003,2003-07-28,0.18,0.2309831
4,6,2003,2003-08-05,0.17,0.21722008
4,6,2003,2003-08-13,0.17,0.21152945
4,6,2003,2003-08-21,0.23,0.23139179
4,6,2003,2003-08-29,0.27,0.28233218
4,6,2003,2003-09-06,0.38,0.32045427
4,6,2003,2003-09-14,0.43,0.4198044
4,6,2003,2003-09-22,0.48,0.49670315
4,6,2003,2003-09-30,0.51,0.5262922
4,6,2003,2003-10-08,0.59,0.55703855
4,6,2003,2003-10-16,0.58,0.6287037
4,6,2003,2003-10-24,0.63,0.5892552
4,6,2003,2003-11-01,0.59,0.6068101
4,6,2003,2003-11-09,0.51,0.55598295
4,6,2003,2003-11-17,0.49,0.48112687
4,6,2003,2003-11-25,0.44,0.43106258
4,6,2003,2003-12-03,0.33,0.3820735
4,6,2003,2003-12-11,0.11,0.267384
4,6,2003,2003-12-19,0.05,0.06927845
4,6,2003,2003-12-27,0.01,0.0481112
4,6,2004,2004-07-03,0.06,0.06838709
4,6,2004,2004-07-11,0.09,0.0992752
4,6,2004,2004-07-19,0.08,0.15108292
4,6,2004,2004-07-27,0.11,0.15676849
4,6,2004,2004-08-04,0.11,0.17615092
4,6,2004,2004-08-12,0.11,0.1626659
4,6,2004,2004-08-20,0.13,0.16041414
4,6,2004,2004-08-28,0.29,0.19660756
4,6,2004,2004-09-05,0.28,0.3690475
4,6,2004,2004-09-13,0.44,0.37210557
4,6,2004,2004-09-21,0.55,0.52913463
4,6,2004,2004-09-29,0.66,0.60498226
4,6,2004,2004-10-07,0.62,0.67469156
4,6,2004,2004-10-15,0.6,0.62353307
4,6,2004,2004-10-23,0.6,0.5778192
4,6,2004,2004-10-31,0.53,0.5638387
4,6,2004,2004-11-08,0.49,0.47987163
4,6,2004,2004-11-16,0.47,0.40902162
4,6,2004,2004-11-24,0.26,0.389962
4,6,2004,2004-12-02,0.17,0.22026931
4,6,2004,2004-12-10,0.01,0.116650745
4,6,2004,2004-12-18,0.03,0.0123126805
4,6,2004,2004-12-26,0.02,0.059229314
4,6,2005,2005-07-04,0.09,0.0906668
4,6,2005,2005-07-12,0.05,0.12855434
4,6,2005,2005-07-20,0.07,0.10189623
4,6,2005,2005-07-28,0.09,0.11708486
4,6,2005,2005-08-05,0.13,0.14067788
4,6,2005,2005-08-13,0.04,0.17502448
4,6,2005,2005-08-21,0.09,0.091913074
4,6,2005,2005-08-29,0.2,0.14579609
4,6,2005,2005-09-06,0.26,0.30596465
4,6,2005,2005-09-14,0.43,0.3346696
4,6,2005,2005-09-22,0.58,0.54746026
4,6,2005,2005-09-30,0.49,0.66005754
4,6,2005,2005-10-08,0.63,0.559872
4,6,2005,2005-10-16,0.69,0.63076043
4,6,2005,2005-10-24,0.71,0.6656989
4,6,2005,2005-11-01,0.67,0.6813321
4,6,2005,2005-11-09,0.69,0.60418797
4,6,2005,2005-11-17,0.61,0.60065997
4,6,2005,2005-11-25,0.53,0.5121752
4,6,2005,2005-12-03,0.36,0.3825351
4,6,2005,2005-12-11,0.27,0.20599788
4,6,2005,2005-12-19,0.16,0.13629386
4,6,2005,2005-12-27,0.17,0.11585434
4,6,2006,2006-07-04,0.1,0.078083515
4,6,2006,2006-07-12,0.11,0.15313138
4,6,2006,2006-07-20,0.13,0.14116383
4,6,2006,2006-07-28,0.11,0.16814733
4,6,2006,2006-08-05,0.27,0.14293258
4,6,2006,2006-08-13,0.3,0.32096684
4,6,2006,2006-08-21,0.26,0.30300847
4,6,2006,2006-08-29,0.33,0.28116384
4,6,2006,2006-09-06,0.38,0.35910434
4,6,2006,2006-09-14,0.52,0.42656526
4,6,2006,2006-09-22,0.61,0.59345436
4,6,2006,2006-09-30,0.65,0.6632656
4,6,2006,2006-10-08,0.67,0.64502734
4,6,2006,2006-10-16,0.65,0.6618608
4,6,2006,2006-10-24,0.69,0.6386895
4,6,2006,2006-11-01,0.7,0.6712146
4,6,2006,2006-11-09,0.7,0.6565013
4,6,2006,2006-11-17,0.57,0.6561604
4,6,2006,2006-11-25,0.45,0.47711134
4,6,2006,2006-12-03,0.38,0.3016851
4,6,2006,2006-12-11,0.27,0.20915964
4,6,2006,2006-12-19,0.18,0.16352923
4,6,2006,2006-12-27,0.05,0.12168029
4,6,2007,2007-07-04,0.01,0.06828627
4,6,2007,2007-07-12,0.01,0.08196813
4,6,2007,2007-07-20,0.01,0.079476446
4,6,2007,2007-07-28,0.19,0.08963418
4,6,2007,2007-08-05,0.19,0.2548002
4,6,2007,2007-08-13,0.19,0.2832132
4,6,2007,2007-08-21,0.21,0.2797763
4,6,2007,2007-08-29,0.25,0.25867057
4,6,2007,2007-09-06,0.3,0.3136782
4,6,2007,2007-09-14,0.36,0.37100482
4,6,2007,2007-09-22,0.44,0.46121207
4,6,2007,2007-09-30,0.6,0.53528726
4,6,2007,2007-10-08,0.59,0.6575092
4,6,2007,2007-10-16,0.59,0.61479676
4,6,2007,2007-10-24,0.72,0.5868695
4,6,2007,2007-11-01,0.7,0.6989562
4,6,2007,2007-11-09,0.7,0.67852896
4,6,2007,2007-11-17,0.66,0.669091
4,6,2007,2007-11-25,0.61,0.5585877
4,6,2007,2007-12-03,0.62,0.46739003
4,6,2007,2007-12-11,0.51,0.4815058
4,6,2007,2007-12-19,0.27,0.3801516
4,6,2007,2007-12-27,0.06,0.18284908
4,6,2008,2008-07-03,0.07,0.06846258
4,6,2008,2008-07-11,0.08,0.104471
4,6,2008,2008-07-19,0.15,0.10990533
4,6,2008,2008-07-27,0.15,0.17540531
4,6,2008,2008-08-04,0.27,0.22656538
4,6,2008,2008-08-12,0.23,0.33151644
4,6,2008,2008-08-20,0.27,0.27774927
4,6,2008,2008-08-28,0.33,0.30600318
4,6,2008,2008-09-05,0.4,0.36756647
4,6,2008,2008-09-13,0.47,0.44982275
4,6,2008,2008-09-21,0.58,0.5162748
4,6,2008,2008-09-29,0.55,0.61028624
4,6,2008,2008-10-07,0.61,0.58687574
4,6,2008,2008-10-15,0.71,0.6170676
4,6,2008,2008-10-23,0.71,0.6890367
4,6,2008,2008-10-31,0.71,0.7050954
4,6,2008,2008-11-08,0.66,0.68632764
4,6,2008,2008-11-16,0.62,0.60597885
4,6,2008,2008-11-24,0.58,0.53282696
4,6,2008,2008-12-02,0.56,0.47886664
4,6,2008,2008-12-10,0.54,0.48608607
4,6,2008,2008-12-18,0.33,0.45810816
4,6,2008,2008-12-26,0.29,0.22763313
4,6,2009,2009-07-04,0.02,0.06564808
4,6,2009,2009-07-12,0.13,0.07720271
4,6,2009,2009-07-20,0.15,0.18401654
4,6,2009,2009-07-28,0.12,0.21343839
4,6,2009,2009-08-05,0.22,0.17661408
4,6,2009,2009-08-13,0.22,0.30605605
4,6,2009,2009-08-21,0.22,0.26543406
4,6,2009,2009-08-29,0.21,0.2819157
4,6,2009,2009-09-06,0.43,0.2695631
4,6,2009,2009-09-14,0.51,0.5077141
4,6,2009,2009-09-22,0.65,0.58361393
4,6,2009,2009-09-30,0.65,0.69841063
4,6,2009,2009-10-08,0.66,0.6446096
4,6,2009,2009-10-16,0.72,0.64369196
4,6,2009,2009-10-24,0.71,0.70384675
4,6,2009,2009-11-01,0.67,0.68722045
4,6,2009,2009-11-09,0.66,0.6294031
4,6,2009,2009-11-17,0.65,0.57900846
4,6,2009,2009-11-25,0.54,0.56644225
4,6,2009,2009-12-03,0.41,0.4443215
4,6,2009,2009-12-11,0.27,0.30096915
4,6,2009,2009-12-19,0.13,0.18247434
4,6,2009,2009-12-27,0.01,0.07519895
4,6,2010,2010-07-04,0.05,0.117125735
4,6,2010,2010-07-12,0.13,0.07052943
4,6,2010,2010-07-20,0.14,0.18853337
4,6,2010,2010-07-28,0.12,0.19136447
4,6,2010,2010-08-05,0.19,0.16650833
4,6,2010,2010-08-13,0.16,0.25747073
4,6,2010,2010-08-21,0.18,0.21004798
4,6,2010,2010-08-29,0.14,0.23323038
4,6,2010,2010-09-06,0.2,0.17999454
4,6,2010,2010-09-14,0.24,0.3180012
4,6,2010,2010-09-22,0.23,0.35087734
4,6,2010,2010-09-30,0.47,0.37826893
4,6,2010,2010-10-08,0.6,0.57106036
4,6,2010,2010-10-16,0.64,0.6632014
4,6,2010,2010-10-24,0.64,0.6715301
4,6,2010,2010-11-01,0.65,0.6412722
4,6,2010,2010-11-09,0.64,0.6135073
4,6,2010,2010-11-17,0.65,0.5878124
4,6,2010,2010-11-25,0.61,0.59953326
4,6,2010,2010-12-03,0.5,0.5274088
4,6,2010,2010-12-11,0.43,0.37021282
4,6,2010,2010-12-19,0.21,0.26356286
4,6,2010,2010-12-27,0.16,0.11240262
4,6,2011,2011-07-04,0.02,0.075565696
4,6,2011,2011-07-12,0.08,0.059175283
4,6,2011,2011-07-20,0.1,0.14493169
4,6,2011,2011-07-28,0.17,0.15909936
4,6,2011,2011-08-05,0.17,0.22078757
4,6,2011,2011-08-13,0.21,0.22653985
4,6,2011,2011-08-21,0.16,0.2464762
4,6,2011,2011-08-29,0.24,0.19890061
4,6,2011,2011-09-06,0.29,0.2580679
4,6,2011,2011-09-14,0.36,0.32997125
4,6,2011,2011-09-22,0.61,0.40901354
4,6,2011,2011-09-30,0.61,0.6336131
4,6,2011,2011-10-08,0.61,0.64495265
4,6,2011,2011-10-16,0.57,0.6409892
4,6,2011,2011-10-24,0.57,0.5747066
4,6,2011,2011-11-01,0.72,0.5463146
4,6,2011,2011-11-09,0.67,0.6956651
4,6,2011,2011-11-17,0.7,0.6420047
4,6,2011,2011-11-25,0.61,0.6627523
4,6,2011,2011-12-03,0.63,0.52650803
4,6,2011,2011-12-11,0.37,0.5253276
4,6,2011,2011-12-19,0.26,0.26117826
4,6,2011,2011-12-27,0.19,0.12002906
4,6,2012,2012-07-03,0.14,0.049261004
4,6,2012,2012-07-11,0.13,0.17291562
4,6,2012,2012-07-19,0.06,0.16981854
4,6,2012,2012-07-27,0.05,0.11506729
4,6,2012,2012-08-04,0.11,0.11968173
4,6,2012,2012-08-12,0.18,0.16938885
4,6,2012,2012-08-20,0.17,0.2509789
4,6,2012,2012-08-28,0.18,0.21160696
4,6,2012,2012-09-05,0.32,0.24315558
4,6,2012,2012-09-13,0.39,0.38727632
4,6,2012,2012-09-21,0.51,0.46760806
4,6,2012,2012-09-29,0.54,0.6212733
4,6,2012,2012-10-07,0.62,0.594183
4,6,2012,2012-10-15,0.68,0.63307834
4,6,2012,2012-10-23,0.63,0.65452766
4,6,2012,2012-10-31,0.54,0.595958
4,6,2012,2012-11-08,0.52,0.51730853
4,6,2012,2012-11-16,0.47,0.46751502
4,6,2012,2012-11-24,0.32,0.42938653
4,6,2012,2012-12-02,0.27,0.26671603
4,6,2012,2012-12-10,0.12,0.21950467
4,6,2012,2012-12-18,0.04,0.081864595
4,6,2012,2012-12-26,0.01,0.052494198
4,7,2001,2001-07-04,0.08,0.10664064
4,7,2001,2001-07-12,0.02,0.105964094
4,7,2001,2001-07-20,0.04,0.05717194
4,7,2001,2001-07-28,0.02,0.08914408
4,7,2001,2001-08-05,0.06,0.069669396
4,7,2001,2001-08-13,0.08,0.10377136
4,7,2001,2001-08-21,0.08,0.12452114
4,7,2001,2001-08-29,0.15,0.15624553
4,7,2001,2001-09-06,0.16,0.2261964
4,7,2001,2001-09-14,0.18,0.2239263
4,7,2001,2001-09-22,0.17,0.23325899
4,7,2001,2001-09-30,0.19,0.2103944
4,7,2001,2001-10-08,0.18,0.23365892
4,7,2001,2001-10-16,0.13,0.21931534
4,7,2001,2001-10-24,0.13,0.17389351
4,7,2001,2001-11-01,0.07,0.16102068
4,7,2001,2001-11-09,0.07,0.12522018
4,7,2001,2001-11-17,0.03,0.11186272
4,7,2001,2001-11-25,0.15,0.091670096
4,7,2001,2001-12-03,0.11,0.20862049
4,7,2001,2001-12-11,0.12,0.14734754
4,7,2001,2001-12-19,0.07,0.14748508
4,7,2001,2001-12-27,0.09,0.10011545
4,7,2002,2002-07-04,0.05,0.15096377
4,7,2002,2002-07-12,0.05,0.08666542
4,7,2002,2002-07-20,0.02,0.07680902
4,7,2002,2002-07-28,0.02,0.06408268
4,7,2002,2002-08-05,0.02,0.065210074
4,7,2002,2002-08-13,0.06,0.08194658
4,7,2002,2002-08-21,0.06,0.120898485
4,7,2002,2002-08-29,0.06,0.11445826
4,7,2002,2002-09-06,0.1,0.13430744
4,7,2002,2002-09-14,0.16,0.1626422
4,7,2002,2002-09-22,0.22,0.22108348
4,7,2002,2002-09-30,0.24,0.26476485
4,7,2002,2002-10-08,0.27,0.28273988
4,7,2002,2002-10-16,0.18,0.29738802
4,7,2002,2002-10-24,0.12,0.20070104
4,7,2002,2002-11-01,0.13,0.14197688
4,7,2002,2002-11-09,0.1,0.139573
4,7,2002,2002-11-17,0.05,0.12318359
4,7,2002,2002-11-25,0.05,0.07562423
4,7,2002,2002-12-03,0.04,0.12127173
4,7,2002,2002-12-11,0.03,0.09356931
4,7,2002,2002-12-19,0.06,0.0981091
4,7,2002,2002-12-27,0.08,0.102838844
4,7,2003,2003-07-04,0.05,0.098338425
4,7,2003,2003-07-12,0.06,0.07914212
4,7,2003,2003-07-20,0.05,0.09838426
4,7,2003,2003-07-28,0.05,0.08172861
4,7,2003,2003-08-05,0.06,0.088095516
4,7,2003,2003-08-13,0.07,0.09587562
4,7,2003,2003-08-21,0.07,0.11787103
4,7,2003,2003-08-29,0.14,0.11346927
4,7,2003,2003-09-06,0.24,0.17571062
4,7,2003,2003-09-14,0.28,0.27879095
4,7,2003,2003-09-22,0.24,0.32631838
4,7,2003,2003-09-30,0.19,0.2938239
4,7,2003,2003-10-08,0.21,0.23422018
4,7,2003,2003-10-16,0.13,0.25125968
4,7,2003,2003-10-24,0.14,0.1635701
4,7,2003,2003-11-01,0.09,0.15524098
4,7,2003,2003-11-09,0.05,0.124598354
4,7,2003,2003-11-17,0.1,0.090403676
4,7,2003,2003-11-25,0.1,0.12434989
4,7,2003,2003-12-03,0.12,0.12684266
4,7,2003,2003-12-11,0.07,0.1447161
4,7,2003,2003-12-19,0.08,0.096441805
4,7,2003,2003-12-27,0.04,0.11819941
4,7,2004,2004-07-03,0.06,0.10084614
4,7,2004,2004-07-11,0.06,0.09133628
4,7,2004,2004-07-19,0.05,0.100577384
4,7,2004,2004-07-27,0.06,0.09089288
4,7,2004,2004-08-04,0.05,0.10273433
4,7,2004,2004-08-12,0.11,0.095985025
4,7,2004,2004-08-20,0.09,0.15364024
4,7,2004,2004-08-28,0.17,0.12806995
4,7,2004,2004-09-05,0.17,0.2283786
4,7,2004,2004-09-13,0.24,0.2402168
4,7,2004,2004-09-21,0.24,0.31540632
4,7,2004,2004-09-29,0.24,0.28481922
4,7,2004,2004-10-07,0.21,0.26232564
4,7,2004,2004-10-15,0.12,0.23477003
4,7,2004,2004-10-23,0.1,0.14252527
4,7,2004,2004-10-31,0.1,0.13194917
4,7,2004,2004-11-08,0.08,0.1243203
4,7,2004,2004-11-16,0.09,0.10422939
4,7,2004,2004-11-24,0.06,0.13385177
4,7,2004,2004-12-02,0.04,0.10565907
4,7,2004,2004-12-10,0.02,0.100903094
4,7,2004,2004-12-18,0.09,0.067846835
4,7,2004,2004-12-26,0.07,0.13987124
4,7,2005,2005-07-04,0.13,0.15105149
4,7,2005,2005-07-12,0.09,0.1368196
4,7,2005,2005-07-20,0.08,0.112529606
4,7,2005,2005-07-28,0.07,0.107136965
4,7,2005,2005-08-05,0.09,0.105228215
4,7,2005,2005-08-13,0.04,0.12222673
4,7,2005,2005-08-21,0.03,0.09844798
4,7,2005,2005-08-29,0.17,0.085062444
4,7,2005,2005-09-06,0.15,0.24381328
4,7,2005,2005-09-14,0.29,0.20323734
4,7,2005,2005-09-22,0.29,0.37214234
4,7,2005,2005-09-30,0.22,0.33451658
4,7,2005,2005-10-08,0.33,0.26993507
4,7,2005,2005-10-16,0.23,0.3293444
4,7,2005,2005-10-24,0.24,0.23698099
4,7,2005,2005-11-01,0.15,0.22550823
4,7,2005,2005-11-09,0.15,0.16187781
4,7,2005,2005-11-17,0.08,0.1593844
4,7,2005,2005-11-25,0.14,0.1108934
4,7,2005,2005-12-03,0.07,0.15870765
4,7,2005,2005-12-11,0.06,0.09443939
4,7,2005,2005-12-19,0.06,0.08886558
4,7,2005,2005-12-27,0.11,0.110821754
4,7,2006,2006-07-04,0.13,0.12557277
4,7,2006,2006-07-12,0.1,0.1627153
4,7,2006,2006-07-20,0.11,0.12559173
4,7,2006,2006-07-28,0.05,0.14057553
4,7,2006,2006-08-05,0.18,0.08555186
4,7,2006,2006-08-13,0.16,0.21744202
4,7,2006,2006-08-21,0.13,0.17242166
4,7,2006,2006-08-29,0.22,0.15013662
4,7,2006,2006-09-06,0.23,0.26988706
4,7,2006,2006-09-14,0.22,0.26186773
4,7,2006,2006-09-22,0.25,0.29804188
4,7,2006,2006-09-30,0.23,0.30097055
4,7,2006,2006-10-08,0.25,0.26076832
4,7,2006,2006-10-16,0.2,0.30199775
4,7,2006,2006-10-24,0.16,0.23098946
4,7,2006,2006-11-01,0.19,0.19653536
4,7,2006,2006-11-09,0.12,0.19767715
4,7,2006,2006-11-17,0.11,0.15156129
4,7,2006,2006-11-25,0.06,0.12584333
4,7,2006,2006-12-03,0.05,0.110820144
4,7,2006,2006-12-11,0.05,0.084504545
4,7,2006,2006-12-19,0.04,0.09149879
4,7,2006,2006-12-27,0.05,0.084882736
4,7,2007,2007-07-04,0.09,0.1976813
4,7,2007,2007-07-12,0.16,0.1295762
4,7,2007,2007-07-20,0.11,0.17853598
4,7,2007,2007-07-28,0.13,0.14291607
4,7,2007,2007-08-05,0.13,0.14666776
4,7,2007,2007-08-13,0.12,0.18844126
4,7,2007,2007-08-21,0.11,0.16551103
4,7,2007,2007-08-29,0.14,0.15071584
4,7,2007,2007-09-06,0.15,0.20458557
4,7,2007,2007-09-14,0.25,0.2081171
4,7,2007,2007-09-22,0.27,0.30277324
4,7,2007,2007-09-30,0.29,0.318685
4,7,2007,2007-10-08,0.3,0.32609534
4,7,2007,2007-10-16,0.3,0.32771486
4,7,2007,2007-10-24,0.23,0.30940896
4,7,2007,2007-11-01,0.19,0.23576891
4,7,2007,2007-11-09,0.15,0.20372239
4,7,2007,2007-11-17,0.08,0.16147816
4,7,2007,2007-11-25,0.09,0.110901445
4,7,2007,2007-12-03,0.13,0.11009234
4,7,2007,2007-12-11,0.07,0.14968614
4,7,2007,2007-12-19,0.05,0.10076457
4,7,2007,2007-12-27,0.02,0.08624822
4,7,2008,2008-07-03,0.12,0.24984625
4,7,2008,2008-07-11,0.12,0.14000191
4,7,2008,2008-07-19,0.08,0.159632
4,7,2008,2008-07-27,0.07,0.11358738
4,7,2008,2008-08-04,0.13,0.12212901
4,7,2008,2008-08-12,0.13,0.17268339
4,7,2008,2008-08-20,0.11,0.16883227
4,7,2008,2008-08-28,0.22,0.14842683
4,7,2008,2008-09-05,0.26,0.2585366
4,7,2008,2008-09-13,0.26,0.2919252
4,7,2008,2008-09-21,0.31,0.32225445
4,7,2008,2008-09-29,0.23,0.35389054
4,7,2008,2008-10-07,0.27,0.2820322
4,7,2008,2008-10-15,0.26,0.29928944
4,7,2008,2008-10-23,0.22,0.29654437
4,7,2008,2008-10-31,0.21,0.24457414
4,7,2008,2008-11-08,0.16,0.21765012
4,7,2008,2008-11-16,0.14,0.17477606
4,7,2008,2008-11-24,0.11,0.14539452
4,7,2008,2008-12-02,0.09,0.13233979
4,7,2008,2008-12-10,0.06,0.13276878
4,7,2008,2008-12-18,0.07,0.092713416
4,7,2008,2008-12-26,0.07,0.10322216
4,7,2009,2009-07-04,0.13,0.21677625
4,7,2009,2009-07-12,0.14,0.14216824
4,7,2009,2009-07-20,0.14,0.15904191
4,7,2009,2009-07-28,0.09,0.15365669
4,7,2009,2009-08-05,0.11,0.11671609
4,7,2009,2009-08-13,0.13,0.15559444
4,7,2009,2009-08-21,0.13,0.17014804
4,7,2009,2009-08-29,0.09,0.1662453
4,7,2009,2009-09-06,0.22,0.16176572
4,7,2009,2009-09-14,0.24,0.29222786
4,7,2009,2009-09-22,0.35,0.2977473
4,7,2009,2009-09-30,0.35,0.41766304
4,7,2009,2009-10-08,0.35,0.37509415
4,7,2009,2009-10-16,0.34,0.37033752
4,7,2009,2009-10-24,0.27,0.34428486
4,7,2009,2009-11-01,0.25,0.27568477
4,7,2009,2009-11-09,0.23,0.24494809
4,7,2009,2009-11-17,0.2,0.2284146
4,7,2009,2009-11-25,0.2,0.20723969
4,7,2009,2009-12-03,0.07,0.203566
4,7,2009,2009-12-11,0.05,0.101946354
4,7,2009,2009-12-19,0.04,0.08243871
4,7,2009,2009-12-27,0.0,0.0834012
4,7,2010,2010-07-04,0.19,0.3553519
4,7,2010,2010-07-12,0.16,0.18803453
4,7,2010,2010-07-20,0.21,0.15060163
4,7,2010,2010-07-28,0.11,0.22614776
4,7,2010,2010-08-05,0.15,0.13561721
4,7,2010,2010-08-13,0.12,0.17623037
4,7,2010,2010-08-21,0.09,0.15586758
4,7,2010,2010-08-29,0.07,0.13511683
4,7,2010,2010-09-06,0.16,0.10490364
4,7,2010,2010-09-14,0.22,0.23738919
4,7,2010,2010-09-22,0.18,0.28230277
4,7,2010,2010-09-30,0.38,0.2788443
4,7,2010,2010-10-08,0.33,0.44399643
4,7,2010,2010-10-16,0.33,0.39021054
4,7,2010,2010-10-24,0.35,0.36684304
4,7,2010,2010-11-01,0.23,0.33997265
4,7,2010,2010-11-09,0.21,0.24628371
4,7,2010,2010-11-17,0.22,0.20873852
4,7,2010,2010-11-25,0.16,0.23074079
4,7,2010,2010-12-03,0.11,0.1931123
4,7,2010,2010-12-11,0.12,0.11840336
4,7,2010,2010-12-19,0.03,0.1294748
4,7,2010,2010-12-27,0.09,0.06025228
4,7,2011,2011-07-04,0.15,0.23368697
4,7,2011,2011-07-12,0.15,0.14916797
4,7,2011,2011-07-20,0.14,0.15603217
4,7,2011,2011-07-28,0.12,0.1847469
4,7,2011,2011-08-05,0.15,0.14251523
4,7,2011,2011-08-13,0.16,0.18940279
4,7,2011,2011-08-21,0.11,0.18420088
4,7,2011,2011-08-29,0.2,0.13848639
4,7,2011,2011-09-06,0.21,0.21169344
4,7,2011,2011-09-14,0.32,0.2508911
4,7,2011,2011-09-22,0.27,0.37647414
4,7,2011,2011-09-30,0.27,0.3043457
4,7,2011,2011-10-08,0.21,0.34208593
4,7,2011,2011-10-16,0.22,0.26284868
4,7,2011,2011-10-24,0.17,0.26276472
4,7,2011,2011-11-01,0.24,0.22621682
4,7,2011,2011-11-09,0.18,0.25675365
4,7,2011,2011-11-17,0.2,0.20902999
4,7,2011,2011-11-25,0.08,0.23008357
4,7,2011,2011-12-03,0.12,0.1217875
4,7,2011,2011-12-11,0.08,0.1430525
4,7,2011,2011-12-19,0.05,0.11902109
4,7,2011,2011-12-27,0.08,0.07549238
4,7,2012,2012-07-03,0.15,0.19292447
4,7,2012,2012-07-11,0.14,0.166639
4,7,2012,2012-07-19,0.09,0.16522133
4,7,2012,2012-07-27,0.11,0.12708686
4,7,2012,2012-08-04,0.14,0.1450797
4,7,2012,2012-08-12,0.24,0.1838629
4,7,2012,2012-08-20,0.12,0.28344733
4,7,2012,2012-08-28,0.16,0.16273612
4,7,2012,2012-09-05,0.28,0.21193083
4,7,2012,2012-09-13,0.39,0.32701436
4,7,2012,2012-09-21,0.35,0.46576777
4,7,2012,2012-09-29,0.45,0.40001595
4,7,2012,2012-10-07,0.41,0.451283
4,7,2012,2012-10-15,0.37,0.39368275
4,7,2012,2012-10-23,0.29,0.35292488
4,7,2012,2012-10-31,0.21,0.2625844
4,7,2012,2012-11-08,0.16,0.2177161
4,7,2012,2012-11-16,0.15,0.17378175
4,7,2012,2012-11-24,0.09,0.18276027
4,7,2012,2012-12-02,0.11,0.107019365
4,7,2012,2012-12-10,0.07,0.14748167
4,7,2012,2012-12-18,0.04,0.09974444
4,7,2012,2012-12-26,0.08,0.078975916
4,8,2001,2001-07-04,0.18,0.1859333
4,8,2001,2001-07-12,0.1,0.19531944
4,8,2001,2001-07-20,0.09,0.12715805
4,8,2001,2001-07-28,0.07,0.12551774
4,8,2001,2001-08-05,0.11,0.11229685
4,8,2001,2001-08-13,0.16,0.13768196
4,8,2001,2001-08-21,0.17,0.21100776
4,8,2001,2001-08-29,0.22,0.24192947
4,8,2001,2001-09-06,0.23,0.28512064
4,8,2001,2001-09-14,0.24,0.27670985
4,8,2001,2001-09-22,0.32,0.28379405
4,8,2001,2001-09-30,0.37,0.33606467
4,8,2001,2001-10-08,0.26,0.3666962
4,8,2001,2001-10-16,0.26,0.2767026
4,8,2001,2001-10-24,0.25,0.2481269
4,8,2001,2001-11-01,0.07,0.2400596
4,8,2001,2001-11-09,0.06,0.11537948
4,8,2001,2001-11-17,0.08,0.088458836
4,8,2001,2001-11-25,0.11,0.116524264
4,8,2001,2001-12-03,0.09,0.16302201
4,8,2001,2001-12-11,0.09,0.12186225
4,8,2001,2001-12-19,0.06,0.12046164
4,8,2001,2001-12-27,0.09,0.104373336
4,8,2002,2002-07-04,0.25,0.32490277
4,8,2002,2002-07-12,0.2,0.27385134
4,8,2002,2002-07-20,0.19,0.20176455
4,8,2002,2002-07-28,0.16,0.18898489
4,8,2002,2002-08-05,0.18,0.16855374
4,8,2002,2002-08-13,0.22,0.20150006
4,8,2002,2002-08-21,0.23,0.25332332
4,8,2002,2002-08-29,0.2,0.26454043
4,8,2002,2002-09-06,0.25,0.24768698
4,8,2002,2002-09-14,0.33,0.28400618
4,8,2002,2002-09-22,0.42,0.35879225
4,8,2002,2002-09-30,0.35,0.46009213
4,8,2002,2002-10-08,0.35,0.40852386
4,8,2002,2002-10-16,0.25,0.35368624
4,8,2002,2002-10-24,0.2,0.26037014
4,8,2002,2002-11-01,0.21,0.21479811
4,8,2002,2002-11-09,0.14,0.18852486
4,8,2002,2002-11-17,0.14,0.14595515
4,8,2002,2002-11-25,0.15,0.15521574
4,8,2002,2002-12-03,0.14,0.17959934
4,8,2002,2002-12-11,0.2,0.16688585
4,8,2002,2002-12-19,0.14,0.21924368
4,8,2002,2002-12-27,0.17,0.15832742
4,8,2003,2003-07-04,0.25,0.2867974
4,8,2003,2003-07-12,0.3,0.2768712
4,8,2003,2003-07-20,0.21,0.30187106
4,8,2003,2003-07-28,0.31,0.23795357
4,8,2003,2003-08-05,0.23,0.29946473
4,8,2003,2003-08-13,0.29,0.25675622
4,8,2003,2003-08-21,0.33,0.31149766
4,8,2003,2003-08-29,0.44,0.35223025
4,8,2003,2003-09-06,0.47,0.44305226
4,8,2003,2003-09-14,0.5,0.47585657
4,8,2003,2003-09-22,0.34,0.50732344
4,8,2003,2003-09-30,0.29,0.39249292
4,8,2003,2003-10-08,0.29,0.2991569
4,8,2003,2003-10-16,0.17,0.28757924
4,8,2003,2003-10-24,0.11,0.20408939
4,8,2003,2003-11-01,0.16,0.13977124
4,8,2003,2003-11-09,0.12,0.19272262
4,8,2003,2003-11-17,0.19,0.15356414
4,8,2003,2003-11-25,0.19,0.22063789
4,8,2003,2003-12-03,0.23,0.21990752
4,8,2003,2003-12-11,0.16,0.25593928
4,8,2003,2003-12-19,0.17,0.20839278
4,8,2003,2003-12-27,0.15,0.19367939
4,8,2004,2004-07-03,0.31,0.33131108
4,8,2004,2004-07-11,0.29,0.32002082
4,8,2004,2004-07-19,0.32,0.31171715
4,8,2004,2004-07-27,0.33,0.31713486
4,8,2004,2004-08-04,0.33,0.35725307
4,8,2004,2004-08-12,0.37,0.3418204
4,8,2004,2004-08-20,0.32,0.38270646
4,8,2004,2004-08-28,0.52,0.35516533
4,8,2004,2004-09-05,0.49,0.53209054
4,8,2004,2004-09-13,0.53,0.52141184
4,8,2004,2004-09-21,0.43,0.5511867
4,8,2004,2004-09-29,0.42,0.4177127
4,8,2004,2004-10-07,0.28,0.3726579
4,8,2004,2004-10-15,0.16,0.27022058
4,8,2004,2004-10-23,0.18,0.16704032
4,8,2004,2004-10-31,0.17,0.15953276
4,8,2004,2004-11-08,0.09,0.19955237
4,8,2004,2004-11-16,0.23,0.1304578
4,8,2004,2004-11-24,0.2,0.27145034
4,8,2004,2004-12-02,0.19,0.24144366
4,8,2004,2004-12-10,0.16,0.24995978
4,8,2004,2004-12-18,0.24,0.18834923
4,8,2004,2004-12-26,0.21,0.2601741
4,8,2005,2005-07-04,0.43,0.37123093
4,8,2005,2005-07-12,0.37,0.40093046
4,8,2005,2005-07-20,0.33,0.37310207
4,8,2005,2005-07-28,0.33,0.33763945
4,8,2005,2005-08-05,0.42,0.33710632
4,8,2005,2005-08-13,0.31,0.4235622
4,8,2005,2005-08-21,0.3,0.35909373
4,8,2005,2005-08-29,0.41,0.3131862
4,8,2005,2005-09-06,0.49,0.4459157
4,8,2005,2005-09-14,0.59,0.528471
4,8,2005,2005-09-22,0.56,0.6065533
4,8,2005,2005-09-30,0.48,0.55024505
4,8,2005,2005-10-08,0.47,0.47369337
4,8,2005,2005-10-16,0.4,0.4079336
4,8,2005,2005-10-24,0.34,0.33586317
4,8,2005,2005-11-01,0.3,0.29520726
4,8,2005,2005-11-09,0.26,0.27620053
4,8,2005,2005-11-17,0.28,0.24042642
4,8,2005,2005-11-25,0.26,0.29445508
4,8,2005,2005-12-03,0.19,0.28481552
4,8,2005,2005-12-11,0.26,0.22449644
4,8,2005,2005-12-19,0.2,0.2589573
4,8,2005,2005-12-27,0.34,0.24671742
4,8,2006,2006-07-04,0.51,0.38050628
4,8,2006,2006-07-12,0.39,0.47029555
4,8,2006,2006-07-20,0.39,0.39914322
4,8,2006,2006-07-28,0.35,0.37861428
4,8,2006,2006-08-05,0.44,0.3370218
4,8,2006,2006-08-13,0.43,0.44618753
4,8,2006,2006-08-21,0.38,0.4335694
4,8,2006,2006-08-29,0.44,0.383487
4,8,2006,2006-09-06,0.47,0.43424547
4,8,2006,2006-09-14,0.44,0.49918395
4,8,2006,2006-09-22,0.51,0.49735922
4,8,2006,2006-09-30,0.48,0.5279693
4,8,2006,2006-10-08,0.41,0.48196876
4,8,2006,2006-10-16,0.38,0.41766012
4,8,2006,2006-10-24,0.21,0.36039528
4,8,2006,2006-11-01,0.18,0.2338257
4,8,2006,2006-11-09,0.17,0.18028964
4,8,2006,2006-11-17,0.13,0.1931784
4,8,2006,2006-11-25,0.18,0.18843442
4,8,2006,2006-12-03,0.14,0.22740638
4,8,2006,2006-12-11,0.16,0.1805454
4,8,2006,2006-12-19,0.15,0.21998662
4,8,2006,2006-12-27,0.21,0.19098279
4,8,2007,2007-07-04,0.47,0.41821492
4,8,2007,2007-07-12,0.48,0.4734629
4,8,2007,2007-07-20,0.37,0.4721521
4,8,2007,2007-07-28,0.49,0.3852529
4,8,2007,2007-08-05,0.49,0.44110286
4,8,2007,2007-08-13,0.52,0.49528205
4,8,2007,2007-08-21,0.48,0.5259479
4,8,2007,2007-08-29,0.41,0.47240195
4,8,2007,2007-09-06,0.42,0.41624847
4,8,2007,2007-09-14,0.51,0.42186874
4,8,2007,2007-09-22,0.51,0.5022211
4,8,2007,2007-09-30,0.49,0.52512103
4,8,2007,2007-10-08,0.44,0.50286835
4,8,2007,2007-10-16,0.38,0.43216276
4,8,2007,2007-10-24,0.31,0.36380273
4,8,2007,2007-11-01,0.29,0.27377957
4,8,2007,2007-11-09,0.2,0.24816734
4,8,2007,2007-11-17,0.22,0.20486178
4,8,2007,2007-11-25,0.14,0.21598078
4,8,2007,2007-12-03,0.24,0.18030173
4,8,2007,2007-12-11,0.18,0.25212005
4,8,2007,2007-12-19,0.16,0.21412972
4,8,2007,2007-12-27,0.15,0.19320585
4,8,2008,2008-07-03,0.52,0.548241
4,8,2008,2008-07-11,0.51,0.50250757
4,8,2008,2008-07-19,0.46,0.5023536
4,8,2008,2008-07-27,0.41,0.43021345
4,8,2008,2008-08-04,0.54,0.41356227
4,8,2008,2008-08-12,0.49,0.52547693
4,8,2008,2008-08-20,0.44,0.5102085
4,8,2008,2008-08-28,0.52,0.45961607
4,8,2008,2008-09-05,0.55,0.48211157
4,8,2008,2008-09-13,0.44,0.52537864
4,8,2008,2008-09-21,0.48,0.47056043
4,8,2008,2008-09-29,0.4,0.4812131
4,8,2008,2008-10-07,0.31,0.41113442
4,8,2008,2008-10-15,0.18,0.328422
4,8,2008,2008-10-23,0.23,0.20140435
4,8,2008,2008-10-31,0.17,0.21647944
4,8,2008,2008-11-08,0.21,0.21197282
4,8,2008,2008-11-16,0.09,0.22656953
4,8,2008,2008-11-24,0.13,0.14837202
4,8,2008,2008-12-02,0.13,0.15567835
4,8,2008,2008-12-10,0.19,0.19610076
4,8,2008,2008-12-18,0.17,0.2282696
4,8,2008,2008-12-26,0.18,0.20740104
4,8,2009,2009-07-04,0.46,0.5283942
4,8,2009,2009-07-12,0.47,0.46338397
4,8,2009,2009-07-20,0.53,0.45721132
4,8,2009,2009-07-28,0.47,0.5020353
4,8,2009,2009-08-05,0.46,0.4633871
4,8,2009,2009-08-13,0.47,0.47128588
4,8,2009,2009-08-21,0.47,0.47200307
4,8,2009,2009-08-29,0.45,0.46744394
4,8,2009,2009-09-06,0.6,0.4611874
4,8,2009,2009-09-14,0.57,0.58908933
4,8,2009,2009-09-22,0.51,0.55438423
4,8,2009,2009-09-30,0.55,0.512254
4,8,2009,2009-10-08,0.48,0.5038848
4,8,2009,2009-10-16,0.43,0.44102287
4,8,2009,2009-10-24,0.24,0.3698976
4,8,2009,2009-11-01,0.18,0.23557599
4,8,2009,2009-11-09,0.15,0.16904992
4,8,2009,2009-11-17,0.16,0.17851156
4,8,2009,2009-11-25,0.14,0.16757993
4,8,2009,2009-12-03,0.11,0.17155859
4,8,2009,2009-12-11,0.11,0.1470655
4,8,2009,2009-12-19,0.14,0.1690559
4,8,2009,2009-12-27,0.14,0.18541087
4,8,2010,2010-07-04,0.43,0.6223607
4,8,2010,2010-07-12,0.57,0.464156
4,8,2010,2010-07-20,0.58,0.49204907
4,8,2010,2010-07-28,0.51,0.5619739
4,8,2010,2010-08-05,0.57,0.52322614
4,8,2010,2010-08-13,0.5,0.5366302
4,8,2010,2010-08-21,0.48,0.48505986
4,8,2010,2010-08-29,0.39,0.47666255
4,8,2010,2010-09-06,0.43,0.38896373
4,8,2010,2010-09-14,0.47,0.44876683
4,8,2010,2010-09-22,0.51,0.49414214
4,8,2010,2010-09-30,0.69,0.52145934
4,8,2010,2010-10-08,0.62,0.65356565
4,8,2010,2010-10-16,0.51,0.5988543
4,8,2010,2010-10-24,0.48,0.5077028
4,8,2010,2010-11-01,0.34,0.3867238
4,8,2010,2010-11-09,0.31,0.281578
4,8,2010,2010-11-17,0.28,0.2504472
4,8,2010,2010-11-25,0.29,0.2601971
4,8,2010,2010-12-03,0.15,0.28210825
4,8,2010,2010-12-11,0.24,0.17747457
4,8,2010,2010-12-19,0.14,0.2293603
4,8,2010,2010-12-27,0.19,0.17780177
4,8,2011,2011-07-04,0.54,0.56418985
4,8,2011,2011-07-12,0.59,0.50580883
4,8,2011,2011-07-20,0.56,0.5431403
4,8,2011,2011-07-28,0.48,0.5557419
4,8,2011,2011-08-05,0.5,0.49034253
4,8,2011,2011-08-13,0.58,0.48613104
4,8,2011,2011-08-21,0.44,0.55261594
4,8,2011,2011-08-29,0.55,0.4571771
4,8,2011,2011-09-06,0.57,0.49473432
4,8,2011,2011-09-14,0.49,0.53755426
4,8,2011,2011-09-22,0.45,0.5045635
4,8,2011,2011-09-30,0.42,0.4603494
4,8,2011,2011-10-08,0.25,0.4632786
4,8,2011,2011-10-16,0.21,0.32895166
4,8,2011,2011-10-24,0.13,0.228699
4,8,2011,2011-11-01,0.05,0.16518924
4,8,2011,2011-11-09,0.16,0.11714132
4,8,2011,2011-11-17,0.13,0.20469493
4,8,2011,2011-11-25,0.18,0.19042276
4,8,2011,2011-12-03,0.16,0.24929476
4,8,2011,2011-12-11,0.19,0.18394268
4,8,2011,2011-12-19,0.13,0.24078083
4,8,2011,2011-12-27,0.12,0.16118075
4,8,2012,2012-07-03,0.57,0.5021877
4,8,2012,2012-07-11,0.52,0.5453064
4,8,2012,2012-07-19,0.54,0.52365875
4,8,2012,2012-07-27,0.55,0.5368304
4,8,2012,2012-08-04,0.58,0.5234365
4,8,2012,2012-08-12,0.62,0.55652493
4,8,2012,2012-08-20,0.52,0.60815084
4,8,2012,2012-08-28,0.51,0.51266277
4,8,2012,2012-09-05,0.65,0.49873173
4,8,2012,2012-09-13,0.68,0.61943126
4,8,2012,2012-09-21,0.57,0.64487994
4,8,2012,2012-09-29,0.53,0.5603448
4,8,2012,2012-10-07,0.45,0.48573488
4,8,2012,2012-10-15,0.3,0.3788765
4,8,2012,2012-10-23,0.23,0.26584232
4,8,2012,2012-10-31,0.11,0.18505284
4,8,2012,2012-11-08,0.13,0.114014596
4,8,2012,2012-11-16,0.15,0.16327687
4,8,2012,2012-11-24,0.16,0.18360357
4,8,2012,2012-12-02,0.13,0.21348476
4,8,2012,2012-12-10,0.18,0.17291075
4,8,2012,2012-12-18,0.08,0.22509372
4,8,2012,2012-12-26,0.21,0.12624721
4,9,2001,2001-07-04,0.51,0.45329207
4,9,2001,2001-07-12,0.4,0.4764407
4,9,2001,2001-07-20,0.39,0.39611268
4,9,2001,2001-07-28,0.37,0.3765361
4,9,2001,2001-08-05,0.28,0.3786055
4,9,2001,2001-08-13,0.25,0.29758543
4,9,2001,2001-08-21,0.37,0.26479805
4,9,2001,2001-08-29,0.37,0.39466265
4,9,2001,2001-09-06,0.41,0.44048697
4,9,2001,2001-09-14,0.38,0.44867432
4,9,2001,2001-09-22,0.5,0.4212368
4,9,2001,2001-09-30,0.53,0.511015
4,9,2001,2001-10-08,0.51,0.53193146
4,9,2001,2001-10-16,0.53,0.53853
4,9,2001,2001-10-24,0.53,0.5473547
4,9,2001,2001-11-01,0.49,0.53099895
4,9,2001,2001-11-09,0.5,0.49934602
4,9,2001,2001-11-17,0.36,0.4663726
4,9,2001,2001-11-25,0.45,0.38132197
4,9,2001,2001-12-03,0.45,0.421589
4,9,2001,2001-12-11,0.4,0.44910648
4,9,2001,2001-12-19,0.37,0.41470498
4,9,2001,2001-12-27,0.41,0.36393684
4,9,2002,2002-07-04,0.79,0.7938536
4,9,2002,2002-07-12,0.75,0.7455815
4,9,2002,2002-07-20,0.68,0.68465734
4,9,2002,2002-07-28,0.62,0.62261826
4,9,2002,2002-08-05,0.68,0.58160555
4,9,2002,2002-08-13,0.69,0.6057297
4,9,2002,2002-08-21,0.69,0.61297894
4,9,2002,2002-08-29,0.63,0.6400887
4,9,2002,2002-09-06,0.55,0.6055643
4,9,2002,2002-09-14,0.65,0.5523364
4,9,2002,2002-09-22,0.7,0.5973562
4,9,2002,2002-09-30,0.64,0.6560019
4,9,2002,2002-10-08,0.75,0.6368072
4,9,2002,2002-10-16,0.73,0.6965159
4,9,2002,2002-10-24,0.68,0.6838536
4,9,2002,2002-11-01,0.74,0.66580915
4,9,2002,2002-11-09,0.62,0.68451005
4,9,2002,2002-11-17,0.63,0.60553145
4,9,2002,2002-11-25,0.62,0.5917594
4,9,2002,2002-12-03,0.56,0.58236575
4,9,2002,2002-12-11,0.4,0.5564266
4,9,2002,2002-12-19,0.5,0.43903872
4,9,2002,2002-12-27,0.58,0.45733875
4,9,2003,2003-07-04,0.77,0.77251387
4,9,2003,2003-07-12,0.77,0.7470712
4,9,2003,2003-07-20,0.75,0.73504037
4,9,2003,2003-07-28,0.77,0.7074572
4,9,2003,2003-08-05,0.66,0.71855783
4,9,2003,2003-08-13,0.66,0.6547173
4,9,2003,2003-08-21,0.67,0.6567788
4,9,2003,2003-08-29,0.71,0.6534725
4,9,2003,2003-09-06,0.75,0.68056977
4,9,2003,2003-09-14,0.84,0.6974765
4,9,2003,2003-09-22,0.75,0.76800257
4,9,2003,2003-09-30,0.72,0.73101944
4,9,2003,2003-10-08,0.78,0.71011287
4,9,2003,2003-10-16,0.69,0.7385318
4,9,2003,2003-10-24,0.59,0.6846626
4,9,2003,2003-11-01,0.61,0.62062496
4,9,2003,2003-11-09,0.5,0.60377395
4,9,2003,2003-11-17,0.64,0.5137769
4,9,2003,2003-11-25,0.54,0.61222994
4,9,2003,2003-12-03,0.52,0.5457098
4,9,2003,2003-12-11,0.54,0.5435123
4,9,2003,2003-12-19,0.51,0.5029187
4,9,2003,2003-12-27,0.61,0.50928426
4,9,2004,2004-07-03,0.75,0.74802554
4,9,2004,2004-07-11,0.75,0.7228278
4,9,2004,2004-07-19,0.79,0.72757465
4,9,2004,2004-07-27,0.78,0.7465967
4,9,2004,2004-08-04,0.75,0.75049114
4,9,2004,2004-08-12,0.73,0.7203961
4,9,2004,2004-08-20,0.71,0.6982235
4,9,2004,2004-08-28,0.84,0.6821662
4,9,2004,2004-09-05,0.81,0.7739337
4,9,2004,2004-09-13,0.87,0.76999086
4,9,2004,2004-09-21,0.74,0.8223533
4,9,2004,2004-09-29,0.82,0.7257997
4,9,2004,2004-10-07,0.79,0.7663143
4,9,2004,2004-10-15,0.53,0.7427885
4,9,2004,2004-10-23,0.62,0.59561276
4,9,2004,2004-10-31,0.55,0.5704516
4,9,2004,2004-11-08,0.4,0.52221704
4,9,2004,2004-11-16,0.68,0.45323086
4,9,2004,2004-11-24,0.63,0.61829996
4,9,2004,2004-12-02,0.57,0.60391176
4,9,2004,2004-12-10,0.58,0.5911511
4,9,2004,2004-12-18,0.7,0.56455743
4,9,2004,2004-12-26,0.71,0.64936894
4,9,2005,2005-07-04,0.81,0.77062327
4,9,2005,2005-07-12,0.78,0.75293964
4,9,2005,2005-07-20,0.78,0.75008774
4,9,2005,2005-07-28,0.77,0.75070226
4,9,2005,2005-08-05,0.78,0.7427671
4,9,2005,2005-08-13,0.79,0.7475328
4,9,2005,2005-08-21,0.73,0.748914
4,9,2005,2005-08-29,0.82,0.7104944
4,9,2005,2005-09-06,0.84,0.77874583
4,9,2005,2005-09-14,0.87,0.792439
4,9,2005,2005-09-22,0.86,0.8280486
4,9,2005,2005-09-30,0.81,0.8019935
4,9,2005,2005-10-08,0.84,0.78065944
4,9,2005,2005-10-16,0.82,0.78498137
4,9,2005,2005-10-24,0.72,0.74262375
4,9,2005,2005-11-01,0.72,0.6898773
4,9,2005,2005-11-09,0.74,0.66707444
4,9,2005,2005-11-17,0.69,0.66517127
4,9,2005,2005-11-25,0.58,0.6783
4,9,2005,2005-12-03,0.53,0.60639215
4,9,2005,2005-12-11,0.55,0.546951
4,9,2005,2005-12-19,0.6,0.53653914
4,9,2005,2005-12-27,0.63,0.6065264
4,9,2006,2006-07-04,0.79,0.7268436
4,9,2006,2006-07-12,0.71,0.7556329
4,9,2006,2006-07-20,0.68,0.70389456
4,9,2006,2006-07-28,0.65,0.6846831
4,9,2006,2006-08-05,0.67,0.6429776
4,9,2006,2006-08-13,0.76,0.6670475
4,9,2006,2006-08-21,0.66,0.7298943
4,9,2006,2006-08-29,0.73,0.6675951
4,9,2006,2006-09-06,0.63,0.7193165
4,9,2006,2006-09-14,0.63,0.6427419
4,9,2006,2006-09-22,0.77,0.6649827
4,9,2006,2006-09-30,0.72,0.73849535
4,9,2006,2006-10-08,0.72,0.7136929
4,9,2006,2006-10-16,0.58,0.72547704
4,9,2006,2006-10-24,0.47,0.6052963
4,9,2006,2006-11-01,0.47,0.50879264
4,9,2006,2006-11-09,0.47,0.4702148
4,9,2006,2006-11-17,0.4,0.49868518
4,9,2006,2006-11-25,0.44,0.46258244
4,9,2006,2006-12-03,0.41,0.45682013
4,9,2006,2006-12-11,0.49,0.4282177
4,9,2006,2006-12-19,0.41,0.49395597
4,9,2006,2006-12-27,0.52,0.4626302
4,9,2007,2007-07-04,0.65,0.72214895
4,9,2007,2007-07-12,0.63,0.660437
4,9,2007,2007-07-20,0.63,0.6256429
4,9,2007,2007-07-28,0.7,0.6158607
4,9,2007,2007-08-05,0.7,0.6669323
4,9,2007,2007-08-13,0.68,0.6795991
4,9,2007,2007-08-21,0.59,0.6871847
4,9,2007,2007-08-29,0.55,0.60860944
4,9,2007,2007-09-06,0.61,0.57554823
4,9,2007,2007-09-14,0.57,0.59071934
4,9,2007,2007-09-22,0.6,0.5776497
4,9,2007,2007-09-30,0.6,0.6212731
4,9,2007,2007-10-08,0.63,0.6153517
4,9,2007,2007-10-16,0.59,0.639721
4,9,2007,2007-10-24,0.55,0.58561885
4,9,2007,2007-11-01,0.64,0.5388537
4,9,2007,2007-11-09,0.47,0.5880833
4,9,2007,2007-11-17,0.57,0.4916885
4,9,2007,2007-11-25,0.43,0.5333524
4,9,2007,2007-12-03,0.49,0.4423563
4,9,2007,2007-12-11,0.44,0.47706842
4,9,2007,2007-12-19,0.45,0.46089604
4,9,2007,2007-12-27,0.45,0.4604196
4,9,2008,2008-07-03,0.75,0.7508676
4,9,2008,2008-07-11,0.73,0.726606
4,9,2008,2008-07-19,0.7,0.6965338
4,9,2008,2008-07-27,0.66,0.66640437
4,9,2008,2008-08-04,0.71,0.6585586
4,9,2008,2008-08-12,0.74,0.6899297
4,9,2008,2008-08-20,0.55,0.708741
4,9,2008,2008-08-28,0.64,0.58338755
4,9,2008,2008-09-05,0.7,0.6011358
4,9,2008,2008-09-13,0.6,0.65381706
4,9,2008,2008-09-21,0.61,0.61336446
4,9,2008,2008-09-29,0.53,0.61179006
4,9,2008,2008-10-07,0.49,0.5394424
4,9,2008,2008-10-15,0.49,0.523717
4,9,2008,2008-10-23,0.43,0.50384194
4,9,2008,2008-10-31,0.43,0.46009958
4,9,2008,2008-11-08,0.56,0.46788466
4,9,2008,2008-11-16,0.32,0.53593624
4,9,2008,2008-11-24,0.37,0.4130415
4,9,2008,2008-12-02,0.4,0.36664647
4,9,2008,2008-12-10,0.44,0.41290417
4,9,2008,2008-12-18,0.43,0.45616728
4,9,2008,2008-12-26,0.41,0.4558487
4,9,2009,2009-07-04,0.61,0.6912544
4,9,2009,2009-07-12,0.71,0.6373898
4,9,2009,2009-07-20,0.76,0.68176687
4,9,2009,2009-07-28,0.67,0.7137451
4,9,2009,2009-08-05,0.66,0.6735306
4,9,2009,2009-08-13,0.6,0.66064656
4,9,2009,2009-08-21,0.6,0.6090297
4,9,2009,2009-08-29,0.53,0.58875287
4,9,2009,2009-09-06,0.71,0.5415865
4,9,2009,2009-09-14,0.68,0.67339176
4,9,2009,2009-09-22,0.56,0.654917
4,9,2009,2009-09-30,0.59,0.5999111
4,9,2009,2009-10-08,0.6,0.56565815
4,9,2009,2009-10-16,0.59,0.56816083
4,9,2009,2009-10-24,0.47,0.57654226
4,9,2009,2009-11-01,0.42,0.48817718
4,9,2009,2009-11-09,0.38,0.4289952
4,9,2009,2009-11-17,0.43,0.41459173
4,9,2009,2009-11-25,0.41,0.41783634
4,9,2009,2009-12-03,0.37,0.4139682
4,9,2009,2009-12-11,0.36,0.39245692
4,9,2009,2009-12-19,0.4,0.3938207
4,9,2009,2009-12-27,0.42,0.4201266
4,9,2010,2010-07-04,0.69,0.7528479
4,9,2010,2010-07-12,0.8,0.690771
4,9,2010,2010-07-20,0.8,0.7380425
4,9,2010,2010-07-28,0.79,0.7546942
4,9,2010,2010-08-05,0.81,0.75880736
4,9,2010,2010-08-13,0.77,0.755759
4,9,2010,2010-08-21,0.71,0.72015905
4,9,2010,2010-08-29,0.7,0.6853512
4,9,2010,2010-09-06,0.67,0.65660596
4,9,2010,2010-09-14,0.73,0.66377866
4,9,2010,2010-09-22,0.7,0.70415384
4,9,2010,2010-09-30,0.85,0.67154557
4,9,2010,2010-10-08,0.83,0.7606735
4,9,2010,2010-10-16,0.87,0.7598101
4,9,2010,2010-10-24,0.81,0.7965838
4,9,2010,2010-11-01,0.61,0.7377353
4,9,2010,2010-11-09,0.72,0.60227877
4,9,2010,2010-11-17,0.58,0.6266036
4,9,2010,2010-11-25,0.65,0.54693115
4,9,2010,2010-12-03,0.43,0.6111098
4,9,2010,2010-12-11,0.55,0.44894487
4,9,2010,2010-12-19,0.46,0.49760592
4,9,2010,2010-12-27,0.36,0.46010226
4,9,2011,2011-07-04,0.77,0.68971956
4,9,2011,2011-07-12,0.71,0.7246083
4,9,2011,2011-07-20,0.71,0.6893648
4,9,2011,2011-07-28,0.68,0.71039796
4,9,2011,2011-08-05,0.69,0.68016386
4,9,2011,2011-08-13,0.76,0.6892023
4,9,2011,2011-08-21,0.7,0.72808194
4,9,2011,2011-08-29,0.72,0.68914735
4,9,2011,2011-09-06,0.72,0.69968474
4,9,2011,2011-09-14,0.72,0.6860281
4,9,2011,2011-09-22,0.73,0.7050786
4,9,2011,2011-09-30,0.76,0.706983
4,9,2011,2011-10-08,0.55,0.74701095
4,9,2011,2011-10-16,0.59,0.6110229
4,9,2011,2011-10-24,0.44,0.62039006
4,9,2011,2011-11-01,0.34,0.46685636
4,9,2011,2011-11-09,0.54,0.3923619
4,9,2011,2011-11-17,0.51,0.51437753
4,9,2011,2011-11-25,0.6,0.51917565
4,9,2011,2011-12-03,0.48,0.60542834
4,9,2011,2011-12-11,0.61,0.485296
4,9,2011,2011-12-19,0.41,0.57503057
4,9,2011,2011-12-27,0.43,0.43766174
4,9,2012,2012-07-03,0.69,0.6191188
4,9,2012,2012-07-11,0.62,0.67066
4,9,2012,2012-07-19,0.64,0.625764
4,9,2012,2012-07-27,0.68,0.6457188
4,9,2012,2012-08-04,0.66,0.65546554
4,9,2012,2012-08-12,0.66,0.6573651
4,9,2012,2012-08-20,0.61,0.6679722
4,9,2012,2012-08-28,0.59,0.6221293
4,9,2012,2012-09-05,0.64,0.60758734
4,9,2012,2012-09-13,0.85,0.633254
4,9,2012,2012-09-21,0.64,0.77225006
4,9,2012,2012-09-29,0.77,0.663292
4,9,2012,2012-10-07,0.63,0.73659813
4,9,2012,2012-10-15,0.54,0.5832716
4,9,2012,2012-10-23,0.47,0.5637213
4,9,2012,2012-10-31,0.38,0.43870065
4,9,2012,2012-11-08,0.4,0.37451088
4,9,2012,2012-11-16,0.4,0.410197
4,9,2012,2012-11-24,0.42,0.43723416
4,9,2012,2012-12-02,0.44,0.4745111
4,9,2012,2012-12-10,0.51,0.46157056
4,9,2012,2012-12-18,0.47,0.5302812
4,9,2012,2012-12-26,0.48,0.4791473
4,10,2001,2001-07-04,0.66,0.59996885
4,10,2001,2001-07-12,0.48,0.61197567
4,10,2001,2001-07-20,0.56,0.51044726
4,10,2001,2001-07-28,0.52,0.52238417
4,10,2001,2001-08-05,0.53,0.5027715
4,10,2001,2001-08-13,0.54,0.50846213
4,10,2001,2001-08-21,0.52,0.5140113
4,10,2001,2001-08-29,0.49,0.51766825
4,10,2001,2001-09-06,0.52,0.50616574
4,10,2001,2001-09-14,0.43,0.502915
4,10,2001,2001-09-22,0.61,0.4610129
4,10,2001,2001-09-30,0.55,0.5711
4,10,2001,2001-10-08,0.59,0.5519103
4,10,2001,2001-10-16,0.67,0.60140085
4,10,2001,2001-10-24,0.63,0.6482649
4,10,2001,2001-11-01,0.62,0.62871027
4,10,2001,2001-11-09,0.44,0.628751
4,10,2001,2001-11-17,0.45,0.4971519
4,10,2001,2001-11-25,0.56,0.4632106
4,10,2001,2001-12-03,0.64,0.51553863
4,10,2001,2001-12-11,0.55,0.57738906
4,10,2001,2001-12-19,0.61,0.54817003
4,10,2001,2001-12-27,0.68,0.5751669
4,10,2002,2002-07-04,0.83,0.8214783
4,10,2002,2002-07-12,0.79,0.7912898
4,10,2002,2002-07-20,0.76,0.7467018
4,10,2002,2002-07-28,0.69,0.72331154
4,10,2002,2002-08-05,0.79,0.6756567
4,10,2002,2002-08-13,0.79,0.7265659
4,10,2002,2002-08-21,0.79,0.7255238
4,10,2002,2002-08-29,0.71,0.7392063
4,10,2002,2002-09-06,0.67,0.69276214
4,10,2002,2002-09-14,0.71,0.6672847
4,10,2002,2002-09-22,0.75,0.66375065
4,10,2002,2002-09-30,0.72,0.7056103
4,10,2002,2002-10-08,0.76,0.6937243
4,10,2002,2002-10-16,0.75,0.7233784
4,10,2002,2002-10-24,0.73,0.721523
4,10,2002,2002-11-01,0.77,0.7166753
4,10,2002,2002-11-09,0.68,0.7310927
4,10,2002,2002-11-17,0.75,0.66080236
4,10,2002,2002-11-25,0.74,0.69296575
4,10,2002,2002-12-03,0.7,0.6925894
4,10,2002,2002-12-11,0.51,0.6989324
4,10,2002,2002-12-19,0.67,0.58564776
4,10,2002,2002-12-27,0.69,0.642712
4,10,2003,2003-07-04,0.88,0.7964078
4,10,2003,2003-07-12,0.85,0.8259305
4,10,2003,2003-07-20,0.84,0.80498636
4,10,2003,2003-07-28,0.85,0.8011271
4,10,2003,2003-08-05,0.76,0.7921603
4,10,2003,2003-08-13,0.71,0.75771856
4,10,2003,2003-08-21,0.69,0.72883177
4,10,2003,2003-08-29,0.75,0.7033475
4,10,2003,2003-09-06,0.79,0.72120667
4,10,2003,2003-09-14,0.78,0.7406552
4,10,2003,2003-09-22,0.67,0.74883926
4,10,2003,2003-09-30,0.68,0.7020297
4,10,2003,2003-10-08,0.75,0.69366175
4,10,2003,2003-10-16,0.59,0.7210623
4,10,2003,2003-10-24,0.57,0.643675
4,10,2003,2003-11-01,0.64,0.6280247
4,10,2003,2003-11-09,0.56,0.6424123
4,10,2003,2003-11-17,0.67,0.5979732
4,10,2003,2003-11-25,0.63,0.6655303
4,10,2003,2003-12-03,0.64,0.64035505
4,10,2003,2003-12-11,0.71,0.660463
4,10,2003,2003-12-19,0.61,0.6649707
4,10,2003,2003-12-27,0.64,0.6344276
4,10,2004,2004-07-03,0.79,0.7921549
4,10,2004,2004-07-11,0.82,0.7784097
4,10,2004,2004-07-19,0.88,0.79145813
4,10,2004,2004-07-27,0.82,0.8188265
4,10,2004,2004-08-04,0.7,0.7982812
4,10,2004,2004-08-12,0.74,0.7325942
4,10,2004,2004-08-20,0.68,0.72032225
4,10,2004,2004-08-28,0.77,0.6727355
4,10,2004,2004-09-05,0.82,0.73755914
4,10,2004,2004-09-13,0.83,0.76883316
4,10,2004,2004-09-21,0.69,0.7896551
4,10,2004,2004-09-29,0.76,0.71404266
4,10,2004,2004-10-07,0.83,0.7313586
4,10,2004,2004-10-15,0.69,0.76396704
4,10,2004,2004-10-23,0.69,0.6991022
4,10,2004,2004-10-31,0.63,0.68892187
4,10,2004,2004-11-08,0.55,0.63215566
4,10,2004,2004-11-16,0.79,0.5915138
4,10,2004,2004-11-24,0.76,0.7129992
4,10,2004,2004-12-02,0.66,0.7052462
4,10,2004,2004-12-10,0.72,0.690543
4,10,2004,2004-12-18,0.85,0.70632035
4,10,2004,2004-12-26,0.85,0.7597768
4,10,2005,2005-07-04,0.86,0.7797066
4,10,2005,2005-07-12,0.82,0.7998721
4,10,2005,2005-07-20,0.78,0.78476363
4,10,2005,2005-07-28,0.79,0.78337723
4,10,2005,2005-08-05,0.78,0.7714517
4,10,2005,2005-08-13,0.77,0.75072205
4,10,2005,2005-08-21,0.7,0.74792445
4,10,2005,2005-08-29,0.72,0.702184
4,10,2005,2005-09-06,0.76,0.7196672
4,10,2005,2005-09-14,0.73,0.73853964
4,10,2005,2005-09-22,0.77,0.73595583
4,10,2005,2005-09-30,0.7,0.74298215
4,10,2005,2005-10-08,0.82,0.7069721
4,10,2005,2005-10-16,0.8,0.77356875
4,10,2005,2005-10-24,0.66,0.755121
4,10,2005,2005-11-01,0.69,0.70219105
4,10,2005,2005-11-09,0.74,0.680501
4,10,2005,2005-11-17,0.76,0.6875423
4,10,2005,2005-11-25,0.65,0.73450625
4,10,2005,2005-12-03,0.61,0.68671787
4,10,2005,2005-12-11,0.58,0.65316963
4,10,2005,2005-12-19,0.63,0.6084062
4,10,2005,2005-12-27,0.6,0.6540021
4,10,2006,2006-07-04,0.81,0.75444
4,10,2006,2006-07-12,0.72,0.7793937
4,10,2006,2006-07-20,0.67,0.7288452
4,10,2006,2006-07-28,0.58,0.7065176
4,10,2006,2006-08-05,0.65,0.62686074
4,10,2006,2006-08-13,0.68,0.66083264
4,10,2006,2006-08-21,0.6,0.67461604
4,10,2006,2006-08-29,0.62,0.6393691
4,10,2006,2006-09-06,0.58,0.6435572
4,10,2006,2006-09-14,0.59,0.61438495
4,10,2006,2006-09-22,0.68,0.6242337
4,10,2006,2006-09-30,0.68,0.6727854
4,10,2006,2006-10-08,0.69,0.67314005
4,10,2006,2006-10-16,0.61,0.7022655
4,10,2006,2006-10-24,0.56,0.65516734
4,10,2006,2006-11-01,0.56,0.6103792
4,10,2006,2006-11-09,0.57,0.58687896
4,10,2006,2006-11-17,0.53,0.59841025
4,10,2006,2006-11-25,0.47,0.5876608
4,10,2006,2006-12-03,0.46,0.53680396
4,10,2006,2006-12-11,0.54,0.50525606
4,10,2006,2006-12-19,0.55,0.54126275
4,10,2006,2006-12-27,0.72,0.5676516
4,10,2007,2007-07-04,0.66,0.7188881
4,10,2007,2007-07-12,0.61,0.69345844
4,10,2007,2007-07-20,0.61,0.6410327
4,10,2007,2007-07-28,0.61,0.6282361
4,10,2007,2007-08-05,0.6,0.609228
4,10,2007,2007-08-13,0.58,0.615703
4,10,2007,2007-08-21,0.48,0.60958683
4,10,2007,2007-08-29,0.55,0.54442394
4,10,2007,2007-09-06,0.54,0.56601566
4,10,2007,2007-09-14,0.53,0.5530205
4,10,2007,2007-09-22,0.51,0.5610515
4,10,2007,2007-09-30,0.54,0.5563031
4,10,2007,2007-10-08,0.55,0.57459927
4,10,2007,2007-10-16,0.61,0.58327407
4,10,2007,2007-10-24,0.52,0.60946023
4,10,2007,2007-11-01,0.62,0.55704963
4,10,2007,2007-11-09,0.57,0.6039364
4,10,2007,2007-11-17,0.62,0.5788282
4,10,2007,2007-11-25,0.49,0.61301154
4,10,2007,2007-12-03,0.55,0.5282482
4,10,2007,2007-12-11,0.52,0.5455785
4,10,2007,2007-12-19,0.56,0.53614855
4,10,2007,2007-12-27,0.59,0.57071316
4,10,2008,2008-07-03,0.64,0.7098685
4,10,2008,2008-07-11,0.61,0.6818818
4,10,2008,2008-07-19,0.61,0.6326376
4,10,2008,2008-07-27,0.58,0.612398
4,10,2008,2008-08-04,0.58,0.60007185
4,10,2008,2008-08-12,0.65,0.5987663
4,10,2008,2008-08-20,0.53,0.6314452
4,10,2008,2008-08-28,0.56,0.5592438
4,10,2008,2008-09-05,0.59,0.5730305
4,10,2008,2008-09-13,0.43,0.58205307
4,10,2008,2008-09-21,0.51,0.50586724
4,10,2008,2008-09-29,0.51,0.5183623
4,10,2008,2008-10-07,0.54,0.5239654
4,10,2008,2008-10-15,0.6,0.5547374
4,10,2008,2008-10-23,0.62,0.5994573
4,10,2008,2008-10-31,0.65,0.6091285
4,10,2008,2008-11-08,0.6,0.64257634
4,10,2008,2008-11-16,0.46,0.6136832
4,10,2008,2008-11-24,0.48,0.544225
4,10,2008,2008-12-02,0.5,0.50560856
4,10,2008,2008-12-10,0.55,0.5155082
4,10,2008,2008-12-18,0.5,0.5494722
4,10,2008,2008-12-26,0.43,0.536855
4,10,2009,2009-07-04,0.55,0.6183077
4,10,2009,2009-07-12,0.64,0.59610265
4,10,2009,2009-07-20,0.6,0.62270236
4,10,2009,2009-07-28,0.57,0.60548705
4,10,2009,2009-08-05,0.53,0.598224
4,10,2009,2009-08-13,0.53,0.5630892
4,10,2009,2009-08-21,0.53,0.5653634
4,10,2009,2009-08-29,0.41,0.54877526
4,10,2009,2009-09-06,0.54,0.48275563
4,10,2009,2009-09-14,0.51,0.53871036
4,10,2009,2009-09-22,0.46,0.51293695
4,10,2009,2009-09-30,0.52,0.50004196
4,10,2009,2009-10-08,0.54,0.5239406
4,10,2009,2009-10-16,0.52,0.5505258
4,10,2009,2009-10-24,0.47,0.55472195
4,10,2009,2009-11-01,0.47,0.5288055
4,10,2009,2009-11-09,0.47,0.52301955
4,10,2009,2009-11-17,0.55,0.51112545
4,10,2009,2009-11-25,0.55,0.5380534
4,10,2009,2009-12-03,0.51,0.54578876
4,10,2009,2009-12-11,0.45,0.53480446
4,10,2009,2009-12-19,0.52,0.50365734
4,10,2009,2009-12-27,0.48,0.5260634
4,10,2010,2010-07-04,0.58,0.6620793
4,10,2010,2010-07-12,0.79,0.637142
4,10,2010,2010-07-20,0.79,0.71233064
4,10,2010,2010-07-28,0.69,0.7220242
4,10,2010,2010-08-05,0.77,0.69984126
4,10,2010,2010-08-13,0.73,0.7176087
4,10,2010,2010-08-21,0.6,0.6890409
4,10,2010,2010-08-29,0.57,0.63601094
4,10,2010,2010-09-06,0.56,0.5800539
4,10,2010,2010-09-14,0.6,0.56817424
4,10,2010,2010-09-22,0.54,0.59072834
4,10,2010,2010-09-30,0.67,0.5575111
4,10,2010,2010-10-08,0.69,0.6273618
4,10,2010,2010-10-16,0.66,0.65061855
4,10,2010,2010-10-24,0.73,0.65274477
4,10,2010,2010-11-01,0.52,0.67976016
4,10,2010,2010-11-09,0.64,0.56608295
4,10,2010,2010-11-17,0.57,0.6107343
4,10,2010,2010-11-25,0.63,0.5740914
4,10,2010,2010-12-03,0.53,0.6229328
4,10,2010,2010-12-11,0.5,0.55827594
4,10,2010,2010-12-19,0.49,0.52810705
4,10,2010,2010-12-27,0.54,0.5118046
4,10,2011,2011-07-04,0.72,0.6449142
4,10,2011,2011-07-12,0.69,0.6925092
4,10,2011,2011-07-20,0.64,0.68104863
4,10,2011,2011-07-28,0.58,0.6797446
4,10,2011,2011-08-05,0.67,0.6285358
4,10,2011,2011-08-13,0.68,0.6674112
4,10,2011,2011-08-21,0.62,0.67039526
4,10,2011,2011-08-29,0.58,0.6436096
4,10,2011,2011-09-06,0.59,0.6023795
4,10,2011,2011-09-14,0.68,0.5921823
4,10,2011,2011-09-22,0.58,0.6499808
4,10,2011,2011-09-30,0.68,0.5989038
4,10,2011,2011-10-08,0.56,0.66461146
4,10,2011,2011-10-16,0.54,0.5969262
4,10,2011,2011-10-24,0.55,0.595649
4,10,2011,2011-11-01,0.57,0.5839863
4,10,2011,2011-11-09,0.66,0.57359445
4,10,2011,2011-11-17,0.63,0.63791275
4,10,2011,2011-11-25,0.72,0.62268144
4,10,2011,2011-12-03,0.66,0.68793386
4,10,2011,2011-12-11,0.72,0.6452131
4,10,2011,2011-12-19,0.54,0.6811577
4,10,2011,2011-12-27,0.51,0.5730021
4,10,2012,2012-07-03,0.71,0.60848284
4,10,2012,2012-07-11,0.73,0.6846433
4,10,2012,2012-07-19,0.58,0.6941017
4,10,2012,2012-07-27,0.63,0.6382885
4,10,2012,2012-08-04,0.6,0.63272715
4,10,2012,2012-08-12,0.55,0.60964394
4,10,2012,2012-08-20,0.56,0.5985794
4,10,2012,2012-08-28,0.5,0.58781236
4,10,2012,2012-09-05,0.55,0.53920484
4,10,2012,2012-09-13,0.69,0.5629898
4,10,2012,2012-09-21,0.56,0.655601
4,10,2012,2012-09-29,0.6,0.5931075
4,10,2012,2012-10-07,0.57,0.62330747
4,10,2012,2012-10-15,0.57,0.5758511
4,10,2012,2012-10-23,0.55,0.5843163
4,10,2012,2012-10-31,0.6,0.5647794
4,10,2012,2012-11-08,0.55,0.59833527
4,10,2012,2012-11-16,0.55,0.5854938
4,10,2012,2012-11-24,0.61,0.5860137
4,10,2012,2012-12-02,0.6,0.6230813
4,10,2012,2012-12-10,0.65,0.6158615
4,10,2012,2012-12-18,0.57,0.65634584
4,10,2012,2012-12-26,0.58,0.59013194
4,11,2001,2001-07-04,0.62,0.58664656
4,11,2001,2001-07-12,0.55,0.5953439
4,11,2001,2001-07-20,0.57,0.5714848
4,11,2001,2001-07-28,0.59,0.57601
4,11,2001,2001-08-05,0.56,0.5784088
4,11,2001,2001-08-13,0.46,0.56362534
4,11,2001,2001-08-21,0.5,0.51529396
4,11,2001,2001-08-29,0.48,0.5167059
4,11,2001,2001-09-06,0.54,0.49913865
4,11,2001,2001-09-14,0.46,0.52473056
4,11,2001,2001-09-22,0.58,0.487275
4,11,2001,2001-09-30,0.49,0.55755186
4,11,2001,2001-10-08,0.56,0.520389
4,11,2001,2001-10-16,0.63,0.56378806
4,11,2001,2001-10-24,0.58,0.6032782
4,11,2001,2001-11-01,0.56,0.5893324
4,11,2001,2001-11-09,0.48,0.58988535
4,11,2001,2001-11-17,0.52,0.52976274
4,11,2001,2001-11-25,0.58,0.5326135
4,11,2001,2001-12-03,0.66,0.5520122
4,11,2001,2001-12-11,0.61,0.60243547
4,11,2001,2001-12-19,0.64,0.5990305
4,11,2001,2001-12-27,0.71,0.6171021
4,11,2002,2002-07-04,0.78,0.7773367
4,11,2002,2002-07-12,0.78,0.7587229
4,11,2002,2002-07-20,0.76,0.7472712
4,11,2002,2002-07-28,0.72,0.73084664
4,11,2002,2002-08-05,0.68,0.7126881
4,11,2002,2002-08-13,0.73,0.6883794
4,11,2002,2002-08-21,0.73,0.69055736
4,11,2002,2002-08-29,0.64,0.6881453
4,11,2002,2002-09-06,0.72,0.6532545
4,11,2002,2002-09-14,0.74,0.6871282
4,11,2002,2002-09-22,0.71,0.6819975
4,11,2002,2002-09-30,0.6,0.6926948
4,11,2002,2002-10-08,0.76,0.6388573
4,11,2002,2002-10-16,0.73,0.6999848
4,11,2002,2002-10-24,0.7,0.6883391
4,11,2002,2002-11-01,0.72,0.6973398
4,11,2002,2002-11-09,0.67,0.7002984
4,11,2002,2002-11-17,0.66,0.66410434
4,11,2002,2002-11-25,0.75,0.66087025
4,11,2002,2002-12-03,0.7,0.6967001
4,11,2002,2002-12-11,0.63,0.6895858
4,11,2002,2002-12-19,0.72,0.66911435
4,11,2002,2002-12-27,0.71,0.6976948
4,11,2003,2003-07-04,0.82,0.7501389
4,11,2003,2003-07-12,0.73,0.7849818
4,11,2003,2003-07-20,0.78,0.7391608
4,11,2003,2003-07-28,0.79,0.763085
4,11,2003,2003-08-05,0.76,0.7533897
4,11,2003,2003-08-13,0.67,0.7457603
4,11,2003,2003-08-21,0.63,0.709893
4,11,2003,2003-08-29,0.69,0.6806724
4,11,2003,2003-09-06,0.71,0.6826399
4,11,2003,2003-09-14,0.7,0.69469166
4,11,2003,2003-09-22,0.61,0.7017033
4,11,2003,2003-09-30,0.66,0.6664239
4,11,2003,2003-10-08,0.68,0.66793895
4,11,2003,2003-10-16,0.65,0.6783241
4,11,2003,2003-10-24,0.62,0.6716281
4,11,2003,2003-11-01,0.67,0.6622052
4,11,2003,2003-11-09,0.59,0.6753274
4,11,2003,2003-11-17,0.7,0.63217294
4,11,2003,2003-11-25,0.68,0.68091476
4,11,2003,2003-12-03,0.71,0.6767783
4,11,2003,2003-12-11,0.79,0.7028891
4,11,2003,2003-12-19,0.68,0.73323476
4,11,2003,2003-12-27,0.72,0.6998091
4,11,2004,2004-07-03,0.76,0.75642586
4,11,2004,2004-07-11,0.75,0.76195306
4,11,2004,2004-07-19,0.81,0.7403781
4,11,2004,2004-07-27,0.75,0.7700435
4,11,2004,2004-08-04,0.61,0.7458048
4,11,2004,2004-08-12,0.71,0.6945856
4,11,2004,2004-08-20,0.64,0.70519066
4,11,2004,2004-08-28,0.72,0.6498376
4,11,2004,2004-09-05,0.67,0.69949424
4,11,2004,2004-09-13,0.72,0.67741597
4,11,2004,2004-09-21,0.62,0.7101127
4,11,2004,2004-09-29,0.7,0.6527042
4,11,2004,2004-10-07,0.82,0.6899114
4,11,2004,2004-10-15,0.71,0.73611313
4,11,2004,2004-10-23,0.72,0.7078165
4,11,2004,2004-10-31,0.71,0.7211765
4,11,2004,2004-11-08,0.68,0.70258105
4,11,2004,2004-11-16,0.81,0.6847446
4,11,2004,2004-11-24,0.83,0.74425447
4,11,2004,2004-12-02,0.77,0.7562907
4,11,2004,2004-12-10,0.82,0.75835246
4,11,2004,2004-12-18,0.88,0.78350663
4,11,2004,2004-12-26,0.89,0.79644406
4,11,2005,2005-07-04,0.84,0.7909293
4,11,2005,2005-07-12,0.82,0.79374766
4,11,2005,2005-07-20,0.73,0.7860182
4,11,2005,2005-07-28,0.77,0.75650686
4,11,2005,2005-08-05,0.75,0.75906545
4,11,2005,2005-08-13,0.81,0.7267502
4,11,2005,2005-08-21,0.7,0.76013625
4,11,2005,2005-08-29,0.71,0.706982
4,11,2005,2005-09-06,0.74,0.72479826
4,11,2005,2005-09-14,0.63,0.71435976
4,11,2005,2005-09-22,0.66,0.677565
4,11,2005,2005-09-30,0.65,0.6770158
4,11,2005,2005-10-08,0.76,0.66355884
4,11,2005,2005-10-16,0.79,0.7238576
4,11,2005,2005-10-24,0.72,0.7401248
4,11,2005,2005-11-01,0.7,0.730761
4,11,2005,2005-11-09,0.71,0.7178178
4,11,2005,2005-11-17,0.8,0.7073413
4,11,2005,2005-11-25,0.79,0.7530359
4,11,2005,2005-12-03,0.72,0.7597207
4,11,2005,2005-12-11,0.66,0.7444743
4,11,2005,2005-12-19,0.76,0.7137799
4,11,2005,2005-12-27,0.66,0.7446495
4,11,2006,2006-07-04,0.79,0.7541537
4,11,2006,2006-07-12,0.82,0.77407897
4,11,2006,2006-07-20,0.71,0.78014135
4,11,2006,2006-07-28,0.63,0.7358141
4,11,2006,2006-08-05,0.74,0.7003375
4,11,2006,2006-08-13,0.76,0.7187736
4,11,2006,2006-08-21,0.66,0.73117507
4,11,2006,2006-08-29,0.68,0.69741833
4,11,2006,2006-09-06,0.68,0.7021911
4,11,2006,2006-09-14,0.66,0.68529373
4,11,2006,2006-09-22,0.6,0.6734232
4,11,2006,2006-09-30,0.68,0.646165
4,11,2006,2006-10-08,0.71,0.6698423
4,11,2006,2006-10-16,0.65,0.69295776
4,11,2006,2006-10-24,0.55,0.6843419
4,11,2006,2006-11-01,0.66,0.6388628
4,11,2006,2006-11-09,0.73,0.6640949
4,11,2006,2006-11-17,0.67,0.68876076
4,11,2006,2006-11-25,0.62,0.6911243
4,11,2006,2006-12-03,0.55,0.6794534
4,11,2006,2006-12-11,0.69,0.6274078
4,11,2006,2006-12-19,0.72,0.66832054
4,11,2006,2006-12-27,0.84,0.690053
4,11,2007,2007-07-04,0.76,0.74353135
4,11,2007,2007-07-12,0.63,0.75449204
4,11,2007,2007-07-20,0.75,0.688432
4,11,2007,2007-07-28,0.69,0.7305957
4,11,2007,2007-08-05,0.7,0.68163705
4,11,2007,2007-08-13,0.6,0.7074176
4,11,2007,2007-08-21,0.56,0.65711564
4,11,2007,2007-08-29,0.6,0.63032645
4,11,2007,2007-09-06,0.59,0.62584794
4,11,2007,2007-09-14,0.62,0.6158008
4,11,2007,2007-09-22,0.62,0.6350535
4,11,2007,2007-09-30,0.71,0.6299603
4,11,2007,2007-10-08,0.59,0.680179
4,11,2007,2007-10-16,0.74,0.6362134
4,11,2007,2007-10-24,0.61,0.7024811
4,11,2007,2007-11-01,0.65,0.6266298
4,11,2007,2007-11-09,0.65,0.66314423
4,11,2007,2007-11-17,0.72,0.6584742
4,11,2007,2007-11-25,0.6,0.6961462
4,11,2007,2007-12-03,0.67,0.6425945
4,11,2007,2007-12-11,0.62,0.66377103
4,11,2007,2007-12-19,0.68,0.64015055
4,11,2007,2007-12-27,0.68,0.67877096
4,11,2008,2008-07-03,0.71,0.7803806
4,11,2008,2008-07-11,0.74,0.72858375
4,11,2008,2008-07-19,0.76,0.7338524
4,11,2008,2008-07-27,0.68,0.73562497
4,11,2008,2008-08-04,0.7,0.70017457
4,11,2008,2008-08-12,0.77,0.7115791
4,11,2008,2008-08-20,0.64,0.718451
4,11,2008,2008-08-28,0.68,0.66541034
4,11,2008,2008-09-05,0.64,0.682896
4,11,2008,2008-09-13,0.58,0.64667976
4,11,2008,2008-09-21,0.55,0.6284884
4,11,2008,2008-09-29,0.63,0.60217035
4,11,2008,2008-10-07,0.71,0.6371329
4,11,2008,2008-10-15,0.69,0.6659398
4,11,2008,2008-10-23,0.63,0.68712944
4,11,2008,2008-10-31,0.72,0.6608496
4,11,2008,2008-11-08,0.67,0.69794035
4,11,2008,2008-11-16,0.6,0.66785
4,11,2008,2008-11-24,0.58,0.658278
4,11,2008,2008-12-02,0.66,0.6242591
4,11,2008,2008-12-10,0.7,0.6538396
4,11,2008,2008-12-18,0.62,0.6678853
4,11,2008,2008-12-26,0.57,0.65528417
4,11,2009,2009-07-04,0.62,0.6845701
4,11,2009,2009-07-12,0.68,0.6586594
4,11,2009,2009-07-20,0.65,0.6852079
4,11,2009,2009-07-28,0.65,0.66823256
4,11,2009,2009-08-05,0.59,0.6720507
4,11,2009,2009-08-13,0.56,0.6400385
4,11,2009,2009-08-21,0.56,0.62603796
4,11,2009,2009-08-29,0.5,0.6029806
4,11,2009,2009-09-06,0.61,0.5718782
4,11,2009,2009-09-14,0.54,0.6100451
4,11,2009,2009-09-22,0.52,0.5740183
4,11,2009,2009-09-30,0.6,0.5657008
4,11,2009,2009-10-08,0.65,0.60179967
4,11,2009,2009-10-16,0.58,0.6405052
4,11,2009,2009-10-24,0.6,0.62554306
4,11,2009,2009-11-01,0.56,0.6311809
4,11,2009,2009-11-09,0.6,0.60939854
4,11,2009,2009-11-17,0.7,0.6236458
4,11,2009,2009-11-25,0.69,0.6628138
4,11,2009,2009-12-03,0.63,0.6657155
4,11,2009,2009-12-11,0.52,0.6601951
4,11,2009,2009-12-19,0.72,0.6107114
4,11,2009,2009-12-27,0.48,0.6759187
4,11,2010,2010-07-04,0.68,0.70930994
4,11,2010,2010-07-12,0.76,0.71432155
4,11,2010,2010-07-20,0.83,0.71793044
4,11,2010,2010-07-28,0.68,0.75105643
4,11,2010,2010-08-05,0.81,0.7067186
4,11,2010,2010-08-13,0.74,0.7521392
4,11,2010,2010-08-21,0.54,0.7050277
4,11,2010,2010-08-29,0.64,0.63821584
4,11,2010,2010-09-06,0.69,0.6412501
4,11,2010,2010-09-14,0.7,0.65443695
4,11,2010,2010-09-22,0.61,0.66891074
4,11,2010,2010-09-30,0.75,0.6393894
4,11,2010,2010-10-08,0.64,0.6968223
4,11,2010,2010-10-16,0.65,0.65103114
4,11,2010,2010-10-24,0.67,0.66695994
4,11,2010,2010-11-01,0.66,0.6627232
4,11,2010,2010-11-09,0.65,0.6551037
4,11,2010,2010-11-17,0.58,0.6573832
4,11,2010,2010-11-25,0.67,0.6324663
4,11,2010,2010-12-03,0.62,0.66851115
4,11,2010,2010-12-11,0.55,0.63684684
4,11,2010,2010-12-19,0.55,0.6022826
4,11,2010,2010-12-27,0.7,0.6025202
4,11,2011,2011-07-04,0.72,0.7429564
4,11,2011,2011-07-12,0.67,0.735569
4,11,2011,2011-07-20,0.71,0.7015017
4,11,2011,2011-07-28,0.6,0.719108
4,11,2011,2011-08-05,0.72,0.6525296
4,11,2011,2011-08-13,0.68,0.7113744
4,11,2011,2011-08-21,0.63,0.67720664
4,11,2011,2011-08-29,0.64,0.66143537
4,11,2011,2011-09-06,0.63,0.65580523
4,11,2011,2011-09-14,0.67,0.64638424
4,11,2011,2011-09-22,0.56,0.67297494
4,11,2011,2011-09-30,0.69,0.615564
4,11,2011,2011-10-08,0.56,0.678476
4,11,2011,2011-10-16,0.63,0.6010808
4,11,2011,2011-10-24,0.65,0.644753
4,11,2011,2011-11-01,0.68,0.644263
4,11,2011,2011-11-09,0.66,0.67118466
4,11,2011,2011-11-17,0.65,0.668046
4,11,2011,2011-11-25,0.76,0.659845
4,11,2011,2011-12-03,0.69,0.7102508
4,11,2011,2011-12-11,0.77,0.6809619
4,11,2011,2011-12-19,0.63,0.7222961
4,11,2011,2011-12-27,0.51,0.6532911
4,11,2012,2012-07-03,0.69,0.6769969
4,11,2012,2012-07-11,0.74,0.69684404
4,11,2012,2012-07-19,0.68,0.70787954
4,11,2012,2012-07-27,0.68,0.6933354
4,11,2012,2012-08-04,0.7,0.688073
4,11,2012,2012-08-12,0.61,0.6972084
4,11,2012,2012-08-20,0.77,0.6526828
4,11,2012,2012-08-28,0.63,0.71644557
4,11,2012,2012-09-05,0.61,0.64879966
4,11,2012,2012-09-13,0.68,0.6553271
4,11,2012,2012-09-21,0.6,0.6696549
4,11,2012,2012-09-29,0.68,0.62378615
4,11,2012,2012-10-07,0.67,0.6726916
4,11,2012,2012-10-15,0.52,0.6518687
4,11,2012,2012-10-23,0.66,0.6064082
4,11,2012,2012-10-31,0.67,0.6510838
4,11,2012,2012-11-08,0.62,0.6539457
4,11,2012,2012-11-16,0.63,0.6504775
4,11,2012,2012-11-24,0.62,0.65330267
4,11,2012,2012-12-02,0.67,0.6508035
4,11,2012,2012-12-10,0.72,0.66992617
4,11,2012,2012-12-18,0.68,0.7032215
4,11,2012,2012-12-26,0.7,0.682351
4,12,2001,2001-07-04,0.14,0.17204328
4,12,2001,2001-07-12,0.09,0.170594
4,12,2001,2001-07-20,0.13,0.15045811
4,12,2001,2001-07-28,0.11,0.1672766
4,12,2001,2001-08-05,0.12,0.15657555
4,12,2001,2001-08-13,0.06,0.15134986
4,12,2001,2001-08-21,0.1,0.11932178
4,12,2001,2001-08-29,0.09,0.14089245
4,12,2001,2001-09-06,0.1,0.13755411
4,12,2001,2001-09-14,0.1,0.1526922
4,12,2001,2001-09-22,0.11,0.14666459
4,12,2001,2001-09-30,0.07,0.1738044
4,12,2001,2001-10-08,0.1,0.13351259
4,12,2001,2001-10-16,0.16,0.14729862
4,12,2001,2001-10-24,0.15,0.18321376
4,12,2001,2001-11-01,0.12,0.19768073
4,12,2001,2001-11-09,0.09,0.16918802
4,12,2001,2001-11-17,0.09,0.14266774
4,12,2001,2001-11-25,0.12,0.1418319
4,12,2001,2001-12-03,0.14,0.16589624
4,12,2001,2001-12-11,0.12,0.16910276
4,12,2001,2001-12-19,0.12,0.16029659
4,12,2001,2001-12-27,0.14,0.15902284
4,12,2002,2002-07-04,0.22,0.2650643
4,12,2002,2002-07-12,0.22,0.24832311
4,12,2002,2002-07-20,0.24,0.23416014
4,12,2002,2002-07-28,0.26,0.2474652
4,12,2002,2002-08-05,0.19,0.2620931
4,12,2002,2002-08-13,0.23,0.2296101
4,12,2002,2002-08-21,0.23,0.22677028
4,12,2002,2002-08-29,0.21,0.23703077
4,12,2002,2002-09-06,0.24,0.2286663
4,12,2002,2002-09-14,0.24,0.24382901
4,12,2002,2002-09-22,0.25,0.24771518
4,12,2002,2002-09-30,0.18,0.25726157
4,12,2002,2002-10-08,0.24,0.21253824
4,12,2002,2002-10-16,0.24,0.23668154
4,12,2002,2002-10-24,0.18,0.25868732
4,12,2002,2002-11-01,0.22,0.23066533
4,12,2002,2002-11-09,0.21,0.23236118
4,12,2002,2002-11-17,0.19,0.22394611
4,12,2002,2002-11-25,0.21,0.21296144
4,12,2002,2002-12-03,0.22,0.2261134
4,12,2002,2002-12-11,0.2,0.24097908
4,12,2002,2002-12-19,0.23,0.22919032
4,12,2002,2002-12-27,0.2,0.2404868
4,12,2003,2003-07-04,0.15,0.21567598
4,12,2003,2003-07-12,0.15,0.20664632
4,12,2003,2003-07-20,0.12,0.20787078
4,12,2003,2003-07-28,0.14,0.19498318
4,12,2003,2003-08-05,0.17,0.20805337
4,12,2003,2003-08-13,0.16,0.21388744
4,12,2003,2003-08-21,0.12,0.21912241
4,12,2003,2003-08-29,0.11,0.19585797
4,12,2003,2003-09-06,0.16,0.18122934
4,12,2003,2003-09-14,0.16,0.21304652
4,12,2003,2003-09-22,0.2,0.22119848
4,12,2003,2003-09-30,0.11,0.24930371
4,12,2003,2003-10-08,0.11,0.18928617
4,12,2003,2003-10-16,0.11,0.18422337
4,12,2003,2003-10-24,0.1,0.18425094
4,12,2003,2003-11-01,0.12,0.16983393
4,12,2003,2003-11-09,0.13,0.18565121
4,12,2003,2003-11-17,0.18,0.19222824
4,12,2003,2003-11-25,0.15,0.22172447
4,12,2003,2003-12-03,0.14,0.21114215
4,12,2003,2003-12-11,0.18,0.20515981
4,12,2003,2003-12-19,0.14,0.2206555
4,12,2003,2003-12-27,0.18,0.20883352
4,12,2004,2004-07-03,0.28,0.2674723
4,12,2004,2004-07-11,0.26,0.2807432
4,12,2004,2004-07-19,0.3,0.2748859
4,12,2004,2004-07-27,0.26,0.29097903
4,12,2004,2004-08-04,0.23,0.27673656
4,12,2004,2004-08-12,0.21,0.2611918
4,12,2004,2004-08-20,0.19,0.24288097
4,12,2004,2004-08-28,0.24,0.22017445
4,12,2004,2004-09-05,0.26,0.24006101
4,12,2004,2004-09-13,0.25,0.27034825
4,12,2004,2004-09-21,0.22,0.27334613
4,12,2004,2004-09-29,0.22,0.26046038
4,12,2004,2004-10-07,0.29,0.23865846
4,12,2004,2004-10-15,0.24,0.27183712
4,12,2004,2004-10-23,0.24,0.2569031
4,12,2004,2004-10-31,0.28,0.25077885
4,12,2004,2004-11-08,0.29,0.2722841
4,12,2004,2004-11-16,0.33,0.28983933
4,12,2004,2004-11-24,0.31,0.3253474
4,12,2004,2004-12-02,0.25,0.31725222
4,12,2004,2004-12-10,0.32,0.27995673
4,12,2004,2004-12-18,0.34,0.30628064
4,12,2004,2004-12-26,0.33,0.3267855
4,12,2005,2005-07-04,0.25,0.27430484
4,12,2005,2005-07-12,0.24,0.28818056
4,12,2005,2005-07-20,0.19,0.28442654
4,12,2005,2005-07-28,0.19,0.26097405
4,12,2005,2005-08-05,0.21,0.24519947
4,12,2005,2005-08-13,0.22,0.24793607
4,12,2005,2005-08-21,0.15,0.25275517
4,12,2005,2005-08-29,0.23,0.21438228
4,12,2005,2005-09-06,0.22,0.25481352
4,12,2005,2005-09-14,0.14,0.26728058
4,12,2005,2005-09-22,0.2,0.22709787
4,12,2005,2005-09-30,0.16,0.23324902
4,12,2005,2005-10-08,0.22,0.21885313
4,12,2005,2005-10-16,0.25,0.26538196
4,12,2005,2005-10-24,0.24,0.2814794
4,12,2005,2005-11-01,0.19,0.28204072
4,12,2005,2005-11-09,0.21,0.25612938
4,12,2005,2005-11-17,0.25,0.26115635
4,12,2005,2005-11-25,0.27,0.29377878
4,12,2005,2005-12-03,0.26,0.31119448
4,12,2005,2005-12-11,0.22,0.29867283
4,12,2005,2005-12-19,0.24,0.28185907
4,12,2005,2005-12-27,0.21,0.29136053
4,12,2006,2006-07-04,0.35,0.3398985
4,12,2006,2006-07-12,0.31,0.35541806
4,12,2006,2006-07-20,0.29,0.34020865
4,12,2006,2006-07-28,0.27,0.3123902
4,12,2006,2006-08-05,0.37,0.29169747
4,12,2006,2006-08-13,0.28,0.34378076
4,12,2006,2006-08-21,0.3,0.31978112
4,12,2006,2006-08-29,0.26,0.30561534
4,12,2006,2006-09-06,0.26,0.291685
4,12,2006,2006-09-14,0.28,0.28844285
4,12,2006,2006-09-22,0.29,0.28466117
4,12,2006,2006-09-30,0.3,0.29880145
4,12,2006,2006-10-08,0.3,0.30402994
4,12,2006,2006-10-16,0.27,0.31566933
4,12,2006,2006-10-24,0.24,0.30659896
4,12,2006,2006-11-01,0.27,0.28566995
4,12,2006,2006-11-09,0.31,0.28335693
4,12,2006,2006-11-17,0.31,0.31092077
4,12,2006,2006-11-25,0.28,0.329022
4,12,2006,2006-12-03,0.25,0.320516
4,12,2006,2006-12-11,0.3,0.29667547
4,12,2006,2006-12-19,0.36,0.30680227
4,12,2006,2006-12-27,0.33,0.34997278
4,12,2007,2007-07-04,0.28,0.29305357
4,12,2007,2007-07-12,0.23,0.31363487
4,12,2007,2007-07-20,0.25,0.2919528
4,12,2007,2007-07-28,0.22,0.29129547
4,12,2007,2007-08-05,0.21,0.27132404
4,12,2007,2007-08-13,0.15,0.2786201
4,12,2007,2007-08-21,0.16,0.23489311
4,12,2007,2007-08-29,0.17,0.22770672
4,12,2007,2007-09-06,0.2,0.22632658
4,12,2007,2007-09-14,0.2,0.24742126
4,12,2007,2007-09-22,0.19,0.25510472
4,12,2007,2007-09-30,0.26,0.25364786
4,12,2007,2007-10-08,0.22,0.2919473
4,12,2007,2007-10-16,0.26,0.2811796
4,12,2007,2007-10-24,0.2,0.29255158
4,12,2007,2007-11-01,0.19,0.25815845
4,12,2007,2007-11-09,0.17,0.24659741
4,12,2007,2007-11-17,0.22,0.24111333
4,12,2007,2007-11-25,0.19,0.26946363
4,12,2007,2007-12-03,0.24,0.25450248
4,12,2007,2007-12-11,0.23,0.27081504
4,12,2007,2007-12-19,0.18,0.27913252
4,12,2007,2007-12-27,0.18,0.2666182
4,12,2008,2008-07-03,0.25,0.32376254
4,12,2008,2008-07-11,0.26,0.30289075
4,12,2008,2008-07-19,0.28,0.29064655
4,12,2008,2008-07-27,0.22,0.30130365
4,12,2008,2008-08-04,0.22,0.27069402
4,12,2008,2008-08-12,0.26,0.25626093
4,12,2008,2008-08-20,0.19,0.26423898
4,12,2008,2008-08-28,0.26,0.23508276
4,12,2008,2008-09-05,0.25,0.26430306
4,12,2008,2008-09-13,0.17,0.27594924
4,12,2008,2008-09-21,0.19,0.23701233
4,12,2008,2008-09-29,0.23,0.22719051
4,12,2008,2008-10-07,0.22,0.26470053
4,12,2008,2008-10-15,0.21,0.26365602
4,12,2008,2008-10-23,0.3,0.26204255
4,12,2008,2008-10-31,0.26,0.29756248
4,12,2008,2008-11-08,0.23,0.28820288
4,12,2008,2008-11-16,0.29,0.2632522
4,12,2008,2008-11-24,0.22,0.29429364
4,12,2008,2008-12-02,0.25,0.266069
4,12,2008,2008-12-10,0.27,0.27907807
4,12,2008,2008-12-18,0.27,0.29186556
4,12,2008,2008-12-26,0.24,0.29015547
4,12,2009,2009-07-04,0.31,0.35316515
4,12,2009,2009-07-12,0.36,0.33867362
4,12,2009,2009-07-20,0.43,0.35885713
4,12,2009,2009-07-28,0.36,0.40641224
4,12,2009,2009-08-05,0.28,0.38334388
4,12,2009,2009-08-13,0.29,0.3294459
4,12,2009,2009-08-21,0.29,0.3148042
4,12,2009,2009-08-29,0.25,0.3054023
4,12,2009,2009-09-06,0.26,0.293329
4,12,2009,2009-09-14,0.27,0.29145852
4,12,2009,2009-09-22,0.28,0.28507483
4,12,2009,2009-09-30,0.38,0.2907498
4,12,2009,2009-10-08,0.35,0.35661915
4,12,2009,2009-10-16,0.32,0.36166766
4,12,2009,2009-10-24,0.31,0.34260193
4,12,2009,2009-11-01,0.34,0.33940852
4,12,2009,2009-11-09,0.33,0.35112002
4,12,2009,2009-11-17,0.34,0.34599364
4,12,2009,2009-11-25,0.38,0.35555616
4,12,2009,2009-12-03,0.29,0.37137514
4,12,2009,2009-12-11,0.28,0.33694887
4,12,2009,2009-12-19,0.36,0.31601644
4,12,2009,2009-12-27,0.28,0.35388458
4,12,2010,2010-07-04,0.26,0.342475
4,12,2010,2010-07-12,0.28,0.31749564
4,12,2010,2010-07-20,0.31,0.32288972
4,12,2010,2010-07-28,0.22,0.35532036
4,12,2010,2010-08-05,0.3,0.31144422
4,12,2010,2010-08-13,0.3,0.31416902
4,12,2010,2010-08-21,0.23,0.3234242
4,12,2010,2010-08-29,0.24,0.29521108
4,12,2010,2010-09-06,0.26,0.27816513
4,12,2010,2010-09-14,0.28,0.28758842
4,12,2010,2010-09-22,0.24,0.3069466
4,12,2010,2010-09-30,0.31,0.29311764
4,12,2010,2010-10-08,0.3,0.33960173
4,12,2010,2010-10-16,0.25,0.34537327
4,12,2010,2010-10-24,0.28,0.3162691
4,12,2010,2010-11-01,0.25,0.31208232
4,12,2010,2010-11-09,0.26,0.30589554
4,12,2010,2010-11-17,0.26,0.3080663
4,12,2010,2010-11-25,0.24,0.30948684
4,12,2010,2010-12-03,0.25,0.30635858
4,12,2010,2010-12-11,0.22,0.29526004
4,12,2010,2010-12-19,0.22,0.2739318
4,12,2010,2010-12-27,0.32,0.2804741
4,12,2011,2011-07-04,0.28,0.31255075
4,12,2011,2011-07-12,0.25,0.30917627
4,12,2011,2011-07-20,0.28,0.29421568
4,12,2011,2011-07-28,0.2,0.31239662
4,12,2011,2011-08-05,0.29,0.26423484
4,12,2011,2011-08-13,0.29,0.30334246
4,12,2011,2011-08-21,0.19,0.32246107
4,12,2011,2011-08-29,0.23,0.26899174
4,12,2011,2011-09-06,0.23,0.2585411
4,12,2011,2011-09-14,0.23,0.26921415
4,12,2011,2011-09-22,0.19,0.2792128
4,12,2011,2011-09-30,0.24,0.24981573
4,12,2011,2011-10-08,0.22,0.27889368
4,12,2011,2011-10-16,0.24,0.2772102
4,12,2011,2011-10-24,0.23,0.27920884
4,12,2011,2011-11-01,0.26,0.2755159
4,12,2011,2011-11-09,0.28,0.28800118
4,12,2011,2011-11-17,0.22,0.30504784
4,12,2011,2011-11-25,0.29,0.2783722
4,12,2011,2011-12-03,0.33,0.30012247
4,12,2011,2011-12-11,0.29,0.33430478
4,12,2011,2011-12-19,0.24,0.32131213
4,12,2011,2011-12-27,0.18,0.28534132
4,12,2012,2012-07-03,0.37,0.30109543
4,12,2012,2012-07-11,0.31,0.35469046
4,12,2012,2012-07-19,0.34,0.3402764
4,12,2012,2012-07-27,0.26,0.35473964
4,12,2012,2012-08-04,0.27,0.30568066
4,12,2012,2012-08-12,0.22,0.30311072
4,12,2012,2012-08-20,0.26,0.28064245
4,12,2012,2012-08-28,0.22,0.2781664
4,12,2012,2012-09-05,0.18,0.26219878
4,12,2012,2012-09-13,0.25,0.23836946
4,12,2012,2012-09-21,0.2,0.26917532
4,12,2012,2012-09-29,0.29,0.24617612
4,12,2012,2012-10-07,0.28,0.2984997
4,12,2012,2012-10-15,0.24,0.30312324
4,12,2012,2012-10-23,0.24,0.2886222
4,12,2012,2012-10-31,0.24,0.27447873
4,12,2012,2012-11-08,0.29,0.27847803
4,12,2012,2012-11-16,0.24,0.3118713
4,12,2012,2012-11-24,0.25,0.2856909
4,12,2012,2012-12-02,0.26,0.28969496
4,12,2012,2012-12-10,0.28,0.30464628
4,12,2012,2012-12-18,0.27,0.3158953
4,12,2012,2012-12-26,0.26,0.30225137
5,1,2001,2001-07-04,0.25,0.31500635
5,1,2001,2001-07-12,0.26,0.3377982
5,1,2001,2001-07-20,0.26,0.37579533
5,1,2001,2001-07-28,0.49,0.3794971
5,1,2001,2001-08-05,0.8,0.7134495
5,1,2001,2001-08-13,0.82,0.9169544
5,1,2001,2001-08-21,0.98,0.8662333
5,1,2001,2001-08-29,0.99,0.9727281
5,1,2001,2001-09-06,0.99,0.94791144
5,1,2001,2001-09-14,0.98,0.9240529
5,1,2001,2001-09-22,0.99,0.90557826
5,1,2001,2001-09-30,0.97,0.9196955
5,1,2001,2001-10-08,0.97,0.89446574
5,1,2001,2001-10-16,0.98,0.89696264
5,1,2001,2001-10-24,0.96,0.9136248
5,1,2001,2001-11-01,0.96,0.8888881
5,1,2001,2001-11-09,0.96,0.8876366
5,1,2001,2001-11-17,0.95,0.8922813
5,1,2001,2001-11-25,0.94,0.8812438
5,1,2001,2001-12-03,0.91,0.8694203
5,1,2001,2001-12-11,0.9,0.832428
5,1,2001,2001-12-19,0.8,0.8152671
5,1,2001,2001-12-27,0.59,0.6572613
5,1,2002,2002-07-04,0.12,0.16719279
5,1,2002,2002-07-12,0.18,0.22285853
5,1,2002,2002-07-20,0.3,0.29379588
5,1,2002,2002-07-28,0.39,0.40226233
5,1,2002,2002-08-05,0.73,0.5489181
5,1,2002,2002-08-13,0.94,0.8797181
5,1,2002,2002-08-21,0.95,0.98423797
5,1,2002,2002-08-29,0.96,0.9577821
5,1,2002,2002-09-06,0.96,0.9224927
5,1,2002,2002-09-14,0.97,0.9007008
5,1,2002,2002-09-22,0.99,0.9055339
5,1,2002,2002-09-30,0.98,0.92817956
5,1,2002,2002-10-08,0.97,0.90276194
5,1,2002,2002-10-16,0.95,0.89401174
5,1,2002,2002-10-24,0.95,0.8764666
5,1,2002,2002-11-01,0.95,0.87882215
5,1,2002,2002-11-09,0.94,0.88593227
5,1,2002,2002-11-17,0.93,0.8732706
5,1,2002,2002-11-25,0.89,0.86105496
5,1,2002,2002-12-03,0.81,0.80766124
5,1,2002,2002-12-11,0.74,0.67992884
5,1,2002,2002-12-19,0.56,0.58878124
5,1,2002,2002-12-27,0.23,0.28938937
5,1,2003,2003-07-04,0.11,0.17272776
5,1,2003,2003-07-12,0.19,0.17835672
5,1,2003,2003-07-20,0.41,0.28457993
5,1,2003,2003-07-28,0.42,0.5544403
5,1,2003,2003-08-05,0.43,0.5499511
5,1,2003,2003-08-13,0.42,0.58966064
5,1,2003,2003-08-21,0.64,0.55653316
5,1,2003,2003-08-29,0.76,0.75101316
5,1,2003,2003-09-06,0.76,0.83273643
5,1,2003,2003-09-14,0.85,0.7888314
5,1,2003,2003-09-22,0.91,0.8564986
5,1,2003,2003-09-30,0.95,0.9068597
5,1,2003,2003-10-08,0.95,0.92081213
5,1,2003,2003-10-16,0.93,0.8935725
5,1,2003,2003-10-24,0.93,0.85439897
5,1,2003,2003-11-01,0.91,0.8647929
5,1,2003,2003-11-09,0.88,0.843259
5,1,2003,2003-11-17,0.73,0.80309284
5,1,2003,2003-11-25,0.44,0.5394207
5,1,2003,2003-12-03,0.32,0.14324605
5,1,2003,2003-12-11,0.23,0.11832556
5,1,2003,2003-12-19,0.09,0.07277629
5,1,2003,2003-12-27,0.06,0.033459276
5,1,2004,2004-07-03,0.09,0.12557101
5,1,2004,2004-07-11,0.08,0.15008026
5,1,2004,2004-07-19,0.36,0.16721544
5,1,2004,2004-07-27,0.7,0.5562066
5,1,2004,2004-08-04,0.75,0.8306724
5,1,2004,2004-08-12,0.86,0.80131435
5,1,2004,2004-08-20,0.93,0.8384603
5,1,2004,2004-08-28,0.95,0.92841256
5,1,2004,2004-09-05,0.96,0.9325881
5,1,2004,2004-09-13,0.96,0.90772045
5,1,2004,2004-09-21,0.97,0.9084977
5,1,2004,2004-09-29,0.95,0.9155638
5,1,2004,2004-10-07,0.95,0.887078
5,1,2004,2004-10-15,0.93,0.8840285
5,1,2004,2004-10-23,0.91,0.8547791
5,1,2004,2004-10-31,0.9,0.83614004
5,1,2004,2004-11-08,0.77,0.8283013
5,1,2004,2004-11-16,0.63,0.60012275
5,1,2004,2004-11-24,0.3,0.31659555
5,1,2004,2004-12-02,0.26,0.058176666
5,1,2004,2004-12-10,0.06,0.103743106
5,1,2004,2004-12-18,0.06,0.031713337
5,1,2004,2004-12-26,0.06,0.05613327
5,1,2005,2005-07-04,0.16,0.08569878
5,1,2005,2005-07-12,0.32,0.23335463
5,1,2005,2005-07-20,0.07,0.4064731
5,1,2005,2005-07-28,0.67,0.26684234
5,1,2005,2005-08-05,0.77,0.8121903
5,1,2005,2005-08-13,0.87,0.87324625
5,1,2005,2005-08-21,0.9,0.90759844
5,1,2005,2005-08-29,0.92,0.90605813
5,1,2005,2005-09-06,0.91,0.89398396
5,1,2005,2005-09-14,0.92,0.8587848
5,1,2005,2005-09-22,0.93,0.86751485
5,1,2005,2005-09-30,0.93,0.8810716
5,1,2005,2005-10-08,0.92,0.86945075
5,1,2005,2005-10-16,0.92,0.8569096
5,1,2005,2005-10-24,0.92,0.8549447
5,1,2005,2005-11-01,0.92,0.85553896
5,1,2005,2005-11-09,0.88,0.8563954
5,1,2005,2005-11-17,0.87,0.7572873
5,1,2005,2005-11-25,0.87,0.7317307
5,1,2005,2005-12-03,0.71,0.66706616
5,1,2005,2005-12-11,0.48,0.4521577
5,1,2005,2005-12-19,0.47,0.2058685
5,1,2005,2005-12-27,0.21,0.26186967
5,1,2006,2006-07-04,0.08,0.12583701
5,1,2006,2006-07-12,0.08,0.1656607
5,1,2006,2006-07-20,0.19,0.20652507
5,1,2006,2006-07-28,0.26,0.21449393
5,1,2006,2006-08-05,0.68,0.53272706
5,1,2006,2006-08-13,0.85,0.84292084
5,1,2006,2006-08-21,0.85,0.93733567
5,1,2006,2006-08-29,0.95,0.8649735
5,1,2006,2006-09-06,0.94,0.9380453
5,1,2006,2006-09-14,0.92,0.885987
5,1,2006,2006-09-22,0.91,0.85015607
5,1,2006,2006-09-30,0.92,0.8448471
5,1,2006,2006-10-08,0.96,0.8643269
5,1,2006,2006-10-16,0.96,0.9092332
5,1,2006,2006-10-24,0.93,0.89825165
5,1,2006,2006-11-01,0.92,0.8502413
5,1,2006,2006-11-09,0.87,0.8476258
5,1,2006,2006-11-17,0.86,0.7711811
5,1,2006,2006-11-25,0.78,0.77659607
5,1,2006,2006-12-03,0.6,0.6688677
5,1,2006,2006-12-11,0.38,0.30426246
5,1,2006,2006-12-19,0.27,0.108507454
5,1,2006,2006-12-27,0.13,0.10662308
5,1,2007,2007-07-04,0.05,0.084678024
5,1,2007,2007-07-12,0.08,0.11152309
5,1,2007,2007-07-20,0.32,0.13670963
5,1,2007,2007-07-28,0.61,0.45437303
5,1,2007,2007-08-05,0.7,0.7563556
5,1,2007,2007-08-13,0.71,0.83472157
5,1,2007,2007-08-21,0.78,0.79431087
5,1,2007,2007-08-29,0.8,0.8119279
5,1,2007,2007-09-06,0.8,0.82060194
5,1,2007,2007-09-14,0.81,0.78018105
5,1,2007,2007-09-22,0.81,0.77260727
5,1,2007,2007-09-30,0.85,0.7661848
5,1,2007,2007-10-08,0.88,0.82357633
5,1,2007,2007-10-16,0.92,0.86377686
5,1,2007,2007-10-24,0.93,0.8927996
5,1,2007,2007-11-01,0.9,0.8786367
5,1,2007,2007-11-09,0.88,0.8255248
5,1,2007,2007-11-17,0.85,0.7909868
5,1,2007,2007-11-25,0.84,0.76529634
5,1,2007,2007-12-03,0.81,0.74355143
5,1,2007,2007-12-11,0.51,0.66039336
5,1,2007,2007-12-19,0.23,0.21124953
5,1,2007,2007-12-27,0.09,0.09832308
5,1,2008,2008-07-03,0.07,0.09159657
5,1,2008,2008-07-11,0.08,0.12103325
5,1,2008,2008-07-19,0.24,0.13500755
5,1,2008,2008-07-27,0.53,0.40437716
5,1,2008,2008-08-04,0.65,0.73977244
5,1,2008,2008-08-12,0.86,0.7832679
5,1,2008,2008-08-20,0.89,0.9079817
5,1,2008,2008-08-28,0.86,0.9018562
5,1,2008,2008-09-05,0.87,0.8222691
5,1,2008,2008-09-13,0.82,0.8125068
5,1,2008,2008-09-21,0.86,0.74024403
5,1,2008,2008-09-29,0.85,0.805483
5,1,2008,2008-10-07,0.85,0.81013525
5,1,2008,2008-10-15,0.85,0.80789906
5,1,2008,2008-10-23,0.87,0.8133622
5,1,2008,2008-10-31,0.83,0.8361144
5,1,2008,2008-11-08,0.82,0.7571846
5,1,2008,2008-11-16,0.82,0.7441275
5,1,2008,2008-11-24,0.81,0.75464976
5,1,2008,2008-12-02,0.73,0.7490467
5,1,2008,2008-12-10,0.56,0.611122
5,1,2008,2008-12-18,0.49,0.2421031
5,1,2008,2008-12-26,0.25,0.19189954
5,1,2009,2009-07-04,0.06,0.094345
5,1,2009,2009-07-12,0.14,0.11736232
5,1,2009,2009-07-20,0.33,0.19932066
5,1,2009,2009-07-28,0.36,0.47637123
5,1,2009,2009-08-05,0.62,0.54969424
5,1,2009,2009-08-13,0.78,0.77971643
5,1,2009,2009-08-21,0.78,0.87691456
5,1,2009,2009-08-29,0.83,0.8205601
5,1,2009,2009-09-06,0.83,0.8222457
5,1,2009,2009-09-14,0.87,0.7985256
5,1,2009,2009-09-22,0.91,0.8261484
5,1,2009,2009-09-30,0.85,0.8809869
5,1,2009,2009-10-08,0.91,0.76700544
5,1,2009,2009-10-16,0.9,0.8583636
5,1,2009,2009-10-24,0.85,0.84647703
5,1,2009,2009-11-01,0.84,0.76876533
5,1,2009,2009-11-09,0.78,0.7531573
5,1,2009,2009-11-17,0.76,0.67728126
5,1,2009,2009-11-25,0.45,0.6637875
5,1,2009,2009-12-03,0.37,0.23612368
5,1,2009,2009-12-11,0.14,0.14534153
5,1,2009,2009-12-19,0.05,0.030586481
5,1,2009,2009-12-27,0.04,0.03618276
5,1,2010,2010-07-04,0.07,0.123734936
5,1,2010,2010-07-12,0.04,0.121796146
5,1,2010,2010-07-20,0.06,0.117693394
5,1,2010,2010-07-28,0.09,0.19225322
5,1,2010,2010-08-05,0.14,0.20469317
5,1,2010,2010-08-13,0.46,0.35370797
5,1,2010,2010-08-21,0.36,0.67350006
5,1,2010,2010-08-29,0.59,0.5317821
5,1,2010,2010-09-06,0.67,0.7056447
5,1,2010,2010-09-14,0.71,0.73415077
5,1,2010,2010-09-22,0.72,0.75170726
5,1,2010,2010-09-30,0.77,0.736039
5,1,2010,2010-10-08,0.85,0.75615203
5,1,2010,2010-10-16,0.81,0.85739064
5,1,2010,2010-10-24,0.84,0.7701272
5,1,2010,2010-11-01,0.8,0.7865881
5,1,2010,2010-11-09,0.72,0.72881126
5,1,2010,2010-11-17,0.7,0.5732046
5,1,2010,2010-11-25,0.44,0.5628765
5,1,2010,2010-12-03,0.26,0.17354237
5,1,2010,2010-12-11,0.14,0.09255108
5,1,2010,2010-12-19,0.03,0.055682033
5,1,2010,2010-12-27,0.05,0.025963664
5,1,2011,2011-07-04,0.26,0.15007523
5,1,2011,2011-07-12,0.27,0.33593258
5,1,2011,2011-07-20,0.24,0.33982837
5,1,2011,2011-07-28,0.62,0.28500256
5,1,2011,2011-08-05,0.54,0.6714519
5,1,2011,2011-08-13,0.79,0.5948412
5,1,2011,2011-08-21,0.83,0.8724508
5,1,2011,2011-08-29,0.76,0.82669854
5,1,2011,2011-09-06,0.74,0.74609566
5,1,2011,2011-09-14,0.77,0.7066
5,1,2011,2011-09-22,0.76,0.7527572
5,1,2011,2011-09-30,0.79,0.72801435
5,1,2011,2011-10-08,0.78,0.768973
5,1,2011,2011-10-16,0.77,0.76514536
5,1,2011,2011-10-24,0.77,0.719814
5,1,2011,2011-11-01,0.78,0.7265084
5,1,2011,2011-11-09,0.79,0.7300897
5,1,2011,2011-11-17,0.82,0.7241335
5,1,2011,2011-11-25,0.81,0.7668922
5,1,2011,2011-12-03,0.73,0.66971546
5,1,2011,2011-12-11,0.58,0.5022085
5,1,2011,2011-12-19,0.31,0.3243568
5,1,2011,2011-12-27,0.38,0.14981952
5,1,2012,2012-07-03,0.06,0.106024444
5,1,2012,2012-07-11,0.21,0.18069622
5,1,2012,2012-07-19,0.23,0.32737324
5,1,2012,2012-07-27,0.13,0.3334139
5,1,2012,2012-08-04,0.28,0.32074708
5,1,2012,2012-08-12,0.32,0.38313276
5,1,2012,2012-08-20,0.45,0.5102385
5,1,2012,2012-08-28,0.62,0.6007743
5,1,2012,2012-09-05,0.67,0.7048844
5,1,2012,2012-09-13,0.74,0.710848
5,1,2012,2012-09-21,0.71,0.7636123
5,1,2012,2012-09-29,0.8,0.693341
5,1,2012,2012-10-07,0.65,0.7900145
5,1,2012,2012-10-15,0.67,0.5516236
5,1,2012,2012-10-23,0.59,0.55555904
5,1,2012,2012-10-31,0.53,0.49481377
5,1,2012,2012-11-08,0.45,0.4340691
5,1,2012,2012-11-16,0.19,0.35248253
5,1,2012,2012-11-24,0.12,0.118504316
5,1,2012,2012-12-02,0.08,0.07098937
5,1,2012,2012-12-10,0.08,0.0616796
5,1,2012,2012-12-18,0.06,0.12346201
5,1,2012,2012-12-26,0.03,0.06308007
5,2,2001,2001-07-04,0.17,0.2265975
5,2,2001,2001-07-12,0.18,0.22127107
5,2,2001,2001-07-20,0.3,0.27209076
5,2,2001,2001-07-28,0.48,0.38639793
5,2,2001,2001-08-05,0.61,0.6510354
5,2,2001,2001-08-13,0.6,0.72160554
5,2,2001,2001-08-21,0.79,0.65909374
5,2,2001,2001-08-29,0.82,0.817346
5,2,2001,2001-09-06,0.77,0.82073665
5,2,2001,2001-09-14,0.75,0.7215615
5,2,2001,2001-09-22,0.74,0.66223985
5,2,2001,2001-09-30,0.75,0.67108
5,2,2001,2001-10-08,0.76,0.70458513
5,2,2001,2001-10-16,0.76,0.72230566
5,2,2001,2001-10-24,0.75,0.71543777
5,2,2001,2001-11-01,0.75,0.69762135
5,2,2001,2001-11-09,0.75,0.7051227
5,2,2001,2001-11-17,0.79,0.710664
5,2,2001,2001-11-25,0.78,0.7593634
5,2,2001,2001-12-03,0.77,0.74369526
5,2,2001,2001-12-11,0.76,0.71002793
5,2,2001,2001-12-19,0.6,0.6582962
5,2,2001,2001-12-27,0.36,0.37181056
5,2,2002,2002-07-04,0.13,0.16970806
5,2,2002,2002-07-12,0.22,0.19495839
5,2,2002,2002-07-20,0.28,0.30033308
5,2,2002,2002-07-28,0.42,0.38729918
5,2,2002,2002-08-05,0.57,0.5710131
5,2,2002,2002-08-13,0.68,0.69466203
5,2,2002,2002-08-21,0.68,0.73174417
5,2,2002,2002-08-29,0.7,0.7260035
5,2,2002,2002-09-06,0.66,0.71805054
5,2,2002,2002-09-14,0.73,0.6122418
5,2,2002,2002-09-22,0.73,0.6816784
5,2,2002,2002-09-30,0.73,0.6944978
5,2,2002,2002-10-08,0.72,0.68887794
5,2,2002,2002-10-16,0.71,0.66788673
5,2,2002,2002-10-24,0.72,0.65289414
5,2,2002,2002-11-01,0.72,0.66632307
5,2,2002,2002-11-09,0.73,0.6713183
5,2,2002,2002-11-17,0.74,0.6845021
5,2,2002,2002-11-25,0.71,0.7083733
5,2,2002,2002-12-03,0.67,0.6549018
5,2,2002,2002-12-11,0.51,0.58450985
5,2,2002,2002-12-19,0.3,0.3433999
5,2,2002,2002-12-27,0.11,0.10069883
5,2,2003,2003-07-04,0.1,0.17121057
5,2,2003,2003-07-12,0.16,0.1532062
5,2,2003,2003-07-20,0.17,0.24999878
5,2,2003,2003-07-28,0.23,0.25370175
5,2,2003,2003-08-05,0.3,0.36496446
5,2,2003,2003-08-13,0.3,0.44814634
5,2,2003,2003-08-21,0.41,0.44900072
5,2,2003,2003-08-29,0.53,0.51962703
5,2,2003,2003-09-06,0.58,0.61017007
5,2,2003,2003-09-14,0.56,0.6166233
5,2,2003,2003-09-22,0.61,0.5847635
5,2,2003,2003-09-30,0.59,0.6137115
5,2,2003,2003-10-08,0.6,0.580176
5,2,2003,2003-10-16,0.58,0.57336587
5,2,2003,2003-10-24,0.62,0.5405364
5,2,2003,2003-11-01,0.61,0.59595
5,2,2003,2003-11-09,0.55,0.59267175
5,2,2003,2003-11-17,0.5,0.50733685
5,2,2003,2003-11-25,0.3,0.4275466
5,2,2003,2003-12-03,0.28,0.19655153
5,2,2003,2003-12-11,0.19,0.17305416
5,2,2003,2003-12-19,0.08,0.106752396
5,2,2003,2003-12-27,0.05,0.041957736
5,2,2004,2004-07-03,0.11,0.13932535
5,2,2004,2004-07-11,0.18,0.15110914
5,2,2004,2004-07-19,0.39,0.2519908
5,2,2004,2004-07-27,0.48,0.48562098
5,2,2004,2004-08-04,0.48,0.5813955
5,2,2004,2004-08-12,0.52,0.538764
5,2,2004,2004-08-20,0.55,0.52948296
5,2,2004,2004-08-28,0.6,0.57028997
5,2,2004,2004-09-05,0.61,0.6399493
5,2,2004,2004-09-13,0.66,0.63501
5,2,2004,2004-09-21,0.69,0.65454257
5,2,2004,2004-09-29,0.68,0.68466496
5,2,2004,2004-10-07,0.68,0.65019035
5,2,2004,2004-10-15,0.67,0.63290465
5,2,2004,2004-10-23,0.69,0.6099647
5,2,2004,2004-10-31,0.67,0.6504893
5,2,2004,2004-11-08,0.62,0.62441885
5,2,2004,2004-11-16,0.55,0.5290212
5,2,2004,2004-11-24,0.35,0.41587675
5,2,2004,2004-12-02,0.27,0.17025271
5,2,2004,2004-12-10,0.14,0.14017463
5,2,2004,2004-12-18,0.11,0.08409554
5,2,2004,2004-12-26,0.1,0.087457746
5,2,2005,2005-07-04,0.16,0.1319686
5,2,2005,2005-07-12,0.22,0.21753597
5,2,2005,2005-07-20,0.11,0.30351335
5,2,2005,2005-07-28,0.57,0.2422157
5,2,2005,2005-08-05,0.54,0.714171
5,2,2005,2005-08-13,0.62,0.626901
5,2,2005,2005-08-21,0.62,0.65834814
5,2,2005,2005-08-29,0.65,0.6215185
5,2,2005,2005-09-06,0.59,0.6492499
5,2,2005,2005-09-14,0.58,0.5594725
5,2,2005,2005-09-22,0.6,0.53871274
5,2,2005,2005-09-30,0.58,0.5804522
5,2,2005,2005-10-08,0.6,0.55997026
5,2,2005,2005-10-16,0.61,0.5720993
5,2,2005,2005-10-24,0.6,0.58528477
5,2,2005,2005-11-01,0.61,0.5780414
5,2,2005,2005-11-09,0.61,0.57717395
5,2,2005,2005-11-17,0.63,0.562254
5,2,2005,2005-11-25,0.73,0.56859666
5,2,2005,2005-12-03,0.66,0.6455076
5,2,2005,2005-12-11,0.45,0.552976
5,2,2005,2005-12-19,0.49,0.27519733
5,2,2005,2005-12-27,0.29,0.3047618
5,2,2006,2006-07-04,0.14,0.19336839
5,2,2006,2006-07-12,0.14,0.21091147
5,2,2006,2006-07-20,0.18,0.22075972
5,2,2006,2006-07-28,0.23,0.20320244
5,2,2006,2006-08-05,0.53,0.4349085
5,2,2006,2006-08-13,0.7,0.666406
5,2,2006,2006-08-21,0.69,0.8005951
5,2,2006,2006-08-29,0.74,0.7000909
5,2,2006,2006-09-06,0.72,0.72720504
5,2,2006,2006-09-14,0.69,0.66181237
5,2,2006,2006-09-22,0.74,0.60675484
5,2,2006,2006-09-30,0.71,0.6810887
5,2,2006,2006-10-08,0.73,0.65299165
5,2,2006,2006-10-16,0.74,0.676942
5,2,2006,2006-10-24,0.75,0.69379175
5,2,2006,2006-11-01,0.74,0.7003419
5,2,2006,2006-11-09,0.72,0.6819719
5,2,2006,2006-11-17,0.7,0.64997625
5,2,2006,2006-11-25,0.62,0.6301526
5,2,2006,2006-12-03,0.47,0.5553331
5,2,2006,2006-12-11,0.32,0.32111892
5,2,2006,2006-12-19,0.3,0.12377083
5,2,2006,2006-12-27,0.15,0.1620737
5,2,2007,2007-07-04,0.03,0.10795286
5,2,2007,2007-07-12,0.08,0.094890386
5,2,2007,2007-07-20,0.16,0.14507924
5,2,2007,2007-07-28,0.56,0.23806411
5,2,2007,2007-08-05,0.58,0.6971568
5,2,2007,2007-08-13,0.57,0.71646416
5,2,2007,2007-08-21,0.67,0.6644729
5,2,2007,2007-08-29,0.68,0.70207024
5,2,2007,2007-09-06,0.6,0.69624984
5,2,2007,2007-09-14,0.67,0.55884594
5,2,2007,2007-09-22,0.61,0.60359573
5,2,2007,2007-09-30,0.66,0.57230127
5,2,2007,2007-10-08,0.65,0.6238419
5,2,2007,2007-10-16,0.67,0.6234436
5,2,2007,2007-10-24,0.68,0.6470431
5,2,2007,2007-11-01,0.65,0.6563176
5,2,2007,2007-11-09,0.67,0.6043273
5,2,2007,2007-11-17,0.65,0.61561036
5,2,2007,2007-11-25,0.64,0.5933826
5,2,2007,2007-12-03,0.62,0.5568565
5,2,2007,2007-12-11,0.5,0.48922834
5,2,2007,2007-12-19,0.23,0.3138866
5,2,2007,2007-12-27,0.25,0.11103392
5,2,2008,2008-07-03,0.1,0.09875131
5,2,2008,2008-07-11,0.09,0.12851083
5,2,2008,2008-07-19,0.14,0.13093697
5,2,2008,2008-07-27,0.35,0.21212217
5,2,2008,2008-08-04,0.46,0.5757536
5,2,2008,2008-08-12,0.63,0.608575
5,2,2008,2008-08-20,0.72,0.73632336
5,2,2008,2008-08-28,0.67,0.7643192
5,2,2008,2008-09-05,0.73,0.6763154
5,2,2008,2008-09-13,0.62,0.67778486
5,2,2008,2008-09-21,0.63,0.5436703
5,2,2008,2008-09-29,0.63,0.5307119
5,2,2008,2008-10-07,0.61,0.5798978
5,2,2008,2008-10-15,0.64,0.5724449
5,2,2008,2008-10-23,0.64,0.61098564
5,2,2008,2008-10-31,0.63,0.6189561
5,2,2008,2008-11-08,0.61,0.58910286
5,2,2008,2008-11-16,0.63,0.56006414
5,2,2008,2008-11-24,0.64,0.5850847
5,2,2008,2008-12-02,0.63,0.6061327
5,2,2008,2008-12-10,0.56,0.5869
5,2,2008,2008-12-18,0.47,0.44846952
5,2,2008,2008-12-26,0.34,0.25642678
5,2,2009,2009-07-04,0.1,0.1286221
5,2,2009,2009-07-12,0.06,0.144744
5,2,2009,2009-07-20,0.24,0.098832935
5,2,2009,2009-07-28,0.18,0.31701398
5,2,2009,2009-08-05,0.46,0.2987826
5,2,2009,2009-08-13,0.58,0.63155186
5,2,2009,2009-08-21,0.58,0.71003085
5,2,2009,2009-08-29,0.6,0.6560192
5,2,2009,2009-09-06,0.6,0.60765564
5,2,2009,2009-09-14,0.64,0.5933373
5,2,2009,2009-09-22,0.63,0.60348487
5,2,2009,2009-09-30,0.59,0.59130883
5,2,2009,2009-10-08,0.63,0.5364567
5,2,2009,2009-10-16,0.63,0.57914644
5,2,2009,2009-10-24,0.62,0.6078573
5,2,2009,2009-11-01,0.62,0.592274
5,2,2009,2009-11-09,0.61,0.5776787
5,2,2009,2009-11-17,0.59,0.56000376
5,2,2009,2009-11-25,0.42,0.5438821
5,2,2009,2009-12-03,0.23,0.33323386
5,2,2009,2009-12-11,0.22,0.12892336
5,2,2009,2009-12-19,0.18,0.12300396
5,2,2009,2009-12-27,0.16,0.14771287
5,2,2010,2010-07-04,0.08,0.1052157
5,2,2010,2010-07-12,0.15,0.1339201
5,2,2010,2010-07-20,0.1,0.18718658
5,2,2010,2010-07-28,0.1,0.1952705
5,2,2010,2010-08-05,0.27,0.15456071
5,2,2010,2010-08-13,0.37,0.45225215
5,2,2010,2010-08-21,0.37,0.52147627
5,2,2010,2010-08-29,0.48,0.51227903
5,2,2010,2010-09-06,0.5,0.5463686
5,2,2010,2010-09-14,0.55,0.53472245
5,2,2010,2010-09-22,0.53,0.58366793
5,2,2010,2010-09-30,0.56,0.53606164
5,2,2010,2010-10-08,0.57,0.5368804
5,2,2010,2010-10-16,0.57,0.55952424
5,2,2010,2010-10-24,0.61,0.5611264
5,2,2010,2010-11-01,0.57,0.5947195
5,2,2010,2010-11-09,0.54,0.54280007
5,2,2010,2010-11-17,0.52,0.48713738
5,2,2010,2010-11-25,0.43,0.45625895
5,2,2010,2010-12-03,0.23,0.31222057
5,2,2010,2010-12-11,0.26,0.0994353
5,2,2010,2010-12-19,0.1,0.15315557
5,2,2010,2010-12-27,0.1,0.09022626
5,2,2011,2011-07-04,0.1,0.12091355
5,2,2011,2011-07-12,0.17,0.15338656
5,2,2011,2011-07-20,0.15,0.2426647
5,2,2011,2011-07-28,0.43,0.19297546
5,2,2011,2011-08-05,0.38,0.51066744
5,2,2011,2011-08-13,0.59,0.47652996
5,2,2011,2011-08-21,0.7,0.6942245
5,2,2011,2011-08-29,0.6,0.729583
5,2,2011,2011-09-06,0.58,0.60064757
5,2,2011,2011-09-14,0.53,0.53646606
5,2,2011,2011-09-22,0.54,0.47967598
5,2,2011,2011-09-30,0.52,0.4961745
5,2,2011,2011-10-08,0.52,0.49295646
5,2,2011,2011-10-16,0.54,0.50075763
5,2,2011,2011-10-24,0.55,0.5252451
5,2,2011,2011-11-01,0.57,0.5509906
5,2,2011,2011-11-09,0.58,0.55707246
5,2,2011,2011-11-17,0.59,0.55042994
5,2,2011,2011-11-25,0.58,0.553953
5,2,2011,2011-12-03,0.53,0.5164177
5,2,2011,2011-12-11,0.45,0.3927139
5,2,2011,2011-12-19,0.3,0.32907504
5,2,2011,2011-12-27,0.35,0.18543231
5,2,2012,2012-07-03,0.07,0.12638836
5,2,2012,2012-07-11,0.09,0.12189549
5,2,2012,2012-07-19,0.08,0.16124184
5,2,2012,2012-07-27,0.09,0.1345304
5,2,2012,2012-08-04,0.17,0.25149357
5,2,2012,2012-08-12,0.18,0.2630359
5,2,2012,2012-08-20,0.39,0.36253735
5,2,2012,2012-08-28,0.53,0.57225025
5,2,2012,2012-09-05,0.51,0.63904285
5,2,2012,2012-09-13,0.47,0.5285973
5,2,2012,2012-09-21,0.41,0.43966246
5,2,2012,2012-09-29,0.46,0.3496355
5,2,2012,2012-10-07,0.42,0.41873223
5,2,2012,2012-10-15,0.44,0.40667328
5,2,2012,2012-10-23,0.4,0.4383849
5,2,2012,2012-10-31,0.38,0.39485878
5,2,2012,2012-11-08,0.34,0.37648734
5,2,2012,2012-11-16,0.16,0.33279926
5,2,2012,2012-11-24,0.13,0.1600201
5,2,2012,2012-12-02,0.11,0.13369988
5,2,2012,2012-12-10,0.16,0.14680171
5,2,2012,2012-12-18,0.21,0.22502151
5,2,2012,2012-12-26,0.15,0.2366036
5,3,2001,2001-07-04,0.31,0.42147467
5,3,2001,2001-07-12,0.26,0.41177988
5,3,2001,2001-07-20,0.43,0.368647
5,3,2001,2001-07-28,0.49,0.5131521
5,3,2001,2001-08-05,0.48,0.6026895
5,3,2001,2001-08-13,0.39,0.53899074
5,3,2001,2001-08-21,0.65,0.37486342
5,3,2001,2001-08-29,0.62,0.61707467
5,3,2001,2001-09-06,0.63,0.63343984
5,3,2001,2001-09-14,0.63,0.61788446
5,3,2001,2001-09-22,0.72,0.622875
5,3,2001,2001-09-30,0.69,0.7281022
5,3,2001,2001-10-08,0.74,0.6869037
5,3,2001,2001-10-16,0.75,0.72133493
5,3,2001,2001-10-24,0.74,0.71923506
5,3,2001,2001-11-01,0.78,0.70438695
5,3,2001,2001-11-09,0.77,0.7386341
5,3,2001,2001-11-17,0.84,0.7290646
5,3,2001,2001-11-25,0.76,0.8101487
5,3,2001,2001-12-03,0.67,0.6692714
5,3,2001,2001-12-11,0.6,0.4794202
5,3,2001,2001-12-19,0.47,0.35251802
5,3,2001,2001-12-27,0.33,0.240541
5,3,2002,2002-07-04,0.18,0.2439085
5,3,2002,2002-07-12,0.23,0.27231738
5,3,2002,2002-07-20,0.41,0.30751118
5,3,2002,2002-07-28,0.44,0.54796803
5,3,2002,2002-08-05,0.48,0.5389694
5,3,2002,2002-08-13,0.53,0.530254
5,3,2002,2002-08-21,0.53,0.5125632
5,3,2002,2002-08-29,0.53,0.57325655
5,3,2002,2002-09-06,0.47,0.5535462
5,3,2002,2002-09-14,0.52,0.4456401
5,3,2002,2002-09-22,0.6,0.48554105
5,3,2002,2002-09-30,0.67,0.6290628
5,3,2002,2002-10-08,0.66,0.6902561
5,3,2002,2002-10-16,0.63,0.66206735
5,3,2002,2002-10-24,0.66,0.5963625
5,3,2002,2002-11-01,0.69,0.6152282
5,3,2002,2002-11-09,0.7,0.67290235
5,3,2002,2002-11-17,0.66,0.675887
5,3,2002,2002-11-25,0.52,0.62748164
5,3,2002,2002-12-03,0.44,0.38090652
5,3,2002,2002-12-11,0.3,0.24491768
5,3,2002,2002-12-19,0.23,0.15134019
5,3,2002,2002-12-27,0.09,0.1216283
5,3,2003,2003-07-04,0.17,0.1746749
5,3,2003,2003-07-12,0.27,0.22991402
5,3,2003,2003-07-20,0.25,0.3506798
5,3,2003,2003-07-28,0.29,0.3708168
5,3,2003,2003-08-05,0.26,0.38922635
5,3,2003,2003-08-13,0.26,0.33640707
5,3,2003,2003-08-21,0.33,0.3279965
5,3,2003,2003-08-29,0.35,0.3944453
5,3,2003,2003-09-06,0.38,0.41014326
5,3,2003,2003-09-14,0.53,0.40249792
5,3,2003,2003-09-22,0.62,0.575081
5,3,2003,2003-09-30,0.6,0.669893
5,3,2003,2003-10-08,0.64,0.62928075
5,3,2003,2003-10-16,0.71,0.6330941
5,3,2003,2003-10-24,0.74,0.6882407
5,3,2003,2003-11-01,0.68,0.72038937
5,3,2003,2003-11-09,0.66,0.6341913
5,3,2003,2003-11-17,0.52,0.5851628
5,3,2003,2003-11-25,0.37,0.37601805
5,3,2003,2003-12-03,0.22,0.17575072
5,3,2003,2003-12-11,0.16,0.09256154
5,3,2003,2003-12-19,0.08,0.08008367
5,3,2003,2003-12-27,0.04,0.07374218
5,3,2004,2004-07-03,0.14,0.16278946
5,3,2004,2004-07-11,0.18,0.19276014
5,3,2004,2004-07-19,0.2,0.2667631
5,3,2004,2004-07-27,0.28,0.2657164
5,3,2004,2004-08-04,0.29,0.36083806
5,3,2004,2004-08-12,0.3,0.33739862
5,3,2004,2004-08-20,0.36,0.33668488
5,3,2004,2004-08-28,0.44,0.40870494
5,3,2004,2004-09-05,0.45,0.4937058
5,3,2004,2004-09-13,0.58,0.48450196
5,3,2004,2004-09-21,0.65,0.63616586
5,3,2004,2004-09-29,0.63,0.69620097
5,3,2004,2004-10-07,0.68,0.6313617
5,3,2004,2004-10-15,0.68,0.65934217
5,3,2004,2004-10-23,0.72,0.66843724
5,3,2004,2004-10-31,0.72,0.70875883
5,3,2004,2004-11-08,0.64,0.6715665
5,3,2004,2004-11-16,0.57,0.53885865
5,3,2004,2004-11-24,0.45,0.38035813
5,3,2004,2004-12-02,0.3,0.23553278
5,3,2004,2004-12-10,0.12,0.13310438
5,3,2004,2004-12-18,0.09,0.06174025
5,3,2004,2004-12-26,0.1,0.07209775
5,3,2005,2005-07-04,0.16,0.18350147
5,3,2005,2005-07-12,0.11,0.21298943
5,3,2005,2005-07-20,0.14,0.16698404
5,3,2005,2005-07-28,0.22,0.19594003
5,3,2005,2005-08-05,0.29,0.3033598
5,3,2005,2005-08-13,0.27,0.37266904
5,3,2005,2005-08-21,0.37,0.3413973
5,3,2005,2005-08-29,0.4,0.4385563
5,3,2005,2005-09-06,0.41,0.47286952
5,3,2005,2005-09-14,0.48,0.45621985
5,3,2005,2005-09-22,0.62,0.5376125
5,3,2005,2005-09-30,0.62,0.6831348
5,3,2005,2005-10-08,0.65,0.63842237
5,3,2005,2005-10-16,0.65,0.6477674
5,3,2005,2005-10-24,0.7,0.6257192
5,3,2005,2005-11-01,0.69,0.68513757
5,3,2005,2005-11-09,0.69,0.66106015
5,3,2005,2005-11-17,0.72,0.6204436
5,3,2005,2005-11-25,0.69,0.6338922
5,3,2005,2005-12-03,0.61,0.5697985
5,3,2005,2005-12-11,0.46,0.42206296
5,3,2005,2005-12-19,0.36,0.23152089
5,3,2005,2005-12-27,0.23,0.19457206
5,3,2006,2006-07-04,0.17,0.22293691
5,3,2006,2006-07-12,0.24,0.23380099
5,3,2006,2006-07-20,0.29,0.2757622
5,3,2006,2006-07-28,0.25,0.33075318
5,3,2006,2006-08-05,0.42,0.30277982
5,3,2006,2006-08-13,0.47,0.4939413
5,3,2006,2006-08-21,0.42,0.51888376
5,3,2006,2006-08-29,0.45,0.45266166
5,3,2006,2006-09-06,0.47,0.45637572
5,3,2006,2006-09-14,0.46,0.47182962
5,3,2006,2006-09-22,0.64,0.47260457
5,3,2006,2006-09-30,0.66,0.6875078
5,3,2006,2006-10-08,0.71,0.6823144
5,3,2006,2006-10-16,0.75,0.70539725
5,3,2006,2006-10-24,0.78,0.7254337
5,3,2006,2006-11-01,0.76,0.75520813
5,3,2006,2006-11-09,0.74,0.7049222
5,3,2006,2006-11-17,0.72,0.6617701
5,3,2006,2006-11-25,0.65,0.6427623
5,3,2006,2006-12-03,0.57,0.5393821
5,3,2006,2006-12-11,0.33,0.40205067
5,3,2006,2006-12-19,0.33,0.13207723
5,3,2006,2006-12-27,0.12,0.15319741
5,3,2007,2007-07-04,0.07,0.13844621
5,3,2007,2007-07-12,0.12,0.13623595
5,3,2007,2007-07-20,0.11,0.2090862
5,3,2007,2007-07-28,0.55,0.1958262
5,3,2007,2007-08-05,0.55,0.6657758
5,3,2007,2007-08-13,0.54,0.6527102
5,3,2007,2007-08-21,0.53,0.58562523
5,3,2007,2007-08-29,0.57,0.49562198
5,3,2007,2007-09-06,0.57,0.5365252
5,3,2007,2007-09-14,0.56,0.5514962
5,3,2007,2007-09-22,0.48,0.52819335
5,3,2007,2007-09-30,0.54,0.47308022
5,3,2007,2007-10-08,0.56,0.541485
5,3,2007,2007-10-16,0.58,0.5794834
5,3,2007,2007-10-24,0.64,0.60153
5,3,2007,2007-11-01,0.5,0.657107
5,3,2007,2007-11-09,0.62,0.46054694
5,3,2007,2007-11-17,0.62,0.5569159
5,3,2007,2007-11-25,0.65,0.5966513
5,3,2007,2007-12-03,0.62,0.6172364
5,3,2007,2007-12-11,0.5,0.5363385
5,3,2007,2007-12-19,0.29,0.3067658
5,3,2007,2007-12-27,0.23,0.13579294
5,3,2008,2008-07-03,0.18,0.20483974
5,3,2008,2008-07-11,0.16,0.20728192
5,3,2008,2008-07-19,0.3,0.20127295
5,3,2008,2008-07-27,0.3,0.33665663
5,3,2008,2008-08-04,0.33,0.47733673
5,3,2008,2008-08-12,0.5,0.454762
5,3,2008,2008-08-20,0.46,0.59266037
5,3,2008,2008-08-28,0.46,0.48143858
5,3,2008,2008-09-05,0.48,0.4650152
5,3,2008,2008-09-13,0.37,0.4705342
5,3,2008,2008-09-21,0.41,0.34466398
5,3,2008,2008-09-29,0.43,0.34503445
5,3,2008,2008-10-07,0.48,0.422217
5,3,2008,2008-10-15,0.53,0.5091002
5,3,2008,2008-10-23,0.54,0.55681145
5,3,2008,2008-10-31,0.55,0.56562006
5,3,2008,2008-11-08,0.59,0.5145829
5,3,2008,2008-11-16,0.64,0.5783072
5,3,2008,2008-11-24,0.66,0.64356637
5,3,2008,2008-12-02,0.66,0.65698457
5,3,2008,2008-12-10,0.62,0.6254646
5,3,2008,2008-12-18,0.45,0.51766753
5,3,2008,2008-12-26,0.45,0.2435498
5,3,2009,2009-07-04,0.1,0.15850715
5,3,2009,2009-07-12,0.14,0.15766184
5,3,2009,2009-07-20,0.38,0.19175245
5,3,2009,2009-07-28,0.34,0.51409334
5,3,2009,2009-08-05,0.47,0.43227977
5,3,2009,2009-08-13,0.53,0.54650164
5,3,2009,2009-08-21,0.53,0.5955884
5,3,2009,2009-08-29,0.43,0.54859954
5,3,2009,2009-09-06,0.4,0.39301136
5,3,2009,2009-09-14,0.46,0.33691913
5,3,2009,2009-09-22,0.43,0.39915723
5,3,2009,2009-09-30,0.42,0.4116048
5,3,2009,2009-10-08,0.43,0.41053256
5,3,2009,2009-10-16,0.46,0.4330595
5,3,2009,2009-10-24,0.47,0.48300064
5,3,2009,2009-11-01,0.5,0.4870549
5,3,2009,2009-11-09,0.53,0.50762355
5,3,2009,2009-11-17,0.58,0.5424665
5,3,2009,2009-11-25,0.51,0.60227203
5,3,2009,2009-12-03,0.44,0.50873804
5,3,2009,2009-12-11,0.29,0.38880327
5,3,2009,2009-12-19,0.27,0.19938801
5,3,2009,2009-12-27,0.18,0.1580569
5,3,2010,2010-07-04,0.09,0.12007663
5,3,2010,2010-07-12,0.22,0.13996269
5,3,2010,2010-07-20,0.21,0.29004014
5,3,2010,2010-07-28,0.15,0.34359527
5,3,2010,2010-08-05,0.42,0.24964668
5,3,2010,2010-08-13,0.37,0.5508302
5,3,2010,2010-08-21,0.38,0.46746692
5,3,2010,2010-08-29,0.35,0.44504505
5,3,2010,2010-09-06,0.32,0.31795305
5,3,2010,2010-09-14,0.3,0.28427118
5,3,2010,2010-09-22,0.32,0.30026257
5,3,2010,2010-09-30,0.33,0.33491546
5,3,2010,2010-10-08,0.37,0.35233092
5,3,2010,2010-10-16,0.39,0.3987403
5,3,2010,2010-10-24,0.43,0.42437637
5,3,2010,2010-11-01,0.46,0.4591986
5,3,2010,2010-11-09,0.54,0.4853427
5,3,2010,2010-11-17,0.56,0.56887174
5,3,2010,2010-11-25,0.58,0.5848739
5,3,2010,2010-12-03,0.54,0.5644112
5,3,2010,2010-12-11,0.39,0.47146443
5,3,2010,2010-12-19,0.31,0.25203353
5,3,2010,2010-12-27,0.16,0.18495265
5,3,2011,2011-07-04,0.2,0.15053138
5,3,2011,2011-07-12,0.3,0.25254562
5,3,2011,2011-07-20,0.24,0.40173882
5,3,2011,2011-07-28,0.42,0.3144315
5,3,2011,2011-08-05,0.35,0.45206344
5,3,2011,2011-08-13,0.44,0.44012678
5,3,2011,2011-08-21,0.45,0.49137086
5,3,2011,2011-08-29,0.37,0.46649426
5,3,2011,2011-09-06,0.33,0.3485419
5,3,2011,2011-09-14,0.32,0.2775703
5,3,2011,2011-09-22,0.41,0.2809523
5,3,2011,2011-09-30,0.41,0.42094457
5,3,2011,2011-10-08,0.43,0.43196926
5,3,2011,2011-10-16,0.43,0.44808465
5,3,2011,2011-10-24,0.5,0.4359458
5,3,2011,2011-11-01,0.53,0.51625824
5,3,2011,2011-11-09,0.58,0.54657495
5,3,2011,2011-11-17,0.61,0.6032953
5,3,2011,2011-11-25,0.57,0.61932385
5,3,2011,2011-12-03,0.53,0.5540948
5,3,2011,2011-12-11,0.56,0.4656514
5,3,2011,2011-12-19,0.37,0.45191208
5,3,2011,2011-12-27,0.36,0.24618572
5,3,2012,2012-07-03,0.19,0.15167406
5,3,2012,2012-07-11,0.18,0.2794583
5,3,2012,2012-07-19,0.17,0.2764392
5,3,2012,2012-07-27,0.16,0.23314646
5,3,2012,2012-08-04,0.26,0.26584274
5,3,2012,2012-08-12,0.2,0.3249485
5,3,2012,2012-08-20,0.26,0.29871452
5,3,2012,2012-08-28,0.29,0.3398909
5,3,2012,2012-09-05,0.27,0.3325233
5,3,2012,2012-09-13,0.23,0.2966473
5,3,2012,2012-09-21,0.25,0.24044888
5,3,2012,2012-09-29,0.35,0.3017854
5,3,2012,2012-10-07,0.34,0.42003217
5,3,2012,2012-10-15,0.42,0.4078694
5,3,2012,2012-10-23,0.47,0.46398774
5,3,2012,2012-10-31,0.46,0.5160929
5,3,2012,2012-11-08,0.46,0.48984084
5,3,2012,2012-11-16,0.46,0.4763624
5,3,2012,2012-11-24,0.29,0.468356
5,3,2012,2012-12-02,0.25,0.26085842
5,3,2012,2012-12-10,0.19,0.18461962
5,3,2012,2012-12-18,0.16,0.17378886
5,3,2012,2012-12-26,0.11,0.14818148
5,4,2001,2001-07-04,0.45,0.52719635
5,4,2001,2001-07-12,0.39,0.5256711
5,4,2001,2001-07-20,0.64,0.4390894
5,4,2001,2001-07-28,0.53,0.6712292
5,4,2001,2001-08-05,0.56,0.6097648
5,4,2001,2001-08-13,0.49,0.6123002
5,4,2001,2001-08-21,0.85,0.48772645
5,4,2001,2001-08-29,0.88,0.833341
5,4,2001,2001-09-06,0.91,0.8885684
5,4,2001,2001-09-14,0.91,0.87855035
5,4,2001,2001-09-22,0.96,0.85244846
5,4,2001,2001-09-30,0.97,0.8932784
5,4,2001,2001-10-08,0.97,0.8976307
5,4,2001,2001-10-16,0.98,0.88217825
5,4,2001,2001-10-24,0.98,0.8897537
5,4,2001,2001-11-01,0.98,0.88915765
5,4,2001,2001-11-09,0.98,0.8806347
5,4,2001,2001-11-17,0.97,0.8804624
5,4,2001,2001-11-25,0.93,0.86698943
5,4,2001,2001-12-03,0.84,0.81124353
5,4,2001,2001-12-11,0.62,0.6704661
5,4,2001,2001-12-19,0.5,0.3062404
5,4,2001,2001-12-27,0.22,0.16515307
5,4,2002,2002-07-04,0.3,0.26096648
5,4,2002,2002-07-12,0.43,0.4528473
5,4,2002,2002-07-20,0.56,0.555859
5,4,2002,2002-07-28,0.54,0.6921186
5,4,2002,2002-08-05,0.62,0.556805
5,4,2002,2002-08-13,0.85,0.60653925
5,4,2002,2002-08-21,0.85,0.8114936
5,4,2002,2002-08-29,0.87,0.86483914
5,4,2002,2002-09-06,0.86,0.85701454
5,4,2002,2002-09-14,0.95,0.8145951
5,4,2002,2002-09-22,0.97,0.8911512
5,4,2002,2002-09-30,0.98,0.9103834
5,4,2002,2002-10-08,0.98,0.90140384
5,4,2002,2002-10-16,0.97,0.8874408
5,4,2002,2002-10-24,0.98,0.8735063
5,4,2002,2002-11-01,0.98,0.8867033
5,4,2002,2002-11-09,0.97,0.8860085
5,4,2002,2002-11-17,0.94,0.8713749
5,4,2002,2002-11-25,0.8,0.83120906
5,4,2002,2002-12-03,0.6,0.5943958
5,4,2002,2002-12-11,0.4,0.27597535
5,4,2002,2002-12-19,0.17,0.10030106
5,4,2002,2002-12-27,0.04,0.039929748
5,4,2003,2003-07-04,0.13,0.1229642
5,4,2003,2003-07-12,0.39,0.2645116
5,4,2003,2003-07-20,0.32,0.55413085
5,4,2003,2003-07-28,0.38,0.48063686
5,4,2003,2003-08-05,0.41,0.47074783
5,4,2003,2003-08-13,0.39,0.4607959
5,4,2003,2003-08-21,0.58,0.4907493
5,4,2003,2003-08-29,0.7,0.66807437
5,4,2003,2003-09-06,0.63,0.75358737
5,4,2003,2003-09-14,0.85,0.6463111
5,4,2003,2003-09-22,0.91,0.84274334
5,4,2003,2003-09-30,0.93,0.90056485
5,4,2003,2003-10-08,0.96,0.8959949
5,4,2003,2003-10-16,0.97,0.89116895
5,4,2003,2003-10-24,0.97,0.8862045
5,4,2003,2003-11-01,0.94,0.88065106
5,4,2003,2003-11-09,0.85,0.83740413
5,4,2003,2003-11-17,0.51,0.7029475
5,4,2003,2003-11-25,0.32,0.27110898
5,4,2003,2003-12-03,0.13,0.07191661
5,4,2003,2003-12-11,0.05,0.023779273
5,4,2003,2003-12-19,0.02,0.008351624
5,4,2003,2003-12-27,0.01,0.013838202
5,4,2004,2004-07-03,0.09,0.11071733
5,4,2004,2004-07-11,0.16,0.14752372
5,4,2004,2004-07-19,0.22,0.31549147
5,4,2004,2004-07-27,0.21,0.30985543
5,4,2004,2004-08-04,0.23,0.31652835
5,4,2004,2004-08-12,0.36,0.3059253
5,4,2004,2004-08-20,0.54,0.43351057
5,4,2004,2004-08-28,0.73,0.66359395
5,4,2004,2004-09-05,0.81,0.7969941
5,4,2004,2004-09-13,0.88,0.79729366
5,4,2004,2004-09-21,0.91,0.873722
5,4,2004,2004-09-29,0.92,0.8835173
5,4,2004,2004-10-07,0.98,0.8712927
5,4,2004,2004-10-15,0.97,0.9162454
5,4,2004,2004-10-23,0.97,0.8883799
5,4,2004,2004-10-31,0.96,0.8766695
5,4,2004,2004-11-08,0.74,0.8547998
5,4,2004,2004-11-16,0.47,0.47600874
5,4,2004,2004-11-24,0.26,0.12727134
5,4,2004,2004-12-02,0.16,0.08895561
5,4,2004,2004-12-10,0.02,0.060874224
5,4,2004,2004-12-18,0.02,0.018895745
5,4,2004,2004-12-26,0.01,0.04458639
5,4,2005,2005-07-04,0.1,0.09400979
5,4,2005,2005-07-12,0.07,0.14976221
5,4,2005,2005-07-20,0.08,0.13426983
5,4,2005,2005-07-28,0.13,0.16244635
5,4,2005,2005-08-05,0.2,0.1953412
5,4,2005,2005-08-13,0.13,0.2732349
5,4,2005,2005-08-21,0.47,0.22939938
5,4,2005,2005-08-29,0.55,0.6338632
5,4,2005,2005-09-06,0.73,0.68521786
5,4,2005,2005-09-14,0.83,0.8131455
5,4,2005,2005-09-22,0.88,0.85181403
5,4,2005,2005-09-30,0.89,0.87068903
5,4,2005,2005-10-08,0.93,0.8461776
5,4,2005,2005-10-16,0.95,0.8802553
5,4,2005,2005-10-24,0.97,0.88161266
5,4,2005,2005-11-01,0.97,0.8920338
5,4,2005,2005-11-09,0.92,0.87780523
5,4,2005,2005-11-17,0.83,0.7301222
5,4,2005,2005-11-25,0.7,0.5035416
5,4,2005,2005-12-03,0.37,0.3174004
5,4,2005,2005-12-11,0.13,0.12390059
5,4,2005,2005-12-19,0.11,0.0643045
5,4,2005,2005-12-27,0.07,0.08236098
5,4,2006,2006-07-04,0.2,0.16678432
5,4,2006,2006-07-12,0.27,0.24756035
5,4,2006,2006-07-20,0.29,0.29791024
5,4,2006,2006-07-28,0.23,0.3153007
5,4,2006,2006-08-05,0.39,0.25160673
5,4,2006,2006-08-13,0.54,0.43136436
5,4,2006,2006-08-21,0.51,0.57187694
5,4,2006,2006-08-29,0.69,0.5857094
5,4,2006,2006-09-06,0.77,0.7348372
5,4,2006,2006-09-14,0.82,0.7991414
5,4,2006,2006-09-22,0.92,0.8289463
5,4,2006,2006-09-30,0.93,0.9007728
5,4,2006,2006-10-08,0.92,0.8815233
5,4,2006,2006-10-16,0.95,0.850631
5,4,2006,2006-10-24,0.96,0.8762984
5,4,2006,2006-11-01,0.98,0.8847501
5,4,2006,2006-11-09,0.96,0.89665973
5,4,2006,2006-11-17,0.94,0.8492507
5,4,2006,2006-11-25,0.8,0.8019295
5,4,2006,2006-12-03,0.6,0.5367314
5,4,2006,2006-12-11,0.2,0.2094354
5,4,2006,2006-12-19,0.14,0.039907634
5,4,2006,2006-12-27,0.03,0.08708447
5,4,2007,2007-07-04,0.06,0.11809997
5,4,2007,2007-07-12,0.15,0.1490834
5,4,2007,2007-07-20,0.11,0.2574616
5,4,2007,2007-07-28,0.51,0.19935632
5,4,2007,2007-08-05,0.51,0.61228395
5,4,2007,2007-08-13,0.51,0.60372055
5,4,2007,2007-08-21,0.55,0.582128
5,4,2007,2007-08-29,0.66,0.556163
5,4,2007,2007-09-06,0.73,0.69423
5,4,2007,2007-09-14,0.76,0.7593862
5,4,2007,2007-09-22,0.82,0.7675802
5,4,2007,2007-09-30,0.92,0.8195132
5,4,2007,2007-10-08,0.92,0.8962842
5,4,2007,2007-10-16,0.93,0.8683072
5,4,2007,2007-10-24,0.96,0.86021495
5,4,2007,2007-11-01,0.93,0.88589954
5,4,2007,2007-11-09,0.95,0.8434237
5,4,2007,2007-11-17,0.93,0.86021346
5,4,2007,2007-11-25,0.86,0.831503
5,4,2007,2007-12-03,0.8,0.67793536
5,4,2007,2007-12-11,0.43,0.53610224
5,4,2007,2007-12-19,0.05,0.15467565
5,4,2007,2007-12-27,0.04,0.058181733
5,4,2008,2008-07-03,0.2,0.17393267
5,4,2008,2008-07-11,0.14,0.23998596
5,4,2008,2008-07-19,0.39,0.20387052
5,4,2008,2008-07-27,0.33,0.44219488
5,4,2008,2008-08-04,0.42,0.48002306
5,4,2008,2008-08-12,0.56,0.52770233
5,4,2008,2008-08-20,0.6,0.6147431
5,4,2008,2008-08-28,0.63,0.6211351
5,4,2008,2008-09-05,0.72,0.652208
5,4,2008,2008-09-13,0.78,0.73510116
5,4,2008,2008-09-21,0.82,0.7787196
5,4,2008,2008-09-29,0.84,0.8057844
5,4,2008,2008-10-07,0.86,0.821814
5,4,2008,2008-10-15,0.86,0.81744486
5,4,2008,2008-10-23,0.89,0.8006381
5,4,2008,2008-10-31,0.9,0.83429754
5,4,2008,2008-11-08,0.87,0.8282616
5,4,2008,2008-11-16,0.88,0.7867143
5,4,2008,2008-11-24,0.8,0.79383016
5,4,2008,2008-12-02,0.65,0.6546488
5,4,2008,2008-12-10,0.42,0.3982097
5,4,2008,2008-12-18,0.19,0.101395726
5,4,2008,2008-12-26,0.11,0.026082844
5,4,2009,2009-07-04,0.05,0.112089574
5,4,2009,2009-07-12,0.33,0.13912807
5,4,2009,2009-07-20,0.56,0.4137473
5,4,2009,2009-07-28,0.33,0.7080502
5,4,2009,2009-08-05,0.59,0.46036303
5,4,2009,2009-08-13,0.63,0.57250863
5,4,2009,2009-08-21,0.63,0.6695918
5,4,2009,2009-08-29,0.63,0.64096457
5,4,2009,2009-09-06,0.76,0.61238205
5,4,2009,2009-09-14,0.82,0.75678456
5,4,2009,2009-09-22,0.85,0.8170736
5,4,2009,2009-09-30,0.85,0.8283142
5,4,2009,2009-10-08,0.88,0.7987758
5,4,2009,2009-10-16,0.9,0.8202001
5,4,2009,2009-10-24,0.9,0.83258086
5,4,2009,2009-11-01,0.91,0.82927716
5,4,2009,2009-11-09,0.9,0.8336835
5,4,2009,2009-11-17,0.92,0.80619115
5,4,2009,2009-11-25,0.71,0.83697176
5,4,2009,2009-12-03,0.43,0.4858449
5,4,2009,2009-12-11,0.23,0.14373545
5,4,2009,2009-12-19,0.05,0.06647307
5,4,2009,2009-12-27,0.02,0.011342198
5,4,2010,2010-07-04,0.06,0.09685919
5,4,2010,2010-07-12,0.3,0.10834345
5,4,2010,2010-07-20,0.24,0.46731764
5,4,2010,2010-07-28,0.2,0.40656513
5,4,2010,2010-08-05,0.42,0.29498526
5,4,2010,2010-08-13,0.38,0.5244912
5,4,2010,2010-08-21,0.38,0.47047427
5,4,2010,2010-08-29,0.38,0.44246212
5,4,2010,2010-09-06,0.45,0.3842008
5,4,2010,2010-09-14,0.55,0.5106494
5,4,2010,2010-09-22,0.59,0.626629
5,4,2010,2010-09-30,0.76,0.6446972
5,4,2010,2010-10-08,0.84,0.7854312
5,4,2010,2010-10-16,0.83,0.84492904
5,4,2010,2010-10-24,0.88,0.80793667
5,4,2010,2010-11-01,0.86,0.8295579
5,4,2010,2010-11-09,0.81,0.7910929
5,4,2010,2010-11-17,0.83,0.7076452
5,4,2010,2010-11-25,0.68,0.75219524
5,4,2010,2010-12-03,0.49,0.4527959
5,4,2010,2010-12-11,0.13,0.16038486
5,4,2010,2010-12-19,0.08,0.017077714
5,4,2010,2010-12-27,0.03,0.04671052
5,4,2011,2011-07-04,0.12,0.13478196
5,4,2011,2011-07-12,0.21,0.15878579
5,4,2011,2011-07-20,0.13,0.3375667
5,4,2011,2011-07-28,0.34,0.2120483
5,4,2011,2011-08-05,0.37,0.40875062
5,4,2011,2011-08-13,0.36,0.48448068
5,4,2011,2011-08-21,0.41,0.43388394
5,4,2011,2011-08-29,0.43,0.42895406
5,4,2011,2011-09-06,0.51,0.4340147
5,4,2011,2011-09-14,0.64,0.5364254
5,4,2011,2011-09-22,0.84,0.67878747
5,4,2011,2011-09-30,0.85,0.83909744
5,4,2011,2011-10-08,0.85,0.84619313
5,4,2011,2011-10-16,0.86,0.8294306
5,4,2011,2011-10-24,0.87,0.7993473
5,4,2011,2011-11-01,0.87,0.80997443
5,4,2011,2011-11-09,0.87,0.79199207
5,4,2011,2011-11-17,0.89,0.77419806
5,4,2011,2011-11-25,0.62,0.8101729
5,4,2011,2011-12-03,0.62,0.39888713
5,4,2011,2011-12-11,0.33,0.2855633
5,4,2011,2011-12-19,0.1,0.06753421
5,4,2011,2011-12-27,0.07,0.042645752
5,4,2012,2012-07-03,0.13,0.1127291
5,4,2012,2012-07-11,0.08,0.18917878
5,4,2012,2012-07-19,0.08,0.15567249
5,4,2012,2012-07-27,0.11,0.1254516
5,4,2012,2012-08-04,0.18,0.23011056
5,4,2012,2012-08-12,0.22,0.27835777
5,4,2012,2012-08-20,0.16,0.32031572
5,4,2012,2012-08-28,0.2,0.24941033
5,4,2012,2012-09-05,0.36,0.2780792
5,4,2012,2012-09-13,0.57,0.47798836
5,4,2012,2012-09-21,0.59,0.70345604
5,4,2012,2012-09-29,0.82,0.682838
5,4,2012,2012-10-07,0.81,0.8497143
5,4,2012,2012-10-15,0.83,0.80677867
5,4,2012,2012-10-23,0.84,0.79346544
5,4,2012,2012-10-31,0.82,0.77829885
5,4,2012,2012-11-08,0.81,0.7445706
5,4,2012,2012-11-16,0.53,0.72728324
5,4,2012,2012-11-24,0.31,0.34892926
5,4,2012,2012-12-02,0.24,0.056563407
5,4,2012,2012-12-10,0.06,0.08141863
5,4,2012,2012-12-18,0.03,-0.0056304634
5,4,2012,2012-12-26,0.01,0.01726994
5,5,2001,2001-07-04,0.34,0.39851668
5,5,2001,2001-07-12,0.24,0.40902913
5,5,2001,2001-07-20,0.15,0.3075693
5,5,2001,2001-07-28,0.12,0.21192555
5,5,2001,2001-08-05,0.33,0.22157337
5,5,2001,2001-08-13,0.28,0.39805204
5,5,2001,2001-08-21,0.45,0.37523955
5,5,2001,2001-08-29,0.61,0.5445281
5,5,2001,2001-09-06,0.75,0.70241094
5,5,2001,2001-09-14,0.8,0.7709723
5,5,2001,2001-09-22,0.88,0.804724
5,5,2001,2001-09-30,0.92,0.86741227
5,5,2001,2001-10-08,0.91,0.88594645
5,5,2001,2001-10-16,0.95,0.8513197
5,5,2001,2001-10-24,0.92,0.8702147
5,5,2001,2001-11-01,0.91,0.8308525
5,5,2001,2001-11-09,0.89,0.8078053
5,5,2001,2001-11-17,0.87,0.7757529
5,5,2001,2001-11-25,0.81,0.75280285
5,5,2001,2001-12-03,0.63,0.66826344
5,5,2001,2001-12-11,0.39,0.39696044
5,5,2001,2001-12-19,0.28,0.12776014
5,5,2001,2001-12-27,0.1,0.07034278
5,5,2002,2002-07-04,0.15,0.22759116
5,5,2002,2002-07-12,0.15,0.2610773
5,5,2002,2002-07-20,0.09,0.22803496
5,5,2002,2002-07-28,0.1,0.12060313
5,5,2002,2002-08-05,0.16,0.12376049
5,5,2002,2002-08-13,0.38,0.2697883
5,5,2002,2002-08-21,0.38,0.46686444
5,5,2002,2002-08-29,0.42,0.50329983
5,5,2002,2002-09-06,0.36,0.5302355
5,5,2002,2002-09-14,0.66,0.44913527
5,5,2002,2002-09-22,0.82,0.72820413
5,5,2002,2002-09-30,0.89,0.8495964
5,5,2002,2002-10-08,0.91,0.8802216
5,5,2002,2002-10-16,0.89,0.86947197
5,5,2002,2002-10-24,0.91,0.82194656
5,5,2002,2002-11-01,0.9,0.822171
5,5,2002,2002-11-09,0.9,0.8078444
5,5,2002,2002-11-17,0.84,0.8018024
5,5,2002,2002-11-25,0.67,0.71705914
5,5,2002,2002-12-03,0.43,0.44736812
5,5,2002,2002-12-11,0.27,0.15493438
5,5,2002,2002-12-19,0.1,0.061932564
5,5,2002,2002-12-27,0.02,0.033583492
5,5,2003,2003-07-04,0.07,0.08491945
5,5,2003,2003-07-12,0.21,0.14948799
5,5,2003,2003-07-20,0.16,0.2735147
5,5,2003,2003-07-28,0.16,0.20298752
5,5,2003,2003-08-05,0.15,0.18828338
5,5,2003,2003-08-13,0.13,0.18599784
5,5,2003,2003-08-21,0.18,0.2423438
5,5,2003,2003-08-29,0.26,0.27148885
5,5,2003,2003-09-06,0.32,0.36634713
5,5,2003,2003-09-14,0.53,0.38876292
5,5,2003,2003-09-22,0.75,0.6701895
5,5,2003,2003-09-30,0.83,0.8234128
5,5,2003,2003-10-08,0.9,0.8458096
5,5,2003,2003-10-16,0.89,0.8802125
5,5,2003,2003-10-24,0.87,0.8325975
5,5,2003,2003-11-01,0.8,0.78768045
5,5,2003,2003-11-09,0.71,0.67750704
5,5,2003,2003-11-17,0.38,0.5546969
5,5,2003,2003-11-25,0.29,0.2000104
5,5,2003,2003-12-03,0.08,0.07897353
5,5,2003,2003-12-11,0.0,0.0021784902
5,5,2003,2003-12-19,0.02,0.006183505
5,5,2003,2003-12-27,0.0,0.04082176
5,5,2004,2004-07-03,0.02,0.06868935
5,5,2004,2004-07-11,0.05,0.0714615
5,5,2004,2004-07-19,0.04,0.1487637
5,5,2004,2004-07-27,0.05,0.10924283
5,5,2004,2004-08-04,0.06,0.12466791
5,5,2004,2004-08-12,0.09,0.1167292
5,5,2004,2004-08-20,0.13,0.14155091
5,5,2004,2004-08-28,0.39,0.19545414
5,5,2004,2004-09-05,0.48,0.5010942
5,5,2004,2004-09-13,0.8,0.57088405
5,5,2004,2004-09-21,0.89,0.8536522
5,5,2004,2004-09-29,0.88,0.8816554
5,5,2004,2004-10-07,0.92,0.85637116
5,5,2004,2004-10-15,0.89,0.8766135
5,5,2004,2004-10-23,0.89,0.80928534
5,5,2004,2004-10-31,0.9,0.7941476
5,5,2004,2004-11-08,0.64,0.78747857
5,5,2004,2004-11-16,0.45,0.42414784
5,5,2004,2004-11-24,0.21,0.12706725
5,5,2004,2004-12-02,0.02,0.061228514
5,5,2004,2004-12-10,0.0,0.008892775
5,5,2004,2004-12-18,0.0,0.030738056
5,5,2004,2004-12-26,0.0,0.037924916
5,5,2005,2005-07-04,0.03,0.10515514
5,5,2005,2005-07-12,0.03,0.06360385
5,5,2005,2005-07-20,0.04,0.0780333
5,5,2005,2005-07-28,0.04,0.08312601
5,5,2005,2005-08-05,0.09,0.0899443
5,5,2005,2005-08-13,0.02,0.13672979
5,5,2005,2005-08-21,0.12,0.07698664
5,5,2005,2005-08-29,0.23,0.18874283
5,5,2005,2005-09-06,0.36,0.38216835
5,5,2005,2005-09-14,0.7,0.5030636
5,5,2005,2005-09-22,0.88,0.83830595
5,5,2005,2005-09-30,0.85,0.90181786
5,5,2005,2005-10-08,0.9,0.8313597
5,5,2005,2005-10-16,0.91,0.8533223
5,5,2005,2005-10-24,0.93,0.8311126
5,5,2005,2005-11-01,0.92,0.848671
5,5,2005,2005-11-09,0.82,0.82846105
5,5,2005,2005-11-17,0.72,0.5928757
5,5,2005,2005-11-25,0.66,0.38530666
5,5,2005,2005-12-03,0.31,0.32342157
5,5,2005,2005-12-11,0.11,0.12250422
5,5,2005,2005-12-19,0.03,0.065690726
5,5,2005,2005-12-27,0.04,0.06074685
5,5,2006,2006-07-04,0.16,0.14256762
5,5,2006,2006-07-12,0.09,0.18454672
5,5,2006,2006-07-20,0.11,0.1103518
5,5,2006,2006-07-28,0.03,0.13196576
5,5,2006,2006-08-05,0.15,0.059333026
5,5,2006,2006-08-13,0.22,0.20034063
5,5,2006,2006-08-21,0.2,0.23147254
5,5,2006,2006-08-29,0.36,0.25394294
5,5,2006,2006-09-06,0.32,0.4365412
5,5,2006,2006-09-14,0.61,0.4104646
5,5,2006,2006-09-22,0.92,0.7463361
5,5,2006,2006-09-30,0.9,0.9363373
5,5,2006,2006-10-08,0.92,0.8731488
5,5,2006,2006-10-16,0.92,0.87365174
5,5,2006,2006-10-24,0.92,0.8351676
5,5,2006,2006-11-01,0.93,0.83734465
5,5,2006,2006-11-09,0.89,0.8398338
5,5,2006,2006-11-17,0.85,0.756183
5,5,2006,2006-11-25,0.69,0.6777241
5,5,2006,2006-12-03,0.46,0.43696252
5,5,2006,2006-12-11,0.15,0.1623322
5,5,2006,2006-12-19,0.06,0.027989447
5,5,2006,2006-12-27,0.01,0.047784597
5,5,2007,2007-07-04,0.05,0.10040009
5,5,2007,2007-07-12,0.1,0.13458467
5,5,2007,2007-07-20,0.07,0.144784
5,5,2007,2007-07-28,0.34,0.12149799
5,5,2007,2007-08-05,0.34,0.3727101
5,5,2007,2007-08-13,0.34,0.40205348
5,5,2007,2007-08-21,0.35,0.40384164
5,5,2007,2007-08-29,0.3,0.3608326
5,5,2007,2007-09-06,0.39,0.34445396
5,5,2007,2007-09-14,0.42,0.41445583
5,5,2007,2007-09-22,0.44,0.5239371
5,5,2007,2007-09-30,0.73,0.5839456
5,5,2007,2007-10-08,0.79,0.80666596
5,5,2007,2007-10-16,0.86,0.8129219
5,5,2007,2007-10-24,0.94,0.8453449
5,5,2007,2007-11-01,0.91,0.8935264
5,5,2007,2007-11-09,0.89,0.84196216
5,5,2007,2007-11-17,0.87,0.78491616
5,5,2007,2007-11-25,0.77,0.74828064
5,5,2007,2007-12-03,0.74,0.5528357
5,5,2007,2007-12-11,0.45,0.4569021
5,5,2007,2007-12-19,0.06,0.1708802
5,5,2007,2007-12-27,0.02,0.037223905
5,5,2008,2008-07-03,0.29,0.18531477
5,5,2008,2008-07-11,0.07,0.340171
5,5,2008,2008-07-19,0.23,0.17141509
5,5,2008,2008-07-27,0.06,0.24470681
5,5,2008,2008-08-04,0.21,0.1689799
5,5,2008,2008-08-12,0.2,0.31653035
5,5,2008,2008-08-20,0.27,0.2758936
5,5,2008,2008-08-28,0.39,0.35580033
5,5,2008,2008-09-05,0.42,0.44105625
5,5,2008,2008-09-13,0.48,0.48692286
5,5,2008,2008-09-21,0.72,0.51804453
5,5,2008,2008-09-29,0.84,0.7287468
5,5,2008,2008-10-07,0.88,0.84886533
5,5,2008,2008-10-15,0.9,0.861679
5,5,2008,2008-10-23,0.94,0.8673124
5,5,2008,2008-10-31,0.92,0.88834727
5,5,2008,2008-11-08,0.86,0.8380003
5,5,2008,2008-11-16,0.81,0.7406801
5,5,2008,2008-11-24,0.73,0.66518265
5,5,2008,2008-12-02,0.62,0.5351634
5,5,2008,2008-12-10,0.24,0.40379086
5,5,2008,2008-12-18,0.1,0.093924046
5,5,2008,2008-12-26,0.06,0.015116423
5,5,2009,2009-07-04,0.01,0.12572195
5,5,2009,2009-07-12,0.24,0.13468812
5,5,2009,2009-07-20,0.39,0.27687818
5,5,2009,2009-07-28,0.26,0.4967882
5,5,2009,2009-08-05,0.3,0.31901744
5,5,2009,2009-08-13,0.3,0.3077508
5,5,2009,2009-08-21,0.3,0.31667915
5,5,2009,2009-08-29,0.33,0.3434656
5,5,2009,2009-09-06,0.5,0.39453945
5,5,2009,2009-09-14,0.61,0.5689883
5,5,2009,2009-09-22,0.74,0.65376294
5,5,2009,2009-09-30,0.74,0.7784493
5,5,2009,2009-10-08,0.89,0.76481116
5,5,2009,2009-10-16,0.93,0.8744643
5,5,2009,2009-10-24,0.92,0.89328116
5,5,2009,2009-11-01,0.94,0.8657253
5,5,2009,2009-11-09,0.92,0.8531517
5,5,2009,2009-11-17,0.92,0.80611444
5,5,2009,2009-11-25,0.75,0.7968987
5,5,2009,2009-12-03,0.41,0.5222417
5,5,2009,2009-12-11,0.26,0.18804103
5,5,2009,2009-12-19,0.06,0.05827397
5,5,2009,2009-12-27,0.0,0.02366367
5,5,2010,2010-07-04,0.12,0.10186353
5,5,2010,2010-07-12,0.19,0.15303358
5,5,2010,2010-07-20,0.12,0.3003605
5,5,2010,2010-07-28,0.06,0.24357364
5,5,2010,2010-08-05,0.15,0.1362112
5,5,2010,2010-08-13,0.23,0.22818373
5,5,2010,2010-08-21,0.19,0.29838818
5,5,2010,2010-08-29,0.23,0.26639086
5,5,2010,2010-09-06,0.22,0.29436904
5,5,2010,2010-09-14,0.37,0.32858038
5,5,2010,2010-09-22,0.39,0.5077881
5,5,2010,2010-09-30,0.65,0.5260577
5,5,2010,2010-10-08,0.88,0.73606634
5,5,2010,2010-10-16,0.88,0.8995065
5,5,2010,2010-10-24,0.94,0.8732975
5,5,2010,2010-11-01,0.9,0.8940133
5,5,2010,2010-11-09,0.88,0.81810474
5,5,2010,2010-11-17,0.83,0.77671087
5,5,2010,2010-11-25,0.76,0.71251094
5,5,2010,2010-12-03,0.47,0.55783975
5,5,2010,2010-12-11,0.24,0.20564182
5,5,2010,2010-12-19,0.15,0.058270365
5,5,2010,2010-12-27,0.02,0.06356236
5,5,2011,2011-07-04,0.09,0.10880029
5,5,2011,2011-07-12,0.09,0.15390098
5,5,2011,2011-07-20,0.05,0.1647776
5,5,2011,2011-07-28,0.12,0.1008327
5,5,2011,2011-08-05,0.16,0.14748105
5,5,2011,2011-08-13,0.13,0.21416254
5,5,2011,2011-08-21,0.17,0.2040171
5,5,2011,2011-08-29,0.31,0.21961433
5,5,2011,2011-09-06,0.29,0.37743735
5,5,2011,2011-09-14,0.41,0.33948433
5,5,2011,2011-09-22,0.93,0.49659804
5,5,2011,2011-09-30,0.94,0.9054255
5,5,2011,2011-10-08,0.94,0.8991383
5,5,2011,2011-10-16,0.94,0.90197796
5,5,2011,2011-10-24,0.93,0.8776256
5,5,2011,2011-11-01,0.95,0.8553387
5,5,2011,2011-11-09,0.92,0.8521739
5,5,2011,2011-11-17,0.91,0.8098167
5,5,2011,2011-11-25,0.59,0.7844824
5,5,2011,2011-12-03,0.58,0.37342453
5,5,2011,2011-12-11,0.34,0.20639718
5,5,2011,2011-12-19,0.09,0.09334442
5,5,2011,2011-12-27,0.01,0.03319621
5,5,2012,2012-07-03,0.15,0.09352642
5,5,2012,2012-07-11,0.08,0.20606385
5,5,2012,2012-07-19,0.01,0.1234739
5,5,2012,2012-07-27,0.0,0.055050105
5,5,2012,2012-08-04,0.05,0.06979826
5,5,2012,2012-08-12,0.1,0.12870564
5,5,2012,2012-08-20,0.08,0.1624209
5,5,2012,2012-08-28,0.06,0.1502855
5,5,2012,2012-09-05,0.2,0.16703156
5,5,2012,2012-09-13,0.38,0.28783476
5,5,2012,2012-09-21,0.58,0.5128805
5,5,2012,2012-09-29,0.8,0.7756425
5,5,2012,2012-10-07,0.88,0.86497325
5,5,2012,2012-10-15,0.92,0.87568104
5,5,2012,2012-10-23,0.93,0.8853089
5,5,2012,2012-10-31,0.87,0.8589438
5,5,2012,2012-11-08,0.86,0.7709106
5,5,2012,2012-11-16,0.59,0.74779165
5,5,2012,2012-11-24,0.38,0.38522
5,5,2012,2012-12-02,0.19,0.09454858
5,5,2012,2012-12-10,0.02,0.055089355
5,5,2012,2012-12-18,0.0,-0.0012111664
5,5,2012,2012-12-26,0.0,0.007946104
5,6,2001,2001-07-04,0.36,0.404707
5,6,2001,2001-07-12,0.29,0.4636209
5,6,2001,2001-07-20,0.17,0.39366978
5,6,2001,2001-07-28,0.2,0.22924346
5,6,2001,2001-08-05,0.25,0.22121204
5,6,2001,2001-08-13,0.22,0.27572525
5,6,2001,2001-08-21,0.32,0.27884382
5,6,2001,2001-08-29,0.38,0.3903896
5,6,2001,2001-09-06,0.42,0.48434412
5,6,2001,2001-09-14,0.48,0.47574383
5,6,2001,2001-09-22,0.62,0.534986
5,6,2001,2001-09-30,0.71,0.656077
5,6,2001,2001-10-08,0.77,0.7368908
5,6,2001,2001-10-16,0.79,0.7719828
5,6,2001,2001-10-24,0.79,0.77301717
5,6,2001,2001-11-01,0.78,0.7518782
5,6,2001,2001-11-09,0.78,0.7302971
5,6,2001,2001-11-17,0.78,0.70842093
5,6,2001,2001-11-25,0.77,0.7119758
5,6,2001,2001-12-03,0.66,0.6966797
5,6,2001,2001-12-11,0.47,0.5575953
5,6,2001,2001-12-19,0.34,0.29575634
5,6,2001,2001-12-27,0.13,0.12961332
5,6,2002,2002-07-04,0.24,0.2040639
5,6,2002,2002-07-12,0.24,0.36507738
5,6,2002,2002-07-20,0.13,0.33492577
5,6,2002,2002-07-28,0.06,0.17118354
5,6,2002,2002-08-05,0.07,0.09845704
5,6,2002,2002-08-13,0.17,0.14207368
5,6,2002,2002-08-21,0.17,0.23188427
5,6,2002,2002-08-29,0.09,0.26215547
5,6,2002,2002-09-06,0.05,0.19251153
5,6,2002,2002-09-14,0.26,0.15671748
5,6,2002,2002-09-22,0.47,0.39189246
5,6,2002,2002-09-30,0.68,0.61555904
5,6,2002,2002-10-08,0.76,0.77309966
5,6,2002,2002-10-16,0.75,0.77414405
5,6,2002,2002-10-24,0.77,0.743543
5,6,2002,2002-11-01,0.81,0.7302962
5,6,2002,2002-11-09,0.81,0.7534814
5,6,2002,2002-11-17,0.8,0.749562
5,6,2002,2002-11-25,0.71,0.73044014
5,6,2002,2002-12-03,0.57,0.6106793
5,6,2002,2002-12-11,0.39,0.39616618
5,6,2002,2002-12-19,0.16,0.17325918
5,6,2002,2002-12-27,0.07,0.047774643
5,6,2003,2003-07-04,0.14,0.07030782
5,6,2003,2003-07-12,0.21,0.256666
5,6,2003,2003-07-20,0.19,0.28628576
5,6,2003,2003-07-28,0.19,0.24119458
5,6,2003,2003-08-05,0.11,0.18475719
5,6,2003,2003-08-13,0.09,0.119339615
5,6,2003,2003-08-21,0.14,0.14187212
5,6,2003,2003-08-29,0.12,0.18861006
5,6,2003,2003-09-06,0.31,0.14608912
5,6,2003,2003-09-14,0.38,0.32917523
5,6,2003,2003-09-22,0.46,0.4651836
5,6,2003,2003-09-30,0.57,0.57046944
5,6,2003,2003-10-08,0.74,0.6649747
5,6,2003,2003-10-16,0.74,0.77594876
5,6,2003,2003-10-24,0.76,0.7370566
5,6,2003,2003-11-01,0.78,0.73419434
5,6,2003,2003-11-09,0.72,0.7369549
5,6,2003,2003-11-17,0.62,0.6647657
5,6,2003,2003-11-25,0.46,0.52422273
5,6,2003,2003-12-03,0.3,0.2918837
5,6,2003,2003-12-11,0.07,0.13376692
5,6,2003,2003-12-19,0.01,0.011184573
5,6,2003,2003-12-27,0.0,0.008090287
5,6,2004,2004-07-03,0.04,0.15892796
5,6,2004,2004-07-11,0.04,0.099877775
5,6,2004,2004-07-19,0.01,0.12910457
5,6,2004,2004-07-27,0.01,0.084922045
5,6,2004,2004-08-04,0.01,0.09494579
5,6,2004,2004-08-12,0.02,0.06607884
5,6,2004,2004-08-20,0.09,0.079680294
5,6,2004,2004-08-28,0.24,0.16060565
5,6,2004,2004-09-05,0.36,0.29612595
5,6,2004,2004-09-13,0.56,0.47582608
5,6,2004,2004-09-21,0.65,0.64852786
5,6,2004,2004-09-29,0.75,0.682083
5,6,2004,2004-10-07,0.8,0.74355686
5,6,2004,2004-10-15,0.78,0.7927004
5,6,2004,2004-10-23,0.82,0.7547575
5,6,2004,2004-10-31,0.73,0.7700952
5,6,2004,2004-11-08,0.6,0.65357184
5,6,2004,2004-11-16,0.56,0.4708181
5,6,2004,2004-11-24,0.34,0.37160283
5,6,2004,2004-12-02,0.08,0.1767798
5,6,2004,2004-12-10,0.01,0.029697359
5,6,2004,2004-12-18,0.0,0.011016607
5,6,2004,2004-12-26,0.0,0.035414696
5,6,2005,2005-07-04,0.04,0.14342304
5,6,2005,2005-07-12,0.03,0.07208058
5,6,2005,2005-07-20,0.01,0.06841868
5,6,2005,2005-07-28,0.01,0.044962555
5,6,2005,2005-08-05,0.02,0.058174253
5,6,2005,2005-08-13,0.01,0.06767866
5,6,2005,2005-08-21,0.02,0.06358582
5,6,2005,2005-08-29,0.07,0.09482688
5,6,2005,2005-09-06,0.2,0.18369606
5,6,2005,2005-09-14,0.48,0.33573183
5,6,2005,2005-09-22,0.72,0.6442076
5,6,2005,2005-09-30,0.67,0.79919827
5,6,2005,2005-10-08,0.76,0.6988341
5,6,2005,2005-10-16,0.8,0.7547621
5,6,2005,2005-10-24,0.85,0.76547146
5,6,2005,2005-11-01,0.79,0.8109778
5,6,2005,2005-11-09,0.77,0.70560557
5,6,2005,2005-11-17,0.72,0.6294953
5,6,2005,2005-11-25,0.71,0.5595865
5,6,2005,2005-12-03,0.48,0.5248648
5,6,2005,2005-12-11,0.3,0.2756255
5,6,2005,2005-12-19,0.16,0.13246338
5,6,2005,2005-12-27,0.19,0.09355295
5,6,2006,2006-07-04,0.17,0.20711243
5,6,2006,2006-07-12,0.17,0.19558503
5,6,2006,2006-07-20,0.11,0.17473553
5,6,2006,2006-07-28,0.06,0.112763286
5,6,2006,2006-08-05,0.08,0.07663071
5,6,2006,2006-08-13,0.19,0.10279861
5,6,2006,2006-08-21,0.12,0.20604274
5,6,2006,2006-08-29,0.2,0.14243805
5,6,2006,2006-09-06,0.2,0.23141679
5,6,2006,2006-09-14,0.41,0.25966102
5,6,2006,2006-09-22,0.69,0.56151104
5,6,2006,2006-09-30,0.69,0.7974684
5,6,2006,2006-10-08,0.77,0.71279436
5,6,2006,2006-10-16,0.79,0.75724125
5,6,2006,2006-10-24,0.75,0.7619388
5,6,2006,2006-11-01,0.81,0.72290933
5,6,2006,2006-11-09,0.8,0.7466828
5,6,2006,2006-11-17,0.7,0.7272722
5,6,2006,2006-11-25,0.56,0.59454226
5,6,2006,2006-12-03,0.45,0.39605442
5,6,2006,2006-12-11,0.33,0.22584985
5,6,2006,2006-12-19,0.2,0.14303999
5,6,2006,2006-12-27,0.01,0.08997178
5,6,2007,2007-07-04,0.03,0.11799501
5,6,2007,2007-07-12,0.09,0.114135444
5,6,2007,2007-07-20,0.09,0.16764985
5,6,2007,2007-07-28,0.4,0.13241643
5,6,2007,2007-08-05,0.4,0.44766852
5,6,2007,2007-08-13,0.4,0.43088144
5,6,2007,2007-08-21,0.31,0.44044757
5,6,2007,2007-08-29,0.29,0.29286003
5,6,2007,2007-09-06,0.32,0.2748819
5,6,2007,2007-09-14,0.33,0.3211224
5,6,2007,2007-09-22,0.37,0.40750042
5,6,2007,2007-09-30,0.54,0.5066316
5,6,2007,2007-10-08,0.58,0.6348829
5,6,2007,2007-10-16,0.66,0.63703847
5,6,2007,2007-10-24,0.77,0.6885822
5,6,2007,2007-11-01,0.79,0.7568118
5,6,2007,2007-11-09,0.79,0.7708322
5,6,2007,2007-11-17,0.75,0.749174
5,6,2007,2007-11-25,0.71,0.65575
5,6,2007,2007-12-03,0.75,0.55235714
5,6,2007,2007-12-11,0.59,0.59830445
5,6,2007,2007-12-19,0.32,0.42162284
5,6,2007,2007-12-27,0.09,0.18675165
5,6,2008,2008-07-03,0.34,0.20975584
5,6,2008,2008-07-11,0.19,0.3789896
5,6,2008,2008-07-19,0.25,0.25863823
5,6,2008,2008-07-27,0.11,0.25584942
5,6,2008,2008-08-04,0.18,0.22025037
5,6,2008,2008-08-12,0.1,0.27239478
5,6,2008,2008-08-20,0.18,0.19168076
5,6,2008,2008-08-28,0.24,0.23818333
5,6,2008,2008-09-05,0.22,0.29257047
5,6,2008,2008-09-13,0.3,0.28466314
5,6,2008,2008-09-21,0.56,0.35789073
5,6,2008,2008-09-29,0.6,0.6245235
5,6,2008,2008-10-07,0.67,0.65510476
5,6,2008,2008-10-15,0.78,0.6819673
5,6,2008,2008-10-23,0.79,0.7662734
5,6,2008,2008-10-31,0.8,0.7768097
5,6,2008,2008-11-08,0.76,0.7703362
5,6,2008,2008-11-16,0.77,0.7002624
5,6,2008,2008-11-24,0.77,0.6874429
5,6,2008,2008-12-02,0.76,0.68104404
5,6,2008,2008-12-10,0.71,0.6917515
5,6,2008,2008-12-18,0.45,0.58862364
5,6,2008,2008-12-26,0.39,0.27496642
5,6,2009,2009-07-04,0.03,0.112936944
5,6,2009,2009-07-12,0.35,0.1741387
5,6,2009,2009-07-20,0.42,0.4345556
5,6,2009,2009-07-28,0.29,0.5037838
5,6,2009,2009-08-05,0.33,0.3305163
5,6,2009,2009-08-13,0.3,0.2931556
5,6,2009,2009-08-21,0.3,0.272262
5,6,2009,2009-08-29,0.26,0.307107
5,6,2009,2009-09-06,0.42,0.2870794
5,6,2009,2009-09-14,0.48,0.4414689
5,6,2009,2009-09-22,0.6,0.523641
5,6,2009,2009-09-30,0.6,0.66699445
5,6,2009,2009-10-08,0.66,0.62710273
5,6,2009,2009-10-16,0.74,0.6685747
5,6,2009,2009-10-24,0.76,0.74414545
5,6,2009,2009-11-01,0.76,0.7487172
5,6,2009,2009-11-09,0.77,0.72919893
5,6,2009,2009-11-17,0.76,0.70591176
5,6,2009,2009-11-25,0.7,0.6930319
5,6,2009,2009-12-03,0.57,0.62138283
5,6,2009,2009-12-11,0.41,0.45504162
5,6,2009,2009-12-19,0.23,0.25506562
5,6,2009,2009-12-27,0.0,0.08075762
5,6,2010,2010-07-04,0.11,0.16256748
5,6,2010,2010-07-12,0.2,0.1428923
5,6,2010,2010-07-20,0.19,0.34086454
5,6,2010,2010-07-28,0.06,0.29982883
5,6,2010,2010-08-05,0.09,0.15850632
5,6,2010,2010-08-13,0.09,0.16126792
5,6,2010,2010-08-21,0.1,0.15985996
5,6,2010,2010-08-29,0.09,0.18336348
5,6,2010,2010-09-06,0.16,0.1530428
5,6,2010,2010-09-14,0.32,0.28823322
5,6,2010,2010-09-22,0.33,0.4427142
5,6,2010,2010-09-30,0.52,0.47321373
5,6,2010,2010-10-08,0.74,0.6161883
5,6,2010,2010-10-16,0.75,0.76887083
5,6,2010,2010-10-24,0.71,0.7507062
5,6,2010,2010-11-01,0.8,0.69936395
5,6,2010,2010-11-09,0.79,0.7525326
5,6,2010,2010-11-17,0.8,0.7381035
5,6,2010,2010-11-25,0.8,0.74182165
5,6,2010,2010-12-03,0.69,0.71098924
5,6,2010,2010-12-11,0.58,0.5407342
5,6,2010,2010-12-19,0.4,0.3510878
5,6,2010,2010-12-27,0.11,0.17725001
5,6,2011,2011-07-04,0.18,0.12161052
5,6,2011,2011-07-12,0.22,0.23220378
5,6,2011,2011-07-20,0.11,0.28859687
5,6,2011,2011-07-28,0.13,0.17988436
5,6,2011,2011-08-05,0.1,0.13306552
5,6,2011,2011-08-13,0.1,0.124552146
5,6,2011,2011-08-21,0.1,0.12877439
5,6,2011,2011-08-29,0.17,0.13674179
5,6,2011,2011-09-06,0.18,0.20099865
5,6,2011,2011-09-14,0.29,0.22961394
5,6,2011,2011-09-22,0.72,0.3933665
5,6,2011,2011-09-30,0.72,0.7741814
5,6,2011,2011-10-08,0.74,0.7343253
5,6,2011,2011-10-16,0.79,0.7498034
5,6,2011,2011-10-24,0.81,0.7724629
5,6,2011,2011-11-01,0.85,0.76139385
5,6,2011,2011-11-09,0.81,0.8010474
5,6,2011,2011-11-17,0.86,0.7434801
5,6,2011,2011-11-25,0.77,0.7912016
5,6,2011,2011-12-03,0.74,0.6761209
5,6,2011,2011-12-11,0.4,0.60984313
5,6,2011,2011-12-19,0.18,0.254241
5,6,2011,2011-12-27,0.05,0.05223769
5,6,2012,2012-07-03,0.22,0.09962696
5,6,2012,2012-07-11,0.1,0.30907413
5,6,2012,2012-07-19,0.02,0.17698193
5,6,2012,2012-07-27,0.04,0.076199114
5,6,2012,2012-08-04,0.03,0.09592578
5,6,2012,2012-08-12,0.05,0.0770216
5,6,2012,2012-08-20,0.04,0.10870889
5,6,2012,2012-08-28,0.05,0.09405914
5,6,2012,2012-09-05,0.18,0.12943336
5,6,2012,2012-09-13,0.44,0.25174928
5,6,2012,2012-09-21,0.66,0.5539307
5,6,2012,2012-09-29,0.71,0.79325956
5,6,2012,2012-10-07,0.79,0.74483067
5,6,2012,2012-10-15,0.79,0.7730911
5,6,2012,2012-10-23,0.82,0.7592769
5,6,2012,2012-10-31,0.76,0.7771307
5,6,2012,2012-11-08,0.74,0.70312035
5,6,2012,2012-11-16,0.67,0.6580008
5,6,2012,2012-11-24,0.44,0.58239985
5,6,2012,2012-12-02,0.2,0.31105077
5,6,2012,2012-12-10,0.07,0.081388295
5,6,2012,2012-12-18,0.0,-0.001471281
5,6,2012,2012-12-26,0.0,0.00034433603
5,7,2001,2001-07-04,0.14,0.21614164
5,7,2001,2001-07-12,0.08,0.19531977
5,7,2001,2001-07-20,0.07,0.1281598
5,7,2001,2001-07-28,0.04,0.10908133
5,7,2001,2001-08-05,0.1,0.07722363
5,7,2001,2001-08-13,0.03,0.13307548
5,7,2001,2001-08-21,0.03,0.06814277
5,7,2001,2001-08-29,0.05,0.087114125
5,7,2001,2001-09-06,0.06,0.098763466
5,7,2001,2001-09-14,0.1,0.11638221
5,7,2001,2001-09-22,0.13,0.16135913
5,7,2001,2001-09-30,0.18,0.18956102
5,7,2001,2001-10-08,0.26,0.2549188
5,7,2001,2001-10-16,0.34,0.32206383
5,7,2001,2001-10-24,0.3,0.41156566
5,7,2001,2001-11-01,0.26,0.36411744
5,7,2001,2001-11-09,0.27,0.32884744
5,7,2001,2001-11-17,0.18,0.28276128
5,7,2001,2001-11-25,0.26,0.2119213
5,7,2001,2001-12-03,0.16,0.28520432
5,7,2001,2001-12-11,0.11,0.18853863
5,7,2001,2001-12-19,0.06,0.12532106
5,7,2001,2001-12-27,0.05,0.08984041
5,7,2002,2002-07-04,0.11,0.16408138
5,7,2002,2002-07-12,0.13,0.15634216
5,7,2002,2002-07-20,0.03,0.15645394
5,7,2002,2002-07-28,0.04,0.070218325
5,7,2002,2002-08-05,0.01,0.07731089
5,7,2002,2002-08-13,0.02,0.07337102
5,7,2002,2002-08-21,0.02,0.06568244
5,7,2002,2002-08-29,0.02,0.070536494
5,7,2002,2002-09-06,0.03,0.0763509
5,7,2002,2002-09-14,0.09,0.08824161
5,7,2002,2002-09-22,0.16,0.15211155
5,7,2002,2002-09-30,0.2,0.21721667
5,7,2002,2002-10-08,0.34,0.26216346
5,7,2002,2002-10-16,0.31,0.41764677
5,7,2002,2002-10-24,0.26,0.38881862
5,7,2002,2002-11-01,0.29,0.30804378
5,7,2002,2002-11-09,0.21,0.29140288
5,7,2002,2002-11-17,0.18,0.23660725
5,7,2002,2002-11-25,0.14,0.18652734
5,7,2002,2002-12-03,0.08,0.18667065
5,7,2002,2002-12-11,0.07,0.115234494
5,7,2002,2002-12-19,0.05,0.10553479
5,7,2002,2002-12-27,0.05,0.078855455
5,7,2003,2003-07-04,0.04,0.093170464
5,7,2003,2003-07-12,0.04,0.09619692
5,7,2003,2003-07-20,0.03,0.10565275
5,7,2003,2003-07-28,0.04,0.06612787
5,7,2003,2003-08-05,0.04,0.08597636
5,7,2003,2003-08-13,0.05,0.07339141
5,7,2003,2003-08-21,0.06,0.09133172
5,7,2003,2003-08-29,0.07,0.09657833
5,7,2003,2003-09-06,0.14,0.104830265
5,7,2003,2003-09-14,0.24,0.16867353
5,7,2003,2003-09-22,0.22,0.28092253
5,7,2003,2003-09-30,0.23,0.2716408
5,7,2003,2003-10-08,0.3,0.27939287
5,7,2003,2003-10-16,0.25,0.37663496
5,7,2003,2003-10-24,0.3,0.31140885
5,7,2003,2003-11-01,0.28,0.3227858
5,7,2003,2003-11-09,0.17,0.30860236
5,7,2003,2003-11-17,0.16,0.19540839
5,7,2003,2003-11-25,0.13,0.16707692
5,7,2003,2003-12-03,0.1,0.15148206
5,7,2003,2003-12-11,0.03,0.11836159
5,7,2003,2003-12-19,0.03,0.067073375
5,7,2003,2003-12-27,0.02,0.07106459
5,7,2004,2004-07-03,0.02,0.111302555
5,7,2004,2004-07-11,0.02,0.059431314
5,7,2004,2004-07-19,0.01,0.07300976
5,7,2004,2004-07-27,0.01,0.05884424
5,7,2004,2004-08-04,0.01,0.06827167
5,7,2004,2004-08-12,0.01,0.06771776
5,7,2004,2004-08-20,0.08,0.07191986
5,7,2004,2004-08-28,0.1,0.13414739
5,7,2004,2004-09-05,0.15,0.14553893
5,7,2004,2004-09-13,0.16,0.2121381
5,7,2004,2004-09-21,0.19,0.23642644
5,7,2004,2004-09-29,0.22,0.24844357
5,7,2004,2004-10-07,0.28,0.2713317
5,7,2004,2004-10-15,0.26,0.34493986
5,7,2004,2004-10-23,0.26,0.3029518
5,7,2004,2004-10-31,0.23,0.3038134
5,7,2004,2004-11-08,0.18,0.2633645
5,7,2004,2004-11-16,0.18,0.18979354
5,7,2004,2004-11-24,0.1,0.18933815
5,7,2004,2004-12-02,0.08,0.12654087
5,7,2004,2004-12-10,0.02,0.1107212
5,7,2004,2004-12-18,0.08,0.049020052
5,7,2004,2004-12-26,0.07,0.112757266
5,7,2005,2005-07-04,0.08,0.12273103
5,7,2005,2005-07-12,0.04,0.09730908
5,7,2005,2005-07-20,0.04,0.07274777
5,7,2005,2005-07-28,0.0,0.073390186
5,7,2005,2005-08-05,0.02,0.044988185
5,7,2005,2005-08-13,0.0,0.06952909
5,7,2005,2005-08-21,0.01,0.051398188
5,7,2005,2005-08-29,0.05,0.086711496
5,7,2005,2005-09-06,0.1,0.11911994
5,7,2005,2005-09-14,0.21,0.17544466
5,7,2005,2005-09-22,0.27,0.272621
5,7,2005,2005-09-30,0.22,0.32717502
5,7,2005,2005-10-08,0.31,0.27635297
5,7,2005,2005-10-16,0.34,0.3594656
5,7,2005,2005-10-24,0.38,0.3779735
5,7,2005,2005-11-01,0.31,0.4090992
5,7,2005,2005-11-09,0.28,0.317415
5,7,2005,2005-11-17,0.22,0.2594867
5,7,2005,2005-11-25,0.22,0.21435553
5,7,2005,2005-12-03,0.18,0.2052443
5,7,2005,2005-12-11,0.09,0.17886254
5,7,2005,2005-12-19,0.05,0.095422745
5,7,2005,2005-12-27,0.09,0.090539634
5,7,2006,2006-07-04,0.13,0.1509219
5,7,2006,2006-07-12,0.08,0.16348003
5,7,2006,2006-07-20,0.06,0.10631001
5,7,2006,2006-07-28,0.03,0.09123826
5,7,2006,2006-08-05,0.1,0.056437343
5,7,2006,2006-08-13,0.12,0.1321556
5,7,2006,2006-08-21,0.1,0.13681863
5,7,2006,2006-08-29,0.11,0.12441382
5,7,2006,2006-09-06,0.1,0.13938436
5,7,2006,2006-09-14,0.14,0.14294104
5,7,2006,2006-09-22,0.26,0.21574457
5,7,2006,2006-09-30,0.28,0.34188804
5,7,2006,2006-10-08,0.3,0.33343852
5,7,2006,2006-10-16,0.29,0.36438876
5,7,2006,2006-10-24,0.24,0.3413747
5,7,2006,2006-11-01,0.27,0.2972278
5,7,2006,2006-11-09,0.28,0.29127297
5,7,2006,2006-11-17,0.24,0.300855
5,7,2006,2006-11-25,0.12,0.25278544
5,7,2006,2006-12-03,0.14,0.1518996
5,7,2006,2006-12-11,0.1,0.16088842
5,7,2006,2006-12-19,0.1,0.11818254
5,7,2006,2006-12-27,0.04,0.11710213
5,7,2007,2007-07-04,0.06,0.10424206
5,7,2007,2007-07-12,0.11,0.12576875
5,7,2007,2007-07-20,0.08,0.15129454
5,7,2007,2007-07-28,0.18,0.11424321
5,7,2007,2007-08-05,0.18,0.19634745
5,7,2007,2007-08-13,0.15,0.21262482
5,7,2007,2007-08-21,0.08,0.18891396
5,7,2007,2007-08-29,0.11,0.11507924
5,7,2007,2007-09-06,0.08,0.14602384
5,7,2007,2007-09-14,0.14,0.11660582
5,7,2007,2007-09-22,0.13,0.19257995
5,7,2007,2007-09-30,0.19,0.2109475
5,7,2007,2007-10-08,0.22,0.26963428
5,7,2007,2007-10-16,0.23,0.2917138
5,7,2007,2007-10-24,0.25,0.28920883
5,7,2007,2007-11-01,0.34,0.2823324
5,7,2007,2007-11-09,0.29,0.3771978
5,7,2007,2007-11-17,0.28,0.33262604
5,7,2007,2007-11-25,0.27,0.29459828
5,7,2007,2007-12-03,0.31,0.24417755
5,7,2007,2007-12-11,0.21,0.2981431
5,7,2007,2007-12-19,0.16,0.21229586
5,7,2007,2007-12-27,0.05,0.16360942
5,7,2008,2008-07-03,0.09,0.12750652
5,7,2008,2008-07-11,0.08,0.13025059
5,7,2008,2008-07-19,0.1,0.13609335
5,7,2008,2008-07-27,0.06,0.13597418
5,7,2008,2008-08-04,0.1,0.13232303
5,7,2008,2008-08-12,0.07,0.16288991
5,7,2008,2008-08-20,0.08,0.12405312
5,7,2008,2008-08-28,0.12,0.11412212
5,7,2008,2008-09-05,0.15,0.16136962
5,7,2008,2008-09-13,0.19,0.17565857
5,7,2008,2008-09-21,0.21,0.23626284
5,7,2008,2008-09-29,0.18,0.23970059
5,7,2008,2008-10-07,0.22,0.22754684
5,7,2008,2008-10-15,0.28,0.26516187
5,7,2008,2008-10-23,0.35,0.32434106
5,7,2008,2008-10-31,0.39,0.39630583
5,7,2008,2008-11-08,0.35,0.4480094
5,7,2008,2008-11-16,0.31,0.3766828
5,7,2008,2008-11-24,0.32,0.3082506
5,7,2008,2008-12-02,0.27,0.3088884
5,7,2008,2008-12-10,0.3,0.29377985
5,7,2008,2008-12-18,0.22,0.29431117
5,7,2008,2008-12-26,0.17,0.2181869
5,7,2009,2009-07-04,0.02,0.0886828
5,7,2009,2009-07-12,0.06,0.08110055
5,7,2009,2009-07-20,0.14,0.11295587
5,7,2009,2009-07-28,0.1,0.19043861
5,7,2009,2009-08-05,0.13,0.1336719
5,7,2009,2009-08-13,0.15,0.17278385
5,7,2009,2009-08-21,0.15,0.16917598
5,7,2009,2009-08-29,0.1,0.17671232
5,7,2009,2009-09-06,0.26,0.1396693
5,7,2009,2009-09-14,0.3,0.30460712
5,7,2009,2009-09-22,0.36,0.34744743
5,7,2009,2009-09-30,0.36,0.40971354
5,7,2009,2009-10-08,0.32,0.37333348
5,7,2009,2009-10-16,0.34,0.3293643
5,7,2009,2009-10-24,0.29,0.35398585
5,7,2009,2009-11-01,0.32,0.3327908
5,7,2009,2009-11-09,0.32,0.36378112
5,7,2009,2009-11-17,0.34,0.34978747
5,7,2009,2009-11-25,0.28,0.35323426
5,7,2009,2009-12-03,0.21,0.29723394
5,7,2009,2009-12-11,0.21,0.22016254
5,7,2009,2009-12-19,0.09,0.23201764
5,7,2009,2009-12-27,0.02,0.13172361
5,7,2010,2010-07-04,0.02,0.15924513
5,7,2010,2010-07-12,0.06,0.05589354
5,7,2010,2010-07-20,0.13,0.10930994
5,7,2010,2010-07-28,0.03,0.1927568
5,7,2010,2010-08-05,0.05,0.09505147
5,7,2010,2010-08-13,0.05,0.1188149
5,7,2010,2010-08-21,0.05,0.11262065
5,7,2010,2010-08-29,0.07,0.11791904
5,7,2010,2010-09-06,0.06,0.11653404
5,7,2010,2010-09-14,0.13,0.16137034
5,7,2010,2010-09-22,0.06,0.2256589
5,7,2010,2010-09-30,0.32,0.17220226
5,7,2010,2010-10-08,0.35,0.4303958
5,7,2010,2010-10-16,0.37,0.41384655
5,7,2010,2010-10-24,0.44,0.43408284
5,7,2010,2010-11-01,0.38,0.4410165
5,7,2010,2010-11-09,0.39,0.38767275
5,7,2010,2010-11-17,0.44,0.38183886
5,7,2010,2010-11-25,0.43,0.43564433
5,7,2010,2010-12-03,0.39,0.41765565
5,7,2010,2010-12-11,0.37,0.35162565
5,7,2010,2010-12-19,0.24,0.32478616
5,7,2010,2010-12-27,0.27,0.20347577
5,7,2011,2011-07-04,0.03,0.09366715
5,7,2011,2011-07-12,0.11,0.06428853
5,7,2011,2011-07-20,0.08,0.15673058
5,7,2011,2011-07-28,0.09,0.13851283
5,7,2011,2011-08-05,0.1,0.11741853
5,7,2011,2011-08-13,0.11,0.12928928
5,7,2011,2011-08-21,0.12,0.13473208
5,7,2011,2011-08-29,0.17,0.14584541
5,7,2011,2011-09-06,0.14,0.19657265
5,7,2011,2011-09-14,0.23,0.16078204
5,7,2011,2011-09-22,0.22,0.27092287
5,7,2011,2011-09-30,0.22,0.22644414
5,7,2011,2011-10-08,0.19,0.3127799
5,7,2011,2011-10-16,0.28,0.26754233
5,7,2011,2011-10-24,0.3,0.35675606
5,7,2011,2011-11-01,0.43,0.38373303
5,7,2011,2011-11-09,0.41,0.4828132
5,7,2011,2011-11-17,0.39,0.44357127
5,7,2011,2011-11-25,0.34,0.41373083
5,7,2011,2011-12-03,0.4,0.34728324
5,7,2011,2011-12-11,0.19,0.39083403
5,7,2011,2011-12-19,0.14,0.221698
5,7,2011,2011-12-27,0.05,0.12649621
5,7,2012,2012-07-03,0.12,0.06770924
5,7,2012,2012-07-11,0.08,0.15462887
5,7,2012,2012-07-19,0.05,0.13653275
5,7,2012,2012-07-27,0.03,0.09982133
5,7,2012,2012-08-04,0.05,0.08377698
5,7,2012,2012-08-12,0.09,0.105083436
5,7,2012,2012-08-20,0.03,0.1442036
5,7,2012,2012-08-28,0.04,0.092127085
5,7,2012,2012-09-05,0.1,0.119043484
5,7,2012,2012-09-13,0.19,0.15440835
5,7,2012,2012-09-21,0.15,0.2754191
5,7,2012,2012-09-29,0.29,0.21410646
5,7,2012,2012-10-07,0.33,0.34799382
5,7,2012,2012-10-15,0.35,0.3605055
5,7,2012,2012-10-23,0.38,0.40300533
5,7,2012,2012-10-31,0.31,0.41229817
5,7,2012,2012-11-08,0.33,0.36878425
5,7,2012,2012-11-16,0.42,0.36114728
5,7,2012,2012-11-24,0.31,0.43924445
5,7,2012,2012-12-02,0.23,0.32946208
5,7,2012,2012-12-10,0.26,0.24586049
5,7,2012,2012-12-18,0.14,0.21715789
5,7,2012,2012-12-26,0.06,0.14256237
5,8,2001,2001-07-04,0.25,0.24387078
5,8,2001,2001-07-12,0.2,0.25855494
5,8,2001,2001-07-20,0.15,0.21577224
5,8,2001,2001-07-28,0.13,0.17100734
5,8,2001,2001-08-05,0.11,0.14121933
5,8,2001,2001-08-13,0.14,0.13258734
5,8,2001,2001-08-21,0.16,0.15908945
5,8,2001,2001-08-29,0.21,0.19203748
5,8,2001,2001-09-06,0.26,0.25916624
5,8,2001,2001-09-14,0.32,0.31698975
5,8,2001,2001-09-22,0.33,0.38886157
5,8,2001,2001-09-30,0.48,0.4130725
5,8,2001,2001-10-08,0.48,0.5203116
5,8,2001,2001-10-16,0.55,0.50733787
5,8,2001,2001-10-24,0.55,0.5518668
5,8,2001,2001-11-01,0.28,0.52415067
5,8,2001,2001-11-09,0.21,0.327717
5,8,2001,2001-11-17,0.12,0.1634549
5,8,2001,2001-11-25,0.15,0.11560263
5,8,2001,2001-12-03,0.11,0.15880577
5,8,2001,2001-12-11,0.08,0.138186
5,8,2001,2001-12-19,0.06,0.10528788
5,8,2001,2001-12-27,0.13,0.0956274
5,8,2002,2002-07-04,0.33,0.48714077
5,8,2002,2002-07-12,0.3,0.33711156
5,8,2002,2002-07-20,0.21,0.25195438
5,8,2002,2002-07-28,0.2,0.19397911
5,8,2002,2002-08-05,0.2,0.19496724
5,8,2002,2002-08-13,0.26,0.20767006
5,8,2002,2002-08-21,0.26,0.27935004
5,8,2002,2002-08-29,0.17,0.28706652
5,8,2002,2002-09-06,0.17,0.22039266
5,8,2002,2002-09-14,0.28,0.22063076
5,8,2002,2002-09-22,0.33,0.3453318
5,8,2002,2002-09-30,0.38,0.39421874
5,8,2002,2002-10-08,0.43,0.4700321
5,8,2002,2002-10-16,0.43,0.48750374
5,8,2002,2002-10-24,0.32,0.48379493
5,8,2002,2002-11-01,0.35,0.37134582
5,8,2002,2002-11-09,0.2,0.3000451
5,8,2002,2002-11-17,0.2,0.17596091
5,8,2002,2002-11-25,0.16,0.16382675
5,8,2002,2002-12-03,0.11,0.17944825
5,8,2002,2002-12-11,0.12,0.13747895
5,8,2002,2002-12-19,0.1,0.14270929
5,8,2002,2002-12-27,0.13,0.12369329
5,8,2003,2003-07-04,0.34,0.3772386
5,8,2003,2003-07-12,0.39,0.33690894
5,8,2003,2003-07-20,0.2,0.3605194
5,8,2003,2003-07-28,0.39,0.21972588
5,8,2003,2003-08-05,0.29,0.33869135
5,8,2003,2003-08-13,0.3,0.3070771
5,8,2003,2003-08-21,0.36,0.32792136
5,8,2003,2003-08-29,0.44,0.37358022
5,8,2003,2003-09-06,0.44,0.433426
5,8,2003,2003-09-14,0.46,0.42570677
5,8,2003,2003-09-22,0.47,0.45777297
5,8,2003,2003-09-30,0.45,0.47533742
5,8,2003,2003-10-08,0.49,0.46262705
5,8,2003,2003-10-16,0.4,0.49534303
5,8,2003,2003-10-24,0.34,0.41458982
5,8,2003,2003-11-01,0.35,0.32152268
5,8,2003,2003-11-09,0.22,0.3233245
5,8,2003,2003-11-17,0.23,0.21821453
5,8,2003,2003-11-25,0.17,0.21416135
5,8,2003,2003-12-03,0.19,0.18441513
5,8,2003,2003-12-11,0.16,0.19761851
5,8,2003,2003-12-19,0.15,0.18245001
5,8,2003,2003-12-27,0.18,0.1714276
5,8,2004,2004-07-03,0.39,0.36537603
5,8,2004,2004-07-11,0.39,0.36919525
5,8,2004,2004-07-19,0.32,0.39167768
5,8,2004,2004-07-27,0.38,0.30189872
5,8,2004,2004-08-04,0.38,0.38290218
5,8,2004,2004-08-12,0.34,0.38581216
5,8,2004,2004-08-20,0.33,0.35765404
5,8,2004,2004-08-28,0.42,0.34363347
5,8,2004,2004-09-05,0.48,0.45588228
5,8,2004,2004-09-13,0.52,0.51321924
5,8,2004,2004-09-21,0.44,0.5378622
5,8,2004,2004-09-29,0.54,0.45622373
5,8,2004,2004-10-07,0.48,0.51835525
5,8,2004,2004-10-15,0.38,0.47628194
5,8,2004,2004-10-23,0.36,0.38061857
5,8,2004,2004-10-31,0.23,0.31206208
5,8,2004,2004-11-08,0.16,0.2297945
5,8,2004,2004-11-16,0.26,0.15994002
5,8,2004,2004-11-24,0.16,0.25841102
5,8,2004,2004-12-02,0.14,0.19260797
5,8,2004,2004-12-10,0.12,0.18029572
5,8,2004,2004-12-18,0.18,0.15719108
5,8,2004,2004-12-26,0.17,0.2141885
5,8,2005,2005-07-04,0.52,0.4266801
5,8,2005,2005-07-12,0.48,0.47007176
5,8,2005,2005-07-20,0.46,0.46231955
5,8,2005,2005-07-28,0.41,0.4339031
5,8,2005,2005-08-05,0.43,0.39198503
5,8,2005,2005-08-13,0.35,0.4183714
5,8,2005,2005-08-21,0.37,0.35072398
5,8,2005,2005-08-29,0.43,0.35466033
5,8,2005,2005-09-06,0.49,0.44477928
5,8,2005,2005-09-14,0.54,0.5247096
5,8,2005,2005-09-22,0.5,0.56403196
5,8,2005,2005-09-30,0.52,0.4992317
5,8,2005,2005-10-08,0.52,0.5178985
5,8,2005,2005-10-16,0.49,0.50320303
5,8,2005,2005-10-24,0.46,0.45962077
5,8,2005,2005-11-01,0.32,0.41548544
5,8,2005,2005-11-09,0.28,0.28101814
5,8,2005,2005-11-17,0.28,0.21828806
5,8,2005,2005-11-25,0.2,0.271308
5,8,2005,2005-12-03,0.17,0.21725614
5,8,2005,2005-12-11,0.15,0.18107557
5,8,2005,2005-12-19,0.12,0.1677701
5,8,2005,2005-12-27,0.22,0.16888113
5,8,2006,2006-07-04,0.57,0.39192253
5,8,2006,2006-07-12,0.39,0.5708215
5,8,2006,2006-07-20,0.39,0.43252376
5,8,2006,2006-07-28,0.36,0.37976694
5,8,2006,2006-08-05,0.42,0.3297831
5,8,2006,2006-08-13,0.54,0.42208827
5,8,2006,2006-08-21,0.41,0.52314544
5,8,2006,2006-08-29,0.44,0.4231296
5,8,2006,2006-09-06,0.41,0.4327529
5,8,2006,2006-09-14,0.42,0.4243448
5,8,2006,2006-09-22,0.5,0.45568085
5,8,2006,2006-09-30,0.55,0.50861216
5,8,2006,2006-10-08,0.53,0.5553452
5,8,2006,2006-10-16,0.44,0.53555006
5,8,2006,2006-10-24,0.24,0.43989474
5,8,2006,2006-11-01,0.3,0.25035518
5,8,2006,2006-11-09,0.24,0.23180275
5,8,2006,2006-11-17,0.19,0.23237541
5,8,2006,2006-11-25,0.15,0.21979667
5,8,2006,2006-12-03,0.09,0.1734932
5,8,2006,2006-12-11,0.08,0.12964056
5,8,2006,2006-12-19,0.07,0.12446344
5,8,2006,2006-12-27,0.09,0.11443919
5,8,2007,2007-07-04,0.46,0.4178909
5,8,2007,2007-07-12,0.51,0.4829333
5,8,2007,2007-07-20,0.38,0.5004751
5,8,2007,2007-07-28,0.48,0.37831512
5,8,2007,2007-08-05,0.48,0.4297784
5,8,2007,2007-08-13,0.44,0.47571605
5,8,2007,2007-08-21,0.38,0.48027858
5,8,2007,2007-08-29,0.39,0.38323724
5,8,2007,2007-09-06,0.42,0.37747636
5,8,2007,2007-09-14,0.41,0.4122133
5,8,2007,2007-09-22,0.41,0.42464042
5,8,2007,2007-09-30,0.51,0.43810827
5,8,2007,2007-10-08,0.52,0.5354985
5,8,2007,2007-10-16,0.48,0.5369028
5,8,2007,2007-10-24,0.43,0.4759807
5,8,2007,2007-11-01,0.43,0.35904524
5,8,2007,2007-11-09,0.28,0.36900908
5,8,2007,2007-11-17,0.31,0.2674873
5,8,2007,2007-11-25,0.23,0.268569
5,8,2007,2007-12-03,0.27,0.22018585
5,8,2007,2007-12-11,0.17,0.24730921
5,8,2007,2007-12-19,0.13,0.17795008
5,8,2007,2007-12-27,0.06,0.14261301
5,8,2008,2008-07-03,0.5,0.49599096
5,8,2008,2008-07-11,0.51,0.48788202
5,8,2008,2008-07-19,0.51,0.5057358
5,8,2008,2008-07-27,0.44,0.47630852
5,8,2008,2008-08-04,0.52,0.43631455
5,8,2008,2008-08-12,0.52,0.50531757
5,8,2008,2008-08-20,0.42,0.50667703
5,8,2008,2008-08-28,0.47,0.4116377
5,8,2008,2008-09-05,0.49,0.4289195
5,8,2008,2008-09-13,0.38,0.4765796
5,8,2008,2008-09-21,0.49,0.39769864
5,8,2008,2008-09-29,0.46,0.4651492
5,8,2008,2008-10-07,0.43,0.4769777
5,8,2008,2008-10-15,0.37,0.46331015
5,8,2008,2008-10-23,0.45,0.3775281
5,8,2008,2008-10-31,0.43,0.42786098
5,8,2008,2008-11-08,0.37,0.42944783
5,8,2008,2008-11-16,0.24,0.35255733
5,8,2008,2008-11-24,0.21,0.23324461
5,8,2008,2008-12-02,0.2,0.19128662
5,8,2008,2008-12-10,0.21,0.22710228
5,8,2008,2008-12-18,0.18,0.22530074
5,8,2008,2008-12-26,0.14,0.19576152
5,8,2009,2009-07-04,0.37,0.43911824
5,8,2009,2009-07-12,0.36,0.3807519
5,8,2009,2009-07-20,0.44,0.37092078
5,8,2009,2009-07-28,0.42,0.4505455
5,8,2009,2009-08-05,0.43,0.43329185
5,8,2009,2009-08-13,0.46,0.45285982
5,8,2009,2009-08-21,0.46,0.4746297
5,8,2009,2009-08-29,0.41,0.45627892
5,8,2009,2009-09-06,0.56,0.41341743
5,8,2009,2009-09-14,0.54,0.54668367
5,8,2009,2009-09-22,0.52,0.51642025
5,8,2009,2009-09-30,0.55,0.52061975
5,8,2009,2009-10-08,0.53,0.5271001
5,8,2009,2009-10-16,0.45,0.5076897
5,8,2009,2009-10-24,0.32,0.42046785
5,8,2009,2009-11-01,0.26,0.3143952
5,8,2009,2009-11-09,0.21,0.2575323
5,8,2009,2009-11-17,0.21,0.22329172
5,8,2009,2009-11-25,0.19,0.20974115
5,8,2009,2009-12-03,0.11,0.20664433
5,8,2009,2009-12-11,0.08,0.15222271
5,8,2009,2009-12-19,0.04,0.13720575
5,8,2009,2009-12-27,0.05,0.102834046
5,8,2010,2010-07-04,0.46,0.55199075
5,8,2010,2010-07-12,0.49,0.4187829
5,8,2010,2010-07-20,0.62,0.4317317
5,8,2010,2010-07-28,0.57,0.5887109
5,8,2010,2010-08-05,0.56,0.5561914
5,8,2010,2010-08-13,0.53,0.5416559
5,8,2010,2010-08-21,0.49,0.501141
5,8,2010,2010-08-29,0.38,0.47340164
5,8,2010,2010-09-06,0.41,0.36249045
5,8,2010,2010-09-14,0.44,0.41290358
5,8,2010,2010-09-22,0.39,0.46135557
5,8,2010,2010-09-30,0.57,0.42458296
5,8,2010,2010-10-08,0.59,0.5657196
5,8,2010,2010-10-16,0.65,0.5839331
5,8,2010,2010-10-24,0.57,0.62058544
5,8,2010,2010-11-01,0.49,0.50754106
5,8,2010,2010-11-09,0.44,0.4138293
5,8,2010,2010-11-17,0.43,0.3508173
5,8,2010,2010-11-25,0.37,0.36990607
5,8,2010,2010-12-03,0.28,0.33746392
5,8,2010,2010-12-11,0.29,0.24905953
5,8,2010,2010-12-19,0.2,0.24230307
5,8,2010,2010-12-27,0.17,0.18708247
5,8,2011,2011-07-04,0.42,0.46737635
5,8,2011,2011-07-12,0.48,0.42470935
5,8,2011,2011-07-20,0.52,0.45814258
5,8,2011,2011-07-28,0.48,0.54162973
5,8,2011,2011-08-05,0.48,0.50841737
5,8,2011,2011-08-13,0.57,0.48400435
5,8,2011,2011-08-21,0.5,0.547656
5,8,2011,2011-08-29,0.62,0.49047363
5,8,2011,2011-09-06,0.59,0.5636095
5,8,2011,2011-09-14,0.55,0.54400873
5,8,2011,2011-09-22,0.52,0.53329086
5,8,2011,2011-09-30,0.5,0.4803861
5,8,2011,2011-10-08,0.48,0.50239116
5,8,2011,2011-10-16,0.41,0.49788302
5,8,2011,2011-10-24,0.24,0.44648677
5,8,2011,2011-11-01,0.19,0.27262312
5,8,2011,2011-11-09,0.3,0.1814877
5,8,2011,2011-11-17,0.25,0.29049507
5,8,2011,2011-11-25,0.22,0.3118117
5,8,2011,2011-12-03,0.16,0.26792502
5,8,2011,2011-12-11,0.1,0.18734878
5,8,2011,2011-12-19,0.05,0.15326771
5,8,2011,2011-12-27,0.03,0.1039758
5,8,2012,2012-07-03,0.58,0.44460845
5,8,2012,2012-07-11,0.44,0.5641754
5,8,2012,2012-07-19,0.55,0.45703045
5,8,2012,2012-07-27,0.54,0.5380304
5,8,2012,2012-08-04,0.57,0.51972103
5,8,2012,2012-08-12,0.64,0.5578353
5,8,2012,2012-08-20,0.39,0.62424386
5,8,2012,2012-08-28,0.42,0.4237327
5,8,2012,2012-09-05,0.56,0.4043728
5,8,2012,2012-09-13,0.65,0.55412996
5,8,2012,2012-09-21,0.5,0.6409618
5,8,2012,2012-09-29,0.65,0.51134
5,8,2012,2012-10-07,0.61,0.59366834
5,8,2012,2012-10-15,0.57,0.5600158
5,8,2012,2012-10-23,0.43,0.5387416
5,8,2012,2012-10-31,0.33,0.3530944
5,8,2012,2012-11-08,0.26,0.24484321
5,8,2012,2012-11-16,0.29,0.23337401
5,8,2012,2012-11-24,0.23,0.29049936
5,8,2012,2012-12-02,0.21,0.25301307
5,8,2012,2012-12-10,0.16,0.21488942
5,8,2012,2012-12-18,0.06,0.16577412
5,8,2012,2012-12-26,0.05,0.085316
5,9,2001,2001-07-04,0.25,0.24591246
5,9,2001,2001-07-12,0.19,0.2052931
5,9,2001,2001-07-20,0.18,0.1781854
5,9,2001,2001-07-28,0.18,0.18759324
5,9,2001,2001-08-05,0.14,0.1926568
5,9,2001,2001-08-13,0.13,0.15807742
5,9,2001,2001-08-21,0.18,0.15222727
5,9,2001,2001-08-29,0.21,0.21339296
5,9,2001,2001-09-06,0.25,0.2635088
5,9,2001,2001-09-14,0.29,0.30419055
5,9,2001,2001-09-22,0.4,0.3695042
5,9,2001,2001-09-30,0.48,0.47813654
5,9,2001,2001-10-08,0.46,0.52008986
5,9,2001,2001-10-16,0.46,0.48202237
5,9,2001,2001-10-24,0.35,0.4567017
5,9,2001,2001-11-01,0.29,0.34233448
5,9,2001,2001-11-09,0.27,0.26876512
5,9,2001,2001-11-17,0.18,0.22864343
5,9,2001,2001-11-25,0.2,0.18139908
5,9,2001,2001-12-03,0.2,0.20055398
5,9,2001,2001-12-11,0.18,0.21114233
5,9,2001,2001-12-19,0.16,0.20609146
5,9,2001,2001-12-27,0.21,0.17625374
5,9,2002,2002-07-04,0.52,0.58707607
5,9,2002,2002-07-12,0.37,0.49571753
5,9,2002,2002-07-20,0.36,0.32794455
5,9,2002,2002-07-28,0.33,0.30368292
5,9,2002,2002-08-05,0.35,0.3079034
5,9,2002,2002-08-13,0.39,0.33099532
5,9,2002,2002-08-21,0.39,0.36794654
5,9,2002,2002-08-29,0.32,0.38817543
5,9,2002,2002-09-06,0.31,0.3379664
5,9,2002,2002-09-14,0.41,0.32317796
5,9,2002,2002-09-22,0.47,0.41787982
5,9,2002,2002-09-30,0.45,0.5054746
5,9,2002,2002-10-08,0.55,0.49963564
5,9,2002,2002-10-16,0.5,0.5540973
5,9,2002,2002-10-24,0.41,0.50721
5,9,2002,2002-11-01,0.43,0.4161298
5,9,2002,2002-11-09,0.24,0.3840859
5,9,2002,2002-11-17,0.34,0.2597563
5,9,2002,2002-11-25,0.32,0.28928876
5,9,2002,2002-12-03,0.33,0.32044998
5,9,2002,2002-12-11,0.29,0.34155744
5,9,2002,2002-12-19,0.29,0.30028576
5,9,2002,2002-12-27,0.31,0.28890687
5,9,2003,2003-07-04,0.47,0.488272
5,9,2003,2003-07-12,0.47,0.48145986
5,9,2003,2003-07-20,0.41,0.4421849
5,9,2003,2003-07-28,0.47,0.39434603
5,9,2003,2003-08-05,0.4,0.43753532
5,9,2003,2003-08-13,0.42,0.40607876
5,9,2003,2003-08-21,0.45,0.42802134
5,9,2003,2003-08-29,0.58,0.45414716
5,9,2003,2003-09-06,0.6,0.5483129
5,9,2003,2003-09-14,0.66,0.56231964
5,9,2003,2003-09-22,0.59,0.6244875
5,9,2003,2003-09-30,0.53,0.58248717
5,9,2003,2003-10-08,0.51,0.5318873
5,9,2003,2003-10-16,0.45,0.5108535
5,9,2003,2003-10-24,0.32,0.45839852
5,9,2003,2003-11-01,0.34,0.34065238
5,9,2003,2003-11-09,0.25,0.32687867
5,9,2003,2003-11-17,0.32,0.24976817
5,9,2003,2003-11-25,0.28,0.324512
5,9,2003,2003-12-03,0.27,0.31792215
5,9,2003,2003-12-11,0.29,0.3170858
5,9,2003,2003-12-19,0.31,0.31292877
5,9,2003,2003-12-27,0.3,0.33756784
5,9,2004,2004-07-03,0.49,0.4457352
5,9,2004,2004-07-11,0.48,0.47278574
5,9,2004,2004-07-19,0.47,0.4827037
5,9,2004,2004-07-27,0.48,0.46931073
5,9,2004,2004-08-04,0.47,0.48141944
5,9,2004,2004-08-12,0.45,0.46571136
5,9,2004,2004-08-20,0.44,0.45332512
5,9,2004,2004-08-28,0.48,0.44802716
5,9,2004,2004-09-05,0.55,0.5105737
5,9,2004,2004-09-13,0.65,0.5724205
5,9,2004,2004-09-21,0.6,0.65393335
5,9,2004,2004-09-29,0.67,0.60407686
5,9,2004,2004-10-07,0.56,0.6361284
5,9,2004,2004-10-15,0.41,0.53620154
5,9,2004,2004-10-23,0.4,0.4222428
5,9,2004,2004-10-31,0.3,0.3411469
5,9,2004,2004-11-08,0.26,0.2903222
5,9,2004,2004-11-16,0.42,0.2556288
5,9,2004,2004-11-24,0.36,0.4099341
5,9,2004,2004-12-02,0.33,0.38977405
5,9,2004,2004-12-10,0.33,0.3517786
5,9,2004,2004-12-18,0.42,0.3340271
5,9,2004,2004-12-26,0.42,0.42672426
5,9,2005,2005-07-04,0.51,0.50400543
5,9,2005,2005-07-12,0.47,0.45549405
5,9,2005,2005-07-20,0.47,0.46375746
5,9,2005,2005-07-28,0.37,0.47379112
5,9,2005,2005-08-05,0.37,0.3947859
5,9,2005,2005-08-13,0.48,0.383467
5,9,2005,2005-08-21,0.47,0.4756376
5,9,2005,2005-08-29,0.51,0.48481902
5,9,2005,2005-09-06,0.59,0.5213769
5,9,2005,2005-09-14,0.67,0.5895127
5,9,2005,2005-09-22,0.7,0.6668215
5,9,2005,2005-09-30,0.65,0.67956436
5,9,2005,2005-10-08,0.62,0.6518512
5,9,2005,2005-10-16,0.56,0.598577
5,9,2005,2005-10-24,0.46,0.50927204
5,9,2005,2005-11-01,0.44,0.42359856
5,9,2005,2005-11-09,0.44,0.38917318
5,9,2005,2005-11-17,0.43,0.39611107
5,9,2005,2005-11-25,0.4,0.4401048
5,9,2005,2005-12-03,0.35,0.417238
5,9,2005,2005-12-11,0.3,0.36201826
5,9,2005,2005-12-19,0.35,0.3094178
5,9,2005,2005-12-27,0.41,0.3757889
5,9,2006,2006-07-04,0.5,0.4149026
5,9,2006,2006-07-12,0.43,0.4693327
5,9,2006,2006-07-20,0.4,0.440486
5,9,2006,2006-07-28,0.39,0.42097646
5,9,2006,2006-08-05,0.43,0.37807697
5,9,2006,2006-08-13,0.46,0.41964698
5,9,2006,2006-08-21,0.42,0.48069912
5,9,2006,2006-08-29,0.5,0.45742878
5,9,2006,2006-09-06,0.46,0.5135038
5,9,2006,2006-09-14,0.5,0.49640316
5,9,2006,2006-09-22,0.64,0.5451217
5,9,2006,2006-09-30,0.56,0.6467265
5,9,2006,2006-10-08,0.52,0.5822941
5,9,2006,2006-10-16,0.41,0.5410468
5,9,2006,2006-10-24,0.29,0.4069273
5,9,2006,2006-11-01,0.28,0.29835537
5,9,2006,2006-11-09,0.27,0.26964402
5,9,2006,2006-11-17,0.25,0.2989525
5,9,2006,2006-11-25,0.25,0.30735785
5,9,2006,2006-12-03,0.22,0.30070645
5,9,2006,2006-12-11,0.26,0.2685694
5,9,2006,2006-12-19,0.24,0.28723016
5,9,2006,2006-12-27,0.36,0.29534763
5,9,2007,2007-07-04,0.45,0.38383463
5,9,2007,2007-07-12,0.41,0.43764573
5,9,2007,2007-07-20,0.39,0.41963524
5,9,2007,2007-07-28,0.39,0.40303856
5,9,2007,2007-08-05,0.39,0.3894744
5,9,2007,2007-08-13,0.41,0.41070485
5,9,2007,2007-08-21,0.4,0.43903983
5,9,2007,2007-08-29,0.45,0.4245312
5,9,2007,2007-09-06,0.52,0.47370952
5,9,2007,2007-09-14,0.44,0.52434146
5,9,2007,2007-09-22,0.53,0.47497588
5,9,2007,2007-09-30,0.52,0.5530196
5,9,2007,2007-10-08,0.44,0.5316436
5,9,2007,2007-10-16,0.42,0.47017425
5,9,2007,2007-10-24,0.33,0.39827624
5,9,2007,2007-11-01,0.31,0.3078697
5,9,2007,2007-11-09,0.3,0.28754285
5,9,2007,2007-11-17,0.33,0.2993331
5,9,2007,2007-11-25,0.25,0.338837
5,9,2007,2007-12-03,0.27,0.28407457
5,9,2007,2007-12-11,0.25,0.27956903
5,9,2007,2007-12-19,0.24,0.28261876
5,9,2007,2007-12-27,0.25,0.27431542
5,9,2008,2008-07-03,0.45,0.44403866
5,9,2008,2008-07-11,0.44,0.44602528
5,9,2008,2008-07-19,0.42,0.439886
5,9,2008,2008-07-27,0.4,0.41948184
5,9,2008,2008-08-04,0.4,0.40447325
5,9,2008,2008-08-12,0.44,0.40734664
5,9,2008,2008-08-20,0.33,0.44859594
5,9,2008,2008-08-28,0.38,0.36972722
5,9,2008,2008-09-05,0.59,0.39659703
5,9,2008,2008-09-13,0.47,0.5907596
5,9,2008,2008-09-21,0.49,0.49832642
5,9,2008,2008-09-29,0.38,0.506147
5,9,2008,2008-10-07,0.36,0.4001404
5,9,2008,2008-10-15,0.28,0.37150437
5,9,2008,2008-10-23,0.32,0.29569146
5,9,2008,2008-10-31,0.32,0.31330004
5,9,2008,2008-11-08,0.32,0.33184516
5,9,2008,2008-11-16,0.21,0.34185177
5,9,2008,2008-11-24,0.19,0.26554728
5,9,2008,2008-12-02,0.19,0.21627575
5,9,2008,2008-12-10,0.26,0.22875749
5,9,2008,2008-12-18,0.24,0.29484272
5,9,2008,2008-12-26,0.34,0.28361523
5,9,2009,2009-07-04,0.37,0.394756
5,9,2009,2009-07-12,0.36,0.39178002
5,9,2009,2009-07-20,0.43,0.3811121
5,9,2009,2009-07-28,0.35,0.4358626
5,9,2009,2009-08-05,0.34,0.38310122
5,9,2009,2009-08-13,0.34,0.36065075
5,9,2009,2009-08-21,0.34,0.36790076
5,9,2009,2009-08-29,0.45,0.35752773
5,9,2009,2009-09-06,0.62,0.45358974
5,9,2009,2009-09-14,0.56,0.63632786
5,9,2009,2009-09-22,0.51,0.5700958
5,9,2009,2009-09-30,0.52,0.52401865
5,9,2009,2009-10-08,0.41,0.476151
5,9,2009,2009-10-16,0.39,0.39963952
5,9,2009,2009-10-24,0.26,0.35776985
5,9,2009,2009-11-01,0.2,0.27444488
5,9,2009,2009-11-09,0.19,0.22847076
5,9,2009,2009-11-17,0.2,0.23063077
5,9,2009,2009-11-25,0.2,0.22625378
5,9,2009,2009-12-03,0.19,0.22746329
5,9,2009,2009-12-11,0.17,0.22328933
5,9,2009,2009-12-19,0.19,0.22967918
5,9,2009,2009-12-27,0.26,0.23975755
5,9,2010,2010-07-04,0.53,0.6200893
5,9,2010,2010-07-12,0.56,0.5316571
5,9,2010,2010-07-20,0.56,0.5023012
5,9,2010,2010-07-28,0.52,0.52984154
5,9,2010,2010-08-05,0.49,0.50427914
5,9,2010,2010-08-13,0.46,0.46634284
5,9,2010,2010-08-21,0.44,0.4376009
5,9,2010,2010-08-29,0.37,0.4285779
5,9,2010,2010-09-06,0.41,0.39914316
5,9,2010,2010-09-14,0.46,0.4648738
5,9,2010,2010-09-22,0.51,0.49958232
5,9,2010,2010-09-30,0.67,0.5263703
5,9,2010,2010-10-08,0.65,0.6378323
5,9,2010,2010-10-16,0.64,0.61004347
5,9,2010,2010-10-24,0.65,0.6021716
5,9,2010,2010-11-01,0.54,0.5708896
5,9,2010,2010-11-09,0.57,0.48187593
5,9,2010,2010-11-17,0.49,0.49246153
5,9,2010,2010-11-25,0.44,0.44284672
5,9,2010,2010-12-03,0.36,0.4103402
5,9,2010,2010-12-11,0.33,0.33752432
5,9,2010,2010-12-19,0.31,0.3056638
5,9,2010,2010-12-27,0.27,0.3022249
5,9,2011,2011-07-04,0.43,0.46029308
5,9,2011,2011-07-12,0.41,0.45662385
5,9,2011,2011-07-20,0.44,0.4243299
5,9,2011,2011-07-28,0.4,0.45802867
5,9,2011,2011-08-05,0.47,0.43080038
5,9,2011,2011-08-13,0.62,0.47370896
5,9,2011,2011-08-21,0.57,0.59121597
5,9,2011,2011-08-29,0.58,0.56080544
5,9,2011,2011-09-06,0.61,0.5526599
5,9,2011,2011-09-14,0.51,0.5683936
5,9,2011,2011-09-22,0.41,0.5129457
5,9,2011,2011-09-30,0.41,0.43989837
5,9,2011,2011-10-08,0.38,0.45070136
5,9,2011,2011-10-16,0.35,0.43486795
5,9,2011,2011-10-24,0.25,0.4111576
5,9,2011,2011-11-01,0.19,0.32162
5,9,2011,2011-11-09,0.32,0.244066
5,9,2011,2011-11-17,0.29,0.35372147
5,9,2011,2011-11-25,0.38,0.35793546
5,9,2011,2011-12-03,0.37,0.41760138
5,9,2011,2011-12-11,0.49,0.386213
5,9,2011,2011-12-19,0.38,0.4764114
5,9,2011,2011-12-27,0.21,0.39377248
5,9,2012,2012-07-03,0.4,0.40880248
5,9,2012,2012-07-11,0.32,0.42036837
5,9,2012,2012-07-19,0.32,0.35313386
5,9,2012,2012-07-27,0.41,0.34598172
5,9,2012,2012-08-04,0.46,0.42004582
5,9,2012,2012-08-12,0.62,0.4936249
5,9,2012,2012-08-20,0.49,0.6376848
5,9,2012,2012-08-28,0.43,0.53038955
5,9,2012,2012-09-05,0.59,0.46848232
5,9,2012,2012-09-13,0.6,0.5701239
5,9,2012,2012-09-21,0.41,0.5807345
5,9,2012,2012-09-29,0.43,0.4449766
5,9,2012,2012-10-07,0.33,0.38889974
5,9,2012,2012-10-15,0.36,0.32518873
5,9,2012,2012-10-23,0.28,0.35601535
5,9,2012,2012-10-31,0.27,0.28447217
5,9,2012,2012-11-08,0.24,0.25885552
5,9,2012,2012-11-16,0.32,0.27723825
5,9,2012,2012-11-24,0.33,0.35178912
5,9,2012,2012-12-02,0.45,0.3905214
5,9,2012,2012-12-10,0.5,0.4806108
5,9,2012,2012-12-18,0.4,0.53780127
5,9,2012,2012-12-26,0.37,0.43674934
5,10,2001,2001-07-04,0.65,0.59615225
5,10,2001,2001-07-12,0.54,0.6089793
5,10,2001,2001-07-20,0.58,0.53806865
5,10,2001,2001-07-28,0.59,0.5434779
5,10,2001,2001-08-05,0.55,0.556986
5,10,2001,2001-08-13,0.49,0.542304
5,10,2001,2001-08-21,0.56,0.495206
5,10,2001,2001-08-29,0.52,0.5299621
5,10,2001,2001-09-06,0.55,0.51629317
5,10,2001,2001-09-14,0.46,0.52502686
5,10,2001,2001-09-22,0.59,0.46747208
5,10,2001,2001-09-30,0.59,0.5722571
5,10,2001,2001-10-08,0.59,0.5747786
5,10,2001,2001-10-16,0.71,0.59706306
5,10,2001,2001-10-24,0.66,0.6647532
5,10,2001,2001-11-01,0.68,0.6304134
5,10,2001,2001-11-09,0.53,0.66183996
5,10,2001,2001-11-17,0.47,0.53518254
5,10,2001,2001-11-25,0.53,0.49255466
5,10,2001,2001-12-03,0.65,0.50934005
5,10,2001,2001-12-11,0.6,0.6123817
5,10,2001,2001-12-19,0.63,0.5944184
5,10,2001,2001-12-27,0.65,0.6028676
5,10,2002,2002-07-04,0.76,0.7886003
5,10,2002,2002-07-12,0.78,0.73750055
5,10,2002,2002-07-20,0.74,0.72319853
5,10,2002,2002-07-28,0.67,0.69389284
5,10,2002,2002-08-05,0.68,0.661123
5,10,2002,2002-08-13,0.74,0.6548683
5,10,2002,2002-08-21,0.74,0.67913485
5,10,2002,2002-08-29,0.65,0.695577
5,10,2002,2002-09-06,0.67,0.64424425
5,10,2002,2002-09-14,0.73,0.65076876
5,10,2002,2002-09-22,0.71,0.66676366
5,10,2002,2002-09-30,0.63,0.68235147
5,10,2002,2002-10-08,0.74,0.63962466
5,10,2002,2002-10-16,0.7,0.69781715
5,10,2002,2002-10-24,0.72,0.68413734
5,10,2002,2002-11-01,0.73,0.70608115
5,10,2002,2002-11-09,0.61,0.7051687
5,10,2002,2002-11-17,0.75,0.61193687
5,10,2002,2002-11-25,0.74,0.67668545
5,10,2002,2002-12-03,0.67,0.67755306
5,10,2002,2002-12-11,0.62,0.67779636
5,10,2002,2002-12-19,0.69,0.63061404
5,10,2002,2002-12-27,0.73,0.66598195
5,10,2003,2003-07-04,0.83,0.7358814
5,10,2003,2003-07-12,0.83,0.7757256
5,10,2003,2003-07-20,0.81,0.7805482
5,10,2003,2003-07-28,0.83,0.77163595
5,10,2003,2003-08-05,0.77,0.77088726
5,10,2003,2003-08-13,0.7,0.7334087
5,10,2003,2003-08-21,0.72,0.70084226
5,10,2003,2003-08-29,0.69,0.7035794
5,10,2003,2003-09-06,0.74,0.66987085
5,10,2003,2003-09-14,0.77,0.7074072
5,10,2003,2003-09-22,0.71,0.732606
5,10,2003,2003-09-30,0.71,0.705945
5,10,2003,2003-10-08,0.75,0.69128823
5,10,2003,2003-10-16,0.75,0.71882
5,10,2003,2003-10-24,0.74,0.72093153
5,10,2003,2003-11-01,0.72,0.7243626
5,10,2003,2003-11-09,0.62,0.7067034
5,10,2003,2003-11-17,0.71,0.62646914
5,10,2003,2003-11-25,0.73,0.69071126
5,10,2003,2003-12-03,0.7,0.7015703
5,10,2003,2003-12-11,0.78,0.6958666
5,10,2003,2003-12-19,0.79,0.7257308
5,10,2003,2003-12-27,0.77,0.7410793
5,10,2004,2004-07-03,0.86,0.78219026
5,10,2004,2004-07-11,0.86,0.8067641
5,10,2004,2004-07-19,0.93,0.8085322
5,10,2004,2004-07-27,0.87,0.8489624
5,10,2004,2004-08-04,0.77,0.8198083
5,10,2004,2004-08-12,0.83,0.75845957
5,10,2004,2004-08-20,0.77,0.76412535
5,10,2004,2004-08-28,0.81,0.72790515
5,10,2004,2004-09-05,0.82,0.76204586
5,10,2004,2004-09-13,0.84,0.7694483
5,10,2004,2004-09-21,0.78,0.791444
5,10,2004,2004-09-29,0.79,0.75101423
5,10,2004,2004-10-07,0.89,0.75231564
5,10,2004,2004-10-15,0.83,0.8084483
5,10,2004,2004-10-23,0.8,0.78496104
5,10,2004,2004-10-31,0.74,0.7734798
5,10,2004,2004-11-08,0.72,0.71568894
5,10,2004,2004-11-16,0.87,0.6890701
5,10,2004,2004-11-24,0.89,0.7859887
5,10,2004,2004-12-02,0.8,0.81013197
5,10,2004,2004-12-10,0.87,0.7758386
5,10,2004,2004-12-18,0.9,0.8075956
5,10,2004,2004-12-26,0.87,0.8242273
5,10,2005,2005-07-04,0.91,0.7999257
5,10,2005,2005-07-12,0.91,0.8318573
5,10,2005,2005-07-20,0.85,0.84126985
5,10,2005,2005-07-28,0.91,0.82577854
5,10,2005,2005-08-05,0.84,0.8425713
5,10,2005,2005-08-13,0.83,0.78905356
5,10,2005,2005-08-21,0.75,0.7923019
5,10,2005,2005-08-29,0.78,0.72346497
5,10,2005,2005-09-06,0.84,0.7541093
5,10,2005,2005-09-14,0.78,0.7860626
5,10,2005,2005-09-22,0.74,0.76566565
5,10,2005,2005-09-30,0.8,0.735026
5,10,2005,2005-10-08,0.86,0.75714254
5,10,2005,2005-10-16,0.88,0.8085954
5,10,2005,2005-10-24,0.8,0.8244562
5,10,2005,2005-11-01,0.76,0.7800276
5,10,2005,2005-11-09,0.8,0.73501265
5,10,2005,2005-11-17,0.83,0.7460172
5,10,2005,2005-11-25,0.8,0.7892795
5,10,2005,2005-12-03,0.74,0.7844255
5,10,2005,2005-12-11,0.74,0.7399844
5,10,2005,2005-12-19,0.72,0.73127383
5,10,2005,2005-12-27,0.67,0.71883816
5,10,2006,2006-07-04,0.9,0.78354836
5,10,2006,2006-07-12,0.83,0.83453476
5,10,2006,2006-07-20,0.74,0.797494
5,10,2006,2006-07-28,0.67,0.75189817
5,10,2006,2006-08-05,0.71,0.6817881
5,10,2006,2006-08-13,0.76,0.6952796
5,10,2006,2006-08-21,0.71,0.734568
5,10,2006,2006-08-29,0.7,0.70248497
5,10,2006,2006-09-06,0.63,0.70082074
5,10,2006,2006-09-14,0.69,0.65229744
5,10,2006,2006-09-22,0.72,0.6876761
5,10,2006,2006-09-30,0.75,0.69659257
5,10,2006,2006-10-08,0.76,0.731925
5,10,2006,2006-10-16,0.72,0.74878573
5,10,2006,2006-10-24,0.71,0.7315443
5,10,2006,2006-11-01,0.67,0.7100142
5,10,2006,2006-11-09,0.72,0.6683113
5,10,2006,2006-11-17,0.64,0.7056003
5,10,2006,2006-11-25,0.62,0.660568
5,10,2006,2006-12-03,0.61,0.6526891
5,10,2006,2006-12-11,0.66,0.6167027
5,10,2006,2006-12-19,0.72,0.6549684
5,10,2006,2006-12-27,0.79,0.69505155
5,10,2007,2007-07-04,0.8,0.7364315
5,10,2007,2007-07-12,0.65,0.77547026
5,10,2007,2007-07-20,0.69,0.6642408
5,10,2007,2007-07-28,0.68,0.68644416
5,10,2007,2007-08-05,0.68,0.64290404
5,10,2007,2007-08-13,0.66,0.6734304
5,10,2007,2007-08-21,0.57,0.66709673
5,10,2007,2007-08-29,0.64,0.60588634
5,10,2007,2007-09-06,0.62,0.63751113
5,10,2007,2007-09-14,0.59,0.6082525
5,10,2007,2007-09-22,0.56,0.61464417
5,10,2007,2007-09-30,0.56,0.59050643
5,10,2007,2007-10-08,0.59,0.5948158
5,10,2007,2007-10-16,0.7,0.61384237
5,10,2007,2007-10-24,0.61,0.68133056
5,10,2007,2007-11-01,0.63,0.63028103
5,10,2007,2007-11-09,0.64,0.6400818
5,10,2007,2007-11-17,0.69,0.63742816
5,10,2007,2007-11-25,0.57,0.6694796
5,10,2007,2007-12-03,0.65,0.5935761
5,10,2007,2007-12-11,0.59,0.63405955
5,10,2007,2007-12-19,0.61,0.59429324
5,10,2007,2007-12-27,0.67,0.6335834
5,10,2008,2008-07-03,0.72,0.7684946
5,10,2008,2008-07-11,0.68,0.72296846
5,10,2008,2008-07-19,0.71,0.6706257
5,10,2008,2008-07-27,0.65,0.6794615
5,10,2008,2008-08-04,0.65,0.64457005
5,10,2008,2008-08-12,0.69,0.6551843
5,10,2008,2008-08-20,0.61,0.66745126
5,10,2008,2008-08-28,0.65,0.61066556
5,10,2008,2008-09-05,0.58,0.6422561
5,10,2008,2008-09-13,0.54,0.5859456
5,10,2008,2008-09-21,0.62,0.5675004
5,10,2008,2008-09-29,0.58,0.598456
5,10,2008,2008-10-07,0.6,0.579486
5,10,2008,2008-10-15,0.64,0.60592926
5,10,2008,2008-10-23,0.7,0.6424484
5,10,2008,2008-10-31,0.73,0.67480093
5,10,2008,2008-11-08,0.68,0.6986692
5,10,2008,2008-11-16,0.57,0.6724844
5,10,2008,2008-11-24,0.55,0.6106595
5,10,2008,2008-12-02,0.59,0.55832577
5,10,2008,2008-12-10,0.65,0.58840764
5,10,2008,2008-12-18,0.57,0.62946606
5,10,2008,2008-12-26,0.63,0.59320426
5,10,2009,2009-07-04,0.63,0.65337944
5,10,2009,2009-07-12,0.72,0.63945454
5,10,2009,2009-07-20,0.68,0.6871288
5,10,2009,2009-07-28,0.62,0.6699775
5,10,2009,2009-08-05,0.61,0.63883924
5,10,2009,2009-08-13,0.57,0.6133352
5,10,2009,2009-08-21,0.57,0.58808
5,10,2009,2009-08-29,0.53,0.58193564
5,10,2009,2009-09-06,0.59,0.5559351
5,10,2009,2009-09-14,0.56,0.585659
5,10,2009,2009-09-22,0.55,0.56162405
5,10,2009,2009-09-30,0.59,0.5720471
5,10,2009,2009-10-08,0.6,0.5894276
5,10,2009,2009-10-16,0.61,0.60304904
5,10,2009,2009-10-24,0.61,0.61808467
5,10,2009,2009-11-01,0.54,0.62749606
5,10,2009,2009-11-09,0.58,0.5874654
5,10,2009,2009-11-17,0.62,0.5983849
5,10,2009,2009-11-25,0.61,0.60057205
5,10,2009,2009-12-03,0.57,0.60128284
5,10,2009,2009-12-11,0.54,0.58350766
5,10,2009,2009-12-19,0.6,0.57043844
5,10,2009,2009-12-27,0.53,0.5943911
5,10,2010,2010-07-04,0.75,0.7215787
5,10,2010,2010-07-12,0.83,0.7316525
5,10,2010,2010-07-20,0.89,0.76438975
5,10,2010,2010-07-28,0.73,0.8060472
5,10,2010,2010-08-05,0.81,0.7206178
5,10,2010,2010-08-13,0.76,0.7480079
5,10,2010,2010-08-21,0.66,0.6970171
5,10,2010,2010-08-29,0.66,0.66222346
5,10,2010,2010-09-06,0.7,0.63382643
5,10,2010,2010-09-14,0.7,0.66448677
5,10,2010,2010-09-22,0.6,0.6697323
5,10,2010,2010-09-30,0.74,0.6124395
5,10,2010,2010-10-08,0.75,0.69030416
5,10,2010,2010-10-16,0.68,0.6993216
5,10,2010,2010-10-24,0.71,0.6802703
5,10,2010,2010-11-01,0.56,0.68534553
5,10,2010,2010-11-09,0.69,0.5700164
5,10,2010,2010-11-17,0.73,0.6526697
5,10,2010,2010-11-25,0.68,0.68293947
5,10,2010,2010-12-03,0.58,0.67598844
5,10,2010,2010-12-11,0.57,0.60192406
5,10,2010,2010-12-19,0.58,0.56670177
5,10,2010,2010-12-27,0.62,0.57803005
5,10,2011,2011-07-04,0.76,0.71351314
5,10,2011,2011-07-12,0.7,0.7308214
5,10,2011,2011-07-20,0.75,0.7080251
5,10,2011,2011-07-28,0.63,0.7447724
5,10,2011,2011-08-05,0.74,0.6424883
5,10,2011,2011-08-13,0.73,0.7190498
5,10,2011,2011-08-21,0.59,0.69810736
5,10,2011,2011-08-29,0.73,0.630896
5,10,2011,2011-09-06,0.61,0.6846851
5,10,2011,2011-09-14,0.68,0.6085341
5,10,2011,2011-09-22,0.59,0.6782328
5,10,2011,2011-09-30,0.68,0.58549225
5,10,2011,2011-10-08,0.6,0.67237157
5,10,2011,2011-10-16,0.58,0.616663
5,10,2011,2011-10-24,0.67,0.61470675
5,10,2011,2011-11-01,0.69,0.65337855
5,10,2011,2011-11-09,0.72,0.6534782
5,10,2011,2011-11-17,0.7,0.6992741
5,10,2011,2011-11-25,0.77,0.69277334
5,10,2011,2011-12-03,0.84,0.7342852
5,10,2011,2011-12-11,0.71,0.7595347
5,10,2011,2011-12-19,0.61,0.69092417
5,10,2011,2011-12-27,0.54,0.6265197
5,10,2012,2012-07-03,0.8,0.6865313
5,10,2012,2012-07-11,0.77,0.7585252
5,10,2012,2012-07-19,0.71,0.73205537
5,10,2012,2012-07-27,0.76,0.7146792
5,10,2012,2012-08-04,0.69,0.7135769
5,10,2012,2012-08-12,0.71,0.6842283
5,10,2012,2012-08-20,0.74,0.70186895
5,10,2012,2012-08-28,0.63,0.6953281
5,10,2012,2012-09-05,0.64,0.6500094
5,10,2012,2012-09-13,0.74,0.63636863
5,10,2012,2012-09-21,0.62,0.70102596
5,10,2012,2012-09-29,0.69,0.6209744
5,10,2012,2012-10-07,0.66,0.6783708
5,10,2012,2012-10-15,0.69,0.63323367
5,10,2012,2012-10-23,0.66,0.6686175
5,10,2012,2012-10-31,0.68,0.6533459
5,10,2012,2012-11-08,0.65,0.67664725
5,10,2012,2012-11-16,0.72,0.65844
5,10,2012,2012-11-24,0.71,0.69924283
5,10,2012,2012-12-02,0.71,0.70090497
5,10,2012,2012-12-10,0.77,0.71831405
5,10,2012,2012-12-18,0.69,0.734314
5,10,2012,2012-12-26,0.69,0.6719461
6,0,2001,2001-07-04,0.07,0.12052235
6,0,2001,2001-07-12,0.1,0.14599414
6,0,2001,2001-07-20,0.09,0.18162972
6,0,2001,2001-07-28,0.14,0.2240427
6,0,2001,2001-08-05,0.27,0.36005858
6,0,2001,2001-08-13,0.2,0.498758
6,0,2001,2001-08-21,0.69,0.4154669
6,0,2001,2001-08-29,1.0,0.8519507
6,0,2001,2001-09-06,1.0,1.0262209
6,0,2001,2001-09-14,1.0,0.9986384
6,0,2001,2001-09-22,1.0,0.9506331
6,0,2001,2001-09-30,1.0,0.9289374
6,0,2001,2001-10-08,1.0,0.9279025
6,0,2001,2001-10-16,1.0,0.9276172
6,0,2001,2001-10-24,1.0,0.9276172
6,0,2001,2001-11-01,0.99,0.9276172
6,0,2001,2001-11-09,0.94,0.9143224
6,0,2001,2001-11-17,0.88,0.855419
6,0,2001,2001-11-25,0.8,0.78363115
6,0,2001,2001-12-03,0.72,0.6712837
6,0,2001,2001-12-11,0.71,0.5199819
6,0,2001,2001-12-19,0.6,0.5370055
6,0,2001,2001-12-27,0.4,0.45298922
6,0,2002,2002-07-04,0.04,0.07449916
6,0,2002,2002-07-12,0.06,0.10789275
6,0,2002,2002-07-20,0.12,0.13265996
6,0,2002,2002-07-28,0.2,0.18262036
6,0,2002,2002-08-05,0.39,0.2818791
6,0,2002,2002-08-13,0.54,0.5439893
6,0,2002,2002-08-21,0.72,0.64418805
6,0,2002,2002-08-29,0.97,0.86256576
6,0,2002,2002-09-06,1.0,1.0277437
6,0,2002,2002-09-14,0.99,1.0058804
6,0,2002,2002-09-22,1.0,0.9457673
6,0,2002,2002-09-30,1.0,0.93165016
6,0,2002,2002-10-08,1.0,0.9288397
6,0,2002,2002-10-16,1.0,0.9279147
6,0,2002,2002-10-24,0.98,0.9276172
6,0,2002,2002-11-01,0.99,0.9046809
6,0,2002,2002-11-09,0.89,0.9203928
6,0,2002,2002-11-17,0.87,0.76078486
6,0,2002,2002-11-25,0.72,0.7596693
6,0,2002,2002-12-03,0.62,0.5200522
6,0,2002,2002-12-11,0.6,0.37279525
6,0,2002,2002-12-19,0.55,0.42111012
6,0,2002,2002-12-27,0.37,0.43850288
6,0,2003,2003-07-04,0.03,0.05276993
6,0,2003,2003-07-12,0.03,0.09290403
6,0,2003,2003-07-20,0.16,0.092714936
6,0,2003,2003-07-28,0.12,0.24901754
6,0,2003,2003-08-05,0.05,0.22144121
6,0,2003,2003-08-13,0.06,0.19879118
6,0,2003,2003-08-21,0.17,0.207237
6,0,2003,2003-08-29,0.34,0.37699804
6,0,2003,2003-09-06,0.25,0.597536
6,0,2003,2003-09-14,0.49,0.45800352
6,0,2003,2003-09-22,0.73,0.6372776
6,0,2003,2003-09-30,0.94,0.83348966
6,0,2003,2003-10-08,0.94,0.9777432
6,0,2003,2003-10-16,0.94,0.94041777
6,0,2003,2003-10-24,0.88,0.8997518
6,0,2003,2003-11-01,0.84,0.7965737
6,0,2003,2003-11-09,0.71,0.7638174
6,0,2003,2003-11-17,0.65,0.52277744
6,0,2003,2003-11-25,0.43,0.46082956
6,0,2003,2003-12-03,0.26,0.1969516
6,0,2003,2003-12-11,0.15,0.09586224
6,0,2003,2003-12-19,0.03,0.0588156
6,0,2003,2003-12-27,0.0,0.037463516
6,0,2004,2004-07-03,0.01,0.051761746
6,0,2004,2004-07-11,0.02,0.07037419
6,0,2004,2004-07-19,0.04,0.07680175
6,0,2004,2004-07-27,0.16,0.13706155
6,0,2004,2004-08-04,0.28,0.23730564
6,0,2004,2004-08-12,0.55,0.35603806
6,0,2004,2004-08-20,0.65,0.6677462
6,0,2004,2004-08-28,0.74,0.7385078
6,0,2004,2004-09-05,0.8,0.80547017
6,0,2004,2004-09-13,0.93,0.7977489
6,0,2004,2004-09-21,1.0,0.93036586
6,0,2004,2004-09-29,0.99,0.993326
6,0,2004,2004-10-07,0.98,0.9872845
6,0,2004,2004-10-15,0.91,0.92659825
6,0,2004,2004-10-23,0.79,0.8188757
6,0,2004,2004-10-31,0.83,0.6135675
6,0,2004,2004-11-08,0.64,0.71816355
6,0,2004,2004-11-16,0.53,0.42693514
6,0,2004,2004-11-24,0.29,0.2795493
6,0,2004,2004-12-02,0.18,0.10754043
6,0,2004,2004-12-10,0.06,0.07393098
6,0,2004,2004-12-18,0.01,0.037032068
6,0,2004,2004-12-26,0.01,0.0108830035
6,0,2005,2005-07-04,0.03,0.052280426
6,0,2005,2005-07-12,0.08,0.082849205
6,0,2005,2005-07-20,0.01,0.12948275
6,0,2005,2005-07-28,0.05,0.06975946
6,0,2005,2005-08-05,0.1,0.14218162
6,0,2005,2005-08-13,0.31,0.21644774
6,0,2005,2005-08-21,0.73,0.54997075
6,0,2005,2005-08-29,0.9,0.8869821
6,0,2005,2005-09-06,0.93,0.9650041
6,0,2005,2005-09-14,0.97,0.92999375
6,0,2005,2005-09-22,0.98,0.9624373
6,0,2005,2005-09-30,0.99,0.9426565
6,0,2005,2005-10-08,0.99,0.93276054
6,0,2005,2005-10-16,0.99,0.9224977
6,0,2005,2005-10-24,0.99,0.9049734
6,0,2005,2005-11-01,0.96,0.8883989
6,0,2005,2005-11-09,0.9,0.8785259
6,0,2005,2005-11-17,0.77,0.73665273
6,0,2005,2005-11-25,0.79,0.5314652
6,0,2005,2005-12-03,0.63,0.56178635
6,0,2005,2005-12-11,0.48,0.42034474
6,0,2005,2005-12-19,0.41,0.2874603
6,0,2005,2005-12-27,0.26,0.26101956
6,0,2006,2006-07-04,0.02,0.061690092
6,0,2006,2006-07-12,0.01,0.0783377
6,0,2006,2006-07-20,0.01,0.08144969
6,0,2006,2006-07-28,0.01,0.057623267
6,0,2006,2006-08-05,0.19,0.071116954
6,0,2006,2006-08-13,0.5,0.27271062
6,0,2006,2006-08-21,0.58,0.69534016
6,0,2006,2006-08-29,0.77,0.7793819
6,0,2006,2006-09-06,0.8,0.9033341
6,0,2006,2006-09-14,0.9,0.85733354
6,0,2006,2006-09-22,0.93,0.921585
6,0,2006,2006-09-30,0.95,0.9156827
6,0,2006,2006-10-08,0.96,0.9180246
6,0,2006,2006-10-16,0.98,0.91122574
6,0,2006,2006-10-24,0.99,0.9264962
6,0,2006,2006-11-01,0.96,0.92906845
6,0,2006,2006-11-09,0.89,0.8785181
6,0,2006,2006-11-17,0.79,0.773651
6,0,2006,2006-11-25,0.68,0.59565914
6,0,2006,2006-12-03,0.52,0.48212528
6,0,2006,2006-12-11,0.37,0.26725867
6,0,2006,2006-12-19,0.23,0.15844232
6,0,2006,2006-12-27,0.1,0.10443771
6,0,2007,2007-07-04,0.01,0.05580914
6,0,2007,2007-07-12,0.0,0.06731242
6,0,2007,2007-07-20,0.04,0.053134978
6,0,2007,2007-07-28,0.33,0.09104952
6,0,2007,2007-08-05,0.46,0.40515792
6,0,2007,2007-08-13,0.46,0.6303289
6,0,2007,2007-08-21,0.4,0.6366923
6,0,2007,2007-08-29,0.59,0.49464446
6,0,2007,2007-09-06,0.58,0.6833899
6,0,2007,2007-09-14,0.63,0.6595553
6,0,2007,2007-09-22,0.59,0.69149923
6,0,2007,2007-09-30,0.8,0.62769145
6,0,2007,2007-10-08,0.82,0.82166934
6,0,2007,2007-10-16,0.92,0.84897995
6,0,2007,2007-10-24,0.97,0.9302089
6,0,2007,2007-11-01,0.97,0.9472271
6,0,2007,2007-11-09,0.9,0.91399896
6,0,2007,2007-11-17,0.85,0.7854326
6,0,2007,2007-11-25,0.73,0.7142782
6,0,2007,2007-12-03,0.73,0.51860416
6,0,2007,2007-12-11,0.56,0.5266702
6,0,2007,2007-12-19,0.31,0.3418744
6,0,2007,2007-12-27,0.24,0.14179015
6,0,2008,2008-07-03,0.01,0.051553905
6,0,2008,2008-07-11,0.01,0.060107112
6,0,2008,2008-07-19,0.06,0.059461713
6,0,2008,2008-07-27,0.32,0.11949718
6,0,2008,2008-08-04,0.47,0.5139215
6,0,2008,2008-08-12,0.63,0.66504496
6,0,2008,2008-08-20,0.66,0.758831
6,0,2008,2008-08-28,0.83,0.6769382
6,0,2008,2008-09-05,0.81,0.852756
6,0,2008,2008-09-13,0.77,0.80933475
6,0,2008,2008-09-21,0.75,0.73957
6,0,2008,2008-09-29,0.85,0.6776912
6,0,2008,2008-10-07,0.9,0.8491947
6,0,2008,2008-10-15,0.91,0.8962988
6,0,2008,2008-10-23,0.93,0.9074125
6,0,2008,2008-10-31,0.9,0.9057761
6,0,2008,2008-11-08,0.81,0.84644616
6,0,2008,2008-11-16,0.77,0.6807122
6,0,2008,2008-11-24,0.74,0.6364089
6,0,2008,2008-12-02,0.59,0.60726947
6,0,2008,2008-12-10,0.58,0.4186245
6,0,2008,2008-12-18,0.48,0.37786192
6,0,2008,2008-12-26,0.27,0.2818077
6,0,2009,2009-07-04,0.01,0.05223304
6,0,2009,2009-07-12,0.03,0.06258249
6,0,2009,2009-07-20,0.07,0.08075559
6,0,2009,2009-07-28,0.1,0.13256241
6,0,2009,2009-08-05,0.28,0.24948306
6,0,2009,2009-08-13,0.55,0.47954547
6,0,2009,2009-08-21,0.55,0.74985415
6,0,2009,2009-08-29,0.58,0.6632381
6,0,2009,2009-09-06,0.7,0.6521269
6,0,2009,2009-09-14,0.75,0.7543011
6,0,2009,2009-09-22,0.83,0.77758473
6,0,2009,2009-09-30,0.83,0.83301365
6,0,2009,2009-10-08,0.93,0.83350635
6,0,2009,2009-10-16,0.97,0.9274354
6,0,2009,2009-10-24,0.95,0.9413046
6,0,2009,2009-11-01,0.92,0.8971206
6,0,2009,2009-11-09,0.81,0.8409485
6,0,2009,2009-11-17,0.7,0.64566755
6,0,2009,2009-11-25,0.62,0.48656613
6,0,2009,2009-12-03,0.44,0.42397323
6,0,2009,2009-12-11,0.26,0.22839093
6,0,2009,2009-12-19,0.08,0.123841286
6,0,2009,2009-12-27,0.01,0.04181826
6,0,2010,2010-07-04,0.01,0.059910297
6,0,2010,2010-07-12,0.04,0.062631875
6,0,2010,2010-07-20,0.02,0.095374525
6,0,2010,2010-07-28,0.02,0.08438793
6,0,2010,2010-08-05,0.05,0.09232068
6,0,2010,2010-08-13,0.16,0.17782222
6,0,2010,2010-08-21,0.21,0.37744546
6,0,2010,2010-08-29,0.27,0.39478463
6,0,2010,2010-09-06,0.43,0.44572437
6,0,2010,2010-09-14,0.43,0.5861766
6,0,2010,2010-09-22,0.48,0.5239278
6,0,2010,2010-09-30,0.6,0.56665313
6,0,2010,2010-10-08,0.77,0.6755153
6,0,2010,2010-10-16,0.8,0.84346294
6,0,2010,2010-10-24,0.83,0.85253143
6,0,2010,2010-11-01,0.78,0.8378229
6,0,2010,2010-11-09,0.7,0.7256915
6,0,2010,2010-11-17,0.68,0.5520912
6,0,2010,2010-11-25,0.55,0.514162
6,0,2010,2010-12-03,0.47,0.37495852
6,0,2010,2010-12-11,0.29,0.26987666
6,0,2010,2010-12-19,0.17,0.1388824
6,0,2010,2010-12-27,0.13,0.08520439
6,0,2011,2011-07-04,0.02,0.062364846
6,0,2011,2011-07-12,0.06,0.070602655
6,0,2011,2011-07-20,0.05,0.11679417
6,0,2011,2011-07-28,0.36,0.0948019
6,0,2011,2011-08-05,0.31,0.4407581
6,0,2011,2011-08-13,0.63,0.4104803
6,0,2011,2011-08-21,0.73,0.75510955
6,0,2011,2011-08-29,0.79,0.78648984
6,0,2011,2011-09-06,0.84,0.8116367
6,0,2011,2011-09-14,0.88,0.85167885
6,0,2011,2011-09-22,0.96,0.8614848
6,0,2011,2011-09-30,0.99,0.92769176
6,0,2011,2011-10-08,0.99,0.94860786
6,0,2011,2011-10-16,0.99,0.956167
6,0,2011,2011-10-24,0.99,0.9302586
6,0,2011,2011-11-01,0.99,0.92610174
6,0,2011,2011-11-09,0.98,0.9037964
6,0,2011,2011-11-17,0.95,0.8797077
6,0,2011,2011-11-25,0.85,0.8508378
6,0,2011,2011-12-03,0.76,0.66554725
6,0,2011,2011-12-11,0.6,0.54803586
6,0,2011,2011-12-19,0.4,0.33661175
6,0,2011,2011-12-27,0.35,0.19784726
6,0,2012,2012-07-03,0.05,0.053143322
6,0,2012,2012-07-11,0.03,0.10406813
6,0,2012,2012-07-19,0.04,0.09062967
6,0,2012,2012-07-27,0.16,0.09579548
6,0,2012,2012-08-04,0.04,0.33313382
6,0,2012,2012-08-12,0.05,0.19552895
6,0,2012,2012-08-20,0.08,0.28902397
6,0,2012,2012-08-28,0.26,0.22689995
6,0,2012,2012-09-05,0.56,0.50148517
6,0,2012,2012-09-13,0.71,0.7604387
6,0,2012,2012-09-21,0.73,0.80999273
6,0,2012,2012-09-29,0.84,0.79272544
6,0,2012,2012-10-07,0.89,0.8764223
6,0,2012,2012-10-15,0.93,0.8990916
6,0,2012,2012-10-23,0.86,0.91585267
6,0,2012,2012-10-31,0.76,0.7880225
6,0,2012,2012-11-08,0.63,0.63125026
6,0,2012,2012-11-16,0.41,0.43244413
6,0,2012,2012-11-24,0.29,0.17771271
6,0,2012,2012-12-02,0.18,0.101067215
6,0,2012,2012-12-10,0.04,0.053394645
6,0,2012,2012-12-18,0.02,0.014059126
6,0,2012,2012-12-26,0.0,0.02196145
6,1,2001,2001-07-04,0.36,0.48312518
6,1,2001,2001-07-12,0.42,0.5491289
6,1,2001,2001-07-20,0.44,0.5789653
6,1,2001,2001-07-28,0.57,0.5409092
6,1,2001,2001-08-05,0.79,0.7012154
6,1,2001,2001-08-13,0.8,0.87310797
6,1,2001,2001-08-21,0.94,0.841818
6,1,2001,2001-08-29,0.99,0.93481123
6,1,2001,2001-09-06,0.98,0.9549677
6,1,2001,2001-09-14,0.97,0.91897297
6,1,2001,2001-09-22,0.99,0.90131927
6,1,2001,2001-09-30,0.98,0.92334545
6,1,2001,2001-10-08,0.97,0.90599215
6,1,2001,2001-10-16,0.98,0.89570296
6,1,2001,2001-10-24,0.97,0.910973
6,1,2001,2001-11-01,0.97,0.89654094
6,1,2001,2001-11-09,0.98,0.89747703
6,1,2001,2001-11-17,0.97,0.91139734
6,1,2001,2001-11-25,0.97,0.89526546
6,1,2001,2001-12-03,0.94,0.9007555
6,1,2001,2001-12-11,0.94,0.86039627
6,1,2001,2001-12-19,0.88,0.8695311
6,1,2001,2001-12-27,0.8,0.78621656
6,1,2002,2002-07-04,0.12,0.18366313
6,1,2002,2002-07-12,0.21,0.2619381
6,1,2002,2002-07-20,0.44,0.3853807
6,1,2002,2002-07-28,0.51,0.600407
6,1,2002,2002-08-05,0.8,0.6381924
6,1,2002,2002-08-13,0.92,0.8979948
6,1,2002,2002-08-21,0.92,0.9415574
6,1,2002,2002-08-29,0.98,0.92126846
6,1,2002,2002-09-06,0.98,0.9515252
6,1,2002,2002-09-14,0.98,0.9198784
6,1,2002,2002-09-22,0.99,0.908902
6,1,2002,2002-09-30,0.99,0.9224532
6,1,2002,2002-10-08,0.98,0.915306
6,1,2002,2002-10-16,0.98,0.9018515
6,1,2002,2002-10-24,0.98,0.9077035
6,1,2002,2002-11-01,0.97,0.9060106
6,1,2002,2002-11-09,0.97,0.896157
6,1,2002,2002-11-17,0.97,0.90107423
6,1,2002,2002-11-25,0.95,0.8993333
6,1,2002,2002-12-03,0.91,0.8763841
6,1,2002,2002-12-11,0.85,0.81995714
6,1,2002,2002-12-19,0.72,0.75165355
6,1,2002,2002-12-27,0.59,0.52589893
6,1,2003,2003-07-04,0.03,0.0632298
6,1,2003,2003-07-12,0.06,0.11662963
6,1,2003,2003-07-20,0.2,0.16612165
6,1,2003,2003-07-28,0.3,0.39705548
6,1,2003,2003-08-05,0.31,0.47433642
6,1,2003,2003-08-13,0.23,0.53610694
6,1,2003,2003-08-21,0.64,0.37694559
6,1,2003,2003-08-29,0.81,0.76074004
6,1,2003,2003-09-06,0.72,0.8848835
6,1,2003,2003-09-14,0.88,0.74683034
6,1,2003,2003-09-22,0.91,0.8702281
6,1,2003,2003-09-30,0.95,0.8956318
6,1,2003,2003-10-08,0.95,0.9199286
6,1,2003,2003-10-16,0.94,0.8937465
6,1,2003,2003-10-24,0.94,0.87563944
6,1,2003,2003-11-01,0.93,0.8776207
6,1,2003,2003-11-09,0.89,0.86463666
6,1,2003,2003-11-17,0.83,0.81408983
6,1,2003,2003-11-25,0.63,0.7366719
6,1,2003,2003-12-03,0.55,0.3960725
6,1,2003,2003-12-11,0.32,0.30507192
6,1,2003,2003-12-19,0.1,0.13129136
6,1,2003,2003-12-27,0.03,0.023796976
6,1,2004,2004-07-03,0.02,0.064026594
6,1,2004,2004-07-11,0.02,0.07752994
6,1,2004,2004-07-19,0.15,0.083759844
6,1,2004,2004-07-27,0.58,0.26501974
6,1,2004,2004-08-04,0.75,0.74655133
6,1,2004,2004-08-12,0.86,0.8374939
6,1,2004,2004-08-20,0.92,0.84713054
6,1,2004,2004-08-28,0.91,0.9272978
6,1,2004,2004-09-05,0.95,0.90969354
6,1,2004,2004-09-13,0.96,0.90225184
6,1,2004,2004-09-21,0.98,0.92463917
6,1,2004,2004-09-29,0.96,0.92285544
6,1,2004,2004-10-07,0.96,0.89860123
6,1,2004,2004-10-15,0.94,0.8915183
6,1,2004,2004-10-23,0.94,0.86562395
6,1,2004,2004-10-31,0.94,0.8726593
6,1,2004,2004-11-08,0.9,0.8741145
6,1,2004,2004-11-16,0.81,0.8102625
6,1,2004,2004-11-24,0.62,0.66238475
6,1,2004,2004-12-02,0.42,0.3006305
6,1,2004,2004-12-10,0.16,0.16409852
6,1,2004,2004-12-18,0.05,0.057661593
6,1,2004,2004-12-26,0.04,0.02683425
6,1,2005,2005-07-04,0.04,0.055921167
6,1,2005,2005-07-12,0.18,0.09479487
6,1,2005,2005-07-20,0.02,0.23187159
6,1,2005,2005-07-28,0.29,0.1282796
6,1,2005,2005-08-05,0.65,0.54294527
6,1,2005,2005-08-13,0.83,0.83738136
6,1,2005,2005-08-21,0.94,0.9250505
6,1,2005,2005-08-29,0.97,0.9535682
6,1,2005,2005-09-06,0.97,0.9420078
6,1,2005,2005-09-14,0.97,0.91764575
6,1,2005,2005-09-22,0.97,0.90372986
6,1,2005,2005-09-30,0.98,0.90611947
6,1,2005,2005-10-08,0.97,0.9093942
6,1,2005,2005-10-16,0.96,0.89729416
6,1,2005,2005-10-24,0.97,0.8814698
6,1,2005,2005-11-01,0.96,0.9006839
6,1,2005,2005-11-09,0.94,0.88823265
6,1,2005,2005-11-17,0.95,0.85462844
6,1,2005,2005-11-25,0.94,0.85909975
6,1,2005,2005-12-03,0.87,0.80943024
6,1,2005,2005-12-11,0.76,0.6658325
6,1,2005,2005-12-19,0.7,0.44971824
6,1,2005,2005-12-27,0.51,0.43928578
6,1,2006,2006-07-04,0.02,0.077697754
6,1,2006,2006-07-12,0.05,0.07760474
6,1,2006,2006-07-20,0.04,0.1508468
6,1,2006,2006-07-28,0.11,0.080001265
6,1,2006,2006-08-05,0.62,0.255954
6,1,2006,2006-08-13,0.85,0.82320637
6,1,2006,2006-08-21,0.86,0.9487597
6,1,2006,2006-08-29,0.94,0.9053505
6,1,2006,2006-09-06,0.93,0.9367182
6,1,2006,2006-09-14,0.92,0.8846452
6,1,2006,2006-09-22,0.92,0.8603504
6,1,2006,2006-09-30,0.95,0.86148417
6,1,2006,2006-10-08,0.95,0.90094566
6,1,2006,2006-10-16,0.95,0.89048415
6,1,2006,2006-10-24,0.95,0.8851362
6,1,2006,2006-11-01,0.95,0.8877785
6,1,2006,2006-11-09,0.94,0.88436586
6,1,2006,2006-11-17,0.92,0.86860627
6,1,2006,2006-11-25,0.9,0.8509181
6,1,2006,2006-12-03,0.79,0.82815534
6,1,2006,2006-12-11,0.68,0.6346575
6,1,2006,2006-12-19,0.52,0.43279916
6,1,2006,2006-12-27,0.27,0.26490653
6,1,2007,2007-07-04,0.0,0.070415914
6,1,2007,2007-07-12,0.01,0.05541405
6,1,2007,2007-07-20,0.03,0.07504225
6,1,2007,2007-07-28,0.36,0.08486906
6,1,2007,2007-08-05,0.71,0.47454756
6,1,2007,2007-08-13,0.74,0.8981655
6,1,2007,2007-08-21,0.81,0.84790707
6,1,2007,2007-08-29,0.86,0.82907915
6,1,2007,2007-09-06,0.85,0.87389916
6,1,2007,2007-09-14,0.89,0.8210256
6,1,2007,2007-09-22,0.85,0.85550606
6,1,2007,2007-09-30,0.9,0.7890666
6,1,2007,2007-10-08,0.91,0.86379987
6,1,2007,2007-10-16,0.93,0.86912596
6,1,2007,2007-10-24,0.92,0.8848274
6,1,2007,2007-11-01,0.91,0.8619435
6,1,2007,2007-11-09,0.9,0.84802604
6,1,2007,2007-11-17,0.9,0.83630157
6,1,2007,2007-11-25,0.89,0.8377404
6,1,2007,2007-12-03,0.88,0.824531
6,1,2007,2007-12-11,0.74,0.78590703
6,1,2007,2007-12-19,0.46,0.5271979
6,1,2007,2007-12-27,0.31,0.16249081
6,1,2008,2008-07-03,0.02,0.07378802
6,1,2008,2008-07-11,0.01,0.06650239
6,1,2008,2008-07-19,0.12,0.060393035
6,1,2008,2008-07-27,0.46,0.171397
6,1,2008,2008-08-04,0.7,0.6581061
6,1,2008,2008-08-12,0.89,0.87204564
6,1,2008,2008-08-20,0.92,0.9534305
6,1,2008,2008-08-28,0.92,0.91725683
6,1,2008,2008-09-05,0.92,0.8886867
6,1,2008,2008-09-13,0.89,0.85987204
6,1,2008,2008-09-21,0.91,0.8270534
6,1,2008,2008-09-29,0.92,0.84456
6,1,2008,2008-10-07,0.93,0.87449557
6,1,2008,2008-10-15,0.92,0.87778276
6,1,2008,2008-10-23,0.92,0.8639891
6,1,2008,2008-10-31,0.9,0.8580384
6,1,2008,2008-11-08,0.92,0.83106995
6,1,2008,2008-11-16,0.92,0.86110514
6,1,2008,2008-11-24,0.9,0.8621737
6,1,2008,2008-12-02,0.87,0.8303015
6,1,2008,2008-12-10,0.79,0.79177046
6,1,2008,2008-12-18,0.76,0.6263907
6,1,2008,2008-12-26,0.45,0.5177279
6,1,2009,2009-07-04,0.01,0.067928284
6,1,2009,2009-07-12,0.05,0.064810336
6,1,2009,2009-07-20,0.38,0.097661704
6,1,2009,2009-07-28,0.47,0.4984873
6,1,2009,2009-08-05,0.78,0.67117995
6,1,2009,2009-08-13,0.85,0.90534973
6,1,2009,2009-08-21,0.85,0.913019
6,1,2009,2009-08-29,0.86,0.8604805
6,1,2009,2009-09-06,0.89,0.8307706
6,1,2009,2009-09-14,0.91,0.853847
6,1,2009,2009-09-22,0.94,0.8620324
6,1,2009,2009-09-30,0.92,0.89574426
6,1,2009,2009-10-08,0.94,0.8583169
6,1,2009,2009-10-16,0.95,0.88538295
6,1,2009,2009-10-24,0.92,0.8900362
6,1,2009,2009-11-01,0.93,0.84656906
6,1,2009,2009-11-09,0.9,0.8614788
6,1,2009,2009-11-17,0.91,0.83299416
6,1,2009,2009-11-25,0.77,0.8509774
6,1,2009,2009-12-03,0.59,0.61870325
6,1,2009,2009-12-11,0.48,0.3169755
6,1,2009,2009-12-19,0.12,0.23038085
6,1,2009,2009-12-27,0.03,0.028894186
6,1,2010,2010-07-04,0.01,0.07302147
6,1,2010,2010-07-12,0.03,0.06073925
6,1,2010,2010-07-20,0.0,0.092381805
6,1,2010,2010-07-28,0.02,0.16763787
6,1,2010,2010-08-05,0.07,0.18717365
6,1,2010,2010-08-13,0.26,0.33900324
6,1,2010,2010-08-21,0.37,0.48018578
6,1,2010,2010-08-29,0.7,0.5850487
6,1,2010,2010-09-06,0.74,0.8408685
6,1,2010,2010-09-14,0.82,0.796528
6,1,2010,2010-09-22,0.82,0.8393757
6,1,2010,2010-09-30,0.86,0.81432325
6,1,2010,2010-10-08,0.92,0.8358166
6,1,2010,2010-10-16,0.93,0.8968328
6,1,2010,2010-10-24,0.93,0.88993514
6,1,2010,2010-11-01,0.9,0.8680834
6,1,2010,2010-11-09,0.84,0.8301575
6,1,2010,2010-11-17,0.78,0.73720884
6,1,2010,2010-11-25,0.64,0.67151785
6,1,2010,2010-12-03,0.53,0.40550217
6,1,2010,2010-12-11,0.33,0.25091487
6,1,2010,2010-12-19,0.16,0.1338412
6,1,2010,2010-12-27,0.1,0.04605791
6,1,2011,2011-07-04,0.13,0.06295237
6,1,2011,2011-07-12,0.23,0.17737374
6,1,2011,2011-07-20,0.12,0.28790486
6,1,2011,2011-07-28,0.7,0.186369
6,1,2011,2011-08-05,0.69,0.72920024
6,1,2011,2011-08-13,0.84,0.76789427
6,1,2011,2011-08-21,0.85,0.87847817
6,1,2011,2011-08-29,0.87,0.8422442
6,1,2011,2011-09-06,0.87,0.8877477
6,1,2011,2011-09-14,0.87,0.85239875
6,1,2011,2011-09-22,0.87,0.8464581
6,1,2011,2011-09-30,0.9,0.8198776
6,1,2011,2011-10-08,0.9,0.8633121
6,1,2011,2011-10-16,0.89,0.8636194
6,1,2011,2011-10-24,0.9,0.83947885
6,1,2011,2011-11-01,0.9,0.8501377
6,1,2011,2011-11-09,0.93,0.8399868
6,1,2011,2011-11-17,0.93,0.8655503
6,1,2011,2011-11-25,0.89,0.8513164
6,1,2011,2011-12-03,0.87,0.75677925
6,1,2011,2011-12-11,0.82,0.72698295
6,1,2011,2011-12-19,0.56,0.62601435
6,1,2011,2011-12-27,0.58,0.27847147
6,1,2012,2012-07-03,0.03,0.060592294
6,1,2012,2012-07-11,0.18,0.11863311
6,1,2012,2012-07-19,0.12,0.30508292
6,1,2012,2012-07-27,0.14,0.2176116
6,1,2012,2012-08-04,0.14,0.41592562
6,1,2012,2012-08-12,0.11,0.27554068
6,1,2012,2012-08-20,0.45,0.33483657
6,1,2012,2012-08-28,0.68,0.6393299
6,1,2012,2012-09-05,0.78,0.81501496
6,1,2012,2012-09-13,0.85,0.8259275
6,1,2012,2012-09-21,0.85,0.86242306
6,1,2012,2012-09-29,0.91,0.8269299
6,1,2012,2012-10-07,0.84,0.88464886
6,1,2012,2012-10-15,0.88,0.76586664
6,1,2012,2012-10-23,0.81,0.8261806
6,1,2012,2012-10-31,0.77,0.7327482
6,1,2012,2012-11-08,0.71,0.67962086
6,1,2012,2012-11-16,0.44,0.61885476
6,1,2012,2012-11-24,0.4,0.24556057
6,1,2012,2012-12-02,0.24,0.1903066
6,1,2012,2012-12-10,0.1,0.11179122
6,1,2012,2012-12-18,0.03,0.06717062
6,1,2012,2012-12-26,0.0,0.0019802153
6,2,2001,2001-07-04,0.26,0.31613213
6,2,2001,2001-07-12,0.33,0.34007633
6,2,2001,2001-07-20,0.49,0.4869744
6,2,2001,2001-07-28,0.62,0.59510005
6,2,2001,2001-08-05,0.62,0.74256945
6,2,2001,2001-08-13,0.55,0.69834816
6,2,2001,2001-08-21,0.91,0.5832013
6,2,2001,2001-08-29,0.93,0.8659126
6,2,2001,2001-09-06,0.93,0.91354525
6,2,2001,2001-09-14,0.88,0.80809295
6,2,2001,2001-09-22,0.9,0.841924
6,2,2001,2001-09-30,0.88,0.84932786
6,2,2001,2001-10-08,0.87,0.8320031
6,2,2001,2001-10-16,0.84,0.81210476
6,2,2001,2001-10-24,0.87,0.7717664
6,2,2001,2001-11-01,0.87,0.8140824
6,2,2001,2001-11-09,0.85,0.81949264
6,2,2001,2001-11-17,0.9,0.7847837
6,2,2001,2001-11-25,0.89,0.8509678
6,2,2001,2001-12-03,0.9,0.83736026
6,2,2001,2001-12-11,0.89,0.8435132
6,2,2001,2001-12-19,0.79,0.8194353
6,2,2001,2001-12-27,0.61,0.652811
6,2,2002,2002-07-04,0.12,0.15323229
6,2,2002,2002-07-12,0.28,0.23134905
6,2,2002,2002-07-20,0.46,0.43283775
6,2,2002,2002-07-28,0.54,0.63286984
6,2,2002,2002-08-05,0.74,0.6598605
6,2,2002,2002-08-13,0.87,0.7889329
6,2,2002,2002-08-21,0.88,0.8535234
6,2,2002,2002-08-29,0.9,0.9003781
6,2,2002,2002-09-06,0.85,0.88206565
6,2,2002,2002-09-14,0.92,0.79052734
6,2,2002,2002-09-22,0.92,0.85726136
6,2,2002,2002-09-30,0.92,0.8648335
6,2,2002,2002-10-08,0.91,0.84836507
6,2,2002,2002-10-16,0.87,0.8332784
6,2,2002,2002-10-24,0.88,0.7717509
6,2,2002,2002-11-01,0.88,0.8108186
6,2,2002,2002-11-09,0.9,0.8174372
6,2,2002,2002-11-17,0.91,0.83800584
6,2,2002,2002-11-25,0.9,0.85943747
6,2,2002,2002-12-03,0.84,0.8322052
6,2,2002,2002-12-11,0.72,0.7486681
6,2,2002,2002-12-19,0.5,0.55510044
6,2,2002,2002-12-27,0.24,0.22244488
6,2,2003,2003-07-04,0.05,0.06317273
6,2,2003,2003-07-12,0.12,0.13265133
6,2,2003,2003-07-20,0.13,0.2497291
6,2,2003,2003-07-28,0.25,0.29921168
6,2,2003,2003-08-05,0.35,0.42443022
6,2,2003,2003-08-13,0.28,0.54784834
6,2,2003,2003-08-21,0.54,0.44335356
6,2,2003,2003-08-29,0.68,0.66711265
6,2,2003,2003-09-06,0.59,0.7606459
6,2,2003,2003-09-14,0.76,0.6188165
6,2,2003,2003-09-22,0.79,0.7536654
6,2,2003,2003-09-30,0.78,0.79855216
6,2,2003,2003-10-08,0.78,0.76535547
6,2,2003,2003-10-16,0.77,0.7316867
6,2,2003,2003-10-24,0.8,0.70537055
6,2,2003,2003-11-01,0.8,0.75638217
6,2,2003,2003-11-09,0.8,0.75800645
6,2,2003,2003-11-17,0.84,0.75863385
6,2,2003,2003-11-25,0.61,0.8069682
6,2,2003,2003-12-03,0.5,0.45738733
6,2,2003,2003-12-11,0.29,0.24129704
6,2,2003,2003-12-19,0.08,0.10298735
6,2,2003,2003-12-27,0.02,0.012237132
6,2,2004,2004-07-03,0.04,0.05491543
6,2,2004,2004-07-11,0.09,0.095016986
6,2,2004,2004-07-19,0.25,0.16528466
6,2,2004,2004-07-27,0.48,0.33631748
6,2,2004,2004-08-04,0.53,0.6254692
6,2,2004,2004-08-12,0.67,0.63168
6,2,2004,2004-08-20,0.78,0.6826689
6,2,2004,2004-08-28,0.85,0.80590296
6,2,2004,2004-09-05,0.83,0.8651244
6,2,2004,2004-09-13,0.89,0.7886182
6,2,2004,2004-09-21,0.92,0.86091703
6,2,2004,2004-09-29,0.88,0.87534106
6,2,2004,2004-10-07,0.9,0.8080476
6,2,2004,2004-10-15,0.88,0.8261347
6,2,2004,2004-10-23,0.91,0.79905605
6,2,2004,2004-10-31,0.93,0.84874785
6,2,2004,2004-11-08,0.9,0.86650324
6,2,2004,2004-11-16,0.82,0.8187921
6,2,2004,2004-11-24,0.69,0.71318054
6,2,2004,2004-12-02,0.34,0.4184344
6,2,2004,2004-12-10,0.09,0.103654385
6,2,2004,2004-12-18,0.04,0.0606682
6,2,2004,2004-12-26,0.05,0.03057924
6,2,2005,2005-07-04,0.08,0.056964695
6,2,2005,2005-07-12,0.11,0.13254707
6,2,2005,2005-07-20,0.04,0.17122553
6,2,2005,2005-07-28,0.42,0.14988329
6,2,2005,2005-08-05,0.48,0.6186087
6,2,2005,2005-08-13,0.7,0.62429076
6,2,2005,2005-08-21,0.8,0.8160429
6,2,2005,2005-08-29,0.86,0.8428879
6,2,2005,2005-09-06,0.9,0.87030286
6,2,2005,2005-09-14,0.92,0.87113225
6,2,2005,2005-09-22,0.94,0.8810529
6,2,2005,2005-09-30,0.91,0.88914204
6,2,2005,2005-10-08,0.92,0.8252501
6,2,2005,2005-10-16,0.93,0.8511665
6,2,2005,2005-10-24,0.92,0.85951936
6,2,2005,2005-11-01,0.93,0.8543753
6,2,2005,2005-11-09,0.92,0.8679591
6,2,2005,2005-11-17,0.91,0.8436628
6,2,2005,2005-11-25,0.93,0.8124548
6,2,2005,2005-12-03,0.82,0.8203325
6,2,2005,2005-12-11,0.64,0.53086376
6,2,2005,2005-12-19,0.55,0.26938596
6,2,2005,2005-12-27,0.32,0.2752597
6,2,2006,2006-07-04,0.04,0.08452046
6,2,2006,2006-07-12,0.15,0.104251266
6,2,2006,2006-07-20,0.13,0.21994497
6,2,2006,2006-07-28,0.18,0.16863646
6,2,2006,2006-08-05,0.46,0.3573824
6,2,2006,2006-08-13,0.79,0.61341566
6,2,2006,2006-08-21,0.79,0.9032368
6,2,2006,2006-08-29,0.85,0.82913804
6,2,2006,2006-09-06,0.85,0.84685206
6,2,2006,2006-09-14,0.83,0.82452375
6,2,2006,2006-09-22,0.83,0.78247094
6,2,2006,2006-09-30,0.88,0.77972126
6,2,2006,2006-10-08,0.89,0.8360432
6,2,2006,2006-10-16,0.91,0.8454859
6,2,2006,2006-10-24,0.93,0.8604095
6,2,2006,2006-11-01,0.92,0.87274754
6,2,2006,2006-11-09,0.92,0.8548341
6,2,2006,2006-11-17,0.92,0.84917057
6,2,2006,2006-11-25,0.89,0.84936047
6,2,2006,2006-12-03,0.85,0.81595516
6,2,2006,2006-12-11,0.7,0.7275013
6,2,2006,2006-12-19,0.58,0.4293654
6,2,2006,2006-12-27,0.26,0.28956828
6,2,2007,2007-07-04,0.01,0.068772495
6,2,2007,2007-07-12,0.02,0.06731784
6,2,2007,2007-07-20,0.01,0.111915916
6,2,2007,2007-07-28,0.62,0.085255384
6,2,2007,2007-08-05,0.64,0.73036903
6,2,2007,2007-08-13,0.69,0.7784948
6,2,2007,2007-08-21,0.63,0.7949679
6,2,2007,2007-08-29,0.82,0.6651969
6,2,2007,2007-09-06,0.79,0.8237348
6,2,2007,2007-09-14,0.84,0.7762996
6,2,2007,2007-09-22,0.77,0.80778027
6,2,2007,2007-09-30,0.81,0.69082534
6,2,2007,2007-10-08,0.85,0.76219904
6,2,2007,2007-10-16,0.87,0.8212024
6,2,2007,2007-10-24,0.89,0.83898354
6,2,2007,2007-11-01,0.8,0.85021865
6,2,2007,2007-11-09,0.91,0.7012755
6,2,2007,2007-11-17,0.91,0.85370076
6,2,2007,2007-11-25,0.9,0.8620368
6,2,2007,2007-12-03,0.9,0.8290893
6,2,2007,2007-12-11,0.74,0.8190657
6,2,2007,2007-12-19,0.36,0.5070945
6,2,2007,2007-12-27,0.27,0.12216045
6,2,2008,2008-07-03,0.04,0.07777253
6,2,2008,2008-07-11,0.06,0.08333716
6,2,2008,2008-07-19,0.25,0.10272512
6,2,2008,2008-07-27,0.49,0.29339856
6,2,2008,2008-08-04,0.63,0.73324025
6,2,2008,2008-08-12,0.83,0.751227
6,2,2008,2008-08-20,0.84,0.87739116
6,2,2008,2008-08-28,0.81,0.8205699
6,2,2008,2008-09-05,0.82,0.79527617
6,2,2008,2008-09-13,0.81,0.76588666
6,2,2008,2008-09-21,0.84,0.7663424
6,2,2008,2008-09-29,0.82,0.7764155
6,2,2008,2008-10-07,0.85,0.7638775
6,2,2008,2008-10-15,0.85,0.8072968
6,2,2008,2008-10-23,0.89,0.8060876
6,2,2008,2008-10-31,0.88,0.8507689
6,2,2008,2008-11-08,0.9,0.7991529
6,2,2008,2008-11-16,0.91,0.8570047
6,2,2008,2008-11-24,0.9,0.85451937
6,2,2008,2008-12-02,0.88,0.83413994
6,2,2008,2008-12-10,0.8,0.8047758
6,2,2008,2008-12-18,0.67,0.6282563
6,2,2008,2008-12-26,0.42,0.30981177
6,2,2009,2009-07-04,0.02,0.07576889
6,2,2009,2009-07-12,0.07,0.07422301
6,2,2009,2009-07-20,0.41,0.12735488
6,2,2009,2009-07-28,0.29,0.56658506
6,2,2009,2009-08-05,0.74,0.4808085
6,2,2009,2009-08-13,0.84,0.87018615
6,2,2009,2009-08-21,0.84,0.8899721
6,2,2009,2009-08-29,0.72,0.83517957
6,2,2009,2009-09-06,0.82,0.62780577
6,2,2009,2009-09-14,0.83,0.7390363
6,2,2009,2009-09-22,0.82,0.7905023
6,2,2009,2009-09-30,0.81,0.7779565
6,2,2009,2009-10-08,0.86,0.7436743
6,2,2009,2009-10-16,0.88,0.8193632
6,2,2009,2009-10-24,0.89,0.8364266
6,2,2009,2009-11-01,0.91,0.846488
6,2,2009,2009-11-09,0.89,0.85406154
6,2,2009,2009-11-17,0.92,0.8260466
6,2,2009,2009-11-25,0.75,0.86323935
6,2,2009,2009-12-03,0.55,0.58618826
6,2,2009,2009-12-11,0.35,0.26852977
6,2,2009,2009-12-19,0.13,0.12673387
6,2,2009,2009-12-27,0.03,0.03303179
6,2,2010,2010-07-04,0.05,0.07236466
6,2,2010,2010-07-12,0.12,0.09633297
6,2,2010,2010-07-20,0.05,0.17829753
6,2,2010,2010-07-28,0.09,0.21199082
6,2,2010,2010-08-05,0.37,0.1825405
6,2,2010,2010-08-13,0.4,0.64402723
6,2,2010,2010-08-21,0.42,0.5793619
6,2,2010,2010-08-29,0.64,0.5600792
6,2,2010,2010-09-06,0.74,0.6766355
6,2,2010,2010-09-14,0.78,0.7896918
6,2,2010,2010-09-22,0.85,0.7990749
6,2,2010,2010-09-30,0.87,0.83567226
6,2,2010,2010-10-08,0.91,0.83092225
6,2,2010,2010-10-16,0.86,0.8720079
6,2,2010,2010-10-24,0.86,0.7908306
6,2,2010,2010-11-01,0.82,0.7932481
6,2,2010,2010-11-09,0.7,0.74756914
6,2,2010,2010-11-17,0.65,0.55165327
6,2,2010,2010-11-25,0.51,0.5018618
6,2,2010,2010-12-03,0.41,0.2924084
6,2,2010,2010-12-11,0.16,0.17915957
6,2,2010,2010-12-19,0.05,0.043525845
6,2,2010,2010-12-27,0.02,0.024739861
6,2,2011,2011-07-04,0.1,0.0771417
6,2,2011,2011-07-12,0.21,0.15343449
6,2,2011,2011-07-20,0.17,0.2884016
6,2,2011,2011-07-28,0.54,0.22358142
6,2,2011,2011-08-05,0.52,0.61847216
6,2,2011,2011-08-13,0.68,0.63749135
6,2,2011,2011-08-21,0.67,0.7373661
6,2,2011,2011-08-29,0.76,0.66990036
6,2,2011,2011-09-06,0.8,0.7738939
6,2,2011,2011-09-14,0.83,0.8161676
6,2,2011,2011-09-22,0.85,0.82383907
6,2,2011,2011-09-30,0.9,0.829538
6,2,2011,2011-10-08,0.9,0.8680303
6,2,2011,2011-10-16,0.89,0.85789394
6,2,2011,2011-10-24,0.89,0.8139719
6,2,2011,2011-11-01,0.92,0.8189185
6,2,2011,2011-11-09,0.92,0.8493175
6,2,2011,2011-11-17,0.93,0.8174225
6,2,2011,2011-11-25,0.91,0.82900447
6,2,2011,2011-12-03,0.87,0.76966274
6,2,2011,2011-12-11,0.7,0.7081497
6,2,2011,2011-12-19,0.32,0.39542764
6,2,2011,2011-12-27,0.34,0.13132271
6,2,2012,2012-07-03,0.06,0.07360408
6,2,2012,2012-07-11,0.17,0.13272619
6,2,2012,2012-07-19,0.09,0.27901265
6,2,2012,2012-07-27,0.07,0.1834686
6,2,2012,2012-08-04,0.18,0.26506633
6,2,2012,2012-08-12,0.16,0.29542363
6,2,2012,2012-08-20,0.44,0.3548958
6,2,2012,2012-08-28,0.58,0.61364627
6,2,2012,2012-09-05,0.65,0.7094438
6,2,2012,2012-09-13,0.8,0.70315826
6,2,2012,2012-09-21,0.8,0.82731503
6,2,2012,2012-09-29,0.9,0.8041102
6,2,2012,2012-10-07,0.88,0.8869442
6,2,2012,2012-10-15,0.86,0.83438826
6,2,2012,2012-10-23,0.75,0.79125893
6,2,2012,2012-10-31,0.46,0.61544764
6,2,2012,2012-11-08,0.41,0.22755904
6,2,2012,2012-11-16,0.14,0.19472411
6,2,2012,2012-11-24,0.1,0.050400376
6,2,2012,2012-12-02,0.08,0.06484437
6,2,2012,2012-12-10,0.02,0.06821385
6,2,2012,2012-12-18,0.01,0.08421266
6,2,2012,2012-12-26,0.0,0.01800403
6,3,2001,2001-07-04,0.2,0.24662426
6,3,2001,2001-07-12,0.13,0.25029585
6,3,2001,2001-07-20,0.3,0.18734069
6,3,2001,2001-07-28,0.28,0.38477954
6,3,2001,2001-08-05,0.19,0.4162274
6,3,2001,2001-08-13,0.22,0.28687695
6,3,2001,2001-08-21,0.51,0.23917232
6,3,2001,2001-08-29,0.53,0.5749844
6,3,2001,2001-09-06,0.64,0.6237563
6,3,2001,2001-09-14,0.68,0.64265347
6,3,2001,2001-09-22,0.66,0.7209417
6,3,2001,2001-09-30,0.66,0.69879115
6,3,2001,2001-10-08,0.63,0.6672802
6,3,2001,2001-10-16,0.66,0.5899512
6,3,2001,2001-10-24,0.66,0.62115717
6,3,2001,2001-11-01,0.65,0.6322144
6,3,2001,2001-11-09,0.59,0.6054523
6,3,2001,2001-11-17,0.68,0.5200926
6,3,2001,2001-11-25,0.69,0.6364908
6,3,2001,2001-12-03,0.6,0.67869
6,3,2001,2001-12-11,0.55,0.5369755
6,3,2001,2001-12-19,0.43,0.40050736
6,3,2001,2001-12-27,0.29,0.2508107
6,3,2002,2002-07-04,0.12,0.20699921
6,3,2002,2002-07-12,0.21,0.18130325
6,3,2002,2002-07-20,0.26,0.24580888
6,3,2002,2002-07-28,0.21,0.35729352
6,3,2002,2002-08-05,0.26,0.2810831
6,3,2002,2002-08-13,0.47,0.27358064
6,3,2002,2002-08-21,0.47,0.5184693
6,3,2002,2002-08-29,0.52,0.5793321
6,3,2002,2002-09-06,0.4,0.57284606
6,3,2002,2002-09-14,0.6,0.43009844
6,3,2002,2002-09-22,0.65,0.60958004
6,3,2002,2002-09-30,0.71,0.6708288
6,3,2002,2002-10-08,0.7,0.7091548
6,3,2002,2002-10-16,0.61,0.66566896
6,3,2002,2002-10-24,0.59,0.5444209
6,3,2002,2002-11-01,0.62,0.4992821
6,3,2002,2002-11-09,0.62,0.5642016
6,3,2002,2002-11-17,0.62,0.5750582
6,3,2002,2002-11-25,0.5,0.59879506
6,3,2002,2002-12-03,0.43,0.45932943
6,3,2002,2002-12-11,0.33,0.32099777
6,3,2002,2002-12-19,0.22,0.2160498
6,3,2002,2002-12-27,0.07,0.13488646
6,3,2003,2003-07-04,0.13,0.12787421
6,3,2003,2003-07-12,0.18,0.1717918
6,3,2003,2003-07-20,0.09,0.25541905
6,3,2003,2003-07-28,0.26,0.17380239
6,3,2003,2003-08-05,0.16,0.3207243
6,3,2003,2003-08-13,0.19,0.22218932
6,3,2003,2003-08-21,0.29,0.32017958
6,3,2003,2003-08-29,0.28,0.38970053
6,3,2003,2003-09-06,0.23,0.39628297
6,3,2003,2003-09-14,0.41,0.25485715
6,3,2003,2003-09-22,0.59,0.49705544
6,3,2003,2003-09-30,0.51,0.68893075
6,3,2003,2003-10-08,0.55,0.55432713
6,3,2003,2003-10-16,0.58,0.5541201
6,3,2003,2003-10-24,0.57,0.5445314
6,3,2003,2003-11-01,0.52,0.53749514
6,3,2003,2003-11-09,0.44,0.48271844
6,3,2003,2003-11-17,0.42,0.3866576
6,3,2003,2003-11-25,0.3,0.36232543
6,3,2003,2003-12-03,0.21,0.22654246
6,3,2003,2003-12-11,0.15,0.14462112
6,3,2003,2003-12-19,0.08,0.10423124
6,3,2003,2003-12-27,0.04,0.077100664
6,3,2004,2004-07-03,0.08,0.112457335
6,3,2004,2004-07-11,0.09,0.12914547
6,3,2004,2004-07-19,0.06,0.15437946
6,3,2004,2004-07-27,0.13,0.0961394
6,3,2004,2004-08-04,0.16,0.23292604
6,3,2004,2004-08-12,0.27,0.1983526
6,3,2004,2004-08-20,0.42,0.3504805
6,3,2004,2004-08-28,0.51,0.5216549
6,3,2004,2004-09-05,0.54,0.5740277
6,3,2004,2004-09-13,0.66,0.5257918
6,3,2004,2004-09-21,0.71,0.6729456
6,3,2004,2004-09-29,0.63,0.74224126
6,3,2004,2004-10-07,0.67,0.60991085
6,3,2004,2004-10-15,0.6,0.60960996
6,3,2004,2004-10-23,0.64,0.543393
6,3,2004,2004-10-31,0.63,0.5909043
6,3,2004,2004-11-08,0.51,0.5728143
6,3,2004,2004-11-16,0.37,0.41183197
6,3,2004,2004-11-24,0.35,0.24022071
6,3,2004,2004-12-02,0.2,0.2138653
6,3,2004,2004-12-10,0.07,0.12617318
6,3,2004,2004-12-18,0.08,0.058051825
6,3,2004,2004-12-26,0.07,0.08248973
6,3,2005,2005-07-04,0.09,0.16662326
6,3,2005,2005-07-12,0.11,0.122351065
6,3,2005,2005-07-20,0.11,0.14527638
6,3,2005,2005-07-28,0.06,0.12867717
6,3,2005,2005-08-05,0.15,0.11102152
6,3,2005,2005-08-13,0.14,0.2065155
6,3,2005,2005-08-21,0.34,0.228373
6,3,2005,2005-08-29,0.45,0.49891216
6,3,2005,2005-09-06,0.56,0.58619416
6,3,2005,2005-09-14,0.62,0.643142
6,3,2005,2005-09-22,0.71,0.6679442
6,3,2005,2005-09-30,0.68,0.73867697
6,3,2005,2005-10-08,0.66,0.657704
6,3,2005,2005-10-16,0.67,0.60917807
6,3,2005,2005-10-24,0.71,0.59277254
6,3,2005,2005-11-01,0.72,0.6693268
6,3,2005,2005-11-09,0.67,0.6823671
6,3,2005,2005-11-17,0.57,0.5774194
6,3,2005,2005-11-25,0.49,0.387992
6,3,2005,2005-12-03,0.33,0.31795084
6,3,2005,2005-12-11,0.22,0.18718004
6,3,2005,2005-12-19,0.17,0.11277595
6,3,2005,2005-12-27,0.14,0.12061444
6,3,2006,2006-07-04,0.12,0.16545983
6,3,2006,2006-07-12,0.15,0.155149
6,3,2006,2006-07-20,0.17,0.18788272
6,3,2006,2006-07-28,0.12,0.20000285
6,3,2006,2006-08-05,0.23,0.13657165
6,3,2006,2006-08-13,0.29,0.27793977
6,3,2006,2006-08-21,0.31,0.33246344
6,3,2006,2006-08-29,0.43,0.4233427
6,3,2006,2006-09-06,0.51,0.53384113
6,3,2006,2006-09-14,0.51,0.59964836
6,3,2006,2006-09-22,0.64,0.5561973
6,3,2006,2006-09-30,0.65,0.68374145
6,3,2006,2006-10-08,0.71,0.66496515
6,3,2006,2006-10-16,0.72,0.69312704
6,3,2006,2006-10-24,0.76,0.68960583
6,3,2006,2006-11-01,0.76,0.73353374
6,3,2006,2006-11-09,0.69,0.72247434
6,3,2006,2006-11-17,0.65,0.60363173
6,3,2006,2006-11-25,0.54,0.5013237
6,3,2006,2006-12-03,0.44,0.36030465
6,3,2006,2006-12-11,0.24,0.25047326
6,3,2006,2006-12-19,0.22,0.11411947
6,3,2006,2006-12-27,0.11,0.12918283
6,3,2007,2007-07-04,0.08,0.11792056
6,3,2007,2007-07-12,0.14,0.12967408
6,3,2007,2007-07-20,0.07,0.19666277
6,3,2007,2007-07-28,0.29,0.1312633
6,3,2007,2007-08-05,0.3,0.34501186
6,3,2007,2007-08-13,0.3,0.38216025
6,3,2007,2007-08-21,0.26,0.38489243
6,3,2007,2007-08-29,0.41,0.29596627
6,3,2007,2007-09-06,0.41,0.48291773
6,3,2007,2007-09-14,0.52,0.48654774
6,3,2007,2007-09-22,0.49,0.56682146
6,3,2007,2007-09-30,0.52,0.536613
6,3,2007,2007-10-08,0.64,0.5488405
6,3,2007,2007-10-16,0.66,0.66851306
6,3,2007,2007-10-24,0.68,0.68162185
6,3,2007,2007-11-01,0.6,0.683445
6,3,2007,2007-11-09,0.69,0.55991095
6,3,2007,2007-11-17,0.63,0.6270014
6,3,2007,2007-11-25,0.61,0.5637975
6,3,2007,2007-12-03,0.57,0.5080185
6,3,2007,2007-12-11,0.42,0.43132746
6,3,2007,2007-12-19,0.14,0.24929312
6,3,2007,2007-12-27,0.11,0.072612286
6,3,2008,2008-07-03,0.19,0.19140233
6,3,2008,2008-07-11,0.16,0.2104348
6,3,2008,2008-07-19,0.2,0.1980379
6,3,2008,2008-07-27,0.2,0.20563152
6,3,2008,2008-08-04,0.19,0.28689027
6,3,2008,2008-08-12,0.29,0.25937414
6,3,2008,2008-08-20,0.44,0.36204848
6,3,2008,2008-08-28,0.46,0.50194013
6,3,2008,2008-09-05,0.44,0.53394896
6,3,2008,2008-09-13,0.48,0.45629606
6,3,2008,2008-09-21,0.57,0.5036854
6,3,2008,2008-09-29,0.55,0.58613366
6,3,2008,2008-10-07,0.61,0.55573833
6,3,2008,2008-10-15,0.65,0.6264447
6,3,2008,2008-10-23,0.62,0.66466653
6,3,2008,2008-10-31,0.59,0.6155106
6,3,2008,2008-11-08,0.61,0.5259406
6,3,2008,2008-11-16,0.65,0.5672208
6,3,2008,2008-11-24,0.61,0.62295663
6,3,2008,2008-12-02,0.6,0.5702493
6,3,2008,2008-12-10,0.42,0.5292118
6,3,2008,2008-12-18,0.25,0.2833823
6,3,2008,2008-12-26,0.15,0.09003425
6,3,2009,2009-07-04,0.13,0.2114712
6,3,2009,2009-07-12,0.22,0.18555565
6,3,2009,2009-07-20,0.34,0.2644235
6,3,2009,2009-07-28,0.21,0.40802425
6,3,2009,2009-08-05,0.33,0.27462202
6,3,2009,2009-08-13,0.4,0.33740434
6,3,2009,2009-08-21,0.4,0.46114704
6,3,2009,2009-08-29,0.34,0.4807632
6,3,2009,2009-09-06,0.5,0.37557873
6,3,2009,2009-09-14,0.54,0.5113833
6,3,2009,2009-09-22,0.5,0.56554854
6,3,2009,2009-09-30,0.5,0.5235928
6,3,2009,2009-10-08,0.58,0.4903263
6,3,2009,2009-10-16,0.64,0.5820174
6,3,2009,2009-10-24,0.6,0.66309476
6,3,2009,2009-11-01,0.67,0.5934273
6,3,2009,2009-11-09,0.63,0.62760967
6,3,2009,2009-11-17,0.64,0.5921582
6,3,2009,2009-11-25,0.45,0.6089926
6,3,2009,2009-12-03,0.38,0.36459613
6,3,2009,2009-12-11,0.18,0.25507218
6,3,2009,2009-12-19,0.13,0.07699308
6,3,2009,2009-12-27,0.09,0.06679499
6,3,2010,2010-07-04,0.1,0.15258062
6,3,2010,2010-07-12,0.19,0.15213615
6,3,2010,2010-07-20,0.15,0.27554226
6,3,2010,2010-07-28,0.15,0.25177503
6,3,2010,2010-08-05,0.25,0.19881092
6,3,2010,2010-08-13,0.24,0.338439
6,3,2010,2010-08-21,0.26,0.3299285
6,3,2010,2010-08-29,0.3,0.3442042
6,3,2010,2010-09-06,0.38,0.33358103
6,3,2010,2010-09-14,0.43,0.47158337
6,3,2010,2010-09-22,0.45,0.50416666
6,3,2010,2010-09-30,0.55,0.4745964
6,3,2010,2010-10-08,0.6,0.5619204
6,3,2010,2010-10-16,0.6,0.6288107
6,3,2010,2010-10-24,0.65,0.6234996
6,3,2010,2010-11-01,0.62,0.63712263
6,3,2010,2010-11-09,0.59,0.6067537
6,3,2010,2010-11-17,0.56,0.5464491
6,3,2010,2010-11-25,0.44,0.49926177
6,3,2010,2010-12-03,0.33,0.31028417
6,3,2010,2010-12-11,0.15,0.19081688
6,3,2010,2010-12-19,0.12,0.062382966
6,3,2010,2010-12-27,0.08,0.08238837
6,3,2011,2011-07-04,0.18,0.14136185
6,3,2011,2011-07-12,0.24,0.21895708
6,3,2011,2011-07-20,0.14,0.3108056
6,3,2011,2011-07-28,0.24,0.19635013
6,3,2011,2011-08-05,0.23,0.2648103
6,3,2011,2011-08-13,0.33,0.28852504
6,3,2011,2011-08-21,0.32,0.39369962
6,3,2011,2011-08-29,0.41,0.367046
6,3,2011,2011-09-06,0.42,0.4516369
6,3,2011,2011-09-14,0.52,0.46197775
6,3,2011,2011-09-22,0.65,0.559052
6,3,2011,2011-09-30,0.69,0.6734682
6,3,2011,2011-10-08,0.7,0.7046542
6,3,2011,2011-10-16,0.66,0.6977005
6,3,2011,2011-10-24,0.68,0.6229783
6,3,2011,2011-11-01,0.71,0.63721
6,3,2011,2011-11-09,0.66,0.6685033
6,3,2011,2011-11-17,0.7,0.5982311
6,3,2011,2011-11-25,0.59,0.62437415
6,3,2011,2011-12-03,0.55,0.46437562
6,3,2011,2011-12-11,0.41,0.38431284
6,3,2011,2011-12-19,0.22,0.22789174
6,3,2011,2011-12-27,0.17,0.12204
6,3,2012,2012-07-03,0.2,0.13989411
6,3,2012,2012-07-11,0.19,0.2676172
6,3,2012,2012-07-19,0.13,0.25638714
6,3,2012,2012-07-27,0.11,0.16788134
6,3,2012,2012-08-04,0.17,0.16341685
6,3,2012,2012-08-12,0.19,0.21740405
6,3,2012,2012-08-20,0.2,0.28510496
6,3,2012,2012-08-28,0.25,0.27531976
6,3,2012,2012-09-05,0.3,0.3482795
6,3,2012,2012-09-13,0.52,0.38323364
6,3,2012,2012-09-21,0.5,0.6369124
6,3,2012,2012-09-29,0.66,0.57471573
6,3,2012,2012-10-07,0.62,0.7072985
6,3,2012,2012-10-15,0.66,0.6357678
6,3,2012,2012-10-23,0.61,0.63581705
6,3,2012,2012-10-31,0.54,0.56343913
6,3,2012,2012-11-08,0.48,0.4848952
6,3,2012,2012-11-16,0.37,0.38757548
6,3,2012,2012-11-24,0.24,0.29447842
6,3,2012,2012-12-02,0.22,0.15926984
6,3,2012,2012-12-10,0.09,0.15343434
6,3,2012,2012-12-18,0.07,0.06717804
6,3,2012,2012-12-26,0.06,0.061662674
6,4,2001,2001-07-04,0.27,0.32271698
6,4,2001,2001-07-12,0.15,0.34106812
6,4,2001,2001-07-20,0.35,0.22237137
6,4,2001,2001-07-28,0.28,0.39933997
6,4,2001,2001-08-05,0.24,0.35864937
6,4,2001,2001-08-13,0.22,0.27819967
6,4,2001,2001-08-21,0.4,0.23556302
6,4,2001,2001-08-29,0.36,0.4530044
6,4,2001,2001-09-06,0.49,0.45378706
6,4,2001,2001-09-14,0.61,0.52254647
6,4,2001,2001-09-22,0.62,0.68205893
6,4,2001,2001-09-30,0.64,0.66462433
6,4,2001,2001-10-08,0.56,0.6620002
6,4,2001,2001-10-16,0.65,0.528047
6,4,2001,2001-10-24,0.64,0.6111268
6,4,2001,2001-11-01,0.63,0.61590916
6,4,2001,2001-11-09,0.62,0.6007843
6,4,2001,2001-11-17,0.69,0.56483173
6,4,2001,2001-11-25,0.65,0.6522765
6,4,2001,2001-12-03,0.55,0.60877573
6,4,2001,2001-12-11,0.52,0.45048192
6,4,2001,2001-12-19,0.42,0.37937868
6,4,2001,2001-12-27,0.3,0.26251417
6,4,2002,2002-07-04,0.13,0.24398889
6,4,2002,2002-07-12,0.22,0.20837559
6,4,2002,2002-07-20,0.26,0.25686282
6,4,2002,2002-07-28,0.19,0.36281133
6,4,2002,2002-08-05,0.22,0.2518031
6,4,2002,2002-08-13,0.37,0.24154723
6,4,2002,2002-08-21,0.37,0.40278155
6,4,2002,2002-08-29,0.39,0.46402943
6,4,2002,2002-09-06,0.32,0.42683834
6,4,2002,2002-09-14,0.49,0.35483265
6,4,2002,2002-09-22,0.6,0.553922
6,4,2002,2002-09-30,0.65,0.6517317
6,4,2002,2002-10-08,0.68,0.6653228
6,4,2002,2002-10-16,0.61,0.6530615
6,4,2002,2002-10-24,0.64,0.5756124
6,4,2002,2002-11-01,0.66,0.5911545
6,4,2002,2002-11-09,0.68,0.62042713
6,4,2002,2002-11-17,0.73,0.64230794
6,4,2002,2002-11-25,0.52,0.7074975
6,4,2002,2002-12-03,0.42,0.45412737
6,4,2002,2002-12-11,0.35,0.24710274
6,4,2002,2002-12-19,0.21,0.2023774
6,4,2002,2002-12-27,0.07,0.13503487
6,4,2003,2003-07-04,0.11,0.14077565
6,4,2003,2003-07-12,0.22,0.1522189
6,4,2003,2003-07-20,0.14,0.30035454
6,4,2003,2003-07-28,0.23,0.21993983
6,4,2003,2003-08-05,0.18,0.27263045
6,4,2003,2003-08-13,0.22,0.21875685
6,4,2003,2003-08-21,0.29,0.31192517
6,4,2003,2003-08-29,0.26,0.3686119
6,4,2003,2003-09-06,0.26,0.33811083
6,4,2003,2003-09-14,0.45,0.27900398
6,4,2003,2003-09-22,0.59,0.5355749
6,4,2003,2003-09-30,0.6,0.680905
6,4,2003,2003-10-08,0.7,0.63349295
6,4,2003,2003-10-16,0.59,0.7084336
6,4,2003,2003-10-24,0.6,0.548928
6,4,2003,2003-11-01,0.6,0.5313122
6,4,2003,2003-11-09,0.54,0.54949975
6,4,2003,2003-11-17,0.4,0.51228935
6,4,2003,2003-11-25,0.37,0.34912577
6,4,2003,2003-12-03,0.21,0.24224055
6,4,2003,2003-12-11,0.17,0.11405757
6,4,2003,2003-12-19,0.08,0.11505002
6,4,2003,2003-12-27,0.05,0.06579143
6,4,2004,2004-07-03,0.09,0.14183061
6,4,2004,2004-07-11,0.11,0.12852164
6,4,2004,2004-07-19,0.09,0.18665832
6,4,2004,2004-07-27,0.09,0.13026671
6,4,2004,2004-08-04,0.12,0.16885944
6,4,2004,2004-08-12,0.17,0.16269365
6,4,2004,2004-08-20,0.26,0.23903781
6,4,2004,2004-08-28,0.41,0.3476845
6,4,2004,2004-09-05,0.55,0.48995876
6,4,2004,2004-09-13,0.65,0.60338485
6,4,2004,2004-09-21,0.72,0.6845389
6,4,2004,2004-09-29,0.69,0.74021935
6,4,2004,2004-10-07,0.75,0.680742
6,4,2004,2004-10-15,0.67,0.7306979
6,4,2004,2004-10-23,0.69,0.5902433
6,4,2004,2004-10-31,0.66,0.604891
6,4,2004,2004-11-08,0.58,0.5797324
6,4,2004,2004-11-16,0.49,0.4861588
6,4,2004,2004-11-24,0.37,0.32791314
6,4,2004,2004-12-02,0.19,0.22964108
6,4,2004,2004-12-10,0.08,0.09693986
6,4,2004,2004-12-18,0.08,0.06049475
6,4,2004,2004-12-26,0.08,0.080129206
6,4,2005,2005-07-04,0.09,0.11107516
6,4,2005,2005-07-12,0.11,0.12620035
6,4,2005,2005-07-20,0.1,0.15174711
6,4,2005,2005-07-28,0.09,0.1331108
6,4,2005,2005-08-05,0.12,0.12386915
6,4,2005,2005-08-13,0.06,0.1605837
6,4,2005,2005-08-21,0.2,0.11883542
6,4,2005,2005-08-29,0.26,0.29682332
6,4,2005,2005-09-06,0.42,0.387249
6,4,2005,2005-09-14,0.58,0.5822966
6,4,2005,2005-09-22,0.68,0.6905784
6,4,2005,2005-09-30,0.68,0.7250391
6,4,2005,2005-10-08,0.68,0.68355066
6,4,2005,2005-10-16,0.68,0.6632754
6,4,2005,2005-10-24,0.72,0.6198108
6,4,2005,2005-11-01,0.73,0.6727128
6,4,2005,2005-11-09,0.63,0.6776763
6,4,2005,2005-11-17,0.66,0.52898884
6,4,2005,2005-11-25,0.49,0.52213866
6,4,2005,2005-12-03,0.35,0.32226557
6,4,2005,2005-12-11,0.22,0.17460202
6,4,2005,2005-12-19,0.18,0.101019025
6,4,2005,2005-12-27,0.13,0.12431082
6,4,2006,2006-07-04,0.13,0.14535667
6,4,2006,2006-07-12,0.17,0.16224746
6,4,2006,2006-07-20,0.17,0.2079019
6,4,2006,2006-07-28,0.13,0.19705805
6,4,2006,2006-08-05,0.18,0.1515172
6,4,2006,2006-08-13,0.23,0.20650527
6,4,2006,2006-08-21,0.22,0.2363503
6,4,2006,2006-08-29,0.32,0.28038138
6,4,2006,2006-09-06,0.46,0.38809088
6,4,2006,2006-09-14,0.47,0.5727833
6,4,2006,2006-09-22,0.68,0.5632802
6,4,2006,2006-09-30,0.69,0.7435967
6,4,2006,2006-10-08,0.72,0.7042676
6,4,2006,2006-10-16,0.74,0.701942
6,4,2006,2006-10-24,0.78,0.69661725
6,4,2006,2006-11-01,0.78,0.74323833
6,4,2006,2006-11-09,0.68,0.7337997
6,4,2006,2006-11-17,0.66,0.56495214
6,4,2006,2006-11-25,0.54,0.5340746
6,4,2006,2006-12-03,0.47,0.35898253
6,4,2006,2006-12-11,0.3,0.27916664
6,4,2006,2006-12-19,0.29,0.14761609
6,4,2006,2006-12-27,0.16,0.1776653
6,4,2007,2007-07-04,0.13,0.1603993
6,4,2007,2007-07-12,0.14,0.16978884
6,4,2007,2007-07-20,0.14,0.18704097
6,4,2007,2007-07-28,0.24,0.18414615
6,4,2007,2007-08-05,0.25,0.27240163
6,4,2007,2007-08-13,0.25,0.29708177
6,4,2007,2007-08-21,0.22,0.3023522
6,4,2007,2007-08-29,0.31,0.24916215
6,4,2007,2007-09-06,0.35,0.37129363
6,4,2007,2007-09-14,0.42,0.45210695
6,4,2007,2007-09-22,0.52,0.49763304
6,4,2007,2007-09-30,0.6,0.61269146
6,4,2007,2007-10-08,0.69,0.6529298
6,4,2007,2007-10-16,0.73,0.71247125
6,4,2007,2007-10-24,0.78,0.73019373
6,4,2007,2007-11-01,0.66,0.7654139
6,4,2007,2007-11-09,0.72,0.6012392
6,4,2007,2007-11-17,0.67,0.6180418
6,4,2007,2007-11-25,0.64,0.5728413
6,4,2007,2007-12-03,0.58,0.52321357
6,4,2007,2007-12-11,0.4,0.43462932
6,4,2007,2007-12-19,0.11,0.22943345
6,4,2007,2007-12-27,0.07,0.0578126
6,4,2008,2008-07-03,0.16,0.20619227
6,4,2008,2008-07-11,0.14,0.1847689
6,4,2008,2008-07-19,0.16,0.16605027
6,4,2008,2008-07-27,0.16,0.1875379
6,4,2008,2008-08-04,0.15,0.22391425
6,4,2008,2008-08-12,0.21,0.20982762
6,4,2008,2008-08-20,0.26,0.26849842
6,4,2008,2008-08-28,0.35,0.3036402
6,4,2008,2008-09-05,0.4,0.431175
6,4,2008,2008-09-13,0.48,0.467806
6,4,2008,2008-09-21,0.54,0.5338902
6,4,2008,2008-09-29,0.6,0.5836803
6,4,2008,2008-10-07,0.64,0.6351762
6,4,2008,2008-10-15,0.69,0.6678436
6,4,2008,2008-10-23,0.68,0.70120776
6,4,2008,2008-10-31,0.65,0.67801744
6,4,2008,2008-11-08,0.68,0.5843627
6,4,2008,2008-11-16,0.64,0.62348616
6,4,2008,2008-11-24,0.62,0.5764664
6,4,2008,2008-12-02,0.59,0.5479829
6,4,2008,2008-12-10,0.47,0.49404317
6,4,2008,2008-12-18,0.23,0.32042652
6,4,2008,2008-12-26,0.13,0.08192718
6,4,2009,2009-07-04,0.09,0.22031981
6,4,2009,2009-07-12,0.17,0.13106626
6,4,2009,2009-07-20,0.29,0.20025668
6,4,2009,2009-07-28,0.15,0.33864775
6,4,2009,2009-08-05,0.25,0.21594591
6,4,2009,2009-08-13,0.3,0.26445848
6,4,2009,2009-08-21,0.3,0.34874538
6,4,2009,2009-08-29,0.25,0.36150375
6,4,2009,2009-09-06,0.39,0.3055089
6,4,2009,2009-09-14,0.48,0.45142856
6,4,2009,2009-09-22,0.57,0.55938816
6,4,2009,2009-09-30,0.57,0.61796296
6,4,2009,2009-10-08,0.62,0.59560525
6,4,2009,2009-10-16,0.7,0.6296636
6,4,2009,2009-10-24,0.64,0.70493495
6,4,2009,2009-11-01,0.72,0.6230426
6,4,2009,2009-11-09,0.66,0.6721891
6,4,2009,2009-11-17,0.72,0.6078931
6,4,2009,2009-11-25,0.53,0.6649357
6,4,2009,2009-12-03,0.34,0.4255419
6,4,2009,2009-12-11,0.2,0.19795544
6,4,2009,2009-12-19,0.12,0.08684322
6,4,2009,2009-12-27,0.05,0.04505691
6,4,2010,2010-07-04,0.08,0.1895314
6,4,2010,2010-07-12,0.14,0.113783956
6,4,2010,2010-07-20,0.13,0.20049205
6,4,2010,2010-07-28,0.11,0.21409042
6,4,2010,2010-08-05,0.16,0.15391749
6,4,2010,2010-08-13,0.18,0.23363027
6,4,2010,2010-08-21,0.2,0.2513581
6,4,2010,2010-08-29,0.19,0.27744144
6,4,2010,2010-09-06,0.28,0.23217103
6,4,2010,2010-09-14,0.44,0.3740143
6,4,2010,2010-09-22,0.45,0.5585735
6,4,2010,2010-09-30,0.57,0.5447291
6,4,2010,2010-10-08,0.63,0.60881627
6,4,2010,2010-10-16,0.61,0.6531671
6,4,2010,2010-10-24,0.76,0.62990934
6,4,2010,2010-11-01,0.64,0.7376218
6,4,2010,2010-11-09,0.57,0.61451775
6,4,2010,2010-11-17,0.55,0.48682997
6,4,2010,2010-11-25,0.42,0.45734707
6,4,2010,2010-12-03,0.33,0.29687122
6,4,2010,2010-12-11,0.13,0.1717463
6,4,2010,2010-12-19,0.09,0.050786227
6,4,2010,2010-12-27,0.08,0.06449458
6,4,2011,2011-07-04,0.12,0.19154012
6,4,2011,2011-07-12,0.16,0.14220993
6,4,2011,2011-07-20,0.11,0.20215167
6,4,2011,2011-07-28,0.14,0.1417603
6,4,2011,2011-08-05,0.17,0.16977423
6,4,2011,2011-08-13,0.19,0.212002
6,4,2011,2011-08-21,0.22,0.23860916
6,4,2011,2011-08-29,0.3,0.27023593
6,4,2011,2011-09-06,0.45,0.34226507
6,4,2011,2011-09-14,0.54,0.52973056
6,4,2011,2011-09-22,0.68,0.6199502
6,4,2011,2011-09-30,0.71,0.7003424
6,4,2011,2011-10-08,0.7,0.71358
6,4,2011,2011-10-16,0.7,0.6914704
6,4,2011,2011-10-24,0.74,0.65603054
6,4,2011,2011-11-01,0.69,0.72334087
6,4,2011,2011-11-09,0.7,0.62480867
6,4,2011,2011-11-17,0.7,0.60128975
6,4,2011,2011-11-25,0.56,0.6035286
6,4,2011,2011-12-03,0.47,0.42114586
6,4,2011,2011-12-11,0.34,0.28656787
6,4,2011,2011-12-19,0.14,0.16540374
6,4,2011,2011-12-27,0.12,0.075963885
6,4,2012,2012-07-03,0.16,0.1593101
6,4,2012,2012-07-11,0.13,0.19158563
6,4,2012,2012-07-19,0.09,0.17016134
6,4,2012,2012-07-27,0.1,0.1167558
6,4,2012,2012-08-04,0.12,0.14027089
6,4,2012,2012-08-12,0.15,0.16850954
6,4,2012,2012-08-20,0.12,0.20824473
6,4,2012,2012-08-28,0.16,0.18160613
6,4,2012,2012-09-05,0.33,0.24378714
6,4,2012,2012-09-13,0.47,0.4692742
6,4,2012,2012-09-21,0.48,0.60767186
6,4,2012,2012-09-29,0.65,0.5809129
6,4,2012,2012-10-07,0.6,0.7036012
6,4,2012,2012-10-15,0.65,0.61445475
6,4,2012,2012-10-23,0.62,0.6337092
6,4,2012,2012-10-31,0.55,0.59365135
6,4,2012,2012-11-08,0.52,0.49597234
6,4,2012,2012-11-16,0.41,0.44142354
6,4,2012,2012-11-24,0.22,0.33718097
6,4,2012,2012-12-02,0.19,0.13600162
6,4,2012,2012-12-10,0.1,0.103707135
6,4,2012,2012-12-18,0.07,0.06675956
6,4,2012,2012-12-26,0.07,0.060485214
6,5,2001,2001-07-04,0.16,0.21861191
6,5,2001,2001-07-12,0.04,0.23709174
6,5,2001,2001-07-20,0.07,0.11259794
6,5,2001,2001-07-28,0.06,0.1393705
6,5,2001,2001-08-05,0.05,0.11660133
6,5,2001,2001-08-13,0.05,0.096272856
6,5,2001,2001-08-21,0.1,0.098760575
6,5,2001,2001-08-29,0.11,0.1483909
6,5,2001,2001-09-06,0.21,0.1838099
6,5,2001,2001-09-14,0.38,0.26326448
6,5,2001,2001-09-22,0.45,0.46657455
6,5,2001,2001-09-30,0.57,0.5835798
6,5,2001,2001-10-08,0.57,0.6486336
6,5,2001,2001-10-16,0.57,0.60069513
6,5,2001,2001-10-24,0.59,0.5782205
6,5,2001,2001-11-01,0.59,0.57311636
6,5,2001,2001-11-09,0.64,0.5683876
6,5,2001,2001-11-17,0.64,0.60730475
6,5,2001,2001-11-25,0.54,0.61053634
6,5,2001,2001-12-03,0.37,0.47977048
6,5,2001,2001-12-11,0.27,0.24359432
6,5,2001,2001-12-19,0.17,0.14200604
6,5,2001,2001-12-27,0.04,0.08108714
6,5,2002,2002-07-04,0.11,0.2132893
6,5,2002,2002-07-12,0.1,0.17459622
6,5,2002,2002-07-20,0.03,0.1231897
6,5,2002,2002-07-28,0.05,0.06428018
6,5,2002,2002-08-05,0.03,0.0850966
6,5,2002,2002-08-13,0.07,0.06991893
6,5,2002,2002-08-21,0.07,0.11259344
6,5,2002,2002-08-29,0.04,0.12280367
6,5,2002,2002-09-06,0.05,0.09754664
6,5,2002,2002-09-14,0.2,0.13814905
6,5,2002,2002-09-22,0.44,0.34345794
6,5,2002,2002-09-30,0.53,0.58597326
6,5,2002,2002-10-08,0.6,0.6514604
6,5,2002,2002-10-16,0.57,0.6306474
6,5,2002,2002-10-24,0.61,0.5671187
6,5,2002,2002-11-01,0.62,0.587131
6,5,2002,2002-11-09,0.59,0.59209895
6,5,2002,2002-11-17,0.55,0.5709241
6,5,2002,2002-11-25,0.44,0.5132231
6,5,2002,2002-12-03,0.21,0.35151538
6,5,2002,2002-12-11,0.14,0.11099741
6,5,2002,2002-12-19,0.04,0.07092044
6,5,2002,2002-12-27,0.02,0.040277988
6,5,2003,2003-07-04,0.02,0.096953124
6,5,2003,2003-07-12,0.03,0.07858336
6,5,2003,2003-07-20,0.03,0.08841592
6,5,2003,2003-07-28,0.03,0.06541675
6,5,2003,2003-08-05,0.03,0.07859126
6,5,2003,2003-08-13,0.06,0.07014012
6,5,2003,2003-08-21,0.05,0.11404967
6,5,2003,2003-08-29,0.07,0.097417
6,5,2003,2003-09-06,0.08,0.106690675
6,5,2003,2003-09-14,0.3,0.11388993
6,5,2003,2003-09-22,0.45,0.3989923
6,5,2003,2003-09-30,0.49,0.5995634
6,5,2003,2003-10-08,0.6,0.5959572
6,5,2003,2003-10-16,0.55,0.64632905
6,5,2003,2003-10-24,0.55,0.5531316
6,5,2003,2003-11-01,0.6,0.53312457
6,5,2003,2003-11-09,0.46,0.5773366
6,5,2003,2003-11-17,0.26,0.42841527
6,5,2003,2003-11-25,0.19,0.19073896
6,5,2003,2003-12-03,0.06,0.10384187
6,5,2003,2003-12-11,0.01,0.02476862
6,5,2003,2003-12-19,0.01,0.039166987
6,5,2003,2003-12-27,0.01,0.0343194
6,5,2004,2004-07-03,0.02,0.059148937
6,5,2004,2004-07-11,0.03,0.057976365
6,5,2004,2004-07-19,0.02,0.0759933
6,5,2004,2004-07-27,0.02,0.067475766
6,5,2004,2004-08-04,0.03,0.069149226
6,5,2004,2004-08-12,0.05,0.07653189
6,5,2004,2004-08-20,0.1,0.102960765
6,5,2004,2004-08-28,0.24,0.14017572
6,5,2004,2004-09-05,0.38,0.2852425
6,5,2004,2004-09-13,0.5,0.43151343
6,5,2004,2004-09-21,0.62,0.5985967
6,5,2004,2004-09-29,0.62,0.6742927
6,5,2004,2004-10-07,0.64,0.62610555
6,5,2004,2004-10-15,0.61,0.64109665
6,5,2004,2004-10-23,0.62,0.5751809
6,5,2004,2004-10-31,0.6,0.56929123
6,5,2004,2004-11-08,0.44,0.55947924
6,5,2004,2004-11-16,0.37,0.35686895
6,5,2004,2004-11-24,0.27,0.20317033
6,5,2004,2004-12-02,0.03,0.14576474
6,5,2004,2004-12-10,0.01,0.023839146
6,5,2004,2004-12-18,0.01,0.03938058
6,5,2004,2004-12-26,0.01,0.04367113
6,5,2005,2005-07-04,0.02,0.09013724
6,5,2005,2005-07-12,0.03,0.05491352
6,5,2005,2005-07-20,0.03,0.073177576
6,5,2005,2005-07-28,0.02,0.069729716
6,5,2005,2005-08-05,0.02,0.06520456
6,5,2005,2005-08-13,0.01,0.06855598
6,5,2005,2005-08-21,0.03,0.06634283
6,5,2005,2005-08-29,0.07,0.10060474
6,5,2005,2005-09-06,0.14,0.17856951
6,5,2005,2005-09-14,0.34,0.27905354
6,5,2005,2005-09-22,0.47,0.5069568
6,5,2005,2005-09-30,0.52,0.6223743
6,5,2005,2005-10-08,0.58,0.5938507
6,5,2005,2005-10-16,0.65,0.60434985
6,5,2005,2005-10-24,0.62,0.64599717
6,5,2005,2005-11-01,0.64,0.6017566
6,5,2005,2005-11-09,0.54,0.59839684
6,5,2005,2005-11-17,0.55,0.4296687
6,5,2005,2005-11-25,0.31,0.41755527
6,5,2005,2005-12-03,0.13,0.19446278
6,5,2005,2005-12-11,0.06,0.05701056
6,5,2005,2005-12-19,0.05,0.05161816
6,5,2005,2005-12-27,0.02,0.06869179
6,5,2006,2006-07-04,0.08,0.10107985
6,5,2006,2006-07-12,0.03,0.10478929
6,5,2006,2006-07-20,0.03,0.065454006
6,5,2006,2006-07-28,0.02,0.06994358
6,5,2006,2006-08-05,0.03,0.05950731
6,5,2006,2006-08-13,0.04,0.07387197
6,5,2006,2006-08-21,0.04,0.07790393
6,5,2006,2006-08-29,0.12,0.08445796
6,5,2006,2006-09-06,0.13,0.16905132
6,5,2006,2006-09-14,0.22,0.19108956
6,5,2006,2006-09-22,0.49,0.3498884
6,5,2006,2006-09-30,0.47,0.63248414
6,5,2006,2006-10-08,0.63,0.56856537
6,5,2006,2006-10-16,0.6,0.6692464
6,5,2006,2006-10-24,0.65,0.6157663
6,5,2006,2006-11-01,0.68,0.63793504
6,5,2006,2006-11-09,0.61,0.6518228
6,5,2006,2006-11-17,0.58,0.54487514
6,5,2006,2006-11-25,0.43,0.49141383
6,5,2006,2006-12-03,0.22,0.27023137
6,5,2006,2006-12-11,0.08,0.0935888
6,5,2006,2006-12-19,0.05,0.047522932
6,5,2006,2006-12-27,0.02,0.06664136
6,5,2007,2007-07-04,0.13,0.1291806
6,5,2007,2007-07-12,0.12,0.17039523
6,5,2007,2007-07-20,0.06,0.13439988
6,5,2007,2007-07-28,0.04,0.083450764
6,5,2007,2007-08-05,0.04,0.06486145
6,5,2007,2007-08-13,0.04,0.07472226
6,5,2007,2007-08-21,0.03,0.08199763
6,5,2007,2007-08-29,0.04,0.07500708
6,5,2007,2007-09-06,0.05,0.11057317
6,5,2007,2007-09-14,0.09,0.11486645
6,5,2007,2007-09-22,0.15,0.18290372
6,5,2007,2007-09-30,0.36,0.3220674
6,5,2007,2007-10-08,0.45,0.4980638
6,5,2007,2007-10-16,0.56,0.60496914
6,5,2007,2007-10-24,0.65,0.6215772
6,5,2007,2007-11-01,0.58,0.67396426
6,5,2007,2007-11-09,0.63,0.58950484
6,5,2007,2007-11-17,0.61,0.5887792
6,5,2007,2007-11-25,0.6,0.548634
6,5,2007,2007-12-03,0.5,0.5072
6,5,2007,2007-12-11,0.32,0.33308968
6,5,2007,2007-12-19,0.03,0.1628968
6,5,2007,2007-12-27,0.02,0.030068457
6,5,2008,2008-07-03,0.14,0.25240037
6,5,2008,2008-07-11,0.05,0.18903415
6,5,2008,2008-07-19,0.04,0.09597576
6,5,2008,2008-07-27,0.02,0.06799725
6,5,2008,2008-08-04,0.02,0.053816915
6,5,2008,2008-08-12,0.03,0.06446195
6,5,2008,2008-08-20,0.05,0.07675922
6,5,2008,2008-08-28,0.08,0.09200382
6,5,2008,2008-09-05,0.1,0.11974189
6,5,2008,2008-09-13,0.18,0.13570514
6,5,2008,2008-09-21,0.35,0.22388206
6,5,2008,2008-09-29,0.49,0.42008883
6,5,2008,2008-10-07,0.51,0.6081737
6,5,2008,2008-10-15,0.61,0.5751952
6,5,2008,2008-10-23,0.6,0.6452402
6,5,2008,2008-10-31,0.6,0.6238968
6,5,2008,2008-11-08,0.58,0.58261335
6,5,2008,2008-11-16,0.54,0.54482543
6,5,2008,2008-11-24,0.48,0.49498948
6,5,2008,2008-12-02,0.38,0.42390057
6,5,2008,2008-12-10,0.23,0.28920972
6,5,2008,2008-12-18,0.07,0.12740299
6,5,2008,2008-12-26,0.02,0.013898164
6,5,2009,2009-07-04,0.01,0.2041022
6,5,2009,2009-07-12,0.09,0.08436248
6,5,2009,2009-07-20,0.09,0.12006627
6,5,2009,2009-07-28,0.02,0.10867718
6,5,2009,2009-08-05,0.03,0.054060876
6,5,2009,2009-08-13,0.05,0.06787416
6,5,2009,2009-08-21,0.05,0.087675184
6,5,2009,2009-08-29,0.05,0.09696078
6,5,2009,2009-09-06,0.11,0.10370469
6,5,2009,2009-09-14,0.18,0.16164878
6,5,2009,2009-09-22,0.29,0.25256145
6,5,2009,2009-09-30,0.29,0.4168698
6,5,2009,2009-10-08,0.48,0.42501828
6,5,2009,2009-10-16,0.6,0.5866649
6,5,2009,2009-10-24,0.58,0.665694
6,5,2009,2009-11-01,0.63,0.5908496
6,5,2009,2009-11-09,0.6,0.61528814
6,5,2009,2009-11-17,0.66,0.56017077
6,5,2009,2009-11-25,0.43,0.61023116
6,5,2009,2009-12-03,0.28,0.35429525
6,5,2009,2009-12-11,0.11,0.15779084
6,5,2009,2009-12-19,0.02,0.045885265
6,5,2009,2009-12-27,0.01,0.020062327
6,5,2010,2010-07-04,0.06,0.15786554
6,5,2010,2010-07-12,0.06,0.08830279
6,5,2010,2010-07-20,0.05,0.11040753
6,5,2010,2010-07-28,0.02,0.09210941
6,5,2010,2010-08-05,0.02,0.055552363
6,5,2010,2010-08-13,0.03,0.06375554
6,5,2010,2010-08-21,0.04,0.07866308
6,5,2010,2010-08-29,0.04,0.08990818
6,5,2010,2010-09-06,0.08,0.087755054
6,5,2010,2010-09-14,0.19,0.14184764
6,5,2010,2010-09-22,0.19,0.26803488
6,5,2010,2010-09-30,0.42,0.29000464
6,5,2010,2010-10-08,0.5,0.5185584
6,5,2010,2010-10-16,0.49,0.6092949
6,5,2010,2010-10-24,0.6,0.5564097
6,5,2010,2010-11-01,0.56,0.6206981
6,5,2010,2010-11-09,0.53,0.5653529
6,5,2010,2010-11-17,0.52,0.5093944
6,5,2010,2010-11-25,0.47,0.49071923
6,5,2010,2010-12-03,0.31,0.37980875
6,5,2010,2010-12-11,0.1,0.18594381
6,5,2010,2010-12-19,0.05,0.04171881
6,5,2010,2010-12-27,0.02,0.043162405
6,5,2011,2011-07-04,0.09,0.12687968
6,5,2011,2011-07-12,0.06,0.11770058
6,5,2011,2011-07-20,0.02,0.089610875
6,5,2011,2011-07-28,0.02,0.05833915
6,5,2011,2011-08-05,0.06,0.056866705
6,5,2011,2011-08-13,0.04,0.096300066
6,5,2011,2011-08-21,0.04,0.080468774
6,5,2011,2011-08-29,0.1,0.08561954
6,5,2011,2011-09-06,0.17,0.13560483
6,5,2011,2011-09-14,0.27,0.21347524
6,5,2011,2011-09-22,0.49,0.35126224
6,5,2011,2011-09-30,0.5,0.5670364
6,5,2011,2011-10-08,0.54,0.5847071
6,5,2011,2011-10-16,0.61,0.57804435
6,5,2011,2011-10-24,0.59,0.61131936
6,5,2011,2011-11-01,0.61,0.59605384
6,5,2011,2011-11-09,0.62,0.5892859
6,5,2011,2011-11-17,0.62,0.5743322
6,5,2011,2011-11-25,0.49,0.5696698
6,5,2011,2011-12-03,0.46,0.4126694
6,5,2011,2011-12-11,0.22,0.31772703
6,5,2011,2011-12-19,0.08,0.09994286
6,5,2011,2011-12-27,0.03,0.053700507
6,5,2012,2012-07-03,0.15,0.08548477
6,5,2012,2012-07-11,0.04,0.198487
6,5,2012,2012-07-19,0.01,0.075537354
6,5,2012,2012-07-27,0.03,0.049428165
6,5,2012,2012-08-04,0.02,0.06505707
6,5,2012,2012-08-12,0.03,0.07480708
6,5,2012,2012-08-20,0.03,0.07957348
6,5,2012,2012-08-28,0.03,0.07782954
6,5,2012,2012-09-05,0.08,0.09589085
6,5,2012,2012-09-13,0.25,0.16095638
6,5,2012,2012-09-21,0.32,0.36567906
6,5,2012,2012-09-29,0.47,0.4795257
6,5,2012,2012-10-07,0.54,0.59042215
6,5,2012,2012-10-15,0.58,0.5957944
6,5,2012,2012-10-23,0.57,0.60700357
6,5,2012,2012-10-31,0.5,0.569723
6,5,2012,2012-11-08,0.43,0.4740588
6,5,2012,2012-11-16,0.44,0.37931883
6,5,2012,2012-11-24,0.19,0.3979526
6,5,2012,2012-12-02,0.12,0.16208652
6,5,2012,2012-12-10,0.03,0.093274415
6,5,2012,2012-12-18,0.01,0.017568469
6,5,2012,2012-12-26,0.01,0.03537047
6,6,2001,2001-07-04,0.26,0.3062763
6,6,2001,2001-07-12,0.08,0.34148332
6,6,2001,2001-07-20,0.05,0.19001403
6,6,2001,2001-07-28,0.09,0.111394286
6,6,2001,2001-08-05,0.1,0.14129175
6,6,2001,2001-08-13,0.07,0.13962263
6,6,2001,2001-08-21,0.11,0.12338792
6,6,2001,2001-08-29,0.14,0.16940771
6,6,2001,2001-09-06,0.19,0.22151618
6,6,2001,2001-09-14,0.29,0.24626371
6,6,2001,2001-09-22,0.36,0.39478886
6,6,2001,2001-09-30,0.45,0.49285582
6,6,2001,2001-10-08,0.56,0.54857856
6,6,2001,2001-10-16,0.54,0.6150368
6,6,2001,2001-10-24,0.56,0.5715477
6,6,2001,2001-11-01,0.59,0.56933564
6,6,2001,2001-11-09,0.71,0.603183
6,6,2001,2001-11-17,0.61,0.689606
6,6,2001,2001-11-25,0.65,0.5892309
6,6,2001,2001-12-03,0.53,0.6029042
6,6,2001,2001-12-11,0.38,0.41678733
6,6,2001,2001-12-19,0.27,0.25450003
6,6,2001,2001-12-27,0.15,0.1532877
6,6,2002,2002-07-04,0.09,0.18283747
6,6,2002,2002-07-12,0.12,0.18455827
6,6,2002,2002-07-20,0.05,0.15433462
6,6,2002,2002-07-28,0.02,0.07537362
6,6,2002,2002-08-05,0.02,0.06812191
6,6,2002,2002-08-13,0.06,0.07737407
6,6,2002,2002-08-21,0.06,0.10790259
6,6,2002,2002-08-29,0.02,0.118829384
6,6,2002,2002-09-06,0.03,0.089523524
6,6,2002,2002-09-14,0.14,0.11477493
6,6,2002,2002-09-22,0.29,0.25006902
6,6,2002,2002-09-30,0.42,0.41024894
6,6,2002,2002-10-08,0.62,0.54929763
6,6,2002,2002-10-16,0.56,0.7069155
6,6,2002,2002-10-24,0.6,0.5695943
6,6,2002,2002-11-01,0.68,0.5849
6,6,2002,2002-11-09,0.69,0.6544284
6,6,2002,2002-11-17,0.64,0.6896967
6,6,2002,2002-11-25,0.56,0.60366946
6,6,2002,2002-12-03,0.35,0.49360663
6,6,2002,2002-12-11,0.25,0.24088892
6,6,2002,2002-12-19,0.12,0.12775464
6,6,2002,2002-12-27,0.08,0.063488334
6,6,2003,2003-07-04,0.04,0.07253349
6,6,2003,2003-07-12,0.07,0.099692166
6,6,2003,2003-07-20,0.04,0.13177924
6,6,2003,2003-07-28,0.05,0.08127937
6,6,2003,2003-08-05,0.04,0.083185464
6,6,2003,2003-08-13,0.03,0.07181507
6,6,2003,2003-08-21,0.06,0.081851006
6,6,2003,2003-08-29,0.09,0.10684684
6,6,2003,2003-09-06,0.11,0.11785458
6,6,2003,2003-09-14,0.26,0.13706678
6,6,2003,2003-09-22,0.31,0.32342866
6,6,2003,2003-09-30,0.41,0.4065405
6,6,2003,2003-10-08,0.58,0.5222729
6,6,2003,2003-10-16,0.55,0.67811954
6,6,2003,2003-10-24,0.55,0.57086086
6,6,2003,2003-11-01,0.66,0.54781127
6,6,2003,2003-11-09,0.56,0.6559794
6,6,2003,2003-11-17,0.41,0.5601721
6,6,2003,2003-11-25,0.34,0.37014005
6,6,2003,2003-12-03,0.26,0.22556219
6,6,2003,2003-12-11,0.12,0.14915273
6,6,2003,2003-12-19,0.04,0.07927796
6,6,2003,2003-12-27,0.02,0.04242471
6,6,2004,2004-07-03,0.03,0.08470914
6,6,2004,2004-07-11,0.03,0.07013032
6,6,2004,2004-07-19,0.0,0.08667341
6,6,2004,2004-07-27,0.01,0.050485104
6,6,2004,2004-08-04,0.01,0.06895697
6,6,2004,2004-08-12,0.02,0.06254768
6,6,2004,2004-08-20,0.05,0.07185596
6,6,2004,2004-08-28,0.11,0.10490066
6,6,2004,2004-09-05,0.2,0.16369224
6,6,2004,2004-09-13,0.36,0.250589
6,6,2004,2004-09-21,0.61,0.46235913
6,6,2004,2004-09-29,0.64,0.6868021
6,6,2004,2004-10-07,0.64,0.6549233
6,6,2004,2004-10-15,0.63,0.6479594
6,6,2004,2004-10-23,0.7,0.6102451
6,6,2004,2004-10-31,0.66,0.65847945
6,6,2004,2004-11-08,0.52,0.6366058
6,6,2004,2004-11-16,0.46,0.4658001
6,6,2004,2004-11-24,0.36,0.3070687
6,6,2004,2004-12-02,0.19,0.22403155
6,6,2004,2004-12-10,0.07,0.12614056
6,6,2004,2004-12-18,0.05,0.051804125
6,6,2004,2004-12-26,0.04,0.061178803
6,6,2005,2005-07-04,0.06,0.09387562
6,6,2005,2005-07-12,0.04,0.09492347
6,6,2005,2005-07-20,0.07,0.07413244
6,6,2005,2005-07-28,0.02,0.095335305
6,6,2005,2005-08-05,0.04,0.05591446
6,6,2005,2005-08-13,0.01,0.07901281
6,6,2005,2005-08-21,0.03,0.05434808
6,6,2005,2005-08-29,0.06,0.086907685
6,6,2005,2005-09-06,0.11,0.12644
6,6,2005,2005-09-14,0.27,0.19761446
6,6,2005,2005-09-22,0.38,0.40603623
6,6,2005,2005-09-30,0.48,0.5513749
6,6,2005,2005-10-08,0.62,0.602855
6,6,2005,2005-10-16,0.68,0.6648662
6,6,2005,2005-10-24,0.73,0.68081164
6,6,2005,2005-11-01,0.7,0.72014105
6,6,2005,2005-11-09,0.73,0.66284406
6,6,2005,2005-11-17,0.67,0.6409147
6,6,2005,2005-11-25,0.52,0.5496412
6,6,2005,2005-12-03,0.39,0.37677342
6,6,2005,2005-12-11,0.28,0.21371965
6,6,2005,2005-12-19,0.16,0.14077197
6,6,2005,2005-12-27,0.16,0.1049352
6,6,2006,2006-07-04,0.07,0.08435801
6,6,2006,2006-07-12,0.07,0.118104875
6,6,2006,2006-07-20,0.07,0.09983605
6,6,2006,2006-07-28,0.02,0.11422619
6,6,2006,2006-08-05,0.05,0.05347529
6,6,2006,2006-08-13,0.09,0.09414181
6,6,2006,2006-08-21,0.07,0.11317623
6,6,2006,2006-08-29,0.1,0.104931176
6,6,2006,2006-09-06,0.09,0.13743296
6,6,2006,2006-09-14,0.16,0.13820377
6,6,2006,2006-09-22,0.42,0.26090908
6,6,2006,2006-09-30,0.45,0.5469664
6,6,2006,2006-10-08,0.57,0.56259763
6,6,2006,2006-10-16,0.64,0.6496787
6,6,2006,2006-10-24,0.62,0.67181003
6,6,2006,2006-11-01,0.75,0.6386316
6,6,2006,2006-11-09,0.72,0.7279603
6,6,2006,2006-11-17,0.66,0.69064635
6,6,2006,2006-11-25,0.54,0.6072263
6,6,2006,2006-12-03,0.39,0.3873995
6,6,2006,2006-12-11,0.31,0.2127823
6,6,2006,2006-12-19,0.31,0.16635343
6,6,2006,2006-12-27,0.09,0.19849104
6,6,2007,2007-07-04,0.09,0.09118196
6,6,2007,2007-07-12,0.16,0.14249304
6,6,2007,2007-07-20,0.05,0.19849819
6,6,2007,2007-07-28,0.09,0.09947479
6,6,2007,2007-08-05,0.09,0.11051124
6,6,2007,2007-08-13,0.13,0.117166266
6,6,2007,2007-08-21,0.05,0.1709797
6,6,2007,2007-08-29,0.12,0.090556145
6,6,2007,2007-09-06,0.11,0.16525325
6,6,2007,2007-09-14,0.1,0.14128652
6,6,2007,2007-09-22,0.1,0.16171645
6,6,2007,2007-09-30,0.26,0.2380466
6,6,2007,2007-10-08,0.36,0.38810048
6,6,2007,2007-10-16,0.52,0.51256377
6,6,2007,2007-10-24,0.64,0.64078295
6,6,2007,2007-11-01,0.73,0.6722421
6,6,2007,2007-11-09,0.7,0.7456904
6,6,2007,2007-11-17,0.66,0.68975747
6,6,2007,2007-11-25,0.69,0.6067669
6,6,2007,2007-12-03,0.72,0.58072335
6,6,2007,2007-12-11,0.49,0.5990801
6,6,2007,2007-12-19,0.25,0.3700693
6,6,2007,2007-12-27,0.16,0.15270536
6,6,2008,2008-07-03,0.19,0.16707855
6,6,2008,2008-07-11,0.08,0.23265828
6,6,2008,2008-07-19,0.1,0.14710495
6,6,2008,2008-07-27,0.03,0.1165857
6,6,2008,2008-08-04,0.06,0.07296002
6,6,2008,2008-08-12,0.03,0.10522807
6,6,2008,2008-08-20,0.09,0.09259486
6,6,2008,2008-08-28,0.1,0.12354238
6,6,2008,2008-09-05,0.12,0.15331413
6,6,2008,2008-09-13,0.14,0.16176066
6,6,2008,2008-09-21,0.27,0.17439559
6,6,2008,2008-09-29,0.42,0.30204645
6,6,2008,2008-10-07,0.5,0.51017046
6,6,2008,2008-10-15,0.67,0.5756111
6,6,2008,2008-10-23,0.68,0.7131957
6,6,2008,2008-10-31,0.71,0.69245267
6,6,2008,2008-11-08,0.75,0.7138809
6,6,2008,2008-11-16,0.69,0.7197113
6,6,2008,2008-11-24,0.67,0.6324737
6,6,2008,2008-12-02,0.6,0.6017624
6,6,2008,2008-12-10,0.57,0.53165495
6,6,2008,2008-12-18,0.37,0.4459569
6,6,2008,2008-12-26,0.28,0.20199387
6,6,2009,2009-07-04,0.02,0.13117748
6,6,2009,2009-07-12,0.18,0.10761878
6,6,2009,2009-07-20,0.2,0.21497795
6,6,2009,2009-07-28,0.09,0.23458594
6,6,2009,2009-08-05,0.13,0.119660154
6,6,2009,2009-08-13,0.13,0.14731196
6,6,2009,2009-08-21,0.13,0.13820517
6,6,2009,2009-08-29,0.16,0.16563891
6,6,2009,2009-09-06,0.21,0.18893883
6,6,2009,2009-09-14,0.24,0.24440175
6,6,2009,2009-09-22,0.31,0.27477467
6,6,2009,2009-09-30,0.34,0.3830688
6,6,2009,2009-10-08,0.46,0.43897575
6,6,2009,2009-10-16,0.69,0.5509819
6,6,2009,2009-10-24,0.66,0.7534262
6,6,2009,2009-11-01,0.72,0.66933024
6,6,2009,2009-11-09,0.71,0.70667195
6,6,2009,2009-11-17,0.75,0.6799377
6,6,2009,2009-11-25,0.63,0.7022355
6,6,2009,2009-12-03,0.58,0.5502405
6,6,2009,2009-12-11,0.45,0.46093774
6,6,2009,2009-12-19,0.26,0.3163092
6,6,2009,2009-12-27,0.04,0.14637952
6,6,2010,2010-07-04,0.01,0.1200808
6,6,2010,2010-07-12,0.13,0.05619055
6,6,2010,2010-07-20,0.16,0.21723825
6,6,2010,2010-07-28,0.05,0.22796316
6,6,2010,2010-08-05,0.06,0.11826417
6,6,2010,2010-08-13,0.1,0.11205742
6,6,2010,2010-08-21,0.07,0.14515296
6,6,2010,2010-08-29,0.05,0.12331161
6,6,2010,2010-09-06,0.08,0.113979906
6,6,2010,2010-09-14,0.12,0.15482095
6,6,2010,2010-09-22,0.12,0.1980952
6,6,2010,2010-09-30,0.38,0.21569647
6,6,2010,2010-10-08,0.52,0.4902178
6,6,2010,2010-10-16,0.56,0.63045263
6,6,2010,2010-10-24,0.69,0.64855576
6,6,2010,2010-11-01,0.69,0.7100239
6,6,2010,2010-11-09,0.75,0.6901723
6,6,2010,2010-11-17,0.76,0.72400296
6,6,2010,2010-11-25,0.77,0.7252048
6,6,2010,2010-12-03,0.61,0.69672585
6,6,2010,2010-12-11,0.54,0.48976558
6,6,2010,2010-12-19,0.34,0.3508448
6,6,2010,2010-12-27,0.26,0.16311955
6,6,2011,2011-07-04,0.07,0.102510214
6,6,2011,2011-07-12,0.18,0.09686828
6,6,2011,2011-07-20,0.1,0.24294384
6,6,2011,2011-07-28,0.15,0.16245866
6,6,2011,2011-08-05,0.14,0.16864765
6,6,2011,2011-08-13,0.14,0.15321384
6,6,2011,2011-08-21,0.15,0.16850711
6,6,2011,2011-08-29,0.17,0.1666676
6,6,2011,2011-09-06,0.12,0.18027835
6,6,2011,2011-09-14,0.23,0.1426984
6,6,2011,2011-09-22,0.52,0.26344967
6,6,2011,2011-09-30,0.52,0.5692814
6,6,2011,2011-10-08,0.56,0.6006181
6,6,2011,2011-10-16,0.69,0.60526943
6,6,2011,2011-10-24,0.75,0.69630367
6,6,2011,2011-11-01,0.76,0.748285
6,6,2011,2011-11-09,0.77,0.73722976
6,6,2011,2011-11-17,0.82,0.73618543
6,6,2011,2011-11-25,0.68,0.77024764
6,6,2011,2011-12-03,0.74,0.6152116
6,6,2011,2011-12-11,0.45,0.61888677
6,6,2011,2011-12-19,0.29,0.3071302
6,6,2011,2011-12-27,0.12,0.12937902
6,6,2012,2012-07-03,0.2,0.10216111
6,6,2012,2012-07-11,0.08,0.24275076
6,6,2012,2012-07-19,0.04,0.1492883
6,6,2012,2012-07-27,0.04,0.08813992
6,6,2012,2012-08-04,0.07,0.10339725
6,6,2012,2012-08-12,0.08,0.12458651
6,6,2012,2012-08-20,0.03,0.13794191
6,6,2012,2012-08-28,0.06,0.0936349
6,6,2012,2012-09-05,0.08,0.12888797
6,6,2012,2012-09-13,0.21,0.12488605
6,6,2012,2012-09-21,0.24,0.30291405
6,6,2012,2012-09-29,0.29,0.39909685
6,6,2012,2012-10-07,0.52,0.42446747
6,6,2012,2012-10-15,0.62,0.6258124
6,6,2012,2012-10-23,0.71,0.6829946
6,6,2012,2012-10-31,0.67,0.7317681
6,6,2012,2012-11-08,0.65,0.671873
6,6,2012,2012-11-16,0.67,0.6239903
6,6,2012,2012-11-24,0.5,0.64014643
6,6,2012,2012-12-02,0.29,0.4233427
6,6,2012,2012-12-10,0.23,0.19801158
6,6,2012,2012-12-18,0.07,0.09489766
6,6,2012,2012-12-26,0.03,0.027592719
6,7,2001,2001-07-04,0.24,0.31521037
6,7,2001,2001-07-12,0.19,0.3395853
6,7,2001,2001-07-20,0.12,0.2734924
6,7,2001,2001-07-28,0.13,0.1708578
6,7,2001,2001-08-05,0.1,0.15706535
6,7,2001,2001-08-13,0.09,0.13584705
6,7,2001,2001-08-21,0.09,0.14340314
6,7,2001,2001-08-29,0.11,0.15157634
6,7,2001,2001-09-06,0.15,0.18832126
6,7,2001,2001-09-14,0.22,0.21670422
6,7,2001,2001-09-22,0.27,0.31823918
6,7,2001,2001-09-30,0.35,0.37859967
6,7,2001,2001-10-08,0.46,0.45683885
6,7,2001,2001-10-16,0.48,0.52655745
6,7,2001,2001-10-24,0.5,0.5157154
6,7,2001,2001-11-01,0.5,0.52449167
6,7,2001,2001-11-09,0.62,0.52931094
6,7,2001,2001-11-17,0.44,0.6050622
6,7,2001,2001-11-25,0.48,0.4216385
6,7,2001,2001-12-03,0.39,0.42186657
6,7,2001,2001-12-11,0.27,0.3023393
6,7,2001,2001-12-19,0.16,0.2295725
6,7,2001,2001-12-27,0.07,0.11061531
6,7,2002,2002-07-04,0.11,0.217564
6,7,2002,2002-07-12,0.14,0.18737617
6,7,2002,2002-07-20,0.08,0.19710347
6,7,2002,2002-07-28,0.08,0.11424139
6,7,2002,2002-08-05,0.04,0.124519885
6,7,2002,2002-08-13,0.15,0.08259797
6,7,2002,2002-08-21,0.15,0.18889023
6,7,2002,2002-08-29,0.04,0.18010402
6,7,2002,2002-09-06,0.04,0.09799087
6,7,2002,2002-09-14,0.12,0.10492718
6,7,2002,2002-09-22,0.21,0.20053162
6,7,2002,2002-09-30,0.3,0.29791477
6,7,2002,2002-10-08,0.49,0.4044651
6,7,2002,2002-10-16,0.48,0.59689504
6,7,2002,2002-10-24,0.46,0.5367564
6,7,2002,2002-11-01,0.55,0.4774283
6,7,2002,2002-11-09,0.42,0.5399866
6,7,2002,2002-11-17,0.48,0.44440255
6,7,2002,2002-11-25,0.43,0.44339466
6,7,2002,2002-12-03,0.31,0.39126843
6,7,2002,2002-12-11,0.2,0.2829294
6,7,2002,2002-12-19,0.07,0.15259045
6,7,2002,2002-12-27,0.08,0.062612355
6,7,2003,2003-07-04,0.1,0.12903
6,7,2003,2003-07-12,0.14,0.14959311
6,7,2003,2003-07-20,0.19,0.19285838
6,7,2003,2003-07-28,0.14,0.21167783
6,7,2003,2003-08-05,0.11,0.16478464
6,7,2003,2003-08-13,0.06,0.12128772
6,7,2003,2003-08-21,0.16,0.11744478
6,7,2003,2003-08-29,0.17,0.20863208
6,7,2003,2003-09-06,0.16,0.1805486
6,7,2003,2003-09-14,0.26,0.1728384
6,7,2003,2003-09-22,0.3,0.2898345
6,7,2003,2003-09-30,0.35,0.35634238
6,7,2003,2003-10-08,0.48,0.4224603
6,7,2003,2003-10-16,0.48,0.57060033
6,7,2003,2003-10-24,0.43,0.5242957
6,7,2003,2003-11-01,0.56,0.43700266
6,7,2003,2003-11-09,0.39,0.5581969
6,7,2003,2003-11-17,0.41,0.38070893
6,7,2003,2003-11-25,0.28,0.37717152
6,7,2003,2003-12-03,0.28,0.24347952
6,7,2003,2003-12-11,0.1,0.24049526
6,7,2003,2003-12-19,0.03,0.09461352
6,7,2003,2003-12-27,0.02,0.04554823
6,7,2004,2004-07-03,0.1,0.13567212
6,7,2004,2004-07-11,0.08,0.14071833
6,7,2004,2004-07-19,0.04,0.13841902
6,7,2004,2004-07-27,0.06,0.11423367
6,7,2004,2004-08-04,0.06,0.11557785
6,7,2004,2004-08-12,0.08,0.10838282
6,7,2004,2004-08-20,0.06,0.1121839
6,7,2004,2004-08-28,0.11,0.1284158
6,7,2004,2004-09-05,0.15,0.17230204
6,7,2004,2004-09-13,0.28,0.20273316
6,7,2004,2004-09-21,0.39,0.36618862
6,7,2004,2004-09-29,0.47,0.46853763
6,7,2004,2004-10-07,0.5,0.5345241
6,7,2004,2004-10-15,0.5,0.54459804
6,7,2004,2004-10-23,0.52,0.5171875
6,7,2004,2004-10-31,0.51,0.50153774
6,7,2004,2004-11-08,0.41,0.5127034
6,7,2004,2004-11-16,0.42,0.37836766
6,7,2004,2004-11-24,0.3,0.36558682
6,7,2004,2004-12-02,0.2,0.23878655
6,7,2004,2004-12-10,0.07,0.17599468
6,7,2004,2004-12-18,0.07,0.06247914
6,7,2004,2004-12-26,0.05,0.079530895
6,7,2005,2005-07-04,0.14,0.11004767
6,7,2005,2005-07-12,0.14,0.18369521
6,7,2005,2005-07-20,0.12,0.17262957
6,7,2005,2005-07-28,0.09,0.14015383
6,7,2005,2005-08-05,0.15,0.115701884
6,7,2005,2005-08-13,0.04,0.17132124
6,7,2005,2005-08-21,0.11,0.085718036
6,7,2005,2005-08-29,0.13,0.14312689
6,7,2005,2005-09-06,0.16,0.172074
6,7,2005,2005-09-14,0.24,0.2131071
6,7,2005,2005-09-22,0.36,0.32756203
6,7,2005,2005-09-30,0.42,0.4655463
6,7,2005,2005-10-08,0.5,0.5191788
6,7,2005,2005-10-16,0.58,0.55490613
6,7,2005,2005-10-24,0.6,0.5917967
6,7,2005,2005-11-01,0.59,0.5954957
6,7,2005,2005-11-09,0.54,0.56988114
6,7,2005,2005-11-17,0.54,0.48015255
6,7,2005,2005-11-25,0.51,0.47402227
6,7,2005,2005-12-03,0.46,0.42800653
6,7,2005,2005-12-11,0.36,0.36693156
6,7,2005,2005-12-19,0.21,0.25060248
6,7,2005,2005-12-27,0.25,0.15214384
6,7,2006,2006-07-04,0.18,0.10825485
6,7,2006,2006-07-12,0.18,0.24790612
6,7,2006,2006-07-20,0.11,0.22950189
6,7,2006,2006-07-28,0.09,0.15790525
6,7,2006,2006-08-05,0.23,0.11662935
6,7,2006,2006-08-13,0.28,0.27541244
6,7,2006,2006-08-21,0.2,0.283365
6,7,2006,2006-08-29,0.22,0.23278154
6,7,2006,2006-09-06,0.17,0.23185731
6,7,2006,2006-09-14,0.21,0.20190823
6,7,2006,2006-09-22,0.34,0.26402783
6,7,2006,2006-09-30,0.41,0.43158102
6,7,2006,2006-10-08,0.48,0.5020298
6,7,2006,2006-10-16,0.49,0.5499416
6,7,2006,2006-10-24,0.44,0.53414977
6,7,2006,2006-11-01,0.53,0.47081187
6,7,2006,2006-11-09,0.52,0.5318844
6,7,2006,2006-11-17,0.51,0.50523424
6,7,2006,2006-11-25,0.39,0.49915713
6,7,2006,2006-12-03,0.28,0.36008543
6,7,2006,2006-12-11,0.24,0.23797196
6,7,2006,2006-12-19,0.2,0.18520676
6,7,2006,2006-12-27,0.08,0.16085689
6,7,2007,2007-07-04,0.1,0.08350974
6,7,2007,2007-07-12,0.13,0.19119802
6,7,2007,2007-07-20,0.09,0.19881982
6,7,2007,2007-07-28,0.27,0.14037992
6,7,2007,2007-08-05,0.27,0.29625425
6,7,2007,2007-08-13,0.31,0.33505774
6,7,2007,2007-08-21,0.19,0.38183963
6,7,2007,2007-08-29,0.29,0.22813421
6,7,2007,2007-09-06,0.24,0.29327586
6,7,2007,2007-09-14,0.26,0.25478345
6,7,2007,2007-09-22,0.3,0.28561026
6,7,2007,2007-09-30,0.39,0.36422136
6,7,2007,2007-10-08,0.39,0.47062382
6,7,2007,2007-10-16,0.47,0.46385747
6,7,2007,2007-10-24,0.49,0.50949556
6,7,2007,2007-11-01,0.59,0.49194232
6,7,2007,2007-11-09,0.52,0.5981624
6,7,2007,2007-11-17,0.55,0.51846844
6,7,2007,2007-11-25,0.52,0.5295432
6,7,2007,2007-12-03,0.59,0.45149827
6,7,2007,2007-12-11,0.44,0.50581396
6,7,2007,2007-12-19,0.36,0.36320654
6,7,2007,2007-12-27,0.23,0.2792886
6,7,2008,2008-07-03,0.14,0.12165703
6,7,2008,2008-07-11,0.15,0.19646396
6,7,2008,2008-07-19,0.21,0.20254695
6,7,2008,2008-07-27,0.2,0.23772798
6,7,2008,2008-08-04,0.25,0.2776425
6,7,2008,2008-08-12,0.19,0.31224915
6,7,2008,2008-08-20,0.26,0.26044744
6,7,2008,2008-08-28,0.33,0.27220118
6,7,2008,2008-09-05,0.28,0.38206688
6,7,2008,2008-09-13,0.28,0.3169777
6,7,2008,2008-09-21,0.35,0.29878417
6,7,2008,2008-09-29,0.36,0.37779373
6,7,2008,2008-10-07,0.44,0.42066675
6,7,2008,2008-10-15,0.48,0.47972354
6,7,2008,2008-10-23,0.56,0.5144777
6,7,2008,2008-10-31,0.63,0.57637525
6,7,2008,2008-11-08,0.59,0.6426312
6,7,2008,2008-11-16,0.6,0.5760597
6,7,2008,2008-11-24,0.56,0.56976116
6,7,2008,2008-12-02,0.54,0.51061565
6,7,2008,2008-12-10,0.59,0.5180318
6,7,2008,2008-12-18,0.47,0.53089714
6,7,2008,2008-12-26,0.36,0.39924902
6,7,2009,2009-07-04,0.02,0.08102912
6,7,2009,2009-07-12,0.08,0.10538259
6,7,2009,2009-07-20,0.19,0.15373084
6,7,2009,2009-07-28,0.18,0.27336234
6,7,2009,2009-08-05,0.29,0.24270375
6,7,2009,2009-08-13,0.32,0.36110115
6,7,2009,2009-08-21,0.32,0.35177317
6,7,2009,2009-08-29,0.36,0.36166465
6,7,2009,2009-09-06,0.39,0.40079385
6,7,2009,2009-09-14,0.44,0.4083091
6,7,2009,2009-09-22,0.38,0.4411848
6,7,2009,2009-09-30,0.48,0.39072695
6,7,2009,2009-10-08,0.5,0.480336
6,7,2009,2009-10-16,0.59,0.5145112
6,7,2009,2009-10-24,0.51,0.59919393
6,7,2009,2009-11-01,0.54,0.52282524
6,7,2009,2009-11-09,0.55,0.5514283
6,7,2009,2009-11-17,0.6,0.5347437
6,7,2009,2009-11-25,0.47,0.5892224
6,7,2009,2009-12-03,0.39,0.44708547
6,7,2009,2009-12-11,0.33,0.34229457
6,7,2009,2009-12-19,0.16,0.29265943
6,7,2009,2009-12-27,0.04,0.15960811
6,7,2010,2010-07-04,0.0,0.11486448
6,7,2010,2010-07-12,0.14,0.051273614
6,7,2010,2010-07-20,0.27,0.19147195
6,7,2010,2010-07-28,0.18,0.34797287
6,7,2010,2010-08-05,0.24,0.26293224
6,7,2010,2010-08-13,0.22,0.3106995
6,7,2010,2010-08-21,0.17,0.285812
6,7,2010,2010-08-29,0.18,0.23645312
6,7,2010,2010-09-06,0.18,0.24450976
6,7,2010,2010-09-14,0.25,0.25921077
6,7,2010,2010-09-22,0.29,0.34595537
6,7,2010,2010-09-30,0.41,0.35893682
6,7,2010,2010-10-08,0.51,0.497482
6,7,2010,2010-10-16,0.51,0.56743103
6,7,2010,2010-10-24,0.59,0.5510189
6,7,2010,2010-11-01,0.64,0.5860557
6,7,2010,2010-11-09,0.64,0.62054116
6,7,2010,2010-11-17,0.68,0.61795294
6,7,2010,2010-11-25,0.69,0.6548393
6,7,2010,2010-12-03,0.68,0.62523896
6,7,2010,2010-12-11,0.65,0.59188026
6,7,2010,2010-12-19,0.53,0.5435724
6,7,2010,2010-12-27,0.43,0.39574903
6,7,2011,2011-07-04,0.01,0.079862416
6,7,2011,2011-07-12,0.1,0.054302126
6,7,2011,2011-07-20,0.09,0.18097751
6,7,2011,2011-07-28,0.24,0.19175416
6,7,2011,2011-08-05,0.24,0.30600113
6,7,2011,2011-08-13,0.35,0.30588114
6,7,2011,2011-08-21,0.33,0.39708388
6,7,2011,2011-08-29,0.36,0.34690928
6,7,2011,2011-09-06,0.32,0.35728967
6,7,2011,2011-09-14,0.44,0.3143502
6,7,2011,2011-09-22,0.47,0.4491696
6,7,2011,2011-09-30,0.48,0.48882052
6,7,2011,2011-10-08,0.52,0.50670075
6,7,2011,2011-10-16,0.55,0.546927
6,7,2011,2011-10-24,0.55,0.558172
6,7,2011,2011-11-01,0.64,0.56054527
6,7,2011,2011-11-09,0.66,0.64341563
6,7,2011,2011-11-17,0.67,0.6496078
6,7,2011,2011-11-25,0.57,0.65745425
6,7,2011,2011-12-03,0.56,0.5450592
6,7,2011,2011-12-11,0.35,0.51706785
6,7,2011,2011-12-19,0.23,0.29852962
6,7,2011,2011-12-27,0.04,0.16328856
6,7,2012,2012-07-03,0.13,0.05384487
6,7,2012,2012-07-11,0.12,0.16130626
6,7,2012,2012-07-19,0.14,0.17082858
6,7,2012,2012-07-27,0.14,0.18172114
6,7,2012,2012-08-04,0.24,0.21918568
6,7,2012,2012-08-12,0.25,0.30457407
6,7,2012,2012-08-20,0.16,0.34362033
6,7,2012,2012-08-28,0.12,0.23826458
6,7,2012,2012-09-05,0.25,0.18613194
6,7,2012,2012-09-13,0.34,0.30584714
6,7,2012,2012-09-21,0.27,0.4462608
6,7,2012,2012-09-29,0.4,0.37189582
6,7,2012,2012-10-07,0.47,0.45777303
6,7,2012,2012-10-15,0.58,0.51926875
6,7,2012,2012-10-23,0.58,0.61099666
6,7,2012,2012-10-31,0.55,0.58409667
6,7,2012,2012-11-08,0.54,0.5614609
6,7,2012,2012-11-16,0.63,0.53665113
6,7,2012,2012-11-24,0.52,0.62325644
6,7,2012,2012-12-02,0.22,0.49015447
6,7,2012,2012-12-10,0.27,0.22159325
6,7,2012,2012-12-18,0.1,0.14570351
6,7,2012,2012-12-26,0.02,0.06879464
6,8,2001,2001-07-04,0.18,0.20130004
6,8,2001,2001-07-12,0.12,0.27987468
6,8,2001,2001-07-20,0.09,0.19815673
6,8,2001,2001-07-28,0.08,0.12895836
6,8,2001,2001-08-05,0.03,0.1019102
6,8,2001,2001-08-13,0.04,0.06866336
6,8,2001,2001-08-21,0.06,0.08046588
6,8,2001,2001-08-29,0.13,0.109099865
6,8,2001,2001-09-06,0.16,0.18316963
6,8,2001,2001-09-14,0.23,0.19886208
6,8,2001,2001-09-22,0.25,0.30964294
6,8,2001,2001-09-30,0.43,0.35061923
6,8,2001,2001-10-08,0.51,0.52492225
6,8,2001,2001-10-16,0.57,0.5730684
6,8,2001,2001-10-24,0.56,0.589374
6,8,2001,2001-11-01,0.54,0.56179297
6,8,2001,2001-11-09,0.5,0.56951344
6,8,2001,2001-11-17,0.34,0.48859435
6,8,2001,2001-11-25,0.35,0.29734692
6,8,2001,2001-12-03,0.24,0.25547415
6,8,2001,2001-12-11,0.1,0.18445307
6,8,2001,2001-12-19,0.03,0.096888274
6,8,2001,2001-12-27,0.0,0.05768165
6,8,2002,2002-07-04,0.09,0.23892145
6,8,2002,2002-07-12,0.12,0.1521759
6,8,2002,2002-07-20,0.06,0.1490009
6,8,2002,2002-07-28,0.04,0.09779668
6,8,2002,2002-08-05,0.02,0.086841196
6,8,2002,2002-08-13,0.16,0.059685975
6,8,2002,2002-08-21,0.16,0.19067892
6,8,2002,2002-08-29,0.03,0.1879913
6,8,2002,2002-09-06,0.05,0.10536668
6,8,2002,2002-09-14,0.14,0.119527444
6,8,2002,2002-09-22,0.24,0.22247303
6,8,2002,2002-09-30,0.32,0.3162835
6,8,2002,2002-10-08,0.47,0.44134915
6,8,2002,2002-10-16,0.53,0.57182956
6,8,2002,2002-10-24,0.47,0.59232944
6,8,2002,2002-11-01,0.54,0.50231016
6,8,2002,2002-11-09,0.34,0.5335208
6,8,2002,2002-11-17,0.35,0.34195858
6,8,2002,2002-11-25,0.26,0.2843749
6,8,2002,2002-12-03,0.13,0.22384065
6,8,2002,2002-12-11,0.14,0.1422769
6,8,2002,2002-12-19,0.01,0.12517291
6,8,2002,2002-12-27,0.01,0.0424802
6,8,2003,2003-07-04,0.03,0.09547815
6,8,2003,2003-07-12,0.05,0.08856037
6,8,2003,2003-07-20,0.02,0.11244202
6,8,2003,2003-07-28,0.05,0.06801081
6,8,2003,2003-08-05,0.04,0.09541741
6,8,2003,2003-08-13,0.03,0.076441646
6,8,2003,2003-08-21,0.15,0.11702646
6,8,2003,2003-08-29,0.32,0.21536937
6,8,2003,2003-09-06,0.35,0.3318916
6,8,2003,2003-09-14,0.41,0.36613885
6,8,2003,2003-09-22,0.47,0.42804426
6,8,2003,2003-09-30,0.5,0.49165642
6,8,2003,2003-10-08,0.56,0.5174751
6,8,2003,2003-10-16,0.63,0.58184594
6,8,2003,2003-10-24,0.57,0.63508844
6,8,2003,2003-11-01,0.53,0.557025
6,8,2003,2003-11-09,0.35,0.51578444
6,8,2003,2003-11-17,0.29,0.30184415
6,8,2003,2003-11-25,0.15,0.22893246
6,8,2003,2003-12-03,0.1,0.12916483
6,8,2003,2003-12-11,0.03,0.1023722
6,8,2003,2003-12-19,0.01,0.08190927
6,8,2003,2003-12-27,0.0,0.041252315
6,8,2004,2004-07-03,0.08,0.07251233
6,8,2004,2004-07-11,0.06,0.11334887
6,8,2004,2004-07-19,0.06,0.101713
6,8,2004,2004-07-27,0.09,0.094522625
6,8,2004,2004-08-04,0.1,0.12780696
6,8,2004,2004-08-12,0.14,0.12931933
6,8,2004,2004-08-20,0.11,0.16172619
6,8,2004,2004-08-28,0.2,0.16786005
6,8,2004,2004-09-05,0.26,0.30466577
6,8,2004,2004-09-13,0.33,0.3506701
6,8,2004,2004-09-21,0.5,0.4296451
6,8,2004,2004-09-29,0.57,0.57440704
6,8,2004,2004-10-07,0.58,0.6021235
6,8,2004,2004-10-15,0.59,0.5949863
6,8,2004,2004-10-23,0.56,0.6009783
6,8,2004,2004-10-31,0.42,0.54761463
6,8,2004,2004-11-08,0.32,0.39856687
6,8,2004,2004-11-16,0.37,0.24247229
6,8,2004,2004-11-24,0.17,0.2813918
6,8,2004,2004-12-02,0.03,0.15646231
6,8,2004,2004-12-10,0.0,0.060471952
6,8,2004,2004-12-18,0.0,0.047266632
6,8,2004,2004-12-26,0.0,0.045897305
6,8,2005,2005-07-04,0.12,0.08301893
6,8,2005,2005-07-12,0.1,0.158825
6,8,2005,2005-07-20,0.11,0.13221417
6,8,2005,2005-07-28,0.06,0.14508918
6,8,2005,2005-08-05,0.1,0.104947954
6,8,2005,2005-08-13,0.08,0.14530292
6,8,2005,2005-08-21,0.13,0.13687937
6,8,2005,2005-08-29,0.21,0.17230587
6,8,2005,2005-09-06,0.27,0.27453226
6,8,2005,2005-09-14,0.41,0.34049127
6,8,2005,2005-09-22,0.47,0.48826003
6,8,2005,2005-09-30,0.61,0.55568063
6,8,2005,2005-10-08,0.65,0.6521543
6,8,2005,2005-10-16,0.68,0.6502159
6,8,2005,2005-10-24,0.77,0.66359115
6,8,2005,2005-11-01,0.66,0.7172549
6,8,2005,2005-11-09,0.62,0.5888729
6,8,2005,2005-11-17,0.5,0.51464283
6,8,2005,2005-11-25,0.26,0.40016118
6,8,2005,2005-12-03,0.24,0.21775365
6,8,2005,2005-12-11,0.07,0.13588451
6,8,2005,2005-12-19,0.02,0.06566027
6,8,2005,2005-12-27,0.04,0.055602968
6,8,2006,2006-07-04,0.3,0.13943572
6,8,2006,2006-07-12,0.26,0.34681
6,8,2006,2006-07-20,0.2,0.28943592
6,8,2006,2006-07-28,0.14,0.22848256
6,8,2006,2006-08-05,0.24,0.14529368
6,8,2006,2006-08-13,0.4,0.25113726
6,8,2006,2006-08-21,0.3,0.4128177
6,8,2006,2006-08-29,0.42,0.33748132
6,8,2006,2006-09-06,0.34,0.4321438
6,8,2006,2006-09-14,0.38,0.3707546
6,8,2006,2006-09-22,0.53,0.42914647
6,8,2006,2006-09-30,0.65,0.56716406
6,8,2006,2006-10-08,0.68,0.6785799
6,8,2006,2006-10-16,0.58,0.68288386
6,8,2006,2006-10-24,0.53,0.5939653
6,8,2006,2006-11-01,0.55,0.5344291
6,8,2006,2006-11-09,0.5,0.51387143
6,8,2006,2006-11-17,0.37,0.47229135
6,8,2006,2006-11-25,0.22,0.33114675
6,8,2006,2006-12-03,0.11,0.15181583
6,8,2006,2006-12-11,0.02,0.08638933
6,8,2006,2006-12-19,0.0,0.041935742
6,8,2006,2006-12-27,0.0,0.045004487
6,8,2007,2007-07-04,0.05,0.11612111
6,8,2007,2007-07-12,0.14,0.16780736
6,8,2007,2007-07-20,0.13,0.22331585
6,8,2007,2007-07-28,0.25,0.19276641
6,8,2007,2007-08-05,0.25,0.28217727
6,8,2007,2007-08-13,0.25,0.30663574
6,8,2007,2007-08-21,0.16,0.3485024
6,8,2007,2007-08-29,0.28,0.22780742
6,8,2007,2007-09-06,0.35,0.35002625
6,8,2007,2007-09-14,0.36,0.40452456
6,8,2007,2007-09-22,0.41,0.4232721
6,8,2007,2007-09-30,0.5,0.4761592
6,8,2007,2007-10-08,0.59,0.57101834
6,8,2007,2007-10-16,0.59,0.6318559
6,8,2007,2007-10-24,0.68,0.59086704
6,8,2007,2007-11-01,0.75,0.64010406
6,8,2007,2007-11-09,0.72,0.6979895
6,8,2007,2007-11-17,0.66,0.666208
6,8,2007,2007-11-25,0.57,0.57678735
6,8,2007,2007-12-03,0.56,0.43434018
6,8,2007,2007-12-11,0.37,0.40877795
6,8,2007,2007-12-19,0.17,0.2684483
6,8,2007,2007-12-27,0.08,0.1341519
6,8,2008,2008-07-03,0.09,0.10793942
6,8,2008,2008-07-11,0.13,0.12887096
6,8,2008,2008-07-19,0.18,0.1918384
6,8,2008,2008-07-27,0.2,0.22261354
6,8,2008,2008-08-04,0.3,0.27692232
6,8,2008,2008-08-12,0.31,0.35884863
6,8,2008,2008-08-20,0.32,0.36111018
6,8,2008,2008-08-28,0.37,0.32644886
6,8,2008,2008-09-05,0.46,0.3937188
6,8,2008,2008-09-13,0.46,0.4991519
6,8,2008,2008-09-21,0.53,0.48541373
6,8,2008,2008-09-29,0.48,0.5363164
6,8,2008,2008-10-07,0.56,0.49740607
6,8,2008,2008-10-15,0.61,0.5813354
6,8,2008,2008-10-23,0.69,0.6103283
6,8,2008,2008-10-31,0.72,0.6896487
6,8,2008,2008-11-08,0.69,0.7138591
6,8,2008,2008-11-16,0.52,0.6756282
6,8,2008,2008-11-24,0.44,0.48846826
6,8,2008,2008-12-02,0.4,0.34130692
6,8,2008,2008-12-10,0.44,0.32355854
6,8,2008,2008-12-18,0.28,0.37303948
6,8,2008,2008-12-26,0.19,0.2265744
6,8,2009,2009-07-04,0.01,0.07134876
6,8,2009,2009-07-12,0.07,0.08291015
6,8,2009,2009-07-20,0.09,0.14291981
6,8,2009,2009-07-28,0.19,0.16676675
6,8,2009,2009-08-05,0.24,0.26216567
6,8,2009,2009-08-13,0.25,0.32694444
6,8,2009,2009-08-21,0.25,0.3276741
6,8,2009,2009-08-29,0.35,0.31194967
6,8,2009,2009-09-06,0.53,0.4085815
6,8,2009,2009-09-14,0.53,0.59550756
6,8,2009,2009-09-22,0.55,0.5574105
6,8,2009,2009-09-30,0.64,0.56457937
6,8,2009,2009-10-08,0.68,0.6136315
6,8,2009,2009-10-16,0.68,0.6580814
6,8,2009,2009-10-24,0.63,0.6629578
6,8,2009,2009-11-01,0.61,0.625844
6,8,2009,2009-11-09,0.54,0.60051775
6,8,2009,2009-11-17,0.49,0.5168576
6,8,2009,2009-11-25,0.45,0.42332268
6,8,2009,2009-12-03,0.3,0.36396658
6,8,2009,2009-12-11,0.18,0.25508574
6,8,2009,2009-12-19,0.02,0.18275371
6,8,2009,2009-12-27,0.0,0.062372863
6,8,2010,2010-07-04,0.03,0.113271564
6,8,2010,2010-07-12,0.12,0.062998
6,8,2010,2010-07-20,0.2,0.16402991
6,8,2010,2010-07-28,0.22,0.23590137
6,8,2010,2010-08-05,0.21,0.2856021
6,8,2010,2010-08-13,0.22,0.27406752
6,8,2010,2010-08-21,0.16,0.2732151
6,8,2010,2010-08-29,0.12,0.21315463
6,8,2010,2010-09-06,0.15,0.20316476
6,8,2010,2010-09-14,0.27,0.28736463
6,8,2010,2010-09-22,0.33,0.3934418
6,8,2010,2010-09-30,0.51,0.4499618
6,8,2010,2010-10-08,0.62,0.60814476
6,8,2010,2010-10-16,0.67,0.6604915
6,8,2010,2010-10-24,0.78,0.6772573
6,8,2010,2010-11-01,0.85,0.7392606
6,8,2010,2010-11-09,0.84,0.7804592
6,8,2010,2010-11-17,0.84,0.7555454
6,8,2010,2010-11-25,0.83,0.73739606
6,8,2010,2010-12-03,0.72,0.71537817
6,8,2010,2010-12-11,0.74,0.59034985
6,8,2010,2010-12-19,0.45,0.5793942
6,8,2010,2010-12-27,0.36,0.33711484
6,8,2011,2011-07-04,0.0,0.068137705
6,8,2011,2011-07-12,0.01,0.052301764
6,8,2011,2011-07-20,0.01,0.09455562
6,8,2011,2011-07-28,0.08,0.110736996
6,8,2011,2011-08-05,0.16,0.1752711
6,8,2011,2011-08-13,0.3,0.23334883
6,8,2011,2011-08-21,0.35,0.36827028
6,8,2011,2011-08-29,0.45,0.3841087
6,8,2011,2011-09-06,0.45,0.45067966
6,8,2011,2011-09-14,0.46,0.43716386
6,8,2011,2011-09-22,0.52,0.46280518
6,8,2011,2011-09-30,0.56,0.52114356
6,8,2011,2011-10-08,0.56,0.58448803
6,8,2011,2011-10-16,0.53,0.593005
6,8,2011,2011-10-24,0.48,0.5606121
6,8,2011,2011-11-01,0.52,0.51822275
6,8,2011,2011-11-09,0.66,0.561159
6,8,2011,2011-11-17,0.66,0.6832495
6,8,2011,2011-11-25,0.56,0.67480594
6,8,2011,2011-12-03,0.5,0.58192235
6,8,2011,2011-12-11,0.26,0.44889468
6,8,2011,2011-12-19,0.16,0.23632129
6,8,2011,2011-12-27,0.01,0.10334551
6,8,2012,2012-07-03,0.1,0.052165806
6,8,2012,2012-07-11,0.06,0.13342439
6,8,2012,2012-07-19,0.12,0.09394434
6,8,2012,2012-07-27,0.1,0.14705843
6,8,2012,2012-08-04,0.21,0.14116804
6,8,2012,2012-08-12,0.31,0.27037504
6,8,2012,2012-08-20,0.11,0.3989217
6,8,2012,2012-08-28,0.08,0.24454226
6,8,2012,2012-09-05,0.28,0.18484882
6,8,2012,2012-09-13,0.5,0.37981564
6,8,2012,2012-09-21,0.38,0.5947995
6,8,2012,2012-09-29,0.51,0.47457463
6,8,2012,2012-10-07,0.54,0.5410716
6,8,2012,2012-10-15,0.61,0.5460204
6,8,2012,2012-10-23,0.6,0.6063179
6,8,2012,2012-10-31,0.57,0.57006073
6,8,2012,2012-11-08,0.5,0.5480744
6,8,2012,2012-11-16,0.54,0.50761807
6,8,2012,2012-11-24,0.49,0.5466043
6,8,2012,2012-12-02,0.38,0.4705291
6,8,2012,2012-12-10,0.29,0.35436136
6,8,2012,2012-12-18,0.06,0.20485939
6,8,2012,2012-12-26,0.02,0.060564607
6,9,2001,2001-07-04,0.2,0.20285751
6,9,2001,2001-07-12,0.18,0.20355456
6,9,2001,2001-07-20,0.15,0.18096714
6,9,2001,2001-07-28,0.12,0.15840334
6,9,2001,2001-08-05,0.08,0.13536564
6,9,2001,2001-08-13,0.06,0.10438901
6,9,2001,2001-08-21,0.11,0.094983935
6,9,2001,2001-08-29,0.13,0.1851556
6,9,2001,2001-09-06,0.19,0.21733457
6,9,2001,2001-09-14,0.32,0.26015034
6,9,2001,2001-09-22,0.43,0.4154704
6,9,2001,2001-09-30,0.53,0.52853715
6,9,2001,2001-10-08,0.49,0.5528171
6,9,2001,2001-10-16,0.51,0.48731643
6,9,2001,2001-10-24,0.43,0.47238922
6,9,2001,2001-11-01,0.26,0.3787616
6,9,2001,2001-11-09,0.25,0.2560976
6,9,2001,2001-11-17,0.14,0.20188466
6,9,2001,2001-11-25,0.1,0.14859802
6,9,2001,2001-12-03,0.12,0.14032058
6,9,2001,2001-12-11,0.13,0.15364394
6,9,2001,2001-12-19,0.12,0.17809492
6,9,2001,2001-12-27,0.11,0.14997949
6,9,2002,2002-07-04,0.32,0.50866544
6,9,2002,2002-07-12,0.21,0.32976872
6,9,2002,2002-07-20,0.17,0.183257
6,9,2002,2002-07-28,0.16,0.1637313
6,9,2002,2002-08-05,0.16,0.17820285
6,9,2002,2002-08-13,0.19,0.17587933
6,9,2002,2002-08-21,0.19,0.19991532
6,9,2002,2002-08-29,0.16,0.21742947
6,9,2002,2002-09-06,0.16,0.1968421
6,9,2002,2002-09-14,0.24,0.2120984
6,9,2002,2002-09-22,0.36,0.32294637
6,9,2002,2002-09-30,0.4,0.45850247
6,9,2002,2002-10-08,0.48,0.50395703
6,9,2002,2002-10-16,0.5,0.53097945
6,9,2002,2002-10-24,0.34,0.52316433
6,9,2002,2002-11-01,0.35,0.3738873
6,9,2002,2002-11-09,0.15,0.29587162
6,9,2002,2002-11-17,0.21,0.15855998
6,9,2002,2002-11-25,0.2,0.18365872
6,9,2002,2002-12-03,0.17,0.20707555
6,9,2002,2002-12-11,0.15,0.19588484
6,9,2002,2002-12-19,0.16,0.18266608
6,9,2002,2002-12-27,0.2,0.19037175
6,9,2003,2003-07-04,0.25,0.30200633
6,9,2003,2003-07-12,0.24,0.27140313
6,9,2003,2003-07-20,0.18,0.23681198
6,9,2003,2003-07-28,0.23,0.19377974
6,9,2003,2003-08-05,0.2,0.24130455
6,9,2003,2003-08-13,0.18,0.23028265
6,9,2003,2003-08-21,0.23,0.22270362
6,9,2003,2003-08-29,0.41,0.2641896
6,9,2003,2003-09-06,0.46,0.42719483
6,9,2003,2003-09-14,0.55,0.4735866
6,9,2003,2003-09-22,0.57,0.5476227
6,9,2003,2003-09-30,0.51,0.565358
6,9,2003,2003-10-08,0.46,0.51867175
6,9,2003,2003-10-16,0.31,0.4751845
6,9,2003,2003-10-24,0.2,0.34278938
6,9,2003,2003-11-01,0.2,0.20652911
6,9,2003,2003-11-09,0.16,0.19802192
6,9,2003,2003-11-17,0.2,0.16586855
6,9,2003,2003-11-25,0.21,0.23182863
6,9,2003,2003-12-03,0.19,0.24888417
6,9,2003,2003-12-11,0.2,0.22850554
6,9,2003,2003-12-19,0.16,0.22479105
6,9,2003,2003-12-27,0.15,0.19665587
6,9,2004,2004-07-03,0.24,0.22219752
6,9,2004,2004-07-11,0.22,0.26169354
6,9,2004,2004-07-19,0.22,0.26039988
6,9,2004,2004-07-27,0.21,0.24332252
6,9,2004,2004-08-04,0.21,0.2503601
6,9,2004,2004-08-12,0.24,0.2449621
6,9,2004,2004-08-20,0.24,0.26713634
6,9,2004,2004-08-28,0.28,0.28308383
6,9,2004,2004-09-05,0.46,0.36965382
6,9,2004,2004-09-13,0.52,0.536167
6,9,2004,2004-09-21,0.52,0.5840335
6,9,2004,2004-09-29,0.55,0.55841607
6,9,2004,2004-10-07,0.46,0.5508005
6,9,2004,2004-10-15,0.3,0.4518557
6,9,2004,2004-10-23,0.27,0.28661293
6,9,2004,2004-10-31,0.2,0.20490953
6,9,2004,2004-11-08,0.19,0.18727747
6,9,2004,2004-11-16,0.24,0.20245646
6,9,2004,2004-11-24,0.22,0.2714643
6,9,2004,2004-12-02,0.22,0.26365495
6,9,2004,2004-12-10,0.22,0.25517952
6,9,2004,2004-12-18,0.26,0.2535143
6,9,2004,2004-12-26,0.24,0.27887344
6,9,2005,2005-07-04,0.29,0.27942723
6,9,2005,2005-07-12,0.27,0.26438478
6,9,2005,2005-07-20,0.24,0.2804974
6,9,2005,2005-07-28,0.24,0.26276082
6,9,2005,2005-08-05,0.24,0.26279375
6,9,2005,2005-08-13,0.23,0.2689502
6,9,2005,2005-08-21,0.23,0.27167672
6,9,2005,2005-08-29,0.27,0.2712865
6,9,2005,2005-09-06,0.38,0.31786907
6,9,2005,2005-09-14,0.52,0.46807465
6,9,2005,2005-09-22,0.6,0.58992285
6,9,2005,2005-09-30,0.61,0.6209549
6,9,2005,2005-10-08,0.57,0.6125512
6,9,2005,2005-10-16,0.45,0.55280757
6,9,2005,2005-10-24,0.5,0.40355653
6,9,2005,2005-11-01,0.29,0.41520312
6,9,2005,2005-11-09,0.27,0.27013686
6,9,2005,2005-11-17,0.25,0.23690844
6,9,2005,2005-11-25,0.22,0.2539732
6,9,2005,2005-12-03,0.22,0.25307462
6,9,2005,2005-12-11,0.26,0.25253838
6,9,2005,2005-12-19,0.22,0.2913284
6,9,2005,2005-12-27,0.31,0.27280346
6,9,2006,2006-07-04,0.24,0.24950057
6,9,2006,2006-07-12,0.22,0.24256217
6,9,2006,2006-07-20,0.2,0.25276643
6,9,2006,2006-07-28,0.2,0.23808789
6,9,2006,2006-08-05,0.21,0.23994173
6,9,2006,2006-08-13,0.29,0.25419727
6,9,2006,2006-08-21,0.31,0.3265698
6,9,2006,2006-08-29,0.42,0.34710604
6,9,2006,2006-09-06,0.46,0.45084718
6,9,2006,2006-09-14,0.53,0.50190425
6,9,2006,2006-09-22,0.7,0.57340276
6,9,2006,2006-09-30,0.61,0.69842637
6,9,2006,2006-10-08,0.51,0.61584544
6,9,2006,2006-10-16,0.38,0.5277214
6,9,2006,2006-10-24,0.3,0.3362445
6,9,2006,2006-11-01,0.22,0.28056014
6,9,2006,2006-11-09,0.22,0.19829014
6,9,2006,2006-11-17,0.19,0.21327703
6,9,2006,2006-11-25,0.18,0.21838728
6,9,2006,2006-12-03,0.17,0.21863404
6,9,2006,2006-12-11,0.21,0.21455024
6,9,2006,2006-12-19,0.21,0.265867
6,9,2006,2006-12-27,0.3,0.25570685
6,9,2007,2007-07-04,0.18,0.2167794
6,9,2007,2007-07-12,0.21,0.19691716
6,9,2007,2007-07-20,0.19,0.2362783
6,9,2007,2007-07-28,0.22,0.22769418
6,9,2007,2007-08-05,0.22,0.25610697
6,9,2007,2007-08-13,0.21,0.26043588
6,9,2007,2007-08-21,0.25,0.27469814
6,9,2007,2007-08-29,0.4,0.31140763
6,9,2007,2007-09-06,0.4,0.47726744
6,9,2007,2007-09-14,0.52,0.4764188
6,9,2007,2007-09-22,0.55,0.56926
6,9,2007,2007-09-30,0.58,0.59783864
6,9,2007,2007-10-08,0.51,0.6008516
6,9,2007,2007-10-16,0.41,0.50385344
6,9,2007,2007-10-24,0.38,0.37031043
6,9,2007,2007-11-01,0.22,0.3134905
6,9,2007,2007-11-09,0.27,0.20359367
6,9,2007,2007-11-17,0.24,0.24317905
6,9,2007,2007-11-25,0.2,0.25444332
6,9,2007,2007-12-03,0.21,0.22890015
6,9,2007,2007-12-11,0.18,0.23155987
6,9,2007,2007-12-19,0.16,0.22521941
6,9,2007,2007-12-27,0.17,0.20906557
6,9,2008,2008-07-03,0.22,0.2220695
6,9,2008,2008-07-11,0.21,0.22641101
6,9,2008,2008-07-19,0.19,0.23842914
6,9,2008,2008-07-27,0.18,0.22323298
6,9,2008,2008-08-04,0.2,0.22690332
6,9,2008,2008-08-12,0.21,0.24507865
6,9,2008,2008-08-20,0.24,0.25318637
6,9,2008,2008-08-28,0.28,0.2906812
6,9,2008,2008-09-05,0.54,0.36817005
6,9,2008,2008-09-13,0.56,0.59138095
6,9,2008,2008-09-21,0.55,0.60193217
6,9,2008,2008-09-29,0.44,0.57678294
6,9,2008,2008-10-07,0.36,0.47057432
6,9,2008,2008-10-15,0.23,0.36346686
6,9,2008,2008-10-23,0.26,0.22615236
6,9,2008,2008-10-31,0.24,0.24449095
6,9,2008,2008-11-08,0.22,0.23589675
6,9,2008,2008-11-16,0.17,0.252446
6,9,2008,2008-11-24,0.18,0.21123819
6,9,2008,2008-12-02,0.18,0.21355724
6,9,2008,2008-12-10,0.21,0.22280996
6,9,2008,2008-12-18,0.19,0.24430163
6,9,2008,2008-12-26,0.27,0.22308959
6,9,2009,2009-07-04,0.17,0.22908725
6,9,2009,2009-07-12,0.17,0.21216327
6,9,2009,2009-07-20,0.16,0.21165453
6,9,2009,2009-07-28,0.16,0.20187053
6,9,2009,2009-08-05,0.18,0.20235574
6,9,2009,2009-08-13,0.19,0.22730778
6,9,2009,2009-08-21,0.19,0.2396858
6,9,2009,2009-08-29,0.32,0.2475225
6,9,2009,2009-09-06,0.61,0.37562156
6,9,2009,2009-09-14,0.6,0.6841123
6,9,2009,2009-09-22,0.59,0.6285924
6,9,2009,2009-09-30,0.61,0.6011192
6,9,2009,2009-10-08,0.52,0.5649304
6,9,2009,2009-10-16,0.36,0.47215343
6,9,2009,2009-10-24,0.23,0.31604
6,9,2009,2009-11-01,0.23,0.20051102
6,9,2009,2009-11-09,0.18,0.21235287
6,9,2009,2009-11-17,0.18,0.21228743
6,9,2009,2009-11-25,0.15,0.20544447
6,9,2009,2009-12-03,0.14,0.1901291
6,9,2009,2009-12-11,0.13,0.18556485
6,9,2009,2009-12-19,0.13,0.18880044
6,9,2009,2009-12-27,0.15,0.1834226
6,9,2010,2010-07-04,0.25,0.4972968
6,9,2010,2010-07-12,0.29,0.29045302
6,9,2010,2010-07-20,0.29,0.24018481
6,9,2010,2010-07-28,0.26,0.27809814
6,9,2010,2010-08-05,0.22,0.27776062
6,9,2010,2010-08-13,0.23,0.24369392
6,9,2010,2010-08-21,0.18,0.25526863
6,9,2010,2010-08-29,0.19,0.2190142
6,9,2010,2010-09-06,0.2,0.26342732
6,9,2010,2010-09-14,0.31,0.35534236
6,9,2010,2010-09-22,0.41,0.44005388
6,9,2010,2010-09-30,0.61,0.5121546
6,9,2010,2010-10-08,0.62,0.64925945
6,9,2010,2010-10-16,0.56,0.6099801
6,9,2010,2010-10-24,0.66,0.5326992
6,9,2010,2010-11-01,0.61,0.5538715
6,9,2010,2010-11-09,0.45,0.52656853
6,9,2010,2010-11-17,0.43,0.41449416
6,9,2010,2010-11-25,0.4,0.36077666
6,9,2010,2010-12-03,0.29,0.3445546
6,9,2010,2010-12-11,0.24,0.2761884
6,9,2010,2010-12-19,0.15,0.22504492
6,9,2010,2010-12-27,0.29,0.1691642
6,9,2011,2011-07-04,0.2,0.25413203
6,9,2011,2011-07-12,0.2,0.21319297
6,9,2011,2011-07-20,0.21,0.23341654
6,9,2011,2011-07-28,0.18,0.26044494
6,9,2011,2011-08-05,0.21,0.23467958
6,9,2011,2011-08-13,0.38,0.2452671
6,9,2011,2011-08-21,0.41,0.41005912
6,9,2011,2011-08-29,0.51,0.43032956
6,9,2011,2011-09-06,0.58,0.5034909
6,9,2011,2011-09-14,0.49,0.5439813
6,9,2011,2011-09-22,0.26,0.4882788
6,9,2011,2011-09-30,0.29,0.32197654
6,9,2011,2011-10-08,0.29,0.33932802
6,9,2011,2011-10-16,0.24,0.3725766
6,9,2011,2011-10-24,0.19,0.33137962
6,9,2011,2011-11-01,0.22,0.2863221
6,9,2011,2011-11-09,0.21,0.30447498
6,9,2011,2011-11-17,0.22,0.27329516
6,9,2011,2011-11-25,0.25,0.27524126
6,9,2011,2011-12-03,0.29,0.30399218
6,9,2011,2011-12-11,0.39,0.3222532
6,9,2011,2011-12-19,0.41,0.39916152
6,9,2011,2011-12-27,0.26,0.39827687
6,9,2012,2012-07-03,0.22,0.21209478
6,9,2012,2012-07-11,0.2,0.25446415
6,9,2012,2012-07-19,0.21,0.2409065
6,9,2012,2012-07-27,0.21,0.25235698
6,9,2012,2012-08-04,0.22,0.2418465
6,9,2012,2012-08-12,0.39,0.26016572
6,9,2012,2012-08-20,0.37,0.46577156
6,9,2012,2012-08-28,0.36,0.44782925
6,9,2012,2012-09-05,0.66,0.4421064
6,9,2012,2012-09-13,0.66,0.66717374
6,9,2012,2012-09-21,0.42,0.6324736
6,9,2012,2012-09-29,0.35,0.43467095
6,9,2012,2012-10-07,0.31,0.27390176
6,9,2012,2012-10-15,0.27,0.26533118
6,9,2012,2012-10-23,0.23,0.2729025
6,9,2012,2012-10-31,0.2,0.2347776
6,9,2012,2012-11-08,0.15,0.22622594
6,9,2012,2012-11-16,0.23,0.19348845
6,9,2012,2012-11-24,0.24,0.2690847
6,9,2012,2012-12-02,0.26,0.2929989
6,9,2012,2012-12-10,0.38,0.32188636
6,9,2012,2012-12-18,0.38,0.44832802
6,9,2012,2012-12-26,0.38,0.44669718
7,0,2001,2001-07-04,0.13,0.1703832
7,0,2001,2001-07-12,0.15,0.22402608
7,0,2001,2001-07-20,0.13,0.24229321
7,0,2001,2001-07-28,0.11,0.21098596
7,0,2001,2001-08-05,0.12,0.21852452
7,0,2001,2001-08-13,0.16,0.28966856
7,0,2001,2001-08-21,0.36,0.3389598
7,0,2001,2001-08-29,0.97,0.58059204
7,0,2001,2001-09-06,0.99,1.02285
7,0,2001,2001-09-14,0.98,1.0132444
7,0,2001,2001-09-22,0.99,0.94079554
7,0,2001,2001-09-30,0.98,0.9274618
7,0,2001,2001-10-08,0.98,0.91162646
7,0,2001,2001-10-16,0.98,0.9124606
7,0,2001,2001-10-24,0.97,0.91301423
7,0,2001,2001-11-01,0.97,0.90214247
7,0,2001,2001-11-09,0.92,0.9010687
7,0,2001,2001-11-17,0.85,0.8329256
7,0,2001,2001-11-25,0.81,0.75666887
7,0,2001,2001-12-03,0.77,0.71174324
7,0,2001,2001-12-11,0.72,0.6554549
7,0,2001,2001-12-19,0.61,0.59561265
7,0,2001,2001-12-27,0.49,0.45604458
7,0,2002,2002-07-04,0.04,0.11909251
7,0,2002,2002-07-12,0.08,0.118489325
7,0,2002,2002-07-20,0.11,0.16358855
7,0,2002,2002-07-28,0.11,0.16727473
7,0,2002,2002-08-05,0.18,0.15834431
7,0,2002,2002-08-13,0.23,0.22481741
7,0,2002,2002-08-21,0.54,0.2917695
7,0,2002,2002-08-29,0.81,0.70295906
7,0,2002,2002-09-06,0.95,0.960483
7,0,2002,2002-09-14,0.97,1.0129205
7,0,2002,2002-09-22,0.99,0.9540601
7,0,2002,2002-09-30,0.98,0.9430338
7,0,2002,2002-10-08,0.98,0.909892
7,0,2002,2002-10-16,0.96,0.912611
7,0,2002,2002-10-24,0.97,0.88893926
7,0,2002,2002-11-01,0.96,0.9053745
7,0,2002,2002-11-09,0.93,0.8947796
7,0,2002,2002-11-17,0.85,0.84722507
7,0,2002,2002-11-25,0.77,0.7271215
7,0,2002,2002-12-03,0.68,0.624383
7,0,2002,2002-12-11,0.66,0.51745534
7,0,2002,2002-12-19,0.54,0.52588177
7,0,2002,2002-12-27,0.47,0.40261298
7,0,2003,2003-07-04,0.1,0.058796138
7,0,2003,2003-07-12,0.07,0.15559086
7,0,2003,2003-07-20,0.13,0.13426825
7,0,2003,2003-07-28,0.28,0.1974837
7,0,2003,2003-08-05,0.16,0.34719518
7,0,2003,2003-08-13,0.11,0.2628173
7,0,2003,2003-08-21,0.17,0.1617703
7,0,2003,2003-08-29,0.25,0.31579566
7,0,2003,2003-09-06,0.28,0.46402422
7,0,2003,2003-09-14,0.36,0.5113871
7,0,2003,2003-09-22,0.62,0.5118784
7,0,2003,2003-09-30,0.89,0.7468595
7,0,2003,2003-10-08,0.89,0.93818533
7,0,2003,2003-10-16,0.89,0.911547
7,0,2003,2003-10-24,0.85,0.8647971
7,0,2003,2003-11-01,0.82,0.79412174
7,0,2003,2003-11-09,0.71,0.7581798
7,0,2003,2003-11-17,0.62,0.58888173
7,0,2003,2003-11-25,0.53,0.4373954
7,0,2003,2003-12-03,0.41,0.34106722
7,0,2003,2003-12-11,0.21,0.24660577
7,0,2003,2003-12-19,0.08,0.12039991
7,0,2003,2003-12-27,0.03,0.04585308
7,0,2004,2004-07-03,0.01,0.047254622
7,0,2004,2004-07-11,0.01,0.0884006
7,0,2004,2004-07-19,0.03,0.07427174
7,0,2004,2004-07-27,0.17,0.11274192
7,0,2004,2004-08-04,0.17,0.30629057
7,0,2004,2004-08-12,0.44,0.26678786
7,0,2004,2004-08-20,0.6,0.54261076
7,0,2004,2004-08-28,0.67,0.6938213
7,0,2004,2004-09-05,0.73,0.70962346
7,0,2004,2004-09-13,0.85,0.74384344
7,0,2004,2004-09-21,0.99,0.8483405
7,0,2004,2004-09-29,0.95,0.981283
7,0,2004,2004-10-07,0.95,0.95248806
7,0,2004,2004-10-15,0.89,0.91913754
7,0,2004,2004-10-23,0.81,0.8156525
7,0,2004,2004-10-31,0.81,0.69130844
7,0,2004,2004-11-08,0.68,0.71845615
7,0,2004,2004-11-16,0.59,0.5197393
7,0,2004,2004-11-24,0.41,0.3863668
7,0,2004,2004-12-02,0.25,0.22533067
7,0,2004,2004-12-10,0.12,0.124368116
7,0,2004,2004-12-18,0.04,0.055358917
7,0,2004,2004-12-26,0.03,0.029233038
7,0,2005,2005-07-04,0.03,0.057392597
7,0,2005,2005-07-12,0.08,0.076827675
7,0,2005,2005-07-20,0.07,0.12128568
7,0,2005,2005-07-28,0.06,0.11313078
7,0,2005,2005-08-05,0.04,0.14322685
7,0,2005,2005-08-13,0.15,0.109648496
7,0,2005,2005-08-21,0.54,0.33235213
7,0,2005,2005-08-29,0.82,0.75003326
7,0,2005,2005-09-06,0.89,0.9239582
7,0,2005,2005-09-14,0.93,0.92329973
7,0,2005,2005-09-22,0.96,0.9306256
7,0,2005,2005-09-30,0.95,0.949075
7,0,2005,2005-10-08,0.97,0.8933536
7,0,2005,2005-10-16,0.96,0.91737145
7,0,2005,2005-10-24,0.97,0.8804039
7,0,2005,2005-11-01,0.95,0.88639563
7,0,2005,2005-11-09,0.9,0.87067676
7,0,2005,2005-11-17,0.82,0.7721527
7,0,2005,2005-11-25,0.82,0.6625445
7,0,2005,2005-12-03,0.68,0.65442044
7,0,2005,2005-12-11,0.55,0.47439447
7,0,2005,2005-12-19,0.43,0.34092084
7,0,2005,2005-12-27,0.43,0.26987728
7,0,2006,2006-07-04,0.01,0.07048258
7,0,2006,2006-07-12,0.03,0.0639258
7,0,2006,2006-07-20,0.03,0.09791073
7,0,2006,2006-07-28,0.03,0.08720711
7,0,2006,2006-08-05,0.12,0.08372146
7,0,2006,2006-08-13,0.35,0.15947978
7,0,2006,2006-08-21,0.46,0.47139668
7,0,2006,2006-08-29,0.71,0.684006
7,0,2006,2006-09-06,0.71,0.8627307
7,0,2006,2006-09-14,0.83,0.7887829
7,0,2006,2006-09-22,0.92,0.859887
7,0,2006,2006-09-30,0.92,0.9268579
7,0,2006,2006-10-08,0.93,0.8945559
7,0,2006,2006-10-16,0.95,0.89280105
7,0,2006,2006-10-24,0.94,0.90074736
7,0,2006,2006-11-01,0.93,0.88614243
7,0,2006,2006-11-09,0.86,0.8673311
7,0,2006,2006-11-17,0.83,0.75958335
7,0,2006,2006-11-25,0.72,0.72245824
7,0,2006,2006-12-03,0.57,0.5875246
7,0,2006,2006-12-11,0.43,0.33899924
7,0,2006,2006-12-19,0.31,0.20796856
7,0,2006,2006-12-27,0.17,0.14199
7,0,2007,2007-07-04,0.01,0.055713654
7,0,2007,2007-07-12,0.04,0.06045896
7,0,2007,2007-07-20,0.03,0.09277737
7,0,2007,2007-07-28,0.34,0.07787675
7,0,2007,2007-08-05,0.36,0.4118384
7,0,2007,2007-08-13,0.37,0.48976007
7,0,2007,2007-08-21,0.31,0.5122922
7,0,2007,2007-08-29,0.48,0.38262916
7,0,2007,2007-09-06,0.52,0.6094892
7,0,2007,2007-09-14,0.63,0.60756004
7,0,2007,2007-09-22,0.56,0.7128016
7,0,2007,2007-09-30,0.77,0.6445316
7,0,2007,2007-10-08,0.76,0.79266757
7,0,2007,2007-10-16,0.84,0.7894623
7,0,2007,2007-10-24,0.92,0.853598
7,0,2007,2007-11-01,0.92,0.90986913
7,0,2007,2007-11-09,0.86,0.8861212
7,0,2007,2007-11-17,0.84,0.76879346
7,0,2007,2007-11-25,0.72,0.7541758
7,0,2007,2007-12-03,0.73,0.55245066
7,0,2007,2007-12-11,0.56,0.55754197
7,0,2007,2007-12-19,0.35,0.3664439
7,0,2007,2007-12-27,0.27,0.18187149
7,0,2008,2008-07-03,0.02,0.058401942
7,0,2008,2008-07-11,0.02,0.068602145
7,0,2008,2008-07-19,0.08,0.07561359
7,0,2008,2008-07-27,0.23,0.12626204
7,0,2008,2008-08-04,0.38,0.40686524
7,0,2008,2008-08-12,0.54,0.552112
7,0,2008,2008-08-20,0.6,0.67300653
7,0,2008,2008-08-28,0.73,0.6123231
7,0,2008,2008-09-05,0.8,0.76936895
7,0,2008,2008-09-13,0.77,0.82564235
7,0,2008,2008-09-21,0.75,0.7800471
7,0,2008,2008-09-29,0.85,0.70665085
7,0,2008,2008-10-07,0.88,0.845515
7,0,2008,2008-10-15,0.89,0.8622932
7,0,2008,2008-10-23,0.9,0.8786376
7,0,2008,2008-10-31,0.87,0.87772965
7,0,2008,2008-11-08,0.82,0.8217615
7,0,2008,2008-11-16,0.8,0.73442394
7,0,2008,2008-11-24,0.76,0.72064644
7,0,2008,2008-12-02,0.66,0.6528357
7,0,2008,2008-12-10,0.65,0.5363872
7,0,2008,2008-12-18,0.55,0.49329314
7,0,2008,2008-12-26,0.42,0.37418497
7,0,2009,2009-07-04,0.01,0.07048258
7,0,2009,2009-07-12,0.01,0.06088239
7,0,2009,2009-07-20,0.09,0.061098427
7,0,2009,2009-07-28,0.13,0.15485176
7,0,2009,2009-08-05,0.21,0.2443855
7,0,2009,2009-08-13,0.35,0.38044924
7,0,2009,2009-08-21,0.35,0.5430054
7,0,2009,2009-08-29,0.61,0.4929692
7,0,2009,2009-09-06,0.75,0.7417785
7,0,2009,2009-09-14,0.71,0.82765865
7,0,2009,2009-09-22,0.84,0.7371241
7,0,2009,2009-09-30,0.83,0.8280786
7,0,2009,2009-10-08,0.86,0.8289257
7,0,2009,2009-10-16,0.91,0.85226905
7,0,2009,2009-10-24,0.87,0.88970715
7,0,2009,2009-11-01,0.89,0.82155895
7,0,2009,2009-11-09,0.82,0.8405763
7,0,2009,2009-11-17,0.75,0.7269658
7,0,2009,2009-11-25,0.65,0.63414896
7,0,2009,2009-12-03,0.56,0.4970886
7,0,2009,2009-12-11,0.44,0.3814274
7,0,2009,2009-12-19,0.18,0.29138285
7,0,2009,2009-12-27,0.07,0.10337347
7,0,2010,2010-07-04,0.01,0.06460875
7,0,2010,2010-07-12,0.04,0.0588367
7,0,2010,2010-07-20,0.02,0.08591348
7,0,2010,2010-07-28,0.1,0.08672482
7,0,2010,2010-08-05,0.2,0.17751718
7,0,2010,2010-08-13,0.24,0.30968094
7,0,2010,2010-08-21,0.38,0.39819756
7,0,2010,2010-08-29,0.37,0.5068052
7,0,2010,2010-09-06,0.44,0.50901955
7,0,2010,2010-09-14,0.48,0.55689454
7,0,2010,2010-09-22,0.46,0.5574517
7,0,2010,2010-09-30,0.67,0.54221797
7,0,2010,2010-10-08,0.79,0.7134899
7,0,2010,2010-10-16,0.85,0.8432408
7,0,2010,2010-10-24,0.83,0.87904483
7,0,2010,2010-11-01,0.81,0.80813605
7,0,2010,2010-11-09,0.75,0.7701359
7,0,2010,2010-11-17,0.71,0.6583589
7,0,2010,2010-11-25,0.66,0.5969057
7,0,2010,2010-12-03,0.59,0.52923834
7,0,2010,2010-12-11,0.48,0.4523195
7,0,2010,2010-12-19,0.18,0.3308031
7,0,2010,2010-12-27,0.14,0.08503392
7,0,2011,2011-07-04,0.07,0.05265221
7,0,2011,2011-07-12,0.08,0.11672942
7,0,2011,2011-07-20,0.09,0.1291154
7,0,2011,2011-07-28,0.35,0.12863763
7,0,2011,2011-08-05,0.33,0.43825018
7,0,2011,2011-08-13,0.38,0.4593909
7,0,2011,2011-08-21,0.65,0.4678884
7,0,2011,2011-08-29,0.86,0.72889346
7,0,2011,2011-09-06,0.87,0.8875388
7,0,2011,2011-09-14,0.89,0.85750556
7,0,2011,2011-09-22,0.98,0.8566721
7,0,2011,2011-09-30,0.98,0.9219842
7,0,2011,2011-10-08,0.99,0.9412279
7,0,2011,2011-10-16,0.98,0.9480434
7,0,2011,2011-10-24,0.97,0.9268732
7,0,2011,2011-11-01,0.97,0.8960707
7,0,2011,2011-11-09,0.97,0.8938865
7,0,2011,2011-11-17,0.93,0.8824763
7,0,2011,2011-11-25,0.87,0.83089626
7,0,2011,2011-12-03,0.82,0.7513461
7,0,2011,2011-12-11,0.72,0.6905786
7,0,2011,2011-12-19,0.56,0.54497087
7,0,2011,2011-12-27,0.46,0.2962861
7,0,2012,2012-07-03,0.04,0.049612552
7,0,2012,2012-07-11,0.07,0.10856557
7,0,2012,2012-07-19,0.06,0.13260809
7,0,2012,2012-07-27,0.1,0.12420289
7,0,2012,2012-08-04,0.1,0.24501929
7,0,2012,2012-08-12,0.11,0.20722471
7,0,2012,2012-08-20,0.15,0.24079579
7,0,2012,2012-08-28,0.27,0.33598453
7,0,2012,2012-09-05,0.58,0.49452627
7,0,2012,2012-09-13,0.72,0.77303946
7,0,2012,2012-09-21,0.69,0.80210674
7,0,2012,2012-09-29,0.88,0.7539753
7,0,2012,2012-10-07,0.91,0.8929195
7,0,2012,2012-10-15,0.95,0.9084333
7,0,2012,2012-10-23,0.87,0.92702895
7,0,2012,2012-10-31,0.82,0.78754526
7,0,2012,2012-11-08,0.76,0.7342894
7,0,2012,2012-11-16,0.54,0.6726322
7,0,2012,2012-11-24,0.49,0.334516
7,0,2012,2012-12-02,0.33,0.26877248
7,0,2012,2012-12-10,0.12,0.17191362
7,0,2012,2012-12-18,0.08,0.060872793
7,0,2012,2012-12-26,0.01,0.030305475
7,1,2001,2001-07-04,0.21,0.25929976
7,1,2001,2001-07-12,0.25,0.3201907
7,1,2001,2001-07-20,0.23,0.36198008
7,1,2001,2001-07-28,0.31,0.32223433
7,1,2001,2001-08-05,0.35,0.45743087
7,1,2001,2001-08-13,0.43,0.48889345
7,1,2001,2001-08-21,0.6,0.5450982
7,1,2001,2001-08-29,0.97,0.6940005
7,1,2001,2001-09-06,0.97,0.96340543
7,1,2001,2001-09-14,0.95,0.9342346
7,1,2001,2001-09-22,0.97,0.9296728
7,1,2001,2001-09-30,0.95,0.9085767
7,1,2001,2001-10-08,0.94,0.8887676
7,1,2001,2001-10-16,0.96,0.8706558
7,1,2001,2001-10-24,0.95,0.89899325
7,1,2001,2001-11-01,0.95,0.88055176
7,1,2001,2001-11-09,0.97,0.8798401
7,1,2001,2001-11-17,0.96,0.90493226
7,1,2001,2001-11-25,0.94,0.8853257
7,1,2001,2001-12-03,0.91,0.8697767
7,1,2001,2001-12-11,0.9,0.8240303
7,1,2001,2001-12-19,0.85,0.83174634
7,1,2001,2001-12-27,0.76,0.7647884
7,1,2002,2002-07-04,0.04,0.12672792
7,1,2002,2002-07-12,0.13,0.14026971
7,1,2002,2002-07-20,0.33,0.2475889
7,1,2002,2002-07-28,0.29,0.44435292
7,1,2002,2002-08-05,0.37,0.41753152
7,1,2002,2002-08-13,0.61,0.43915686
7,1,2002,2002-08-21,0.68,0.6842139
7,1,2002,2002-08-29,0.91,0.73935235
7,1,2002,2002-09-06,0.97,0.95351785
7,1,2002,2002-09-14,0.99,0.97256625
7,1,2002,2002-09-22,0.99,0.9479569
7,1,2002,2002-09-30,0.99,0.9228557
7,1,2002,2002-10-08,0.96,0.91094685
7,1,2002,2002-10-16,0.95,0.8757897
7,1,2002,2002-10-24,0.94,0.87804896
7,1,2002,2002-11-01,0.95,0.8688235
7,1,2002,2002-11-09,0.95,0.8873411
7,1,2002,2002-11-17,0.93,0.89055777
7,1,2002,2002-11-25,0.91,0.8606205
7,1,2002,2002-12-03,0.89,0.83678454
7,1,2002,2002-12-11,0.86,0.8137034
7,1,2002,2002-12-19,0.81,0.7845081
7,1,2002,2002-12-27,0.67,0.7117219
7,1,2003,2003-07-04,0.05,0.052449316
7,1,2003,2003-07-12,0.08,0.1065768
7,1,2003,2003-07-20,0.08,0.15803327
7,1,2003,2003-07-28,0.23,0.21970181
7,1,2003,2003-08-05,0.26,0.34297356
7,1,2003,2003-08-13,0.18,0.3949593
7,1,2003,2003-08-21,0.32,0.33760977
7,1,2003,2003-08-29,0.43,0.45408756
7,1,2003,2003-09-06,0.37,0.60616434
7,1,2003,2003-09-14,0.53,0.47479406
7,1,2003,2003-09-22,0.59,0.6212081
7,1,2003,2003-09-30,0.81,0.67413366
7,1,2003,2003-10-08,0.82,0.8463769
7,1,2003,2003-10-16,0.79,0.83861816
7,1,2003,2003-10-24,0.77,0.7675825
7,1,2003,2003-11-01,0.78,0.7126084
7,1,2003,2003-11-09,0.69,0.7410724
7,1,2003,2003-11-17,0.65,0.62018955
7,1,2003,2003-11-25,0.63,0.55474126
7,1,2003,2003-12-03,0.54,0.54898757
7,1,2003,2003-12-11,0.39,0.46628147
7,1,2003,2003-12-19,0.18,0.2787953
7,1,2003,2003-12-27,0.08,0.09022421
7,1,2004,2004-07-03,0.02,0.048187315
7,1,2004,2004-07-11,0.03,0.08188176
7,1,2004,2004-07-19,0.01,0.095455766
7,1,2004,2004-07-27,0.2,0.074281365
7,1,2004,2004-08-04,0.25,0.32202247
7,1,2004,2004-08-12,0.49,0.37112
7,1,2004,2004-08-20,0.57,0.60600805
7,1,2004,2004-08-28,0.72,0.64306235
7,1,2004,2004-09-05,0.73,0.7611567
7,1,2004,2004-09-13,0.84,0.7241982
7,1,2004,2004-09-21,0.9,0.8271245
7,1,2004,2004-09-29,0.86,0.8787052
7,1,2004,2004-10-07,0.83,0.8564694
7,1,2004,2004-10-15,0.79,0.78646207
7,1,2004,2004-10-23,0.78,0.7153266
7,1,2004,2004-10-31,0.77,0.7029327
7,1,2004,2004-11-08,0.73,0.7125172
7,1,2004,2004-11-16,0.65,0.6434802
7,1,2004,2004-11-24,0.61,0.52949905
7,1,2004,2004-12-02,0.43,0.48734188
7,1,2004,2004-12-10,0.23,0.2995386
7,1,2004,2004-12-18,0.07,0.112703204
7,1,2004,2004-12-26,0.08,0.03271401
7,1,2005,2005-07-04,0.03,0.06508416
7,1,2005,2005-07-12,0.08,0.0770123
7,1,2005,2005-07-20,0.05,0.12539159
7,1,2005,2005-07-28,0.09,0.084915906
7,1,2005,2005-08-05,0.18,0.18597348
7,1,2005,2005-08-13,0.32,0.2782755
7,1,2005,2005-08-21,0.65,0.5240272
7,1,2005,2005-08-29,0.83,0.7991906
7,1,2005,2005-09-06,0.86,0.8927
7,1,2005,2005-09-14,0.87,0.86113966
7,1,2005,2005-09-22,0.91,0.861494
7,1,2005,2005-09-30,0.88,0.88555163
7,1,2005,2005-10-08,0.84,0.81823957
7,1,2005,2005-10-16,0.85,0.75590986
7,1,2005,2005-10-24,0.86,0.7717595
7,1,2005,2005-11-01,0.86,0.8008811
7,1,2005,2005-11-09,0.85,0.802075
7,1,2005,2005-11-17,0.83,0.77909464
7,1,2005,2005-11-25,0.84,0.73630834
7,1,2005,2005-12-03,0.79,0.7544491
7,1,2005,2005-12-11,0.74,0.649196
7,1,2005,2005-12-19,0.74,0.5463482
7,1,2005,2005-12-27,0.6,0.5479809
7,1,2006,2006-07-04,0.02,0.18379505
7,1,2006,2006-07-12,0.04,0.081893265
7,1,2006,2006-07-20,0.02,0.09786561
7,1,2006,2006-07-28,0.04,0.054267943
7,1,2006,2006-08-05,0.34,0.10227725
7,1,2006,2006-08-13,0.52,0.45553532
7,1,2006,2006-08-21,0.51,0.6893189
7,1,2006,2006-08-29,0.73,0.6544141
7,1,2006,2006-09-06,0.71,0.82814497
7,1,2006,2006-09-14,0.78,0.7645459
7,1,2006,2006-09-22,0.74,0.78993773
7,1,2006,2006-09-30,0.81,0.7263304
7,1,2006,2006-10-08,0.81,0.7888225
7,1,2006,2006-10-16,0.84,0.7738075
7,1,2006,2006-10-24,0.83,0.8081353
7,1,2006,2006-11-01,0.86,0.78874016
7,1,2006,2006-11-09,0.82,0.8223415
7,1,2006,2006-11-17,0.79,0.7598239
7,1,2006,2006-11-25,0.72,0.715853
7,1,2006,2006-12-03,0.68,0.62841034
7,1,2006,2006-12-11,0.59,0.5728847
7,1,2006,2006-12-19,0.53,0.4625108
7,1,2006,2006-12-27,0.37,0.41091633
7,1,2007,2007-07-04,0.01,0.09186545
7,1,2007,2007-07-12,0.01,0.057765394
7,1,2007,2007-07-20,0.0,0.06584996
7,1,2007,2007-07-28,0.21,0.044070512
7,1,2007,2007-08-05,0.45,0.26477504
7,1,2007,2007-08-13,0.45,0.6463915
7,1,2007,2007-08-21,0.45,0.6215054
7,1,2007,2007-08-29,0.54,0.5055337
7,1,2007,2007-09-06,0.59,0.6122775
7,1,2007,2007-09-14,0.72,0.6565521
7,1,2007,2007-09-22,0.57,0.7610453
7,1,2007,2007-09-30,0.75,0.5813713
7,1,2007,2007-10-08,0.77,0.7152015
7,1,2007,2007-10-16,0.8,0.77344847
7,1,2007,2007-10-24,0.85,0.8000618
7,1,2007,2007-11-01,0.83,0.8277707
7,1,2007,2007-11-09,0.79,0.7971084
7,1,2007,2007-11-17,0.8,0.71942407
7,1,2007,2007-11-25,0.76,0.73113
7,1,2007,2007-12-03,0.79,0.67231727
7,1,2007,2007-12-11,0.72,0.71638656
7,1,2007,2007-12-19,0.55,0.61599827
7,1,2007,2007-12-27,0.55,0.3795084
7,1,2008,2008-07-03,0.01,0.07540178
7,1,2008,2008-07-11,0.01,0.055324525
7,1,2008,2008-07-19,0.14,0.057765007
7,1,2008,2008-07-27,0.44,0.17443675
7,1,2008,2008-08-04,0.52,0.5937375
7,1,2008,2008-08-12,0.69,0.69411767
7,1,2008,2008-08-20,0.73,0.76043886
7,1,2008,2008-08-28,0.78,0.7359871
7,1,2008,2008-09-05,0.81,0.7759583
7,1,2008,2008-09-13,0.83,0.7973801
7,1,2008,2008-09-21,0.83,0.8246654
7,1,2008,2008-09-29,0.83,0.76078194
7,1,2008,2008-10-07,0.87,0.8018644
7,1,2008,2008-10-15,0.84,0.83580613
7,1,2008,2008-10-23,0.89,0.7991649
7,1,2008,2008-10-31,0.84,0.8572889
7,1,2008,2008-11-08,0.85,0.7729182
7,1,2008,2008-11-16,0.86,0.7825388
7,1,2008,2008-11-24,0.83,0.8053129
7,1,2008,2008-12-02,0.85,0.75674284
7,1,2008,2008-12-10,0.84,0.7981928
7,1,2008,2008-12-18,0.79,0.76749444
7,1,2008,2008-12-26,0.71,0.6553685
7,1,2009,2009-07-04,0.01,0.06645638
7,1,2009,2009-07-12,0.01,0.057384133
7,1,2009,2009-07-20,0.22,0.05824262
7,1,2009,2009-07-28,0.26,0.3133423
7,1,2009,2009-08-05,0.41,0.45877594
7,1,2009,2009-08-13,0.54,0.59347403
7,1,2009,2009-08-21,0.54,0.6745973
7,1,2009,2009-08-29,0.79,0.6006835
7,1,2009,2009-09-06,0.83,0.8187191
7,1,2009,2009-09-14,0.84,0.85143733
7,1,2009,2009-09-22,0.89,0.8308169
7,1,2009,2009-09-30,0.88,0.8575059
7,1,2009,2009-10-08,0.9,0.8304862
7,1,2009,2009-10-16,0.92,0.857952
7,1,2009,2009-10-24,0.92,0.863618
7,1,2009,2009-11-01,0.92,0.87199825
7,1,2009,2009-11-09,0.88,0.84867406
7,1,2009,2009-11-17,0.9,0.8046832
7,1,2009,2009-11-25,0.83,0.8396057
7,1,2009,2009-12-03,0.79,0.7372582
7,1,2009,2009-12-11,0.68,0.70344603
7,1,2009,2009-12-19,0.31,0.5515659
7,1,2009,2009-12-27,0.17,0.15156643
7,1,2010,2010-07-04,0.01,0.060732692
7,1,2010,2010-07-12,0.01,0.058775693
7,1,2010,2010-07-20,0.0,0.05834624
7,1,2010,2010-07-28,0.06,0.11597349
7,1,2010,2010-08-05,0.24,0.17492451
7,1,2010,2010-08-13,0.26,0.4278099
7,1,2010,2010-08-21,0.45,0.44743857
7,1,2010,2010-08-29,0.67,0.60295814
7,1,2010,2010-09-06,0.53,0.794503
7,1,2010,2010-09-14,0.72,0.59393287
7,1,2010,2010-09-22,0.7,0.7238461
7,1,2010,2010-09-30,0.77,0.7244216
7,1,2010,2010-10-08,0.87,0.7782632
7,1,2010,2010-10-16,0.87,0.8672483
7,1,2010,2010-10-24,0.9,0.8522152
7,1,2010,2010-11-01,0.89,0.8664762
7,1,2010,2010-11-09,0.87,0.8393817
7,1,2010,2010-11-17,0.85,0.7997689
7,1,2010,2010-11-25,0.82,0.78779805
7,1,2010,2010-12-03,0.8,0.73341984
7,1,2010,2010-12-11,0.68,0.7145794
7,1,2010,2010-12-19,0.44,0.5132394
7,1,2010,2010-12-27,0.28,0.16596742
7,1,2011,2011-07-04,0.12,0.06999332
7,1,2011,2011-07-12,0.16,0.16105406
7,1,2011,2011-07-20,0.11,0.19732942
7,1,2011,2011-07-28,0.55,0.14131154
7,1,2011,2011-08-05,0.56,0.60907364
7,1,2011,2011-08-13,0.79,0.685735
7,1,2011,2011-08-21,0.9,0.83270705
7,1,2011,2011-08-29,0.97,0.8998029
7,1,2011,2011-09-06,0.97,0.95428413
7,1,2011,2011-09-14,0.98,0.89010644
7,1,2011,2011-09-22,0.98,0.92821974
7,1,2011,2011-09-30,0.99,0.8896154
7,1,2011,2011-10-08,0.98,0.92428315
7,1,2011,2011-10-16,0.98,0.91585326
7,1,2011,2011-10-24,0.98,0.90639085
7,1,2011,2011-11-01,0.98,0.91114974
7,1,2011,2011-11-09,0.98,0.90225327
7,1,2011,2011-11-17,0.98,0.8993872
7,1,2011,2011-11-25,0.97,0.8966472
7,1,2011,2011-12-03,0.97,0.8811027
7,1,2011,2011-12-11,0.95,0.8839413
7,1,2011,2011-12-19,0.91,0.83356845
7,1,2011,2011-12-27,0.82,0.7317019
7,1,2012,2012-07-03,0.02,0.0543181
7,1,2012,2012-07-11,0.1,0.103511274
7,1,2012,2012-07-19,0.12,0.18866216
7,1,2012,2012-07-27,0.14,0.18649177
7,1,2012,2012-08-04,0.12,0.35863927
7,1,2012,2012-08-12,0.12,0.26653478
7,1,2012,2012-08-20,0.22,0.3465975
7,1,2012,2012-08-28,0.66,0.41126096
7,1,2012,2012-09-05,0.8,0.8499726
7,1,2012,2012-09-13,0.88,0.8666804
7,1,2012,2012-09-21,0.87,0.8935766
7,1,2012,2012-09-29,0.97,0.85091555
7,1,2012,2012-10-07,0.96,0.9363781
7,1,2012,2012-10-15,0.97,0.9009574
7,1,2012,2012-10-23,0.96,0.9090879
7,1,2012,2012-10-31,0.94,0.8907804
7,1,2012,2012-11-08,0.92,0.8689357
7,1,2012,2012-11-16,0.82,0.8506595
7,1,2012,2012-11-24,0.76,0.71092814
7,1,2012,2012-12-02,0.63,0.640977
7,1,2012,2012-12-10,0.29,0.47180024
7,1,2012,2012-12-18,0.17,0.1136297
7,1,2012,2012-12-26,0.01,0.06538275
7,2,2001,2001-07-04,0.16,0.19821867
7,2,2001,2001-07-12,0.19,0.22359408
7,2,2001,2001-07-20,0.15,0.27238643
7,2,2001,2001-07-28,0.25,0.23183468
7,2,2001,2001-08-05,0.26,0.38248792
7,2,2001,2001-08-13,0.24,0.37740052
7,2,2001,2001-08-21,0.47,0.33694777
7,2,2001,2001-08-29,0.73,0.529698
7,2,2001,2001-09-06,0.82,0.825678
7,2,2001,2001-09-14,0.83,0.7908651
7,2,2001,2001-09-22,0.87,0.846043
7,2,2001,2001-09-30,0.88,0.8615806
7,2,2001,2001-10-08,0.92,0.85945
7,2,2001,2001-10-16,0.93,0.8774934
7,2,2001,2001-10-24,0.9,0.8760123
7,2,2001,2001-11-01,0.9,0.824502
7,2,2001,2001-11-09,0.85,0.8331944
7,2,2001,2001-11-17,0.89,0.7669909
7,2,2001,2001-11-25,0.86,0.8320786
7,2,2001,2001-12-03,0.81,0.8027591
7,2,2001,2001-12-11,0.77,0.722713
7,2,2001,2001-12-19,0.64,0.6757113
7,2,2001,2001-12-27,0.46,0.47011322
7,2,2002,2002-07-04,0.05,0.11439434
7,2,2002,2002-07-12,0.16,0.12876496
7,2,2002,2002-07-20,0.21,0.25395942
7,2,2002,2002-07-28,0.2,0.2730634
7,2,2002,2002-08-05,0.31,0.28834563
7,2,2002,2002-08-13,0.47,0.3739253
7,2,2002,2002-08-21,0.47,0.53802603
7,2,2002,2002-08-29,0.67,0.54687244
7,2,2002,2002-09-06,0.66,0.76542133
7,2,2002,2002-09-14,0.77,0.7244532
7,2,2002,2002-09-22,0.83,0.784037
7,2,2002,2002-09-30,0.87,0.83204496
7,2,2002,2002-10-08,0.9,0.85156184
7,2,2002,2002-10-16,0.87,0.86896884
7,2,2002,2002-10-24,0.87,0.8145727
7,2,2002,2002-11-01,0.86,0.8026565
7,2,2002,2002-11-09,0.85,0.7951989
7,2,2002,2002-11-17,0.78,0.7731143
7,2,2002,2002-11-25,0.73,0.6970494
7,2,2002,2002-12-03,0.65,0.6246966
7,2,2002,2002-12-11,0.64,0.51668715
7,2,2002,2002-12-19,0.46,0.52056634
7,2,2002,2002-12-27,0.23,0.3072547
7,2,2003,2003-07-04,0.01,0.05801484
7,2,2003,2003-07-12,0.05,0.06542969
7,2,2003,2003-07-20,0.02,0.13978681
7,2,2003,2003-07-28,0.05,0.116050646
7,2,2003,2003-08-05,0.13,0.13700463
7,2,2003,2003-08-13,0.06,0.24448225
7,2,2003,2003-08-21,0.18,0.21008901
7,2,2003,2003-08-29,0.31,0.3224728
7,2,2003,2003-09-06,0.24,0.50265384
7,2,2003,2003-09-14,0.48,0.39232737
7,2,2003,2003-09-22,0.62,0.615324
7,2,2003,2003-09-30,0.66,0.70990515
7,2,2003,2003-10-08,0.66,0.7086029
7,2,2003,2003-10-16,0.65,0.6932819
7,2,2003,2003-10-24,0.52,0.63806766
7,2,2003,2003-11-01,0.55,0.45716155
7,2,2003,2003-11-09,0.41,0.46002254
7,2,2003,2003-11-17,0.43,0.35405886
7,2,2003,2003-11-25,0.36,0.3523623
7,2,2003,2003-12-03,0.31,0.2953382
7,2,2003,2003-12-11,0.21,0.26311475
7,2,2003,2003-12-19,0.11,0.17595196
7,2,2003,2003-12-27,0.03,0.08218187
7,2,2004,2004-07-03,0.01,0.047514766
7,2,2004,2004-07-11,0.02,0.057518095
7,2,2004,2004-07-19,0.01,0.078180104
7,2,2004,2004-07-27,0.09,0.057311177
7,2,2004,2004-08-04,0.12,0.14170782
7,2,2004,2004-08-12,0.23,0.18694687
7,2,2004,2004-08-20,0.38,0.27690268
7,2,2004,2004-08-28,0.58,0.48218024
7,2,2004,2004-09-05,0.61,0.690241
7,2,2004,2004-09-13,0.72,0.6101584
7,2,2004,2004-09-21,0.76,0.73548293
7,2,2004,2004-09-29,0.72,0.78491545
7,2,2004,2004-10-07,0.67,0.7191417
7,2,2004,2004-10-15,0.56,0.6210085
7,2,2004,2004-10-23,0.58,0.45894897
7,2,2004,2004-10-31,0.58,0.4466054
7,2,2004,2004-11-08,0.5,0.51244754
7,2,2004,2004-11-16,0.44,0.43581045
7,2,2004,2004-11-24,0.41,0.35529733
7,2,2004,2004-12-02,0.23,0.32392973
7,2,2004,2004-12-10,0.1,0.18356632
7,2,2004,2004-12-18,0.05,0.07758212
7,2,2004,2004-12-26,0.07,0.047899365
7,2,2005,2005-07-04,0.02,0.045665383
7,2,2005,2005-07-12,0.04,0.06089917
7,2,2005,2005-07-20,0.01,0.08429304
7,2,2005,2005-07-28,0.08,0.052523017
7,2,2005,2005-08-05,0.08,0.14452584
7,2,2005,2005-08-13,0.18,0.14076339
7,2,2005,2005-08-21,0.37,0.288394
7,2,2005,2005-08-29,0.57,0.5266118
7,2,2005,2005-09-06,0.65,0.7288892
7,2,2005,2005-09-14,0.72,0.7039437
7,2,2005,2005-09-22,0.69,0.748823
7,2,2005,2005-09-30,0.68,0.7048427
7,2,2005,2005-10-08,0.64,0.64767563
7,2,2005,2005-10-16,0.61,0.5656321
7,2,2005,2005-10-24,0.59,0.5028186
7,2,2005,2005-11-01,0.55,0.5053285
7,2,2005,2005-11-09,0.56,0.49930555
7,2,2005,2005-11-17,0.51,0.5003496
7,2,2005,2005-11-25,0.55,0.44479755
7,2,2005,2005-12-03,0.5,0.4827754
7,2,2005,2005-12-11,0.39,0.41759217
7,2,2005,2005-12-19,0.47,0.2717749
7,2,2005,2005-12-27,0.28,0.33111483
7,2,2006,2006-07-04,0.02,0.055627227
7,2,2006,2006-07-12,0.04,0.062169433
7,2,2006,2006-07-20,0.02,0.08651152
7,2,2006,2006-07-28,0.03,0.0584397
7,2,2006,2006-08-05,0.14,0.09215623
7,2,2006,2006-08-13,0.27,0.19050491
7,2,2006,2006-08-21,0.34,0.37470096
7,2,2006,2006-08-29,0.56,0.49609643
7,2,2006,2006-09-06,0.57,0.70411444
7,2,2006,2006-09-14,0.64,0.6348796
7,2,2006,2006-09-22,0.64,0.67565274
7,2,2006,2006-09-30,0.77,0.65194976
7,2,2006,2006-10-08,0.78,0.7532313
7,2,2006,2006-10-16,0.83,0.75185454
7,2,2006,2006-10-24,0.78,0.78172
7,2,2006,2006-11-01,0.73,0.70378196
7,2,2006,2006-11-09,0.66,0.62646323
7,2,2006,2006-11-17,0.57,0.5449207
7,2,2006,2006-11-25,0.5,0.4438239
7,2,2006,2006-12-03,0.47,0.39705995
7,2,2006,2006-12-11,0.41,0.3859927
7,2,2006,2006-12-19,0.33,0.32880098
7,2,2006,2006-12-27,0.18,0.28478688
7,2,2007,2007-07-04,0.06,0.062089324
7,2,2007,2007-07-12,0.01,0.08602071
7,2,2007,2007-07-20,0.01,0.04703656
7,2,2007,2007-07-28,0.21,0.053860784
7,2,2007,2007-08-05,0.25,0.24826202
7,2,2007,2007-08-13,0.24,0.34135708
7,2,2007,2007-08-21,0.2,0.36102057
7,2,2007,2007-08-29,0.38,0.27424008
7,2,2007,2007-09-06,0.41,0.51854384
7,2,2007,2007-09-14,0.52,0.51118535
7,2,2007,2007-09-22,0.44,0.5931472
7,2,2007,2007-09-30,0.61,0.48597938
7,2,2007,2007-10-08,0.72,0.6427416
7,2,2007,2007-10-16,0.74,0.7633218
7,2,2007,2007-10-24,0.64,0.76467067
7,2,2007,2007-11-01,0.58,0.60450983
7,2,2007,2007-11-09,0.46,0.45898846
7,2,2007,2007-11-17,0.48,0.31028977
7,2,2007,2007-11-25,0.44,0.34002435
7,2,2007,2007-12-03,0.47,0.35549083
7,2,2007,2007-12-11,0.4,0.4222409
7,2,2007,2007-12-19,0.29,0.36302787
7,2,2007,2007-12-27,0.24,0.23173437
7,2,2008,2008-07-03,0.05,0.080450416
7,2,2008,2008-07-11,0.01,0.07618275
7,2,2008,2008-07-19,0.05,0.03508252
7,2,2008,2008-07-27,0.13,0.083439976
7,2,2008,2008-08-04,0.22,0.22920956
7,2,2008,2008-08-12,0.34,0.3334276
7,2,2008,2008-08-20,0.48,0.4532364
7,2,2008,2008-08-28,0.54,0.54435796
7,2,2008,2008-09-05,0.6,0.5918509
7,2,2008,2008-09-13,0.63,0.6221988
7,2,2008,2008-09-21,0.65,0.65272504
7,2,2008,2008-09-29,0.75,0.63495404
7,2,2008,2008-10-07,0.77,0.74682933
7,2,2008,2008-10-15,0.6,0.7840923
7,2,2008,2008-10-23,0.56,0.5764594
7,2,2008,2008-10-31,0.5,0.41305128
7,2,2008,2008-11-08,0.51,0.35306332
7,2,2008,2008-11-16,0.48,0.39665347
7,2,2008,2008-11-24,0.43,0.42277727
7,2,2008,2008-12-02,0.47,0.39122623
7,2,2008,2008-12-10,0.44,0.43769273
7,2,2008,2008-12-18,0.39,0.41940656
7,2,2008,2008-12-26,0.31,0.3295413
7,2,2009,2009-07-04,0.05,0.11885396
7,2,2009,2009-07-12,0.04,0.07475701
7,2,2009,2009-07-20,0.19,0.059607923
7,2,2009,2009-07-28,0.11,0.22163548
7,2,2009,2009-08-05,0.21,0.17580137
7,2,2009,2009-08-13,0.31,0.3022696
7,2,2009,2009-08-21,0.31,0.42354885
7,2,2009,2009-08-29,0.42,0.447455
7,2,2009,2009-09-06,0.56,0.51634395
7,2,2009,2009-09-14,0.56,0.6348723
7,2,2009,2009-09-22,0.68,0.5988353
7,2,2009,2009-09-30,0.67,0.6978628
7,2,2009,2009-10-08,0.78,0.69901323
7,2,2009,2009-10-16,0.76,0.783496
7,2,2009,2009-10-24,0.66,0.70217896
7,2,2009,2009-11-01,0.65,0.54849094
7,2,2009,2009-11-09,0.59,0.5004524
7,2,2009,2009-11-17,0.52,0.49590743
7,2,2009,2009-11-25,0.44,0.44040638
7,2,2009,2009-12-03,0.36,0.34644377
7,2,2009,2009-12-11,0.27,0.29277587
7,2,2009,2009-12-19,0.14,0.22484006
7,2,2009,2009-12-27,0.07,0.12319702
7,2,2010,2010-07-04,0.09,0.1661009
7,2,2010,2010-07-12,0.07,0.10935381
7,2,2010,2010-07-20,0.03,0.08008018
7,2,2010,2010-07-28,0.03,0.10459849
7,2,2010,2010-08-05,0.16,0.07706794
7,2,2010,2010-08-13,0.13,0.25485283
7,2,2010,2010-08-21,0.23,0.23650917
7,2,2010,2010-08-29,0.37,0.34160814
7,2,2010,2010-09-06,0.33,0.49909884
7,2,2010,2010-09-14,0.47,0.45402944
7,2,2010,2010-09-22,0.48,0.53977025
7,2,2010,2010-09-30,0.68,0.5510076
7,2,2010,2010-10-08,0.79,0.7276722
7,2,2010,2010-10-16,0.62,0.8233126
7,2,2010,2010-10-24,0.66,0.62956846
7,2,2010,2010-11-01,0.42,0.552221
7,2,2010,2010-11-09,0.35,0.27893817
7,2,2010,2010-11-17,0.33,0.21013558
7,2,2010,2010-11-25,0.29,0.19808897
7,2,2010,2010-12-03,0.31,0.23858513
7,2,2010,2010-12-11,0.22,0.2682818
7,2,2010,2010-12-19,0.13,0.18463401
7,2,2010,2010-12-27,0.1,0.09103605
7,2,2011,2011-07-04,0.02,0.079167485
7,2,2011,2011-07-12,0.03,0.07676548
7,2,2011,2011-07-20,0.02,0.058525354
7,2,2011,2011-07-28,0.21,0.0580422
7,2,2011,2011-08-05,0.19,0.24892595
7,2,2011,2011-08-13,0.3,0.27321693
7,2,2011,2011-08-21,0.37,0.3728075
7,2,2011,2011-08-29,0.42,0.44581693
7,2,2011,2011-09-06,0.47,0.49958336
7,2,2011,2011-09-14,0.49,0.48994428
7,2,2011,2011-09-22,0.88,0.5246709
7,2,2011,2011-09-30,0.96,0.85943717
7,2,2011,2011-10-08,0.96,0.9436861
7,2,2011,2011-10-16,0.83,0.9222537
7,2,2011,2011-10-24,0.79,0.681273
7,2,2011,2011-11-01,0.81,0.6378622
7,2,2011,2011-11-09,0.71,0.6430624
7,2,2011,2011-11-17,0.67,0.547017
7,2,2011,2011-11-25,0.6,0.5151452
7,2,2011,2011-12-03,0.57,0.47658038
7,2,2011,2011-12-11,0.48,0.4812119
7,2,2011,2011-12-19,0.4,0.38956785
7,2,2011,2011-12-27,0.33,0.28792548
7,2,2012,2012-07-03,0.09,0.08735818
7,2,2012,2012-07-11,0.06,0.11290869
7,2,2012,2012-07-19,0.03,0.07376027
7,2,2012,2012-07-27,0.01,0.05800864
7,2,2012,2012-08-04,0.02,0.1059134
7,2,2012,2012-08-12,0.07,0.10070762
7,2,2012,2012-08-20,0.16,0.19543655
7,2,2012,2012-08-28,0.27,0.28784627
7,2,2012,2012-09-05,0.37,0.41931176
7,2,2012,2012-09-13,0.53,0.50914824
7,2,2012,2012-09-21,0.68,0.6179488
7,2,2012,2012-09-29,0.79,0.79195106
7,2,2012,2012-10-07,0.77,0.85290766
7,2,2012,2012-10-15,0.7,0.79195905
7,2,2012,2012-10-23,0.43,0.6174206
7,2,2012,2012-10-31,0.32,0.23138615
7,2,2012,2012-11-08,0.3,0.14713024
7,2,2012,2012-11-16,0.17,0.14389719
7,2,2012,2012-11-24,0.13,0.13996983
7,2,2012,2012-12-02,0.12,0.119917944
7,2,2012,2012-12-10,0.06,0.14237612
7,2,2012,2012-12-18,0.03,0.11557764
7,2,2012,2012-12-26,0.0,0.09648657
7,3,2001,2001-07-04,0.09,0.12861204
7,3,2001,2001-07-12,0.08,0.1654752
7,3,2001,2001-07-20,0.16,0.14763519
7,3,2001,2001-07-28,0.13,0.24320015
7,3,2001,2001-08-05,0.12,0.2297811
7,3,2001,2001-08-13,0.07,0.21065137
7,3,2001,2001-08-21,0.28,0.13404404
7,3,2001,2001-08-29,0.4,0.35032487
7,3,2001,2001-09-06,0.6,0.5416795
7,3,2001,2001-09-14,0.63,0.65870786
7,3,2001,2001-09-22,0.65,0.69374764
7,3,2001,2001-09-30,0.63,0.7024411
7,3,2001,2001-10-08,0.63,0.6333205
7,3,2001,2001-10-16,0.58,0.58780444
7,3,2001,2001-10-24,0.59,0.5278058
7,3,2001,2001-11-01,0.59,0.535046
7,3,2001,2001-11-09,0.6,0.5600776
7,3,2001,2001-11-17,0.64,0.5895547
7,3,2001,2001-11-25,0.64,0.63590604
7,3,2001,2001-12-03,0.59,0.6365589
7,3,2001,2001-12-11,0.56,0.5683507
7,3,2001,2001-12-19,0.47,0.5098701
7,3,2001,2001-12-27,0.3,0.3584806
7,3,2002,2002-07-04,0.08,0.11616048
7,3,2002,2002-07-12,0.13,0.11847621
7,3,2002,2002-07-20,0.14,0.16303396
7,3,2002,2002-07-28,0.11,0.19781709
7,3,2002,2002-08-05,0.15,0.15197252
7,3,2002,2002-08-13,0.28,0.18002144
7,3,2002,2002-08-21,0.28,0.2965103
7,3,2002,2002-08-29,0.39,0.38014436
7,3,2002,2002-09-06,0.37,0.4949247
7,3,2002,2002-09-14,0.56,0.47944465
7,3,2002,2002-09-22,0.57,0.637895
7,3,2002,2002-09-30,0.6,0.6112104
7,3,2002,2002-10-08,0.63,0.60939896
7,3,2002,2002-10-16,0.58,0.6177687
7,3,2002,2002-10-24,0.56,0.5482152
7,3,2002,2002-11-01,0.58,0.50737137
7,3,2002,2002-11-09,0.6,0.5365349
7,3,2002,2002-11-17,0.59,0.5845798
7,3,2002,2002-11-25,0.53,0.585825
7,3,2002,2002-12-03,0.38,0.51117486
7,3,2002,2002-12-11,0.36,0.31387553
7,3,2002,2002-12-19,0.23,0.26051626
7,3,2002,2002-12-27,0.1,0.16340381
7,3,2003,2003-07-04,0.04,0.07830039
7,3,2003,2003-07-12,0.08,0.087599576
7,3,2003,2003-07-20,0.04,0.14282782
7,3,2003,2003-07-28,0.14,0.10405797
7,3,2003,2003-08-05,0.09,0.18878922
7,3,2003,2003-08-13,0.1,0.1420305
7,3,2003,2003-08-21,0.17,0.19622828
7,3,2003,2003-08-29,0.26,0.24537878
7,3,2003,2003-09-06,0.22,0.38781488
7,3,2003,2003-09-14,0.42,0.31312555
7,3,2003,2003-09-22,0.56,0.5541831
7,3,2003,2003-09-30,0.54,0.6453002
7,3,2003,2003-10-08,0.54,0.5587372
7,3,2003,2003-10-16,0.51,0.5530433
7,3,2003,2003-10-24,0.52,0.48550284
7,3,2003,2003-11-01,0.53,0.48143485
7,3,2003,2003-11-09,0.42,0.5104983
7,3,2003,2003-11-17,0.39,0.4150349
7,3,2003,2003-11-25,0.37,0.34794188
7,3,2003,2003-12-03,0.17,0.31719986
7,3,2003,2003-12-11,0.16,0.1344806
7,3,2003,2003-12-19,0.07,0.12499851
7,3,2003,2003-12-27,0.03,0.06308976
7,3,2004,2004-07-03,0.03,0.068553925
7,3,2004,2004-07-11,0.05,0.0720312
7,3,2004,2004-07-19,0.03,0.10379183
7,3,2004,2004-07-27,0.05,0.070634544
7,3,2004,2004-08-04,0.05,0.12419735
7,3,2004,2004-08-12,0.12,0.09498191
7,3,2004,2004-08-20,0.3,0.17247608
7,3,2004,2004-08-28,0.49,0.38312045
7,3,2004,2004-09-05,0.53,0.6134708
7,3,2004,2004-09-13,0.63,0.5640911
7,3,2004,2004-09-21,0.69,0.6503115
7,3,2004,2004-09-29,0.66,0.72049093
7,3,2004,2004-10-07,0.67,0.6536908
7,3,2004,2004-10-15,0.6,0.6281494
7,3,2004,2004-10-23,0.6,0.5315215
7,3,2004,2004-10-31,0.59,0.5306783
7,3,2004,2004-11-08,0.51,0.5421536
7,3,2004,2004-11-16,0.42,0.44090456
7,3,2004,2004-11-24,0.35,0.32091367
7,3,2004,2004-12-02,0.16,0.26062614
7,3,2004,2004-12-10,0.06,0.09830198
7,3,2004,2004-12-18,0.04,0.061110348
7,3,2004,2004-12-26,0.04,0.05113685
7,3,2005,2005-07-04,0.02,0.054222792
7,3,2005,2005-07-12,0.04,0.061050862
7,3,2005,2005-07-20,0.05,0.08719492
7,3,2005,2005-07-28,0.0,0.08828369
7,3,2005,2005-08-05,0.03,0.051438183
7,3,2005,2005-08-13,0.04,0.07925549
7,3,2005,2005-08-21,0.27,0.10751879
7,3,2005,2005-08-29,0.42,0.41786873
7,3,2005,2005-09-06,0.6,0.59981835
7,3,2005,2005-09-14,0.63,0.708221
7,3,2005,2005-09-22,0.69,0.6611134
7,3,2005,2005-09-30,0.63,0.7098782
7,3,2005,2005-10-08,0.62,0.61655176
7,3,2005,2005-10-16,0.63,0.5738555
7,3,2005,2005-10-24,0.66,0.56405663
7,3,2005,2005-11-01,0.63,0.61752963
7,3,2005,2005-11-09,0.61,0.59277916
7,3,2005,2005-11-17,0.56,0.5415698
7,3,2005,2005-11-25,0.47,0.45672515
7,3,2005,2005-12-03,0.33,0.35538983
7,3,2005,2005-12-11,0.25,0.1969018
7,3,2005,2005-12-19,0.19,0.1384607
7,3,2005,2005-12-27,0.12,0.13030432
7,3,2006,2006-07-04,0.05,0.080504775
7,3,2006,2006-07-12,0.1,0.08263156
7,3,2006,2006-07-20,0.08,0.1317633
7,3,2006,2006-07-28,0.04,0.11394155
7,3,2006,2006-08-05,0.1,0.06331983
7,3,2006,2006-08-13,0.13,0.12585987
7,3,2006,2006-08-21,0.17,0.15363866
7,3,2006,2006-08-29,0.33,0.28270116
7,3,2006,2006-09-06,0.47,0.47976494
7,3,2006,2006-09-14,0.47,0.63264865
7,3,2006,2006-09-22,0.53,0.5467028
7,3,2006,2006-09-30,0.57,0.5727378
7,3,2006,2006-10-08,0.63,0.58684504
7,3,2006,2006-10-16,0.64,0.6292007
7,3,2006,2006-10-24,0.67,0.6343359
7,3,2006,2006-11-01,0.66,0.65880746
7,3,2006,2006-11-09,0.59,0.63083655
7,3,2006,2006-11-17,0.59,0.53407353
7,3,2006,2006-11-25,0.52,0.50360835
7,3,2006,2006-12-03,0.35,0.4254564
7,3,2006,2006-12-11,0.16,0.23371717
7,3,2006,2006-12-19,0.15,0.08982462
7,3,2006,2006-12-27,0.07,0.096931756
7,3,2007,2007-07-04,0.03,0.0812943
7,3,2007,2007-07-12,0.04,0.06998211
7,3,2007,2007-07-20,0.04,0.09123939
7,3,2007,2007-07-28,0.12,0.08874601
7,3,2007,2007-08-05,0.12,0.15222007
7,3,2007,2007-08-13,0.12,0.16487634
7,3,2007,2007-08-21,0.09,0.1700737
7,3,2007,2007-08-29,0.2,0.14351475
7,3,2007,2007-09-06,0.24,0.3111169
7,3,2007,2007-09-14,0.43,0.38038227
7,3,2007,2007-09-22,0.51,0.56557316
7,3,2007,2007-09-30,0.53,0.59092087
7,3,2007,2007-10-08,0.6,0.55242693
7,3,2007,2007-10-16,0.63,0.6286614
7,3,2007,2007-10-24,0.6,0.6460002
7,3,2007,2007-11-01,0.47,0.6025211
7,3,2007,2007-11-09,0.56,0.43010777
7,3,2007,2007-11-17,0.53,0.4693683
7,3,2007,2007-11-25,0.51,0.49861068
7,3,2007,2007-12-03,0.48,0.4779853
7,3,2007,2007-12-11,0.3,0.38156018
7,3,2007,2007-12-19,0.09,0.18199793
7,3,2007,2007-12-27,0.07,0.068222135
7,3,2008,2008-07-03,0.06,0.06238407
7,3,2008,2008-07-11,0.05,0.07517031
7,3,2008,2008-07-19,0.07,0.07435185
7,3,2008,2008-07-27,0.05,0.10333061
7,3,2008,2008-08-04,0.06,0.108863086
7,3,2008,2008-08-12,0.12,0.11504571
7,3,2008,2008-08-20,0.2,0.17017469
7,3,2008,2008-08-28,0.4,0.23618543
7,3,2008,2008-09-05,0.47,0.50307745
7,3,2008,2008-09-13,0.52,0.5513036
7,3,2008,2008-09-21,0.61,0.5744231
7,3,2008,2008-09-29,0.59,0.6493384
7,3,2008,2008-10-07,0.62,0.6025763
7,3,2008,2008-10-15,0.61,0.6196352
7,3,2008,2008-10-23,0.62,0.6062305
7,3,2008,2008-10-31,0.57,0.5964786
7,3,2008,2008-11-08,0.62,0.49456173
7,3,2008,2008-11-16,0.56,0.56196576
7,3,2008,2008-11-24,0.51,0.5298213
7,3,2008,2008-12-02,0.43,0.45888805
7,3,2008,2008-12-10,0.38,0.35224134
7,3,2008,2008-12-18,0.19,0.26812303
7,3,2008,2008-12-26,0.14,0.09614059
7,3,2009,2009-07-04,0.03,0.09889436
7,3,2009,2009-07-12,0.04,0.054914713
7,3,2009,2009-07-20,0.14,0.067414224
7,3,2009,2009-07-28,0.04,0.17905009
7,3,2009,2009-08-05,0.11,0.08737475
7,3,2009,2009-08-13,0.16,0.14705056
7,3,2009,2009-08-21,0.16,0.2032519
7,3,2009,2009-08-29,0.17,0.23750845
7,3,2009,2009-09-06,0.46,0.2953971
7,3,2009,2009-09-14,0.49,0.60167193
7,3,2009,2009-09-22,0.52,0.594927
7,3,2009,2009-09-30,0.49,0.55522996
7,3,2009,2009-10-08,0.59,0.5093376
7,3,2009,2009-10-16,0.64,0.58969593
7,3,2009,2009-10-24,0.58,0.64850444
7,3,2009,2009-11-01,0.59,0.5784679
7,3,2009,2009-11-09,0.55,0.5387403
7,3,2009,2009-11-17,0.57,0.51218873
7,3,2009,2009-11-25,0.26,0.5291488
7,3,2009,2009-12-03,0.31,0.2297598
7,3,2009,2009-12-11,0.1,0.18527198
7,3,2009,2009-12-19,0.06,0.057893455
7,3,2009,2009-12-27,0.04,0.046304733
7,3,2010,2010-07-04,0.03,0.10452324
7,3,2010,2010-07-12,0.03,0.05536762
7,3,2010,2010-07-20,0.05,0.057284266
7,3,2010,2010-07-28,0.04,0.12047523
7,3,2010,2010-08-05,0.07,0.077566355
7,3,2010,2010-08-13,0.08,0.13197283
7,3,2010,2010-08-21,0.08,0.14168954
7,3,2010,2010-08-29,0.14,0.14456706
7,3,2010,2010-09-06,0.31,0.19811283
7,3,2010,2010-09-14,0.47,0.48573542
7,3,2010,2010-09-22,0.46,0.61046124
7,3,2010,2010-09-30,0.6,0.5340537
7,3,2010,2010-10-08,0.63,0.6108304
7,3,2010,2010-10-16,0.61,0.6548219
7,3,2010,2010-10-24,0.67,0.6278858
7,3,2010,2010-11-01,0.53,0.64289546
7,3,2010,2010-11-09,0.42,0.48491633
7,3,2010,2010-11-17,0.37,0.32385713
7,3,2010,2010-11-25,0.28,0.27175835
7,3,2010,2010-12-03,0.22,0.16384248
7,3,2010,2010-12-11,0.05,0.16201499
7,3,2010,2010-12-19,0.04,0.025104284
7,3,2010,2010-12-27,0.03,0.053480566
7,3,2011,2011-07-04,0.02,0.05559078
7,3,2011,2011-07-12,0.06,0.05822876
7,3,2011,2011-07-20,0.04,0.08864087
7,3,2011,2011-07-28,0.06,0.082653284
7,3,2011,2011-08-05,0.06,0.09895247
7,3,2011,2011-08-13,0.12,0.10308522
7,3,2011,2011-08-21,0.13,0.16224016
7,3,2011,2011-08-29,0.35,0.16609882
7,3,2011,2011-09-06,0.45,0.42743978
7,3,2011,2011-09-14,0.59,0.57332563
7,3,2011,2011-09-22,0.66,0.67341197
7,3,2011,2011-09-30,0.65,0.6700325
7,3,2011,2011-10-08,0.66,0.661595
7,3,2011,2011-10-16,0.62,0.65709347
7,3,2011,2011-10-24,0.62,0.5875993
7,3,2011,2011-11-01,0.65,0.58581275
7,3,2011,2011-11-09,0.6,0.5893852
7,3,2011,2011-11-17,0.61,0.5100932
7,3,2011,2011-11-25,0.47,0.50328475
7,3,2011,2011-12-03,0.42,0.36288646
7,3,2011,2011-12-11,0.24,0.29736078
7,3,2011,2011-12-19,0.12,0.13545541
7,3,2011,2011-12-27,0.07,0.08646718
7,3,2012,2012-07-03,0.11,0.1726044
7,3,2012,2012-07-11,0.05,0.12548356
7,3,2012,2012-07-19,0.04,0.07297295
7,3,2012,2012-07-27,0.03,0.06508219
7,3,2012,2012-08-04,0.05,0.071275085
7,3,2012,2012-08-12,0.07,0.09291747
7,3,2012,2012-08-20,0.05,0.13125913
7,3,2012,2012-08-28,0.06,0.1103611
7,3,2012,2012-09-05,0.16,0.1937333
7,3,2012,2012-09-13,0.52,0.30329564
7,3,2012,2012-09-21,0.61,0.7100804
7,3,2012,2012-09-29,0.68,0.7216353
7,3,2012,2012-10-07,0.63,0.68943626
7,3,2012,2012-10-15,0.63,0.6269434
7,3,2012,2012-10-23,0.52,0.58152884
7,3,2012,2012-10-31,0.36,0.44847172
7,3,2012,2012-11-08,0.3,0.28352654
7,3,2012,2012-11-16,0.2,0.2054451
7,3,2012,2012-11-24,0.12,0.1619967
7,3,2012,2012-12-02,0.16,0.10480484
7,3,2012,2012-12-10,0.04,0.16332273
7,3,2012,2012-12-18,0.03,0.05837542
7,3,2012,2012-12-26,0.03,0.0536156
7,4,2001,2001-07-04,0.12,0.15270045
7,4,2001,2001-07-12,0.07,0.19477385
7,4,2001,2001-07-20,0.25,0.12198804
7,4,2001,2001-07-28,0.14,0.34542492
7,4,2001,2001-08-05,0.13,0.25558382
7,4,2001,2001-08-13,0.09,0.2138419
7,4,2001,2001-08-21,0.21,0.15247926
7,4,2001,2001-08-29,0.18,0.2749007
7,4,2001,2001-09-06,0.33,0.3101071
7,4,2001,2001-09-14,0.47,0.39479977
7,4,2001,2001-09-22,0.58,0.6204355
7,4,2001,2001-09-30,0.59,0.65803194
7,4,2001,2001-10-08,0.51,0.60964805
7,4,2001,2001-10-16,0.6,0.52643526
7,4,2001,2001-10-24,0.5,0.58013487
7,4,2001,2001-11-01,0.55,0.47350052
7,4,2001,2001-11-09,0.52,0.50403833
7,4,2001,2001-11-17,0.6,0.4930282
7,4,2001,2001-11-25,0.62,0.60256445
7,4,2001,2001-12-03,0.59,0.6268405
7,4,2001,2001-12-11,0.53,0.59129256
7,4,2001,2001-12-19,0.48,0.4782099
7,4,2001,2001-12-27,0.25,0.35542595
7,4,2002,2002-07-04,0.08,0.14055969
7,4,2002,2002-07-12,0.14,0.13260618
7,4,2002,2002-07-20,0.1,0.17066963
7,4,2002,2002-07-28,0.09,0.18485966
7,4,2002,2002-08-05,0.08,0.1300606
7,4,2002,2002-08-13,0.21,0.12053086
7,4,2002,2002-08-21,0.21,0.23140743
7,4,2002,2002-08-29,0.22,0.28007007
7,4,2002,2002-09-06,0.15,0.2681842
7,4,2002,2002-09-14,0.28,0.22491993
7,4,2002,2002-09-22,0.43,0.39341044
7,4,2002,2002-09-30,0.52,0.5725575
7,4,2002,2002-10-08,0.66,0.60187066
7,4,2002,2002-10-16,0.52,0.6610637
7,4,2002,2002-10-24,0.53,0.53266406
7,4,2002,2002-11-01,0.57,0.4707923
7,4,2002,2002-11-09,0.6,0.5218061
7,4,2002,2002-11-17,0.62,0.58436024
7,4,2002,2002-11-25,0.56,0.61712223
7,4,2002,2002-12-03,0.38,0.5526491
7,4,2002,2002-12-11,0.36,0.33194765
7,4,2002,2002-12-19,0.18,0.25362444
7,4,2002,2002-12-27,0.09,0.12584469
7,4,2003,2003-07-04,0.08,0.10422829
7,4,2003,2003-07-12,0.11,0.11783138
7,4,2003,2003-07-20,0.04,0.16735956
7,4,2003,2003-07-28,0.12,0.08813873
7,4,2003,2003-08-05,0.1,0.15792476
7,4,2003,2003-08-13,0.1,0.1261575
7,4,2003,2003-08-21,0.14,0.17797412
7,4,2003,2003-08-29,0.12,0.19903228
7,4,2003,2003-09-06,0.14,0.1855495
7,4,2003,2003-09-14,0.33,0.1706502
7,4,2003,2003-09-22,0.47,0.42392832
7,4,2003,2003-09-30,0.49,0.60015464
7,4,2003,2003-10-08,0.6,0.56535006
7,4,2003,2003-10-16,0.53,0.6517863
7,4,2003,2003-10-24,0.59,0.5293281
7,4,2003,2003-11-01,0.6,0.54628885
7,4,2003,2003-11-09,0.54,0.57635546
7,4,2003,2003-11-17,0.38,0.5351926
7,4,2003,2003-11-25,0.47,0.34527183
7,4,2003,2003-12-03,0.27,0.3858366
7,4,2003,2003-12-11,0.17,0.19610481
7,4,2003,2003-12-19,0.07,0.12570296
7,4,2003,2003-12-27,0.05,0.04114017
7,4,2004,2004-07-03,0.05,0.11268428
7,4,2004,2004-07-11,0.06,0.091198266
7,4,2004,2004-07-19,0.05,0.11208081
7,4,2004,2004-07-27,0.05,0.07782954
7,4,2004,2004-08-04,0.05,0.11029482
7,4,2004,2004-08-12,0.06,0.09580141
7,4,2004,2004-08-20,0.1,0.11083168
7,4,2004,2004-08-28,0.21,0.15635785
7,4,2004,2004-09-05,0.35,0.2564747
7,4,2004,2004-09-13,0.54,0.41685665
7,4,2004,2004-09-21,0.63,0.6497952
7,4,2004,2004-09-29,0.61,0.6752585
7,4,2004,2004-10-07,0.66,0.6038721
7,4,2004,2004-10-15,0.6,0.6569496
7,4,2004,2004-10-23,0.6,0.5662784
7,4,2004,2004-10-31,0.63,0.55941784
7,4,2004,2004-11-08,0.6,0.59616995
7,4,2004,2004-11-16,0.52,0.5619936
7,4,2004,2004-11-24,0.46,0.41564074
7,4,2004,2004-12-02,0.25,0.36761162
7,4,2004,2004-12-10,0.11,0.16563745
7,4,2004,2004-12-18,0.06,0.068312705
7,4,2004,2004-12-26,0.06,0.048594087
7,4,2005,2005-07-04,0.06,0.09350431
7,4,2005,2005-07-12,0.07,0.09501603
7,4,2005,2005-07-20,0.07,0.104628116
7,4,2005,2005-07-28,0.02,0.10146195
7,4,2005,2005-08-05,0.06,0.060207576
7,4,2005,2005-08-13,0.04,0.09846562
7,4,2005,2005-08-21,0.08,0.08090487
7,4,2005,2005-08-29,0.12,0.13531862
7,4,2005,2005-09-06,0.17,0.20191143
7,4,2005,2005-09-14,0.34,0.29313123
7,4,2005,2005-09-22,0.52,0.51626134
7,4,2005,2005-09-30,0.54,0.66529083
7,4,2005,2005-10-08,0.61,0.5851788
7,4,2005,2005-10-16,0.61,0.63069236
7,4,2005,2005-10-24,0.66,0.6018136
7,4,2005,2005-11-01,0.65,0.6333336
7,4,2005,2005-11-09,0.68,0.6261307
7,4,2005,2005-11-17,0.62,0.64380914
7,4,2005,2005-11-25,0.56,0.54897696
7,4,2005,2005-12-03,0.4,0.4558178
7,4,2005,2005-12-11,0.27,0.24296814
7,4,2005,2005-12-19,0.19,0.13554652
7,4,2005,2005-12-27,0.12,0.10953829
7,4,2006,2006-07-04,0.07,0.08522025
7,4,2006,2006-07-12,0.11,0.108683735
7,4,2006,2006-07-20,0.08,0.14532377
7,4,2006,2006-07-28,0.05,0.1162325
7,4,2006,2006-08-05,0.06,0.07224956
7,4,2006,2006-08-13,0.08,0.0954946
7,4,2006,2006-08-21,0.09,0.106063396
7,4,2006,2006-08-29,0.13,0.13268979
7,4,2006,2006-09-06,0.19,0.1776203
7,4,2006,2006-09-14,0.25,0.2504806
7,4,2006,2006-09-22,0.49,0.36522514
7,4,2006,2006-09-30,0.53,0.64086497
7,4,2006,2006-10-08,0.63,0.6051899
7,4,2006,2006-10-16,0.62,0.6512209
7,4,2006,2006-10-24,0.67,0.6282688
7,4,2006,2006-11-01,0.68,0.66244733
7,4,2006,2006-11-09,0.61,0.6578704
7,4,2006,2006-11-17,0.59,0.5815526
7,4,2006,2006-11-25,0.52,0.5184079
7,4,2006,2006-12-03,0.37,0.42747617
7,4,2006,2006-12-11,0.25,0.24822696
7,4,2006,2006-12-19,0.29,0.13325636
7,4,2006,2006-12-27,0.1,0.17569941
7,4,2007,2007-07-04,0.1,0.09540802
7,4,2007,2007-07-12,0.09,0.13810918
7,4,2007,2007-07-20,0.07,0.13711187
7,4,2007,2007-07-28,0.12,0.10715467
7,4,2007,2007-08-05,0.14,0.14043069
7,4,2007,2007-08-13,0.14,0.16091453
7,4,2007,2007-08-21,0.12,0.16835871
7,4,2007,2007-08-29,0.19,0.14643565
7,4,2007,2007-09-06,0.24,0.22609238
7,4,2007,2007-09-14,0.28,0.2968695
7,4,2007,2007-09-22,0.35,0.3531778
7,4,2007,2007-09-30,0.49,0.47636014
7,4,2007,2007-10-08,0.62,0.583625
7,4,2007,2007-10-16,0.67,0.677936
7,4,2007,2007-10-24,0.67,0.68321264
7,4,2007,2007-11-01,0.63,0.6687552
7,4,2007,2007-11-09,0.6,0.6049137
7,4,2007,2007-11-17,0.62,0.5334587
7,4,2007,2007-11-25,0.61,0.550428
7,4,2007,2007-12-03,0.58,0.54695094
7,4,2007,2007-12-11,0.32,0.48234499
7,4,2007,2007-12-19,0.09,0.21074003
7,4,2007,2007-12-27,0.07,0.07478508
7,4,2008,2008-07-03,0.12,0.15296397
7,4,2008,2008-07-11,0.08,0.15511756
7,4,2008,2008-07-19,0.09,0.110290706
7,4,2008,2008-07-27,0.07,0.11438283
7,4,2008,2008-08-04,0.06,0.11347103
7,4,2008,2008-08-12,0.11,0.113119245
7,4,2008,2008-08-20,0.17,0.16025895
7,4,2008,2008-08-28,0.22,0.20931326
7,4,2008,2008-09-05,0.24,0.28498602
7,4,2008,2008-09-13,0.39,0.30709308
7,4,2008,2008-09-21,0.5,0.46464258
7,4,2008,2008-09-29,0.57,0.57010406
7,4,2008,2008-10-07,0.6,0.6105199
7,4,2008,2008-10-15,0.66,0.6383712
7,4,2008,2008-10-23,0.64,0.6805614
7,4,2008,2008-10-31,0.62,0.6373427
7,4,2008,2008-11-08,0.65,0.5810995
7,4,2008,2008-11-16,0.67,0.5915077
7,4,2008,2008-11-24,0.62,0.6337707
7,4,2008,2008-12-02,0.53,0.58284825
7,4,2008,2008-12-10,0.44,0.4585506
7,4,2008,2008-12-18,0.27,0.2763732
7,4,2008,2008-12-26,0.17,0.1183331
7,4,2009,2009-07-04,0.08,0.1431785
7,4,2009,2009-07-12,0.09,0.12618636
7,4,2009,2009-07-20,0.17,0.119941875
7,4,2009,2009-07-28,0.08,0.20042874
7,4,2009,2009-08-05,0.12,0.11292994
7,4,2009,2009-08-13,0.16,0.14093535
7,4,2009,2009-08-21,0.16,0.19184636
7,4,2009,2009-08-29,0.15,0.21572354
7,4,2009,2009-09-06,0.23,0.2116589
7,4,2009,2009-09-14,0.33,0.28925315
7,4,2009,2009-09-22,0.38,0.44472432
7,4,2009,2009-09-30,0.37,0.49603596
7,4,2009,2009-10-08,0.59,0.44299686
7,4,2009,2009-10-16,0.64,0.64430755
7,4,2009,2009-10-24,0.58,0.6750499
7,4,2009,2009-11-01,0.65,0.58632946
7,4,2009,2009-11-09,0.6,0.6108117
7,4,2009,2009-11-17,0.68,0.57182467
7,4,2009,2009-11-25,0.44,0.65683556
7,4,2009,2009-12-03,0.29,0.39751706
7,4,2009,2009-12-11,0.16,0.17554268
7,4,2009,2009-12-19,0.11,0.07709706
7,4,2009,2009-12-27,0.05,0.067002505
7,4,2010,2010-07-04,0.05,0.14522085
7,4,2010,2010-07-12,0.08,0.09269509
7,4,2010,2010-07-20,0.08,0.121914834
7,4,2010,2010-07-28,0.07,0.14239371
7,4,2010,2010-08-05,0.1,0.10560119
7,4,2010,2010-08-13,0.12,0.14763166
7,4,2010,2010-08-21,0.12,0.17051683
7,4,2010,2010-08-29,0.12,0.17248768
7,4,2010,2010-09-06,0.19,0.16164404
7,4,2010,2010-09-14,0.33,0.25698632
7,4,2010,2010-09-22,0.37,0.4376138
7,4,2010,2010-09-30,0.5,0.47297552
7,4,2010,2010-10-08,0.57,0.5449504
7,4,2010,2010-10-16,0.55,0.62799233
7,4,2010,2010-10-24,0.74,0.59013504
7,4,2010,2010-11-01,0.66,0.7239052
7,4,2010,2010-11-09,0.64,0.6502734
7,4,2010,2010-11-17,0.59,0.59649
7,4,2010,2010-11-25,0.54,0.5336635
7,4,2010,2010-12-03,0.35,0.42532822
7,4,2010,2010-12-11,0.12,0.20357439
7,4,2010,2010-12-19,0.12,0.062146485
7,4,2010,2010-12-27,0.07,0.07992467
7,4,2011,2011-07-04,0.05,0.11011064
7,4,2011,2011-07-12,0.09,0.07742646
7,4,2011,2011-07-20,0.08,0.12628342
7,4,2011,2011-07-28,0.08,0.11500481
7,4,2011,2011-08-05,0.09,0.11587562
7,4,2011,2011-08-13,0.09,0.12962472
7,4,2011,2011-08-21,0.1,0.13457786
7,4,2011,2011-08-29,0.13,0.14295492
7,4,2011,2011-09-06,0.27,0.16819961
7,4,2011,2011-09-14,0.36,0.34021497
7,4,2011,2011-09-22,0.65,0.47534367
7,4,2011,2011-09-30,0.65,0.7291051
7,4,2011,2011-10-08,0.66,0.6627371
7,4,2011,2011-10-16,0.7,0.65313685
7,4,2011,2011-10-24,0.69,0.6698657
7,4,2011,2011-11-01,0.68,0.69107723
7,4,2011,2011-11-09,0.66,0.64832723
7,4,2011,2011-11-17,0.65,0.601355
7,4,2011,2011-11-25,0.51,0.57185495
7,4,2011,2011-12-03,0.4,0.41193482
7,4,2011,2011-12-11,0.26,0.24223664
7,4,2011,2011-12-19,0.09,0.11279264
7,4,2011,2011-12-27,0.09,0.06337738
7,4,2012,2012-07-03,0.12,0.11386877
7,4,2012,2012-07-11,0.08,0.14012882
7,4,2012,2012-07-19,0.06,0.109371215
7,4,2012,2012-07-27,0.06,0.09553453
7,4,2012,2012-08-04,0.07,0.09636846
7,4,2012,2012-08-12,0.08,0.11065236
7,4,2012,2012-08-20,0.07,0.12062746
7,4,2012,2012-08-28,0.08,0.11377534
7,4,2012,2012-09-05,0.12,0.13092075
7,4,2012,2012-09-13,0.26,0.21525165
7,4,2012,2012-09-21,0.29,0.38372678
7,4,2012,2012-09-29,0.5,0.4848541
7,4,2012,2012-10-07,0.57,0.6358746
7,4,2012,2012-10-15,0.6,0.6225168
7,4,2012,2012-10-23,0.61,0.626693
7,4,2012,2012-10-31,0.55,0.615769
7,4,2012,2012-11-08,0.47,0.5295217
7,4,2012,2012-11-16,0.38,0.41361934
7,4,2012,2012-11-24,0.15,0.30972508
7,4,2012,2012-12-02,0.13,0.10133168
7,4,2012,2012-12-10,0.08,0.08254662
7,4,2012,2012-12-18,0.05,0.06306204
7,4,2012,2012-12-26,0.06,0.05328694
7,5,2001,2001-07-04,0.15,0.19664209
7,5,2001,2001-07-12,0.13,0.2028398
7,5,2001,2001-07-20,0.18,0.15231891
7,5,2001,2001-07-28,0.13,0.21900956
7,5,2001,2001-08-05,0.13,0.17676264
7,5,2001,2001-08-13,0.1,0.17113803
7,5,2001,2001-08-21,0.11,0.14301997
7,5,2001,2001-08-29,0.1,0.1525958
7,5,2001,2001-09-06,0.14,0.16868621
7,5,2001,2001-09-14,0.24,0.1843242
7,5,2001,2001-09-22,0.25,0.32710373
7,5,2001,2001-09-30,0.41,0.35389715
7,5,2001,2001-10-08,0.36,0.5329068
7,5,2001,2001-10-16,0.43,0.4378078
7,5,2001,2001-10-24,0.44,0.4584853
7,5,2001,2001-11-01,0.41,0.4422406
7,5,2001,2001-11-09,0.4,0.40635854
7,5,2001,2001-11-17,0.45,0.35827774
7,5,2001,2001-11-25,0.39,0.44430918
7,5,2001,2001-12-03,0.26,0.3750334
7,5,2001,2001-12-11,0.24,0.20530887
7,5,2001,2001-12-19,0.18,0.17830549
7,5,2001,2001-12-27,0.13,0.15275359
7,5,2002,2002-07-04,0.14,0.22694719
7,5,2002,2002-07-12,0.14,0.18332568
7,5,2002,2002-07-20,0.12,0.16936897
7,5,2002,2002-07-28,0.11,0.16344011
7,5,2002,2002-08-05,0.1,0.13962898
7,5,2002,2002-08-13,0.13,0.13555616
7,5,2002,2002-08-21,0.13,0.15393522
7,5,2002,2002-08-29,0.1,0.16090824
7,5,2002,2002-09-06,0.11,0.12990227
7,5,2002,2002-09-14,0.14,0.15227589
7,5,2002,2002-09-22,0.22,0.21304823
7,5,2002,2002-09-30,0.34,0.29274544
7,5,2002,2002-10-08,0.47,0.4679214
7,5,2002,2002-10-16,0.41,0.5472385
7,5,2002,2002-10-24,0.44,0.44154298
7,5,2002,2002-11-01,0.46,0.44115537
7,5,2002,2002-11-09,0.48,0.44636258
7,5,2002,2002-11-17,0.38,0.46571484
7,5,2002,2002-11-25,0.28,0.37510976
7,5,2002,2002-12-03,0.15,0.24728604
7,5,2002,2002-12-11,0.15,0.10973218
7,5,2002,2002-12-19,0.1,0.13133918
7,5,2002,2002-12-27,0.1,0.121195376
7,5,2003,2003-07-04,0.13,0.14665437
7,5,2003,2003-07-12,0.15,0.16776653
7,5,2003,2003-07-20,0.08,0.19045988
7,5,2003,2003-07-28,0.12,0.117363825
7,5,2003,2003-08-05,0.12,0.14950527
7,5,2003,2003-08-13,0.12,0.14607681
7,5,2003,2003-08-21,0.1,0.16130045
7,5,2003,2003-08-29,0.1,0.13788344
7,5,2003,2003-09-06,0.1,0.1296902
7,5,2003,2003-09-14,0.18,0.1341141
7,5,2003,2003-09-22,0.31,0.22319922
7,5,2003,2003-09-30,0.35,0.38779438
7,5,2003,2003-10-08,0.48,0.45280612
7,5,2003,2003-10-16,0.43,0.57073677
7,5,2003,2003-10-24,0.36,0.44769663
7,5,2003,2003-11-01,0.4,0.34278867
7,5,2003,2003-11-09,0.28,0.3767437
7,5,2003,2003-11-17,0.21,0.28991693
7,5,2003,2003-11-25,0.2,0.18898018
7,5,2003,2003-12-03,0.12,0.16308603
7,5,2003,2003-12-11,0.11,0.10617027
7,5,2003,2003-12-19,0.09,0.1255282
7,5,2003,2003-12-27,0.08,0.108686805
7,5,2004,2004-07-03,0.11,0.15509264
7,5,2004,2004-07-11,0.12,0.14818501
7,5,2004,2004-07-19,0.1,0.16452062
7,5,2004,2004-07-27,0.08,0.122240305
7,5,2004,2004-08-04,0.1,0.120891884
7,5,2004,2004-08-12,0.1,0.13689488
7,5,2004,2004-08-20,0.12,0.14082785
7,5,2004,2004-08-28,0.13,0.1520713
7,5,2004,2004-09-05,0.21,0.15946199
7,5,2004,2004-09-13,0.28,0.23740235
7,5,2004,2004-09-21,0.46,0.3368944
7,5,2004,2004-09-29,0.39,0.55708325
7,5,2004,2004-10-07,0.49,0.4477794
7,5,2004,2004-10-15,0.42,0.5235529
7,5,2004,2004-10-23,0.45,0.4244152
7,5,2004,2004-10-31,0.45,0.40834183
7,5,2004,2004-11-08,0.26,0.42010593
7,5,2004,2004-11-16,0.26,0.23611397
7,5,2004,2004-11-24,0.26,0.18606046
7,5,2004,2004-12-02,0.14,0.22156776
7,5,2004,2004-12-10,0.11,0.13922682
7,5,2004,2004-12-18,0.1,0.11305791
7,5,2004,2004-12-26,0.1,0.11794868
7,5,2005,2005-07-04,0.12,0.14360067
7,5,2005,2005-07-12,0.13,0.15195604
7,5,2005,2005-07-20,0.14,0.16414665
7,5,2005,2005-07-28,0.08,0.16607182
7,5,2005,2005-08-05,0.11,0.10665184
7,5,2005,2005-08-13,0.08,0.14117062
7,5,2005,2005-08-21,0.1,0.11360586
7,5,2005,2005-08-29,0.12,0.14450857
7,5,2005,2005-09-06,0.11,0.16093794
7,5,2005,2005-09-14,0.13,0.17850311
7,5,2005,2005-09-22,0.25,0.21263757
7,5,2005,2005-09-30,0.31,0.39367265
7,5,2005,2005-10-08,0.43,0.4094308
7,5,2005,2005-10-16,0.45,0.5341253
7,5,2005,2005-10-24,0.44,0.471139
7,5,2005,2005-11-01,0.43,0.43609816
7,5,2005,2005-11-09,0.36,0.42098728
7,5,2005,2005-11-17,0.38,0.295613
7,5,2005,2005-11-25,0.21,0.30790302
7,5,2005,2005-12-03,0.16,0.1872353
7,5,2005,2005-12-11,0.12,0.12444529
7,5,2005,2005-12-19,0.1,0.11458409
7,5,2005,2005-12-27,0.11,0.1168223
7,5,2006,2006-07-04,0.11,0.18877962
7,5,2006,2006-07-12,0.12,0.14752643
7,5,2006,2006-07-20,0.12,0.15683375
7,5,2006,2006-07-28,0.1,0.15702459
7,5,2006,2006-08-05,0.09,0.12258153
7,5,2006,2006-08-13,0.12,0.12570605
7,5,2006,2006-08-21,0.12,0.14233315
7,5,2006,2006-08-29,0.13,0.15350093
7,5,2006,2006-09-06,0.13,0.16672203
7,5,2006,2006-09-14,0.14,0.16048436
7,5,2006,2006-09-22,0.26,0.175459
7,5,2006,2006-09-30,0.3,0.33951283
7,5,2006,2006-10-08,0.43,0.38981476
7,5,2006,2006-10-16,0.42,0.5345136
7,5,2006,2006-10-24,0.42,0.4700728
7,5,2006,2006-11-01,0.49,0.42067623
7,5,2006,2006-11-09,0.4,0.48116314
7,5,2006,2006-11-17,0.38,0.37534943
7,5,2006,2006-11-25,0.24,0.34070903
7,5,2006,2006-12-03,0.2,0.17666355
7,5,2006,2006-12-11,0.15,0.14592935
7,5,2006,2006-12-19,0.15,0.13083968
7,5,2006,2006-12-27,0.09,0.15379515
7,5,2007,2007-07-04,0.13,0.17005791
7,5,2007,2007-07-12,0.13,0.16050087
7,5,2007,2007-07-20,0.12,0.16315451
7,5,2007,2007-07-28,0.16,0.15013272
7,5,2007,2007-08-05,0.16,0.18303089
7,5,2007,2007-08-13,0.17,0.17968613
7,5,2007,2007-08-21,0.17,0.19844668
7,5,2007,2007-08-29,0.2,0.19395216
7,5,2007,2007-09-06,0.19,0.22580189
7,5,2007,2007-09-14,0.23,0.21335977
7,5,2007,2007-09-22,0.24,0.25282955
7,5,2007,2007-09-30,0.32,0.30108652
7,5,2007,2007-10-08,0.4,0.38736045
7,5,2007,2007-10-16,0.41,0.49228162
7,5,2007,2007-10-24,0.48,0.45298874
7,5,2007,2007-11-01,0.4,0.4880553
7,5,2007,2007-11-09,0.39,0.41557637
7,5,2007,2007-11-17,0.37,0.36247477
7,5,2007,2007-11-25,0.32,0.3286899
7,5,2007,2007-12-03,0.27,0.26043218
7,5,2007,2007-12-11,0.19,0.21511367
7,5,2007,2007-12-19,0.1,0.15698254
7,5,2007,2007-12-27,0.1,0.10817349
7,5,2008,2008-07-03,0.14,0.19005494
7,5,2008,2008-07-11,0.14,0.17511003
7,5,2008,2008-07-19,0.14,0.1703262
7,5,2008,2008-07-27,0.1,0.16548595
7,5,2008,2008-08-04,0.11,0.14347264
7,5,2008,2008-08-12,0.16,0.15212885
7,5,2008,2008-08-20,0.18,0.20551468
7,5,2008,2008-08-28,0.21,0.22408226
7,5,2008,2008-09-05,0.18,0.26019084
7,5,2008,2008-09-13,0.19,0.21757454
7,5,2008,2008-09-21,0.25,0.23270944
7,5,2008,2008-09-29,0.33,0.2951225
7,5,2008,2008-10-07,0.36,0.40782738
7,5,2008,2008-10-15,0.43,0.4398133
7,5,2008,2008-10-23,0.39,0.4730614
7,5,2008,2008-10-31,0.38,0.41948763
7,5,2008,2008-11-08,0.29,0.36757174
7,5,2008,2008-11-16,0.28,0.26594263
7,5,2008,2008-11-24,0.2,0.25489604
7,5,2008,2008-12-02,0.12,0.19241723
7,5,2008,2008-12-10,0.14,0.12882021
7,5,2008,2008-12-18,0.13,0.14697018
7,5,2008,2008-12-26,0.11,0.13545777
7,5,2009,2009-07-04,0.1,0.19432268
7,5,2009,2009-07-12,0.14,0.13780434
7,5,2009,2009-07-20,0.19,0.17432424
7,5,2009,2009-07-28,0.16,0.22253336
7,5,2009,2009-08-05,0.14,0.184536
7,5,2009,2009-08-13,0.16,0.16058394
7,5,2009,2009-08-21,0.16,0.19496419
7,5,2009,2009-08-29,0.19,0.20335783
7,5,2009,2009-09-06,0.18,0.24171734
7,5,2009,2009-09-14,0.2,0.2151711
7,5,2009,2009-09-22,0.2,0.2342738
7,5,2009,2009-09-30,0.22,0.25089788
7,5,2009,2009-10-08,0.34,0.2942742
7,5,2009,2009-10-16,0.45,0.4215681
7,5,2009,2009-10-24,0.39,0.53875625
7,5,2009,2009-11-01,0.44,0.4113384
7,5,2009,2009-11-09,0.4,0.42067933
7,5,2009,2009-11-17,0.42,0.35578167
7,5,2009,2009-11-25,0.27,0.3760841
7,5,2009,2009-12-03,0.19,0.22582293
7,5,2009,2009-12-11,0.12,0.13747706
7,5,2009,2009-12-19,0.1,0.11433536
7,5,2009,2009-12-27,0.07,0.12212828
7,5,2010,2010-07-04,0.1,0.17786793
7,5,2010,2010-07-12,0.13,0.13207594
7,5,2010,2010-07-20,0.12,0.17242002
7,5,2010,2010-07-28,0.14,0.17310889
7,5,2010,2010-08-05,0.15,0.18358776
7,5,2010,2010-08-13,0.16,0.182451
7,5,2010,2010-08-21,0.15,0.19714378
7,5,2010,2010-08-29,0.15,0.18519151
7,5,2010,2010-09-06,0.16,0.19411296
7,5,2010,2010-09-14,0.21,0.19756317
7,5,2010,2010-09-22,0.2,0.25558448
7,5,2010,2010-09-30,0.28,0.24185058
7,5,2010,2010-10-08,0.34,0.3241549
7,5,2010,2010-10-16,0.31,0.42049918
7,5,2010,2010-10-24,0.4,0.39513785
7,5,2010,2010-11-01,0.36,0.430412
7,5,2010,2010-11-09,0.32,0.38322118
7,5,2010,2010-11-17,0.32,0.3148386
7,5,2010,2010-11-25,0.26,0.31516898
7,5,2010,2010-12-03,0.21,0.22811508
7,5,2010,2010-12-11,0.13,0.16927914
7,5,2010,2010-12-19,0.09,0.11035952
7,5,2010,2010-12-27,0.11,0.09987065
7,5,2011,2011-07-04,0.11,0.15044756
7,5,2011,2011-07-12,0.15,0.13970108
7,5,2011,2011-07-20,0.13,0.18724494
7,5,2011,2011-07-28,0.11,0.16227381
7,5,2011,2011-08-05,0.15,0.1503853
7,5,2011,2011-08-13,0.14,0.18713361
7,5,2011,2011-08-21,0.13,0.18172769
7,5,2011,2011-08-29,0.12,0.167691
7,5,2011,2011-09-06,0.12,0.15512896
7,5,2011,2011-09-14,0.19,0.15988865
7,5,2011,2011-09-22,0.33,0.24796057
7,5,2011,2011-09-30,0.33,0.39017582
7,5,2011,2011-10-08,0.31,0.40695047
7,5,2011,2011-10-16,0.38,0.35525304
7,5,2011,2011-10-24,0.4,0.39207995
7,5,2011,2011-11-01,0.39,0.43338984
7,5,2011,2011-11-09,0.37,0.39251164
7,5,2011,2011-11-17,0.31,0.3450871
7,5,2011,2011-11-25,0.24,0.28458208
7,5,2011,2011-12-03,0.19,0.21057728
7,5,2011,2011-12-11,0.13,0.16743366
7,5,2011,2011-12-19,0.1,0.12105107
7,5,2011,2011-12-27,0.18,0.10663548
7,5,2012,2012-07-03,0.18,0.16745058
7,5,2012,2012-07-11,0.14,0.2040538
7,5,2012,2012-07-19,0.11,0.17491648
7,5,2012,2012-07-27,0.07,0.14079398
7,5,2012,2012-08-04,0.12,0.10091525
7,5,2012,2012-08-12,0.11,0.16572702
7,5,2012,2012-08-20,0.13,0.15126058
7,5,2012,2012-08-28,0.1,0.17102404
7,5,2012,2012-09-05,0.11,0.13298357
7,5,2012,2012-09-13,0.13,0.14442334
7,5,2012,2012-09-21,0.11,0.18634664
7,5,2012,2012-09-29,0.19,0.2102303
7,5,2012,2012-10-07,0.28,0.28019285
7,5,2012,2012-10-15,0.33,0.36026883
7,5,2012,2012-10-23,0.35,0.422215
7,5,2012,2012-10-31,0.3,0.40875936
7,5,2012,2012-11-08,0.25,0.3205831
7,5,2012,2012-11-16,0.2,0.24861425
7,5,2012,2012-11-24,0.11,0.19165522
7,5,2012,2012-12-02,0.11,0.11790174
7,5,2012,2012-12-10,0.11,0.12758115
7,5,2012,2012-12-18,0.09,0.13081005
7,5,2012,2012-12-26,0.12,0.115155384
7,6,2001,2001-07-04,0.06,0.09667048
7,6,2001,2001-07-12,0.03,0.09572184
7,6,2001,2001-07-20,0.1,0.07809198
7,6,2001,2001-07-28,0.04,0.14655885
7,6,2001,2001-08-05,0.05,0.08618659
7,6,2001,2001-08-13,0.02,0.08883506
7,6,2001,2001-08-21,0.05,0.05365324
7,6,2001,2001-08-29,0.04,0.08982453
7,6,2001,2001-09-06,0.05,0.087108135
7,6,2001,2001-09-14,0.07,0.08822796
7,6,2001,2001-09-22,0.09,0.13570659
7,6,2001,2001-09-30,0.13,0.14784676
7,6,2001,2001-10-08,0.09,0.18026556
7,6,2001,2001-10-16,0.06,0.13272029
7,6,2001,2001-10-24,0.17,0.12681557
7,6,2001,2001-11-01,0.13,0.21999447
7,6,2001,2001-11-09,0.23,0.23944786
7,6,2001,2001-11-17,0.25,0.26266283
7,6,2001,2001-11-25,0.21,0.3162297
7,6,2001,2001-12-03,0.24,0.25593925
7,6,2001,2001-12-11,0.24,0.25248066
7,6,2001,2001-12-19,0.2,0.25325805
7,6,2001,2001-12-27,0.14,0.20428677
7,6,2002,2002-07-04,0.03,0.09533176
7,6,2002,2002-07-12,0.05,0.08277115
7,6,2002,2002-07-20,0.04,0.090063006
7,6,2002,2002-07-28,0.04,0.099387646
7,6,2002,2002-08-05,0.06,0.07854205
7,6,2002,2002-08-13,0.1,0.101822734
7,6,2002,2002-08-21,0.1,0.12185809
7,6,2002,2002-08-29,0.05,0.1318008
7,6,2002,2002-09-06,0.08,0.08285475
7,6,2002,2002-09-14,0.07,0.11325702
7,6,2002,2002-09-22,0.07,0.10731888
7,6,2002,2002-09-30,0.1,0.11664002
7,6,2002,2002-10-08,0.16,0.152748
7,6,2002,2002-10-16,0.11,0.19105445
7,6,2002,2002-10-24,0.13,0.13620006
7,6,2002,2002-11-01,0.2,0.18446279
7,6,2002,2002-11-09,0.26,0.23061691
7,6,2002,2002-11-17,0.16,0.331304
7,6,2002,2002-11-25,0.22,0.22887601
7,6,2002,2002-12-03,0.16,0.2448711
7,6,2002,2002-12-11,0.16,0.20385535
7,6,2002,2002-12-19,0.1,0.2039999
7,6,2002,2002-12-27,0.05,0.14092737
7,6,2003,2003-07-04,0.03,0.065066844
7,6,2003,2003-07-12,0.06,0.07761356
7,6,2003,2003-07-20,0.07,0.1075356
7,6,2003,2003-07-28,0.09,0.10737029
7,6,2003,2003-08-05,0.04,0.12235646
7,6,2003,2003-08-13,0.04,0.081558496
7,6,2003,2003-08-21,0.05,0.0962947
7,6,2003,2003-08-29,0.04,0.10173574
7,6,2003,2003-09-06,0.02,0.080333024
7,6,2003,2003-09-14,0.04,0.074959636
7,6,2003,2003-09-22,0.07,0.08807543
7,6,2003,2003-09-30,0.06,0.115251064
7,6,2003,2003-10-08,0.12,0.113024116
7,6,2003,2003-10-16,0.09,0.18520299
7,6,2003,2003-10-24,0.13,0.1329282
7,6,2003,2003-11-01,0.19,0.17706113
7,6,2003,2003-11-09,0.12,0.24895981
7,6,2003,2003-11-17,0.12,0.20001377
7,6,2003,2003-11-25,0.22,0.15535949
7,6,2003,2003-12-03,0.12,0.2743456
7,6,2003,2003-12-11,0.08,0.16507249
7,6,2003,2003-12-19,0.05,0.12260945
7,6,2003,2003-12-27,0.02,0.082503766
7,6,2004,2004-07-03,0.06,0.06471121
7,6,2004,2004-07-11,0.06,0.102805406
7,6,2004,2004-07-19,0.04,0.107485294
7,6,2004,2004-07-27,0.02,0.09068376
7,6,2004,2004-08-04,0.03,0.077628076
7,6,2004,2004-08-12,0.05,0.070981175
7,6,2004,2004-08-20,0.06,0.09087324
7,6,2004,2004-08-28,0.08,0.10041475
7,6,2004,2004-09-05,0.1,0.1137211
7,6,2004,2004-09-13,0.1,0.12172593
7,6,2004,2004-09-21,0.06,0.12585932
7,6,2004,2004-09-29,0.08,0.09850991
7,6,2004,2004-10-07,0.16,0.113238335
7,6,2004,2004-10-15,0.09,0.20699117
7,6,2004,2004-10-23,0.21,0.13227868
7,6,2004,2004-10-31,0.19,0.25482166
7,6,2004,2004-11-08,0.18,0.24175586
7,6,2004,2004-11-16,0.15,0.20894101
7,6,2004,2004-11-24,0.18,0.16736071
7,6,2004,2004-12-02,0.14,0.23131095
7,6,2004,2004-12-10,0.03,0.16461012
7,6,2004,2004-12-18,0.04,0.066118866
7,6,2004,2004-12-26,0.04,0.071961164
7,6,2005,2005-07-04,0.01,0.06436396
7,6,2005,2005-07-12,0.04,0.06862286
7,6,2005,2005-07-20,0.05,0.09224728
7,6,2005,2005-07-28,0.01,0.092232615
7,6,2005,2005-08-05,0.04,0.052962363
7,6,2005,2005-08-13,0.03,0.08352432
7,6,2005,2005-08-21,0.05,0.07712391
7,6,2005,2005-08-29,0.06,0.100256056
7,6,2005,2005-09-06,0.09,0.10963586
7,6,2005,2005-09-14,0.04,0.1401151
7,6,2005,2005-09-22,0.06,0.092175394
7,6,2005,2005-09-30,0.07,0.09789878
7,6,2005,2005-10-08,0.17,0.11097753
7,6,2005,2005-10-16,0.11,0.23426905
7,6,2005,2005-10-24,0.17,0.1516408
7,6,2005,2005-11-01,0.19,0.24144119
7,6,2005,2005-11-09,0.17,0.23409572
7,6,2005,2005-11-17,0.24,0.21673311
7,6,2005,2005-11-25,0.18,0.26050076
7,6,2005,2005-12-03,0.17,0.21579278
7,6,2005,2005-12-11,0.14,0.18650591
7,6,2005,2005-12-19,0.1,0.13047382
7,6,2005,2005-12-27,0.13,0.108284086
7,6,2006,2006-07-04,0.02,0.0583404
7,6,2006,2006-07-12,0.03,0.063902855
7,6,2006,2006-07-20,0.03,0.08068353
7,6,2006,2006-07-28,0.01,0.08128655
7,6,2006,2006-08-05,0.04,0.05259198
7,6,2006,2006-08-13,0.05,0.089015394
7,6,2006,2006-08-21,0.06,0.08816093
7,6,2006,2006-08-29,0.08,0.10487762
7,6,2006,2006-09-06,0.06,0.11922072
7,6,2006,2006-09-14,0.05,0.10862529
7,6,2006,2006-09-22,0.04,0.083252996
7,6,2006,2006-09-30,0.03,0.0833233
7,6,2006,2006-10-08,0.06,0.0780271
7,6,2006,2006-10-16,0.07,0.13962048
7,6,2006,2006-10-24,0.07,0.119907126
7,6,2006,2006-11-01,0.18,0.1423983
7,6,2006,2006-11-09,0.21,0.2432127
7,6,2006,2006-11-17,0.18,0.26097858
7,6,2006,2006-11-25,0.14,0.24718899
7,6,2006,2006-12-03,0.11,0.17176732
7,6,2006,2006-12-11,0.09,0.14361665
7,6,2006,2006-12-19,0.15,0.12305629
7,6,2006,2006-12-27,0.07,0.17346118
7,6,2007,2007-07-04,0.01,0.05535814
7,6,2007,2007-07-12,0.01,0.05980459
7,6,2007,2007-07-20,0.01,0.06333068
7,6,2007,2007-07-28,0.02,0.062768966
7,6,2007,2007-08-05,0.02,0.06440714
7,6,2007,2007-08-13,0.01,0.07285884
7,6,2007,2007-08-21,0.03,0.0658474
7,6,2007,2007-08-29,0.07,0.08614656
7,6,2007,2007-09-06,0.07,0.12266515
7,6,2007,2007-09-14,0.06,0.11133042
7,6,2007,2007-09-22,0.05,0.09755036
7,6,2007,2007-09-30,0.08,0.08335066
7,6,2007,2007-10-08,0.13,0.1080794
7,6,2007,2007-10-16,0.25,0.16194208
7,6,2007,2007-10-24,0.19,0.28082195
7,6,2007,2007-11-01,0.17,0.22166574
7,6,2007,2007-11-09,0.14,0.21406803
7,6,2007,2007-11-17,0.11,0.18727927
7,6,2007,2007-11-25,0.17,0.15320086
7,6,2007,2007-12-03,0.19,0.19699548
7,6,2007,2007-12-11,0.16,0.20955741
7,6,2007,2007-12-19,0.07,0.17740552
7,6,2007,2007-12-27,0.03,0.11388755
7,6,2008,2008-07-03,0.02,0.06898087
7,6,2008,2008-07-11,0.04,0.061137527
7,6,2008,2008-07-19,0.02,0.07966003
7,6,2008,2008-07-27,0.01,0.060411274
7,6,2008,2008-08-04,0.02,0.058393955
7,6,2008,2008-08-12,0.05,0.06601751
7,6,2008,2008-08-20,0.08,0.08777052
7,6,2008,2008-08-28,0.1,0.1168493
7,6,2008,2008-09-05,0.06,0.14211422
7,6,2008,2008-09-13,0.05,0.102227
7,6,2008,2008-09-21,0.09,0.08934951
7,6,2008,2008-09-29,0.08,0.11977954
7,6,2008,2008-10-07,0.09,0.12035069
7,6,2008,2008-10-15,0.17,0.14475895
7,6,2008,2008-10-23,0.17,0.25732714
7,6,2008,2008-10-31,0.19,0.22622412
7,6,2008,2008-11-08,0.15,0.23208661
7,6,2008,2008-11-16,0.14,0.17198391
7,6,2008,2008-11-24,0.17,0.15609825
7,6,2008,2008-12-02,0.14,0.2092767
7,6,2008,2008-12-10,0.2,0.18790217
7,6,2008,2008-12-18,0.12,0.23460881
7,6,2008,2008-12-26,0.1,0.13455603
7,6,2009,2009-07-04,0.01,0.082437605
7,6,2009,2009-07-12,0.01,0.05087006
7,6,2009,2009-07-20,0.02,0.06431705
7,6,2009,2009-07-28,0.07,0.0641911
7,6,2009,2009-08-05,0.03,0.10524529
7,6,2009,2009-08-13,0.06,0.069479406
7,6,2009,2009-08-21,0.06,0.10608852
7,6,2009,2009-08-29,0.08,0.10768187
7,6,2009,2009-09-06,0.1,0.1321094
7,6,2009,2009-09-14,0.13,0.13043697
7,6,2009,2009-09-22,0.16,0.15332398
7,6,2009,2009-09-30,0.19,0.19036244
7,6,2009,2009-10-08,0.11,0.21180984
7,6,2009,2009-10-16,0.23,0.14094727
7,6,2009,2009-10-24,0.14,0.27378482
7,6,2009,2009-11-01,0.14,0.18901263
7,6,2009,2009-11-09,0.15,0.18750417
7,6,2009,2009-11-17,0.23,0.17748563
7,6,2009,2009-11-25,0.17,0.25953558
7,6,2009,2009-12-03,0.16,0.21058023
7,6,2009,2009-12-11,0.1,0.18266769
7,6,2009,2009-12-19,0.13,0.1482384
7,6,2009,2009-12-27,0.05,0.15261915
7,6,2010,2010-07-04,0.0,0.08785188
7,6,2010,2010-07-12,0.02,0.042218566
7,6,2010,2010-07-20,0.02,0.06612125
7,6,2010,2010-07-28,0.02,0.06438732
7,6,2010,2010-08-05,0.02,0.082806826
7,6,2010,2010-08-13,0.09,0.06637952
7,6,2010,2010-08-21,0.04,0.13788484
7,6,2010,2010-08-29,0.05,0.08526522
7,6,2010,2010-09-06,0.06,0.10327813
7,6,2010,2010-09-14,0.11,0.109812886
7,6,2010,2010-09-22,0.08,0.16627257
7,6,2010,2010-09-30,0.12,0.14136119
7,6,2010,2010-10-08,0.12,0.18528599
7,6,2010,2010-10-16,0.06,0.14997777
7,6,2010,2010-10-24,0.22,0.13833745
7,6,2010,2010-11-01,0.08,0.25300038
7,6,2010,2010-11-09,0.14,0.1384627
7,6,2010,2010-11-17,0.18,0.18147355
7,6,2010,2010-11-25,0.17,0.24555814
7,6,2010,2010-12-03,0.15,0.21596073
7,6,2010,2010-12-11,0.17,0.18354414
7,6,2010,2010-12-19,0.18,0.17859265
7,6,2010,2010-12-27,0.2,0.20528242
7,6,2011,2011-07-04,0.01,0.07187262
7,6,2011,2011-07-12,0.02,0.05162692
7,6,2011,2011-07-20,0.04,0.06851262
7,6,2011,2011-07-28,0.03,0.0813919
7,6,2011,2011-08-05,0.07,0.07292387
7,6,2011,2011-08-13,0.08,0.1055505
7,6,2011,2011-08-21,0.08,0.131003
7,6,2011,2011-08-29,0.12,0.11132699
7,6,2011,2011-09-06,0.06,0.14843273
7,6,2011,2011-09-14,0.1,0.09352201
7,6,2011,2011-09-22,0.16,0.14823607
7,6,2011,2011-09-30,0.16,0.18628605
7,6,2011,2011-10-08,0.09,0.20231906
7,6,2011,2011-10-16,0.09,0.1304582
7,6,2011,2011-10-24,0.16,0.10916263
7,6,2011,2011-11-01,0.2,0.2337051
7,6,2011,2011-11-09,0.19,0.21685837
7,6,2011,2011-11-17,0.17,0.23117556
7,6,2011,2011-11-25,0.14,0.20595956
7,6,2011,2011-12-03,0.17,0.175844
7,6,2011,2011-12-11,0.14,0.19701377
7,6,2011,2011-12-19,0.12,0.17839971
7,6,2011,2011-12-27,0.19,0.16390075
7,6,2012,2012-07-03,0.07,0.08438197
7,6,2012,2012-07-11,0.02,0.10014871
7,6,2012,2012-07-19,0.01,0.058570087
7,6,2012,2012-07-27,0.04,0.06117323
7,6,2012,2012-08-04,0.02,0.082122624
7,6,2012,2012-08-12,0.05,0.07800335
7,6,2012,2012-08-20,0.11,0.105867624
7,6,2012,2012-08-28,0.04,0.1537957
7,6,2012,2012-09-05,0.07,0.10149488
7,6,2012,2012-09-13,0.09,0.105559796
7,6,2012,2012-09-21,0.06,0.13380189
7,6,2012,2012-09-29,0.06,0.12451126
7,6,2012,2012-10-07,0.12,0.123174295
7,6,2012,2012-10-15,0.12,0.1520295
7,6,2012,2012-10-23,0.14,0.1518574
7,6,2012,2012-10-31,0.11,0.1920001
7,6,2012,2012-11-08,0.07,0.16976954
7,6,2012,2012-11-16,0.14,0.12964262
7,6,2012,2012-11-24,0.12,0.18661417
7,6,2012,2012-12-02,0.12,0.15709719
7,6,2012,2012-12-10,0.16,0.17065185
7,6,2012,2012-12-18,0.14,0.19205746
7,6,2012,2012-12-26,0.05,0.1701239
7,7,2001,2001-07-04,0.06,0.1013625
7,7,2001,2001-07-12,0.06,0.10585296
7,7,2001,2001-07-20,0.09,0.12535506
7,7,2001,2001-07-28,0.08,0.14670599
7,7,2001,2001-08-05,0.08,0.13150364
7,7,2001,2001-08-13,0.06,0.12935498
7,7,2001,2001-08-21,0.07,0.112971604
7,7,2001,2001-08-29,0.09,0.12672369
7,7,2001,2001-09-06,0.1,0.15941177
7,7,2001,2001-09-14,0.12,0.13945891
7,7,2001,2001-09-22,0.12,0.19318345
7,7,2001,2001-09-30,0.24,0.1964419
7,7,2001,2001-10-08,0.25,0.32197583
7,7,2001,2001-10-16,0.24,0.3045007
7,7,2001,2001-10-24,0.37,0.3026841
7,7,2001,2001-11-01,0.34,0.4281878
7,7,2001,2001-11-09,0.51,0.45391166
7,7,2001,2001-11-17,0.36,0.53038937
7,7,2001,2001-11-25,0.47,0.3704988
7,7,2001,2001-12-03,0.41,0.44431373
7,7,2001,2001-12-11,0.35,0.3643229
7,7,2001,2001-12-19,0.26,0.30211973
7,7,2001,2001-12-27,0.11,0.20537223
7,7,2002,2002-07-04,0.03,0.08816269
7,7,2002,2002-07-12,0.05,0.083649874
7,7,2002,2002-07-20,0.04,0.10141724
7,7,2002,2002-07-28,0.04,0.09677291
7,7,2002,2002-08-05,0.03,0.09283495
7,7,2002,2002-08-13,0.17,0.08416462
7,7,2002,2002-08-21,0.17,0.20299774
7,7,2002,2002-08-29,0.12,0.19911864
7,7,2002,2002-09-06,0.09,0.15894447
7,7,2002,2002-09-14,0.11,0.124258995
7,7,2002,2002-09-22,0.14,0.15040979
7,7,2002,2002-09-30,0.15,0.17779063
7,7,2002,2002-10-08,0.26,0.22646642
7,7,2002,2002-10-16,0.26,0.3285379
7,7,2002,2002-10-24,0.27,0.3197903
7,7,2002,2002-11-01,0.35,0.34869128
7,7,2002,2002-11-09,0.31,0.4010736
7,7,2002,2002-11-17,0.36,0.39799246
7,7,2002,2002-11-25,0.38,0.37731823
7,7,2002,2002-12-03,0.32,0.41557357
7,7,2002,2002-12-11,0.31,0.33746484
7,7,2002,2002-12-19,0.13,0.29801857
7,7,2002,2002-12-27,0.08,0.13423721
7,7,2003,2003-07-04,0.02,0.064257264
7,7,2003,2003-07-12,0.06,0.070723504
7,7,2003,2003-07-20,0.03,0.110550344
7,7,2003,2003-07-28,0.04,0.07648966
7,7,2003,2003-08-05,0.06,0.08642849
7,7,2003,2003-08-13,0.03,0.09541091
7,7,2003,2003-08-21,0.09,0.11426687
7,7,2003,2003-08-29,0.18,0.16027437
7,7,2003,2003-09-06,0.11,0.22355483
7,7,2003,2003-09-14,0.19,0.1490348
7,7,2003,2003-09-22,0.21,0.21910462
7,7,2003,2003-09-30,0.21,0.24420032
7,7,2003,2003-10-08,0.26,0.24760377
7,7,2003,2003-10-16,0.37,0.32053423
7,7,2003,2003-10-24,0.41,0.4244938
7,7,2003,2003-11-01,0.4,0.4505245
7,7,2003,2003-11-09,0.31,0.42485914
7,7,2003,2003-11-17,0.34,0.31310514
7,7,2003,2003-11-25,0.44,0.33685207
7,7,2003,2003-12-03,0.28,0.4583599
7,7,2003,2003-12-11,0.19,0.30560002
7,7,2003,2003-12-19,0.08,0.1810569
7,7,2003,2003-12-27,0.05,0.071294546
7,7,2004,2004-07-03,0.04,0.06759116
7,7,2004,2004-07-11,0.04,0.083957165
7,7,2004,2004-07-19,0.03,0.09507337
7,7,2004,2004-07-27,0.07,0.07408941
7,7,2004,2004-08-04,0.05,0.111071914
7,7,2004,2004-08-12,0.16,0.094462365
7,7,2004,2004-08-20,0.09,0.18401946
7,7,2004,2004-08-28,0.1,0.13361119
7,7,2004,2004-09-05,0.17,0.16865702
7,7,2004,2004-09-13,0.15,0.199589
7,7,2004,2004-09-21,0.15,0.21001492
7,7,2004,2004-09-29,0.18,0.20567785
7,7,2004,2004-10-07,0.18,0.2302493
7,7,2004,2004-10-15,0.19,0.24377012
7,7,2004,2004-10-23,0.27,0.28319287
7,7,2004,2004-10-31,0.3,0.36587846
7,7,2004,2004-11-08,0.33,0.38268027
7,7,2004,2004-11-16,0.4,0.36054766
7,7,2004,2004-11-24,0.37,0.4206835
7,7,2004,2004-12-02,0.31,0.41193336
7,7,2004,2004-12-10,0.15,0.29956526
7,7,2004,2004-12-18,0.14,0.13248762
7,7,2004,2004-12-26,0.12,0.10800436
7,7,2005,2005-07-04,0.02,0.061020732
7,7,2005,2005-07-12,0.02,0.07435602
7,7,2005,2005-07-20,0.05,0.07282442
7,7,2005,2005-07-28,0.03,0.094061196
7,7,2005,2005-08-05,0.09,0.08556482
7,7,2005,2005-08-13,0.07,0.1294516
7,7,2005,2005-08-21,0.14,0.1411525
7,7,2005,2005-08-29,0.16,0.1759684
7,7,2005,2005-09-06,0.17,0.19426638
7,7,2005,2005-09-14,0.18,0.22058976
7,7,2005,2005-09-22,0.15,0.21618211
7,7,2005,2005-09-30,0.22,0.18606988
7,7,2005,2005-10-08,0.22,0.2583803
7,7,2005,2005-10-16,0.19,0.25863302
7,7,2005,2005-10-24,0.34,0.22952056
7,7,2005,2005-11-01,0.29,0.39477164
7,7,2005,2005-11-09,0.34,0.3551507
7,7,2005,2005-11-17,0.43,0.38277215
7,7,2005,2005-11-25,0.44,0.47485214
7,7,2005,2005-12-03,0.44,0.4595646
7,7,2005,2005-12-11,0.43,0.41862237
7,7,2005,2005-12-19,0.27,0.3558295
7,7,2005,2005-12-27,0.22,0.21894388
7,7,2006,2006-07-04,0.01,0.052453607
7,7,2006,2006-07-12,0.0,0.06347653
7,7,2006,2006-07-20,0.02,0.054354966
7,7,2006,2006-07-28,0.01,0.08082411
7,7,2006,2006-08-05,0.17,0.06170726
7,7,2006,2006-08-13,0.2,0.22502002
7,7,2006,2006-08-21,0.12,0.23075905
7,7,2006,2006-08-29,0.22,0.18217924
7,7,2006,2006-09-06,0.14,0.25605297
7,7,2006,2006-09-14,0.09,0.18757103
7,7,2006,2006-09-22,0.13,0.14159976
7,7,2006,2006-09-30,0.16,0.16671117
7,7,2006,2006-10-08,0.18,0.22322185
7,7,2006,2006-10-16,0.17,0.2381876
7,7,2006,2006-10-24,0.17,0.21491039
7,7,2006,2006-11-01,0.28,0.2566616
7,7,2006,2006-11-09,0.38,0.34206468
7,7,2006,2006-11-17,0.37,0.45901933
7,7,2006,2006-11-25,0.4,0.44279224
7,7,2006,2006-12-03,0.3,0.4360159
7,7,2006,2006-12-11,0.31,0.32274288
7,7,2006,2006-12-19,0.3,0.31219664
7,7,2006,2006-12-27,0.12,0.26843563
7,7,2007,2007-07-04,0.0,0.044122994
7,7,2007,2007-07-12,0.0,0.05061227
7,7,2007,2007-07-20,0.01,0.049809545
7,7,2007,2007-07-28,0.03,0.06540671
7,7,2007,2007-08-05,0.03,0.07532343
7,7,2007,2007-08-13,0.11,0.12348819
7,7,2007,2007-08-21,0.09,0.19321631
7,7,2007,2007-08-29,0.23,0.14451447
7,7,2007,2007-09-06,0.22,0.3113342
7,7,2007,2007-09-14,0.15,0.25338036
7,7,2007,2007-09-22,0.13,0.17421089
7,7,2007,2007-09-30,0.13,0.15321529
7,7,2007,2007-10-08,0.2,0.17184064
7,7,2007,2007-10-16,0.29,0.24797232
7,7,2007,2007-10-24,0.28,0.33210978
7,7,2007,2007-11-01,0.3,0.31738028
7,7,2007,2007-11-09,0.31,0.34752285
7,7,2007,2007-11-17,0.28,0.37620988
7,7,2007,2007-11-25,0.36,0.33158693
7,7,2007,2007-12-03,0.44,0.39951965
7,7,2007,2007-12-11,0.39,0.4476483
7,7,2007,2007-12-19,0.26,0.3859121
7,7,2007,2007-12-27,0.21,0.25323844
7,7,2008,2008-07-03,0.01,0.05955407
7,7,2008,2008-07-11,0.03,0.052568704
7,7,2008,2008-07-19,0.03,0.07213479
7,7,2008,2008-07-27,0.08,0.072619885
7,7,2008,2008-08-04,0.12,0.12013447
7,7,2008,2008-08-12,0.17,0.14783978
7,7,2008,2008-08-20,0.24,0.21733011
7,7,2008,2008-08-28,0.21,0.267059
7,7,2008,2008-09-05,0.2,0.2778921
7,7,2008,2008-09-13,0.15,0.24671555
7,7,2008,2008-09-21,0.17,0.17458329
7,7,2008,2008-09-29,0.17,0.18504976
7,7,2008,2008-10-07,0.18,0.19405656
7,7,2008,2008-10-15,0.22,0.22985941
7,7,2008,2008-10-23,0.35,0.29414904
7,7,2008,2008-10-31,0.33,0.41606602
7,7,2008,2008-11-08,0.35,0.388921
7,7,2008,2008-11-16,0.38,0.3733046
7,7,2008,2008-11-24,0.42,0.380603
7,7,2008,2008-12-02,0.46,0.44006786
7,7,2008,2008-12-10,0.51,0.49137977
7,7,2008,2008-12-18,0.5,0.5109095
7,7,2008,2008-12-26,0.42,0.4522105
7,7,2009,2009-07-04,0.0,0.05113429
7,7,2009,2009-07-12,0.01,0.05235052
7,7,2009,2009-07-20,0.05,0.066817224
7,7,2009,2009-07-28,0.04,0.096939415
7,7,2009,2009-08-05,0.1,0.09964377
7,7,2009,2009-08-13,0.17,0.16099113
7,7,2009,2009-08-21,0.17,0.23350105
7,7,2009,2009-08-29,0.29,0.24827892
7,7,2009,2009-09-06,0.3,0.3445837
7,7,2009,2009-09-14,0.33,0.34150225
7,7,2009,2009-09-22,0.23,0.33553642
7,7,2009,2009-09-30,0.34,0.23735124
7,7,2009,2009-10-08,0.3,0.3305475
7,7,2009,2009-10-16,0.33,0.31678003
7,7,2009,2009-10-24,0.27,0.34474093
7,7,2009,2009-11-01,0.27,0.31974813
7,7,2009,2009-11-09,0.3,0.30532715
7,7,2009,2009-11-17,0.35,0.33644047
7,7,2009,2009-11-25,0.31,0.39775774
7,7,2009,2009-12-03,0.3,0.3603754
7,7,2009,2009-12-11,0.32,0.34248784
7,7,2009,2009-12-19,0.3,0.3704384
7,7,2009,2009-12-27,0.19,0.34853256
7,7,2010,2010-07-04,0.0,0.04667279
7,7,2010,2010-07-12,0.06,0.046288073
7,7,2010,2010-07-20,0.07,0.09898722
7,7,2010,2010-07-28,0.07,0.11545631
7,7,2010,2010-08-05,0.06,0.10953468
7,7,2010,2010-08-13,0.2,0.11486058
7,7,2010,2010-08-21,0.1,0.26540127
7,7,2010,2010-08-29,0.11,0.17057374
7,7,2010,2010-09-06,0.17,0.20553863
7,7,2010,2010-09-14,0.18,0.24865718
7,7,2010,2010-09-22,0.17,0.2695912
7,7,2010,2010-09-30,0.23,0.21716456
7,7,2010,2010-10-08,0.19,0.3056694
7,7,2010,2010-10-16,0.14,0.25116128
7,7,2010,2010-10-24,0.22,0.20802255
7,7,2010,2010-11-01,0.27,0.25922385
7,7,2010,2010-11-09,0.32,0.32276416
7,7,2010,2010-11-17,0.37,0.37926412
7,7,2010,2010-11-25,0.4,0.4257094
7,7,2010,2010-12-03,0.37,0.42025766
7,7,2010,2010-12-11,0.47,0.36658219
7,7,2010,2010-12-19,0.49,0.46138912
7,7,2010,2010-12-27,0.37,0.4771602
7,7,2011,2011-07-04,0.0,0.05013615
7,7,2011,2011-07-12,0.02,0.046297133
7,7,2011,2011-07-20,0.02,0.08122155
7,7,2011,2011-07-28,0.06,0.081340104
7,7,2011,2011-08-05,0.12,0.114993006
7,7,2011,2011-08-13,0.22,0.15656582
7,7,2011,2011-08-21,0.2,0.29848045
7,7,2011,2011-08-29,0.34,0.23583128
7,7,2011,2011-09-06,0.18,0.36203316
7,7,2011,2011-09-14,0.14,0.22602081
7,7,2011,2011-09-22,0.16,0.16556793
7,7,2011,2011-09-30,0.16,0.1902014
7,7,2011,2011-10-08,0.15,0.21761744
7,7,2011,2011-10-16,0.12,0.19423993
7,7,2011,2011-10-24,0.19,0.152109
7,7,2011,2011-11-01,0.24,0.24605753
7,7,2011,2011-11-09,0.27,0.30935472
7,7,2011,2011-11-17,0.35,0.3515045
7,7,2011,2011-11-25,0.36,0.4245503
7,7,2011,2011-12-03,0.41,0.4199877
7,7,2011,2011-12-11,0.45,0.4313846
7,7,2011,2011-12-19,0.35,0.481366
7,7,2011,2011-12-27,0.08,0.38252512
7,7,2012,2012-07-03,0.04,0.043599844
7,7,2012,2012-07-11,0.01,0.08069959
7,7,2012,2012-07-19,0.03,0.05758515
7,7,2012,2012-07-27,0.04,0.07790515
7,7,2012,2012-08-04,0.07,0.09366834
7,7,2012,2012-08-12,0.16,0.13591206
7,7,2012,2012-08-20,0.09,0.2465176
7,7,2012,2012-08-28,0.04,0.16726184
7,7,2012,2012-09-05,0.15,0.15660378
7,7,2012,2012-09-13,0.18,0.19073623
7,7,2012,2012-09-21,0.13,0.21671584
7,7,2012,2012-09-29,0.11,0.17302924
7,7,2012,2012-10-07,0.14,0.15140381
7,7,2012,2012-10-15,0.14,0.17836098
7,7,2012,2012-10-23,0.17,0.17082733
7,7,2012,2012-10-31,0.22,0.22372219
7,7,2012,2012-11-08,0.2,0.2824316
7,7,2012,2012-11-16,0.34,0.26867443
7,7,2012,2012-11-24,0.37,0.420884
7,7,2012,2012-12-02,0.37,0.4397858
7,7,2012,2012-12-10,0.37,0.41906422
7,7,2012,2012-12-18,0.31,0.40116262
7,7,2012,2012-12-26,0.16,0.30816352
7,8,2001,2001-07-04,0.15,0.1518831
7,8,2001,2001-07-12,0.12,0.18188079
7,8,2001,2001-07-20,0.12,0.1518017
7,8,2001,2001-07-28,0.12,0.15922375
7,8,2001,2001-08-05,0.12,0.16120939
7,8,2001,2001-08-13,0.12,0.15048052
7,8,2001,2001-08-21,0.13,0.15489036
7,8,2001,2001-08-29,0.16,0.1818959
7,8,2001,2001-09-06,0.18,0.2428655
7,8,2001,2001-09-14,0.27,0.22923256
7,8,2001,2001-09-22,0.21,0.35296348
7,8,2001,2001-09-30,0.39,0.30577427
7,8,2001,2001-10-08,0.4,0.41546547
7,8,2001,2001-10-16,0.35,0.41455084
7,8,2001,2001-10-24,0.27,0.33981076
7,8,2001,2001-11-01,0.08,0.2312796
7,8,2001,2001-11-09,0.14,0.10500446
7,8,2001,2001-11-17,0.01,0.13656619
7,8,2001,2001-11-25,0.11,0.05945158
7,8,2001,2001-12-03,0.13,0.15926251
7,8,2001,2001-12-11,0.12,0.16034654
7,8,2001,2001-12-19,0.12,0.17250454
7,8,2001,2001-12-27,0.11,0.15154403
7,8,2002,2002-07-04,0.1,0.2059036
7,8,2002,2002-07-12,0.13,0.12741871
7,8,2002,2002-07-20,0.12,0.15312764
7,8,2002,2002-07-28,0.11,0.15687196
7,8,2002,2002-08-05,0.11,0.15103722
7,8,2002,2002-08-13,0.15,0.15105943
7,8,2002,2002-08-21,0.15,0.18732142
7,8,2002,2002-08-29,0.13,0.18923943
7,8,2002,2002-09-06,0.16,0.17930765
7,8,2002,2002-09-14,0.27,0.20918837
7,8,2002,2002-09-22,0.37,0.34453964
7,8,2002,2002-09-30,0.28,0.4172243
7,8,2002,2002-10-08,0.34,0.3656424
7,8,2002,2002-10-16,0.22,0.38901678
7,8,2002,2002-10-24,0.15,0.26405162
7,8,2002,2002-11-01,0.14,0.16493462
7,8,2002,2002-11-09,0.02,0.121279776
7,8,2002,2002-11-17,0.06,0.07562861
7,8,2002,2002-11-25,0.06,0.07999727
7,8,2002,2002-12-03,0.09,0.11924796
7,8,2002,2002-12-11,0.17,0.14696088
7,8,2002,2002-12-19,0.12,0.21585661
7,8,2002,2002-12-27,0.12,0.16554762
7,8,2003,2003-07-04,0.13,0.16374393
7,8,2003,2003-07-12,0.17,0.15039426
7,8,2003,2003-07-20,0.14,0.20252393
7,8,2003,2003-07-28,0.15,0.17286813
7,8,2003,2003-08-05,0.13,0.18063334
7,8,2003,2003-08-13,0.13,0.16151682
7,8,2003,2003-08-21,0.16,0.17576896
7,8,2003,2003-08-29,0.22,0.201469
7,8,2003,2003-09-06,0.35,0.251224
7,8,2003,2003-09-14,0.4,0.38783735
7,8,2003,2003-09-22,0.45,0.4599822
7,8,2003,2003-09-30,0.38,0.5001848
7,8,2003,2003-10-08,0.35,0.38539207
7,8,2003,2003-10-16,0.32,0.3442148
7,8,2003,2003-10-24,0.2,0.28566194
7,8,2003,2003-11-01,0.15,0.18446209
7,8,2003,2003-11-09,0.07,0.14620946
7,8,2003,2003-11-17,0.08,0.081608236
7,8,2003,2003-11-25,0.12,0.113218546
7,8,2003,2003-12-03,0.1,0.14775422
7,8,2003,2003-12-11,0.12,0.14270088
7,8,2003,2003-12-19,0.11,0.18265788
7,8,2003,2003-12-27,0.09,0.15176353
7,8,2004,2004-07-03,0.17,0.16577557
7,8,2004,2004-07-11,0.15,0.1966726
7,8,2004,2004-07-19,0.12,0.19492805
7,8,2004,2004-07-27,0.13,0.15897746
7,8,2004,2004-08-04,0.13,0.17244825
7,8,2004,2004-08-12,0.16,0.16679081
7,8,2004,2004-08-20,0.15,0.19661283
7,8,2004,2004-08-28,0.2,0.19507846
7,8,2004,2004-09-05,0.48,0.25960195
7,8,2004,2004-09-13,0.36,0.5679218
7,8,2004,2004-09-21,0.47,0.44914076
7,8,2004,2004-09-29,0.48,0.50529575
7,8,2004,2004-10-07,0.39,0.467819
7,8,2004,2004-10-15,0.29,0.38066438
7,8,2004,2004-10-23,0.18,0.2640186
7,8,2004,2004-10-31,0.07,0.15302448
7,8,2004,2004-11-08,0.05,0.08683571
7,8,2004,2004-11-16,0.13,0.08018994
7,8,2004,2004-11-24,0.08,0.16296066
7,8,2004,2004-12-02,0.09,0.13031504
7,8,2004,2004-12-10,0.11,0.1363176
7,8,2004,2004-12-18,0.13,0.15567538
7,8,2004,2004-12-26,0.13,0.16879435
7,8,2005,2005-07-04,0.16,0.17630108
7,8,2005,2005-07-12,0.18,0.14237887
7,8,2005,2005-07-20,0.17,0.20036551
7,8,2005,2005-07-28,0.11,0.19380693
7,8,2005,2005-08-05,0.15,0.147542
7,8,2005,2005-08-13,0.12,0.18323416
7,8,2005,2005-08-21,0.13,0.16876626
7,8,2005,2005-08-29,0.16,0.17548525
7,8,2005,2005-09-06,0.2,0.21724972
7,8,2005,2005-09-14,0.32,0.3438331
7,8,2005,2005-09-22,0.42,0.40389743
7,8,2005,2005-09-30,0.49,0.51871186
7,8,2005,2005-10-08,0.5,0.53886193
7,8,2005,2005-10-16,0.46,0.49495667
7,8,2005,2005-10-24,0.56,0.41820017
7,8,2005,2005-11-01,0.25,0.47346532
7,8,2005,2005-11-09,0.19,0.24360134
7,8,2005,2005-11-17,0.2,0.14556804
7,8,2005,2005-11-25,0.14,0.19097574
7,8,2005,2005-12-03,0.12,0.1600348
7,8,2005,2005-12-11,0.14,0.14704584
7,8,2005,2005-12-19,0.1,0.17216982
7,8,2005,2005-12-27,0.14,0.14590919
7,8,2006,2006-07-04,0.15,0.14734212
7,8,2006,2006-07-12,0.13,0.16210139
7,8,2006,2006-07-20,0.13,0.17321837
7,8,2006,2006-07-28,0.11,0.17611466
7,8,2006,2006-08-05,0.14,0.14265405
7,8,2006,2006-08-13,0.18,0.18527527
7,8,2006,2006-08-21,0.19,0.20995833
7,8,2006,2006-08-29,0.34,0.22478038
7,8,2006,2006-09-06,0.37,0.376138
7,8,2006,2006-09-14,0.41,0.4132771
7,8,2006,2006-09-22,0.52,0.4589712
7,8,2006,2006-09-30,0.41,0.5575289
7,8,2006,2006-10-08,0.4,0.45095646
7,8,2006,2006-10-16,0.24,0.4190639
7,8,2006,2006-10-24,0.15,0.24868336
7,8,2006,2006-11-01,0.12,0.19581485
7,8,2006,2006-11-09,0.12,0.11316261
7,8,2006,2006-11-17,0.09,0.13955148
7,8,2006,2006-11-25,0.12,0.14061444
7,8,2006,2006-12-03,0.03,0.15916646
7,8,2006,2006-12-11,0.11,0.08502868
7,8,2006,2006-12-19,0.14,0.16449285
7,8,2006,2006-12-27,0.09,0.17343539
7,8,2007,2007-07-04,0.09,0.19077832
7,8,2007,2007-07-12,0.17,0.105722904
7,8,2007,2007-07-20,0.14,0.18363959
7,8,2007,2007-07-28,0.17,0.17679307
7,8,2007,2007-08-05,0.17,0.19953284
7,8,2007,2007-08-13,0.15,0.20557925
7,8,2007,2007-08-21,0.12,0.19933525
7,8,2007,2007-08-29,0.19,0.17341565
7,8,2007,2007-09-06,0.22,0.28702706
7,8,2007,2007-09-14,0.31,0.3140933
7,8,2007,2007-09-22,0.39,0.41002595
7,8,2007,2007-09-30,0.45,0.49379417
7,8,2007,2007-10-08,0.51,0.48781064
7,8,2007,2007-10-16,0.37,0.5094652
7,8,2007,2007-10-24,0.28,0.34262744
7,8,2007,2007-11-01,0.18,0.21431918
7,8,2007,2007-11-09,0.1,0.13966468
7,8,2007,2007-11-17,0.11,0.11799058
7,8,2007,2007-11-25,0.09,0.13562039
7,8,2007,2007-12-03,0.13,0.13484639
7,8,2007,2007-12-11,0.12,0.14320335
7,8,2007,2007-12-19,0.09,0.16241266
7,8,2007,2007-12-27,0.08,0.14192308
7,8,2008,2008-07-03,0.13,0.15222692
7,8,2008,2008-07-11,0.13,0.13684416
7,8,2008,2008-07-19,0.12,0.17584988
7,8,2008,2008-07-27,0.12,0.15933089
7,8,2008,2008-08-04,0.12,0.17442806
7,8,2008,2008-08-12,0.14,0.17064857
7,8,2008,2008-08-20,0.17,0.18368168
7,8,2008,2008-08-28,0.21,0.20043273
7,8,2008,2008-09-05,0.37,0.2607258
7,8,2008,2008-09-13,0.4,0.4242337
7,8,2008,2008-09-21,0.42,0.4673237
7,8,2008,2008-09-29,0.35,0.46890932
7,8,2008,2008-10-07,0.34,0.39173153
7,8,2008,2008-10-15,0.2,0.37922928
7,8,2008,2008-10-23,0.27,0.22054394
7,8,2008,2008-10-31,0.21,0.2414334
7,8,2008,2008-11-08,0.11,0.19997802
7,8,2008,2008-11-16,0.06,0.12073557
7,8,2008,2008-11-24,0.04,0.09705719
7,8,2008,2008-12-02,0.07,0.08745831
7,8,2008,2008-12-10,0.1,0.1304174
7,8,2008,2008-12-18,0.14,0.14996953
7,8,2008,2008-12-26,0.12,0.1765299
7,8,2009,2009-07-04,0.12,0.14516702
7,8,2009,2009-07-12,0.11,0.15702799
7,8,2009,2009-07-20,0.12,0.15087204
7,8,2009,2009-07-28,0.12,0.1594164
7,8,2009,2009-08-05,0.15,0.15964945
7,8,2009,2009-08-13,0.13,0.18663795
7,8,2009,2009-08-21,0.13,0.17370537
7,8,2009,2009-08-29,0.18,0.18184334
7,8,2009,2009-09-06,0.41,0.2382145
7,8,2009,2009-09-14,0.47,0.51448
7,8,2009,2009-09-22,0.49,0.5481862
7,8,2009,2009-09-30,0.54,0.5211596
7,8,2009,2009-10-08,0.49,0.51930344
7,8,2009,2009-10-16,0.41,0.46095133
7,8,2009,2009-10-24,0.24,0.3493258
7,8,2009,2009-11-01,0.15,0.21367632
7,8,2009,2009-11-09,0.09,0.14100829
7,8,2009,2009-11-17,0.06,0.10237852
7,8,2009,2009-11-25,0.06,0.08802739
7,8,2009,2009-12-03,0.05,0.09095648
7,8,2009,2009-12-11,0.04,0.09631151
7,8,2009,2009-12-19,0.03,0.09912723
7,8,2009,2009-12-27,0.04,0.10325116
7,8,2010,2010-07-04,0.24,0.3255993
7,8,2010,2010-07-12,0.21,0.2185945
7,8,2010,2010-07-20,0.18,0.19224627
7,8,2010,2010-07-28,0.12,0.19252063
7,8,2010,2010-08-05,0.14,0.15002081
7,8,2010,2010-08-13,0.16,0.1796726
7,8,2010,2010-08-21,0.11,0.19372831
7,8,2010,2010-08-29,0.13,0.1530282
7,8,2010,2010-09-06,0.14,0.18393187
7,8,2010,2010-09-14,0.16,0.26600352
7,8,2010,2010-09-22,0.23,0.28895858
7,8,2010,2010-09-30,0.42,0.3549311
7,8,2010,2010-10-08,0.47,0.53727967
7,8,2010,2010-10-16,0.47,0.53520846
7,8,2010,2010-10-24,0.54,0.46785372
7,8,2010,2010-11-01,0.45,0.4757062
7,8,2010,2010-11-09,0.38,0.37301013
7,8,2010,2010-11-17,0.33,0.2979515
7,8,2010,2010-11-25,0.24,0.25403365
7,8,2010,2010-12-03,0.16,0.20623247
7,8,2010,2010-12-11,0.18,0.15236849
7,8,2010,2010-12-19,0.08,0.17575297
7,8,2010,2010-12-27,0.16,0.10201886
7,8,2011,2011-07-04,0.12,0.18232335
7,8,2011,2011-07-12,0.15,0.14082849
7,8,2011,2011-07-20,0.13,0.1843075
7,8,2011,2011-07-28,0.11,0.17326228
7,8,2011,2011-08-05,0.13,0.14320317
7,8,2011,2011-08-13,0.15,0.17060605
7,8,2011,2011-08-21,0.1,0.19578055
7,8,2011,2011-08-29,0.2,0.13962862
7,8,2011,2011-09-06,0.28,0.23520383
7,8,2011,2011-09-14,0.27,0.3136581
7,8,2011,2011-09-22,0.48,0.31113443
7,8,2011,2011-09-30,0.49,0.5147234
7,8,2011,2011-10-08,0.39,0.5486236
7,8,2011,2011-10-16,0.2,0.43571627
7,8,2011,2011-10-24,0.14,0.24275555
7,8,2011,2011-11-01,0.15,0.1751718
7,8,2011,2011-11-09,0.12,0.19464147
7,8,2011,2011-11-17,0.12,0.19073999
7,8,2011,2011-11-25,0.1,0.18552302
7,8,2011,2011-12-03,0.11,0.1525049
7,8,2011,2011-12-11,0.05,0.14828649
7,8,2011,2011-12-19,0.11,0.11134574
7,8,2011,2011-12-27,0.05,0.13774112
7,8,2012,2012-07-03,0.19,0.17342767
7,8,2012,2012-07-11,0.12,0.19613671
7,8,2012,2012-07-19,0.13,0.15626904
7,8,2012,2012-07-27,0.13,0.16335112
7,8,2012,2012-08-04,0.14,0.16151428
7,8,2012,2012-08-12,0.15,0.1791964
7,8,2012,2012-08-20,0.14,0.19329193
7,8,2012,2012-08-28,0.14,0.16854541
7,8,2012,2012-09-05,0.3,0.19995658
7,8,2012,2012-09-13,0.46,0.37795216
7,8,2012,2012-09-21,0.4,0.52463067
7,8,2012,2012-09-29,0.44,0.48496705
7,8,2012,2012-10-07,0.42,0.48119578
7,8,2012,2012-10-15,0.4,0.41490108
7,8,2012,2012-10-23,0.2,0.3371636
7,8,2012,2012-10-31,0.11,0.16596389
7,8,2012,2012-11-08,0.05,0.110921085
7,8,2012,2012-11-16,0.05,0.09161666
7,8,2012,2012-11-24,0.06,0.10440773
7,8,2012,2012-12-02,0.09,0.108653516
7,8,2012,2012-12-10,0.1,0.14100073
7,8,2012,2012-12-18,0.08,0.12798214
7,8,2012,2012-12-26,0.1,0.13137046
7,9,2001,2001-07-04,0.33,0.34474674
7,9,2001,2001-07-12,0.25,0.382712
7,9,2001,2001-07-20,0.22,0.27820545
7,9,2001,2001-07-28,0.23,0.20102213
7,9,2001,2001-08-05,0.15,0.21349995
7,9,2001,2001-08-13,0.17,0.16462979
7,9,2001,2001-08-21,0.21,0.18458104
7,9,2001,2001-08-29,0.21,0.2467685
7,9,2001,2001-09-06,0.21,0.26261324
7,9,2001,2001-09-14,0.26,0.24018836
7,9,2001,2001-09-22,0.3,0.32820892
7,9,2001,2001-09-30,0.36,0.36235273
7,9,2001,2001-10-08,0.34,0.4051356
7,9,2001,2001-10-16,0.44,0.37170243
7,9,2001,2001-10-24,0.34,0.44909316
7,9,2001,2001-11-01,0.23,0.33240202
7,9,2001,2001-11-09,0.33,0.23919564
7,9,2001,2001-11-17,0.14,0.29335672
7,9,2001,2001-11-25,0.18,0.18621957
7,9,2001,2001-12-03,0.2,0.21678278
7,9,2001,2001-12-11,0.24,0.23203862
7,9,2001,2001-12-19,0.18,0.2853896
7,9,2001,2001-12-27,0.18,0.21411297
7,9,2002,2002-07-04,0.31,0.521857
7,9,2002,2002-07-12,0.3,0.34666336
7,9,2002,2002-07-20,0.32,0.25253886
7,9,2002,2002-07-28,0.28,0.28425047
7,9,2002,2002-08-05,0.27,0.29547417
7,9,2002,2002-08-13,0.32,0.26696077
7,9,2002,2002-08-21,0.32,0.3200716
7,9,2002,2002-08-29,0.25,0.34435087
7,9,2002,2002-09-06,0.23,0.28101757
7,9,2002,2002-09-14,0.3,0.24913687
7,9,2002,2002-09-22,0.34,0.3328809
7,9,2002,2002-09-30,0.33,0.39287525
7,9,2002,2002-10-08,0.42,0.39065945
7,9,2002,2002-10-16,0.42,0.44769546
7,9,2002,2002-10-24,0.37,0.46152484
7,9,2002,2002-11-01,0.37,0.38515592
7,9,2002,2002-11-09,0.14,0.33554065
7,9,2002,2002-11-17,0.28,0.18516393
7,9,2002,2002-11-25,0.27,0.23725863
7,9,2002,2002-12-03,0.29,0.28952128
7,9,2002,2002-12-11,0.23,0.32051554
7,9,2002,2002-12-19,0.24,0.27373257
7,9,2002,2002-12-27,0.33,0.25693536
7,9,2003,2003-07-04,0.46,0.4075293
7,9,2003,2003-07-12,0.46,0.43434912
7,9,2003,2003-07-20,0.43,0.42164767
7,9,2003,2003-07-28,0.46,0.41756123
7,9,2003,2003-08-05,0.34,0.43596122
7,9,2003,2003-08-13,0.32,0.33396628
7,9,2003,2003-08-21,0.44,0.3178233
7,9,2003,2003-08-29,0.44,0.4378959
7,9,2003,2003-09-06,0.42,0.43775076
7,9,2003,2003-09-14,0.45,0.4015578
7,9,2003,2003-09-22,0.49,0.4366095
7,9,2003,2003-09-30,0.5,0.48958322
7,9,2003,2003-10-08,0.46,0.493128
7,9,2003,2003-10-16,0.47,0.47011882
7,9,2003,2003-10-24,0.38,0.4720397
7,9,2003,2003-11-01,0.39,0.37765363
7,9,2003,2003-11-09,0.3,0.37605706
7,9,2003,2003-11-17,0.31,0.254965
7,9,2003,2003-11-25,0.33,0.29897386
7,9,2003,2003-12-03,0.27,0.3427533
7,9,2003,2003-12-11,0.32,0.31236303
7,9,2003,2003-12-19,0.27,0.32440758
7,9,2003,2003-12-27,0.24,0.2921239
7,9,2004,2004-07-03,0.49,0.4412622
7,9,2004,2004-07-11,0.48,0.45994842
7,9,2004,2004-07-19,0.5,0.4715538
7,9,2004,2004-07-27,0.49,0.49251688
7,9,2004,2004-08-04,0.43,0.48666823
7,9,2004,2004-08-12,0.49,0.4100372
7,9,2004,2004-08-20,0.41,0.44702262
7,9,2004,2004-08-28,0.37,0.4172101
7,9,2004,2004-09-05,0.54,0.39524317
7,9,2004,2004-09-13,0.59,0.5306095
7,9,2004,2004-09-21,0.6,0.5822253
7,9,2004,2004-09-29,0.61,0.5966704
7,9,2004,2004-10-07,0.63,0.5943575
7,9,2004,2004-10-15,0.59,0.59423757
7,9,2004,2004-10-23,0.56,0.5588618
7,9,2004,2004-10-31,0.43,0.5125262
7,9,2004,2004-11-08,0.36,0.3956195
7,9,2004,2004-11-16,0.52,0.31206524
7,9,2004,2004-11-24,0.42,0.46780276
7,9,2004,2004-12-02,0.4,0.4182191
7,9,2004,2004-12-10,0.37,0.38381842
7,9,2004,2004-12-18,0.38,0.35445893
7,9,2004,2004-12-26,0.35,0.36873555
7,9,2005,2005-07-04,0.63,0.624981
7,9,2005,2005-07-12,0.58,0.56853914
7,9,2005,2005-07-20,0.54,0.5580899
7,9,2005,2005-07-28,0.55,0.508899
7,9,2005,2005-08-05,0.46,0.5219325
7,9,2005,2005-08-13,0.46,0.43709677
7,9,2005,2005-08-21,0.4,0.4495274
7,9,2005,2005-08-29,0.45,0.38165656
7,9,2005,2005-09-06,0.47,0.42829472
7,9,2005,2005-09-14,0.49,0.49427894
7,9,2005,2005-09-22,0.58,0.53414667
7,9,2005,2005-09-30,0.58,0.60061806
7,9,2005,2005-10-08,0.62,0.58859843
7,9,2005,2005-10-16,0.7,0.621927
7,9,2005,2005-10-24,0.78,0.6683682
7,9,2005,2005-11-01,0.6,0.72243804
7,9,2005,2005-11-09,0.57,0.5569479
7,9,2005,2005-11-17,0.57,0.4855542
7,9,2005,2005-11-25,0.48,0.5173452
7,9,2005,2005-12-03,0.47,0.462463
7,9,2005,2005-12-11,0.51,0.4399916
7,9,2005,2005-12-19,0.37,0.46640706
7,9,2005,2005-12-27,0.42,0.37420115
7,9,2006,2006-07-04,0.55,0.5890599
7,9,2006,2006-07-12,0.52,0.5348849
7,9,2006,2006-07-20,0.47,0.49920785
7,9,2006,2006-07-28,0.46,0.44548497
7,9,2006,2006-08-05,0.43,0.45014882
7,9,2006,2006-08-13,0.47,0.4133738
7,9,2006,2006-08-21,0.41,0.4591872
7,9,2006,2006-08-29,0.45,0.40063614
7,9,2006,2006-09-06,0.44,0.45243362
7,9,2006,2006-09-14,0.49,0.45107484
7,9,2006,2006-09-22,0.61,0.50801086
7,9,2006,2006-09-30,0.63,0.6223006
7,9,2006,2006-10-08,0.62,0.62920964
7,9,2006,2006-10-16,0.56,0.62286717
7,9,2006,2006-10-24,0.54,0.57280064
7,9,2006,2006-11-01,0.41,0.5663661
7,9,2006,2006-11-09,0.5,0.40629584
7,9,2006,2006-11-17,0.41,0.46578708
7,9,2006,2006-11-25,0.38,0.39657936
7,9,2006,2006-12-03,0.3,0.38570732
7,9,2006,2006-12-11,0.38,0.2974881
7,9,2006,2006-12-19,0.46,0.39781985
7,9,2006,2006-12-27,0.44,0.46001604
7,9,2007,2007-07-04,0.41,0.48102486
7,9,2007,2007-07-12,0.48,0.38854253
7,9,2007,2007-07-20,0.46,0.45127866
7,9,2007,2007-07-28,0.43,0.44399637
7,9,2007,2007-08-05,0.43,0.43574554
7,9,2007,2007-08-13,0.44,0.42018557
7,9,2007,2007-08-21,0.5,0.44758508
7,9,2007,2007-08-29,0.52,0.49479407
7,9,2007,2007-09-06,0.52,0.52056026
7,9,2007,2007-09-14,0.48,0.51775956
7,9,2007,2007-09-22,0.51,0.4868425
7,9,2007,2007-09-30,0.53,0.53431094
7,9,2007,2007-10-08,0.61,0.5544313
7,9,2007,2007-10-16,0.57,0.6175889
7,9,2007,2007-10-24,0.58,0.5610481
7,9,2007,2007-11-01,0.52,0.5620072
7,9,2007,2007-11-09,0.52,0.46816733
7,9,2007,2007-11-17,0.5,0.49719122
7,9,2007,2007-11-25,0.4,0.46663743
7,9,2007,2007-12-03,0.41,0.38488194
7,9,2007,2007-12-11,0.37,0.36134133
7,9,2007,2007-12-19,0.28,0.36426878
7,9,2007,2007-12-27,0.29,0.32699236
7,9,2008,2008-07-03,0.46,0.46240932
7,9,2008,2008-07-11,0.44,0.44180247
7,9,2008,2008-07-19,0.41,0.43009478
7,9,2008,2008-07-27,0.41,0.4132117
7,9,2008,2008-08-04,0.38,0.4121515
7,9,2008,2008-08-12,0.45,0.3863074
7,9,2008,2008-08-20,0.43,0.4584664
7,9,2008,2008-08-28,0.45,0.4594748
7,9,2008,2008-09-05,0.51,0.48211697
7,9,2008,2008-09-13,0.47,0.52412313
7,9,2008,2008-09-21,0.52,0.4783774
7,9,2008,2008-09-29,0.54,0.5219063
7,9,2008,2008-10-07,0.52,0.5393602
7,9,2008,2008-10-15,0.51,0.54571664
7,9,2008,2008-10-23,0.58,0.51976264
7,9,2008,2008-10-31,0.58,0.57432127
7,9,2008,2008-11-08,0.49,0.5615758
7,9,2008,2008-11-16,0.29,0.4899875
7,9,2008,2008-11-24,0.33,0.30268514
7,9,2008,2008-12-02,0.36,0.28345478
7,9,2008,2008-12-10,0.35,0.35485008
7,9,2008,2008-12-18,0.33,0.37448472
7,9,2008,2008-12-26,0.29,0.32931593
7,9,2009,2009-07-04,0.39,0.42349336
7,9,2009,2009-07-12,0.44,0.3973474
7,9,2009,2009-07-20,0.39,0.43515047
7,9,2009,2009-07-28,0.38,0.39379254
7,9,2009,2009-08-05,0.39,0.3878713
7,9,2009,2009-08-13,0.36,0.3880964
7,9,2009,2009-08-21,0.36,0.3898453
7,9,2009,2009-08-29,0.47,0.38633385
7,9,2009,2009-09-06,0.55,0.49021012
7,9,2009,2009-09-14,0.54,0.5715243
7,9,2009,2009-09-22,0.54,0.5453448
7,9,2009,2009-09-30,0.67,0.5438597
7,9,2009,2009-10-08,0.66,0.64725375
7,9,2009,2009-10-16,0.59,0.6300478
7,9,2009,2009-10-24,0.49,0.57485056
7,9,2009,2009-11-01,0.51,0.47883195
7,9,2009,2009-11-09,0.39,0.4948213
7,9,2009,2009-11-17,0.39,0.3780559
7,9,2009,2009-11-25,0.35,0.3281402
7,9,2009,2009-12-03,0.29,0.3098442
7,9,2009,2009-12-11,0.27,0.30446285
7,9,2009,2009-12-19,0.27,0.2957673
7,9,2009,2009-12-27,0.15,0.298631
7,9,2010,2010-07-04,0.47,0.61641055
7,9,2010,2010-07-12,0.59,0.46653083
7,9,2010,2010-07-20,0.5,0.53673077
7,9,2010,2010-07-28,0.42,0.45366973
7,9,2010,2010-08-05,0.43,0.4117062
7,9,2010,2010-08-13,0.41,0.3976912
7,9,2010,2010-08-21,0.34,0.39713362
7,9,2010,2010-08-29,0.37,0.34696934
7,9,2010,2010-09-06,0.4,0.39634016
7,9,2010,2010-09-14,0.36,0.4563136
7,9,2010,2010-09-22,0.39,0.418576
7,9,2010,2010-09-30,0.57,0.42727098
7,9,2010,2010-10-08,0.59,0.61172646
7,9,2010,2010-10-16,0.6,0.6134507
7,9,2010,2010-10-24,0.74,0.6045267
7,9,2010,2010-11-01,0.79,0.6780076
7,9,2010,2010-11-09,0.65,0.7186452
7,9,2010,2010-11-17,0.71,0.59620965
7,9,2010,2010-11-25,0.67,0.6223308
7,9,2010,2010-12-03,0.54,0.57439953
7,9,2010,2010-12-11,0.45,0.48640922
7,9,2010,2010-12-19,0.28,0.37758172
7,9,2010,2010-12-27,0.31,0.2464624
7,9,2011,2011-07-04,0.42,0.39326665
7,9,2011,2011-07-12,0.5,0.3938059
7,9,2011,2011-07-20,0.46,0.49638957
7,9,2011,2011-07-28,0.43,0.47375578
7,9,2011,2011-08-05,0.43,0.4241285
7,9,2011,2011-08-13,0.47,0.40845466
7,9,2011,2011-08-21,0.4,0.4605388
7,9,2011,2011-08-29,0.43,0.3931039
7,9,2011,2011-09-06,0.49,0.41779515
7,9,2011,2011-09-14,0.6,0.48638928
7,9,2011,2011-09-22,0.63,0.5813163
7,9,2011,2011-09-30,0.63,0.60106444
7,9,2011,2011-10-08,0.58,0.6306626
7,9,2011,2011-10-16,0.51,0.5857966
7,9,2011,2011-10-24,0.49,0.5154964
7,9,2011,2011-11-01,0.48,0.51262057
7,9,2011,2011-11-09,0.49,0.5218578
7,9,2011,2011-11-17,0.47,0.50483906
7,9,2011,2011-11-25,0.42,0.4920093
7,9,2011,2011-12-03,0.41,0.44333613
7,9,2011,2011-12-11,0.33,0.4026919
7,9,2011,2011-12-19,0.32,0.3096313
7,9,2011,2011-12-27,0.23,0.2707456
7,9,2012,2012-07-03,0.49,0.36129135
7,9,2012,2012-07-11,0.43,0.46693397
7,9,2012,2012-07-19,0.43,0.45281148
7,9,2012,2012-07-27,0.41,0.44904956
7,9,2012,2012-08-04,0.41,0.40653354
7,9,2012,2012-08-12,0.46,0.4124663
7,9,2012,2012-08-20,0.49,0.47320268
7,9,2012,2012-08-28,0.43,0.48832178
7,9,2012,2012-09-05,0.57,0.43930918
7,9,2012,2012-09-13,0.67,0.56587696
7,9,2012,2012-09-21,0.56,0.6684785
7,9,2012,2012-09-29,0.6,0.5843996
7,9,2012,2012-10-07,0.6,0.5986186
7,9,2012,2012-10-15,0.54,0.5648252
7,9,2012,2012-10-23,0.45,0.5176598
7,9,2012,2012-10-31,0.4,0.4218634
7,9,2012,2012-11-08,0.28,0.37313303
7,9,2012,2012-11-16,0.36,0.2891893
7,9,2012,2012-11-24,0.32,0.3642592
7,9,2012,2012-12-02,0.3,0.34205815
7,9,2012,2012-12-10,0.36,0.3313845
7,9,2012,2012-12-18,0.34,0.3608312
7,9,2012,2012-12-26,0.37,0.35671547
8,1,2001,2001-07-04,0.1,0.12916237
8,1,2001,2001-07-12,0.07,0.1513983
8,1,2001,2001-07-20,0.02,0.12516235
8,1,2001,2001-07-28,0.05,0.057659775
8,1,2001,2001-08-05,0.09,0.13885774
8,1,2001,2001-08-13,0.12,0.19682808
8,1,2001,2001-08-21,0.23,0.3012359
8,1,2001,2001-08-29,0.82,0.45303577
8,1,2001,2001-09-06,0.95,0.9369382
8,1,2001,2001-09-14,0.98,0.92418814
8,1,2001,2001-09-22,0.97,0.9629883
8,1,2001,2001-09-30,0.97,0.91343385
8,1,2001,2001-10-08,0.94,0.91592675
8,1,2001,2001-10-16,0.95,0.8644593
8,1,2001,2001-10-24,0.95,0.8852013
8,1,2001,2001-11-01,0.95,0.8841681
8,1,2001,2001-11-09,0.91,0.8844075
8,1,2001,2001-11-17,0.87,0.83393145
8,1,2001,2001-11-25,0.86,0.78889
8,1,2001,2001-12-03,0.77,0.7894446
8,1,2001,2001-12-11,0.75,0.6597873
8,1,2001,2001-12-19,0.65,0.63218343
8,1,2001,2001-12-27,0.57,0.519878
8,1,2002,2002-07-04,0.01,0.08275992
8,1,2002,2002-07-12,0.02,0.07816213
8,1,2002,2002-07-20,0.03,0.07602632
8,1,2002,2002-07-28,0.02,0.063754916
8,1,2002,2002-08-05,0.04,0.06519991
8,1,2002,2002-08-13,0.29,0.095728874
8,1,2002,2002-08-21,0.31,0.37033617
8,1,2002,2002-08-29,0.66,0.44590187
8,1,2002,2002-09-06,0.89,0.84778565
8,1,2002,2002-09-14,0.96,0.94892013
8,1,2002,2002-09-22,0.97,0.9517776
8,1,2002,2002-09-30,0.97,0.9301054
8,1,2002,2002-10-08,0.96,0.9067226
8,1,2002,2002-10-16,0.94,0.88297
8,1,2002,2002-10-24,0.93,0.8683246
8,1,2002,2002-11-01,0.91,0.86131644
8,1,2002,2002-11-09,0.9,0.8436383
8,1,2002,2002-11-17,0.84,0.82878053
8,1,2002,2002-11-25,0.8,0.7481475
8,1,2002,2002-12-03,0.71,0.7110846
8,1,2002,2002-12-11,0.7,0.57770437
8,1,2002,2002-12-19,0.57,0.5877387
8,1,2002,2002-12-27,0.46,0.44314867
8,1,2003,2003-07-04,0.02,0.046050668
8,1,2003,2003-07-12,0.03,0.06444031
8,1,2003,2003-07-20,0.02,0.0718312
8,1,2003,2003-07-28,0.08,0.064986855
8,1,2003,2003-08-05,0.12,0.11395219
8,1,2003,2003-08-13,0.08,0.1533773
8,1,2003,2003-08-21,0.14,0.19701393
8,1,2003,2003-08-29,0.18,0.23953494
8,1,2003,2003-09-06,0.19,0.399708
8,1,2003,2003-09-14,0.24,0.4189582
8,1,2003,2003-09-22,0.35,0.44677925
8,1,2003,2003-09-30,0.66,0.49174938
8,1,2003,2003-10-08,0.79,0.7759311
8,1,2003,2003-10-16,0.78,0.8471394
8,1,2003,2003-10-24,0.67,0.80241823
8,1,2003,2003-11-01,0.69,0.6250402
8,1,2003,2003-11-09,0.58,0.60853744
8,1,2003,2003-11-17,0.57,0.5129895
8,1,2003,2003-11-25,0.48,0.48808548
8,1,2003,2003-12-03,0.41,0.40311378
8,1,2003,2003-12-11,0.37,0.32482967
8,1,2003,2003-12-19,0.18,0.2826824
8,1,2003,2003-12-27,0.19,0.14520974
8,1,2004,2004-07-03,0.01,0.051459998
8,1,2004,2004-07-11,0.02,0.057619035
8,1,2004,2004-07-19,0.0,0.06693879
8,1,2004,2004-07-27,0.03,0.045588076
8,1,2004,2004-08-04,0.03,0.092769474
8,1,2004,2004-08-12,0.19,0.09728056
8,1,2004,2004-08-20,0.34,0.24601434
8,1,2004,2004-08-28,0.44,0.44246095
8,1,2004,2004-09-05,0.48,0.54361534
8,1,2004,2004-09-13,0.75,0.48906437
8,1,2004,2004-09-21,0.87,0.75790703
8,1,2004,2004-09-29,0.85,0.8616821
8,1,2004,2004-10-07,0.84,0.8547684
8,1,2004,2004-10-15,0.76,0.8424036
8,1,2004,2004-10-23,0.76,0.71221864
8,1,2004,2004-10-31,0.75,0.6669109
8,1,2004,2004-11-08,0.63,0.6808719
8,1,2004,2004-11-16,0.52,0.5250204
8,1,2004,2004-11-24,0.44,0.38476336
8,1,2004,2004-12-02,0.37,0.29754943
8,1,2004,2004-12-10,0.32,0.26601288
8,1,2004,2004-12-18,0.2,0.24649623
8,1,2004,2004-12-26,0.16,0.13947628
8,1,2005,2005-07-04,0.0,0.04711318
8,1,2005,2005-07-12,0.02,0.036768436
8,1,2005,2005-07-20,0.09,0.06613597
8,1,2005,2005-07-28,0.03,0.11988646
8,1,2005,2005-08-05,0.03,0.0731523
8,1,2005,2005-08-13,0.07,0.067886144
8,1,2005,2005-08-21,0.31,0.15278912
8,1,2005,2005-08-29,0.49,0.47349262
8,1,2005,2005-09-06,0.68,0.6664456
8,1,2005,2005-09-14,0.81,0.7524303
8,1,2005,2005-09-22,0.85,0.86000973
8,1,2005,2005-09-30,0.86,0.87720907
8,1,2005,2005-10-08,0.82,0.8465295
8,1,2005,2005-10-16,0.84,0.7675184
8,1,2005,2005-10-24,0.84,0.7681049
8,1,2005,2005-11-01,0.81,0.7814069
8,1,2005,2005-11-09,0.76,0.7465987
8,1,2005,2005-11-17,0.75,0.65351343
8,1,2005,2005-11-25,0.71,0.6259973
8,1,2005,2005-12-03,0.65,0.5930816
8,1,2005,2005-12-11,0.55,0.53944594
8,1,2005,2005-12-19,0.51,0.4394936
8,1,2005,2005-12-27,0.49,0.38371965
8,1,2006,2006-07-04,0.01,0.06928745
8,1,2006,2006-07-12,0.05,0.043999195
8,1,2006,2006-07-20,0.03,0.0907681
8,1,2006,2006-07-28,0.02,0.08737436
8,1,2006,2006-08-05,0.17,0.06159225
8,1,2006,2006-08-13,0.29,0.20119676
8,1,2006,2006-08-21,0.27,0.35515344
8,1,2006,2006-08-29,0.42,0.41488886
8,1,2006,2006-09-06,0.47,0.5462332
8,1,2006,2006-09-14,0.62,0.5838281
8,1,2006,2006-09-22,0.73,0.7148826
8,1,2006,2006-09-30,0.78,0.7919197
8,1,2006,2006-10-08,0.8,0.80619085
8,1,2006,2006-10-16,0.84,0.7881407
8,1,2006,2006-10-24,0.84,0.8164153
8,1,2006,2006-11-01,0.83,0.8038429
8,1,2006,2006-11-09,0.78,0.7783175
8,1,2006,2006-11-17,0.69,0.6984242
8,1,2006,2006-11-25,0.56,0.5831697
8,1,2006,2006-12-03,0.5,0.41397923
8,1,2006,2006-12-11,0.48,0.35050482
8,1,2006,2006-12-19,0.46,0.355317
8,1,2006,2006-12-27,0.33,0.3935081
8,1,2007,2007-07-04,0.0,0.052487433
8,1,2007,2007-07-12,0.01,0.045671344
8,1,2007,2007-07-20,0.01,0.068066716
8,1,2007,2007-07-28,0.08,0.057421833
8,1,2007,2007-08-05,0.17,0.11876823
8,1,2007,2007-08-13,0.13,0.2575389
8,1,2007,2007-08-21,0.15,0.2552147
8,1,2007,2007-08-29,0.33,0.23391227
8,1,2007,2007-09-06,0.39,0.46152484
8,1,2007,2007-09-14,0.52,0.512492
8,1,2007,2007-09-22,0.4,0.620103
8,1,2007,2007-09-30,0.56,0.48282915
8,1,2007,2007-10-08,0.64,0.60319877
8,1,2007,2007-10-16,0.76,0.6994289
8,1,2007,2007-10-24,0.81,0.7954005
8,1,2007,2007-11-01,0.81,0.8219309
8,1,2007,2007-11-09,0.76,0.7941401
8,1,2007,2007-11-17,0.78,0.69817674
8,1,2007,2007-11-25,0.66,0.69762075
8,1,2007,2007-12-03,0.68,0.5240193
8,1,2007,2007-12-11,0.57,0.54210013
8,1,2007,2007-12-19,0.45,0.47649813
8,1,2007,2007-12-27,0.38,0.36878446
8,1,2008,2008-07-03,0.01,0.059248716
8,1,2008,2008-07-11,0.0,0.047813088
8,1,2008,2008-07-19,0.04,0.04586199
8,1,2008,2008-07-27,0.2,0.08006668
8,1,2008,2008-08-04,0.28,0.2605027
8,1,2008,2008-08-12,0.34,0.39386636
8,1,2008,2008-08-20,0.46,0.41958714
8,1,2008,2008-08-28,0.5,0.48578548
8,1,2008,2008-09-05,0.55,0.5400068
8,1,2008,2008-09-13,0.67,0.5779867
8,1,2008,2008-09-21,0.59,0.71055984
8,1,2008,2008-09-29,0.7,0.5945
8,1,2008,2008-10-07,0.73,0.67672855
8,1,2008,2008-10-15,0.75,0.74797964
8,1,2008,2008-10-23,0.8,0.77268535
8,1,2008,2008-10-31,0.78,0.80547297
8,1,2008,2008-11-08,0.79,0.7624118
8,1,2008,2008-11-16,0.74,0.7451882
8,1,2008,2008-11-24,0.69,0.6856806
8,1,2008,2008-12-02,0.72,0.5912534
8,1,2008,2008-12-10,0.66,0.64330137
8,1,2008,2008-12-18,0.57,0.58797526
8,1,2008,2008-12-26,0.54,0.45446208
8,1,2009,2009-07-04,0.0,0.045488477
8,1,2009,2009-07-12,0.03,0.04596126
8,1,2009,2009-07-20,0.08,0.06933653
8,1,2009,2009-07-28,0.07,0.12410729
8,1,2009,2009-08-05,0.1,0.16318928
8,1,2009,2009-08-13,0.28,0.2083752
8,1,2009,2009-08-21,0.28,0.41531548
8,1,2009,2009-08-29,0.55,0.4335255
8,1,2009,2009-09-06,0.68,0.66942483
8,1,2009,2009-09-14,0.63,0.72799504
8,1,2009,2009-09-22,0.79,0.6562238
8,1,2009,2009-09-30,0.78,0.76935256
8,1,2009,2009-10-08,0.82,0.78151226
8,1,2009,2009-10-16,0.88,0.8070606
8,1,2009,2009-10-24,0.87,0.85266626
8,1,2009,2009-11-01,0.87,0.8355119
8,1,2009,2009-11-09,0.81,0.8166599
8,1,2009,2009-11-17,0.78,0.7380583
8,1,2009,2009-11-25,0.66,0.69161975
8,1,2009,2009-12-03,0.61,0.52959394
8,1,2009,2009-12-11,0.53,0.49000973
8,1,2009,2009-12-19,0.35,0.42979667
8,1,2009,2009-12-27,0.18,0.25671095
8,1,2010,2010-07-04,0.0,0.05045876
8,1,2010,2010-07-12,0.01,0.042420805
8,1,2010,2010-07-20,0.0,0.062152743
8,1,2010,2010-07-28,0.03,0.065460086
8,1,2010,2010-08-05,0.17,0.088491976
8,1,2010,2010-08-13,0.15,0.23326659
8,1,2010,2010-08-21,0.3,0.2748831
8,1,2010,2010-08-29,0.46,0.41664702
8,1,2010,2010-09-06,0.31,0.63205814
8,1,2010,2010-09-14,0.43,0.42673305
8,1,2010,2010-09-22,0.43,0.45528305
8,1,2010,2010-09-30,0.61,0.5043679
8,1,2010,2010-10-08,0.74,0.6860347
8,1,2010,2010-10-16,0.75,0.79162693
8,1,2010,2010-10-24,0.8,0.7882044
8,1,2010,2010-11-01,0.79,0.80068594
8,1,2010,2010-11-09,0.74,0.7681189
8,1,2010,2010-11-17,0.74,0.6787624
8,1,2010,2010-11-25,0.7,0.66871613
8,1,2010,2010-12-03,0.64,0.6073433
8,1,2010,2010-12-11,0.57,0.53808117
8,1,2010,2010-12-19,0.46,0.4513863
8,1,2010,2010-12-27,0.28,0.31959853
8,1,2011,2011-07-04,0.01,0.051410437
8,1,2011,2011-07-12,0.01,0.05066049
8,1,2011,2011-07-20,0.01,0.05356571
8,1,2011,2011-07-28,0.2,0.049625844
8,1,2011,2011-08-05,0.18,0.24160895
8,1,2011,2011-08-13,0.35,0.27867624
8,1,2011,2011-08-21,0.62,0.44473642
8,1,2011,2011-08-29,0.72,0.7298517
8,1,2011,2011-09-06,0.83,0.7615323
8,1,2011,2011-09-14,0.88,0.79106367
8,1,2011,2011-09-22,0.93,0.8426349
8,1,2011,2011-09-30,0.97,0.86881155
8,1,2011,2011-10-08,0.98,0.9229297
8,1,2011,2011-10-16,0.97,0.9270621
8,1,2011,2011-10-24,0.97,0.90056247
8,1,2011,2011-11-01,0.97,0.90189916
8,1,2011,2011-11-09,0.97,0.8889203
8,1,2011,2011-11-17,0.95,0.87988085
8,1,2011,2011-11-25,0.9,0.8612245
8,1,2011,2011-12-03,0.9,0.7935829
8,1,2011,2011-12-11,0.81,0.800097
8,1,2011,2011-12-19,0.74,0.67629284
8,1,2011,2011-12-27,0.67,0.5760131
8,1,2012,2012-07-03,0.02,0.04532358
8,1,2012,2012-07-11,0.03,0.06476256
8,1,2012,2012-07-19,0.01,0.069800645
8,1,2012,2012-07-27,0.02,0.050820857
8,1,2012,2012-08-04,0.01,0.12100336
8,1,2012,2012-08-12,0.04,0.093583554
8,1,2012,2012-08-20,0.13,0.18596342
8,1,2012,2012-08-28,0.49,0.34382826
8,1,2012,2012-09-05,0.57,0.716235
8,1,2012,2012-09-13,0.71,0.7235826
8,1,2012,2012-09-21,0.6,0.77100337
8,1,2012,2012-09-29,0.88,0.66146743
8,1,2012,2012-10-07,0.87,0.850543
8,1,2012,2012-10-15,0.92,0.86245716
8,1,2012,2012-10-23,0.87,0.89615184
8,1,2012,2012-10-31,0.82,0.8099211
8,1,2012,2012-11-08,0.79,0.74982095
8,1,2012,2012-11-16,0.64,0.7222843
8,1,2012,2012-11-24,0.59,0.5142043
8,1,2012,2012-12-02,0.56,0.4356907
8,1,2012,2012-12-10,0.33,0.45495296
8,1,2012,2012-12-18,0.26,0.26381642
8,1,2012,2012-12-26,0.05,0.13481838
8,2,2001,2001-07-04,0.07,0.10865453
8,2,2001,2001-07-12,0.04,0.116954446
8,2,2001,2001-07-20,0.01,0.094926864
8,2,2001,2001-07-28,0.03,0.065935284
8,2,2001,2001-08-05,0.06,0.117711276
8,2,2001,2001-08-13,0.1,0.17392676
8,2,2001,2001-08-21,0.27,0.22607732
8,2,2001,2001-08-29,0.59,0.42743504
8,2,2001,2001-09-06,0.92,0.77548087
8,2,2001,2001-09-14,0.94,0.9065778
8,2,2001,2001-09-22,0.96,0.9469057
8,2,2001,2001-09-30,0.95,0.9369216
8,2,2001,2001-10-08,0.94,0.89561397
8,2,2001,2001-10-16,0.93,0.8680103
8,2,2001,2001-10-24,0.93,0.85762966
8,2,2001,2001-11-01,0.93,0.8572048
8,2,2001,2001-11-09,0.9,0.8634281
8,2,2001,2001-11-17,0.89,0.8248785
8,2,2001,2001-11-25,0.91,0.8185069
8,2,2001,2001-12-03,0.76,0.84640753
8,2,2001,2001-12-11,0.71,0.63411224
8,2,2001,2001-12-19,0.58,0.5401225
8,2,2001,2001-12-27,0.39,0.3663825
8,2,2002,2002-07-04,0.01,0.07638469
8,2,2002,2002-07-12,0.02,0.06365216
8,2,2002,2002-07-20,0.02,0.06629455
8,2,2002,2002-07-28,0.01,0.054100633
8,2,2002,2002-08-05,0.02,0.054064244
8,2,2002,2002-08-13,0.27,0.07278359
8,2,2002,2002-08-21,0.27,0.3371417
8,2,2002,2002-08-29,0.56,0.4084927
8,2,2002,2002-09-06,0.75,0.733877
8,2,2002,2002-09-14,0.92,0.8533746
8,2,2002,2002-09-22,0.93,0.93980455
8,2,2002,2002-09-30,0.94,0.9136686
8,2,2002,2002-10-08,0.95,0.88695
8,2,2002,2002-10-16,0.93,0.88265085
8,2,2002,2002-10-24,0.91,0.8545985
8,2,2002,2002-11-01,0.88,0.8351122
8,2,2002,2002-11-09,0.89,0.80469465
8,2,2002,2002-11-17,0.84,0.82018185
8,2,2002,2002-11-25,0.8,0.7618092
8,2,2002,2002-12-03,0.58,0.7265965
8,2,2002,2002-12-11,0.56,0.39010054
8,2,2002,2002-12-19,0.38,0.34846893
8,2,2002,2002-12-27,0.23,0.21352157
8,2,2003,2003-07-04,0.01,0.045490265
8,2,2003,2003-07-12,0.02,0.05216497
8,2,2003,2003-07-20,0.01,0.06297147
8,2,2003,2003-07-28,0.03,0.054318905
8,2,2003,2003-08-05,0.08,0.068713546
8,2,2003,2003-08-13,0.05,0.1128827
8,2,2003,2003-08-21,0.08,0.16451351
8,2,2003,2003-08-29,0.19,0.17805277
8,2,2003,2003-09-06,0.21,0.39567712
8,2,2003,2003-09-14,0.4,0.42070174
8,2,2003,2003-09-22,0.58,0.62862396
8,2,2003,2003-09-30,0.74,0.70082855
8,2,2003,2003-10-08,0.8,0.79851353
8,2,2003,2003-10-16,0.75,0.82664233
8,2,2003,2003-10-24,0.66,0.74216205
8,2,2003,2003-11-01,0.73,0.58726096
8,2,2003,2003-11-09,0.56,0.6553426
8,2,2003,2003-11-17,0.52,0.4987703
8,2,2003,2003-11-25,0.41,0.42073956
8,2,2003,2003-12-03,0.27,0.29912478
8,2,2003,2003-12-11,0.21,0.16683002
8,2,2003,2003-12-19,0.1,0.116793945
8,2,2003,2003-12-27,0.07,0.05743131
8,2,2004,2004-07-03,0.01,0.043720275
8,2,2004,2004-07-11,0.02,0.056087524
8,2,2004,2004-07-19,0.0,0.06498933
8,2,2004,2004-07-27,0.02,0.044167757
8,2,2004,2004-08-04,0.01,0.06876075
8,2,2004,2004-08-12,0.07,0.07051548
8,2,2004,2004-08-20,0.3,0.115194514
8,2,2004,2004-08-28,0.5,0.36383078
8,2,2004,2004-09-05,0.64,0.6327808
8,2,2004,2004-09-13,0.82,0.6817744
8,2,2004,2004-09-21,0.86,0.82504135
8,2,2004,2004-09-29,0.83,0.8529219
8,2,2004,2004-10-07,0.81,0.8237184
8,2,2004,2004-10-15,0.77,0.7829658
8,2,2004,2004-10-23,0.76,0.7024791
8,2,2004,2004-10-31,0.79,0.6661701
8,2,2004,2004-11-08,0.67,0.73450243
8,2,2004,2004-11-16,0.47,0.55896425
8,2,2004,2004-11-24,0.48,0.30907792
8,2,2004,2004-12-02,0.26,0.27623475
8,2,2004,2004-12-10,0.16,0.15851623
8,2,2004,2004-12-18,0.11,0.11219531
8,2,2004,2004-12-26,0.09,0.07321805
8,2,2005,2005-07-04,0.01,0.03724405
8,2,2005,2005-07-12,0.01,0.04546076
8,2,2005,2005-07-20,0.03,0.056121826
8,2,2005,2005-07-28,0.01,0.066397846
8,2,2005,2005-08-05,0.02,0.053262085
8,2,2005,2005-08-13,0.04,0.059475094
8,2,2005,2005-08-21,0.22,0.09428632
8,2,2005,2005-08-29,0.53,0.36051315
8,2,2005,2005-09-06,0.77,0.7239885
8,2,2005,2005-09-14,0.81,0.8547526
8,2,2005,2005-09-22,0.82,0.8386338
8,2,2005,2005-09-30,0.86,0.82313967
8,2,2005,2005-10-08,0.79,0.8251611
8,2,2005,2005-10-16,0.79,0.72026086
8,2,2005,2005-10-24,0.82,0.7096747
8,2,2005,2005-11-01,0.76,0.7582726
8,2,2005,2005-11-09,0.73,0.7058053
8,2,2005,2005-11-17,0.73,0.63417226
8,2,2005,2005-11-25,0.66,0.58707124
8,2,2005,2005-12-03,0.56,0.5446156
8,2,2005,2005-12-11,0.46,0.40638086
8,2,2005,2005-12-19,0.35,0.2979645
8,2,2005,2005-12-27,0.29,0.22864638
8,2,2006,2006-07-04,0.01,0.11042005
8,2,2006,2006-07-12,0.01,0.04429841
8,2,2006,2006-07-20,0.01,0.0464814
8,2,2006,2006-07-28,0.02,0.05132562
8,2,2006,2006-08-05,0.07,0.060027122
8,2,2006,2006-08-13,0.13,0.10667488
8,2,2006,2006-08-21,0.23,0.16401583
8,2,2006,2006-08-29,0.49,0.3358448
8,2,2006,2006-09-06,0.55,0.68542475
8,2,2006,2006-09-14,0.66,0.6868966
8,2,2006,2006-09-22,0.71,0.717975
8,2,2006,2006-09-30,0.75,0.7441303
8,2,2006,2006-10-08,0.76,0.7631103
8,2,2006,2006-10-16,0.8,0.73523605
8,2,2006,2006-10-24,0.79,0.76541114
8,2,2006,2006-11-01,0.82,0.75554395
8,2,2006,2006-11-09,0.75,0.76916265
8,2,2006,2006-11-17,0.7,0.6734469
8,2,2006,2006-11-25,0.64,0.61183465
8,2,2006,2006-12-03,0.5,0.53028613
8,2,2006,2006-12-11,0.46,0.36458382
8,2,2006,2006-12-19,0.29,0.30302107
8,2,2006,2006-12-27,0.28,0.18575938
8,2,2007,2007-07-04,0.01,0.094053894
8,2,2007,2007-07-12,0.02,0.04192084
8,2,2007,2007-07-20,0.01,0.049824953
8,2,2007,2007-07-28,0.08,0.04436198
8,2,2007,2007-08-05,0.12,0.11703403
8,2,2007,2007-08-13,0.14,0.16447479
8,2,2007,2007-08-21,0.11,0.20260885
8,2,2007,2007-08-29,0.38,0.18891187
8,2,2007,2007-09-06,0.42,0.5543178
8,2,2007,2007-09-14,0.56,0.5642593
8,2,2007,2007-09-22,0.49,0.65085924
8,2,2007,2007-09-30,0.67,0.55960625
8,2,2007,2007-10-08,0.75,0.6889045
8,2,2007,2007-10-16,0.78,0.77118546
8,2,2007,2007-10-24,0.78,0.78588605
8,2,2007,2007-11-01,0.7,0.7567787
8,2,2007,2007-11-09,0.71,0.65311944
8,2,2007,2007-11-17,0.77,0.6332939
8,2,2007,2007-11-25,0.71,0.7119647
8,2,2007,2007-12-03,0.66,0.6492048
8,2,2007,2007-12-11,0.48,0.5452963
8,2,2007,2007-12-19,0.23,0.33426824
8,2,2007,2007-12-27,0.22,0.12575442
8,2,2008,2008-07-03,0.03,0.066967964
8,2,2008,2008-07-11,0.01,0.049544126
8,2,2008,2008-07-19,0.02,0.043332845
8,2,2008,2008-07-27,0.08,0.055630565
8,2,2008,2008-08-04,0.14,0.13396502
8,2,2008,2008-08-12,0.22,0.20138094
8,2,2008,2008-08-20,0.36,0.2910477
8,2,2008,2008-08-28,0.53,0.41961753
8,2,2008,2008-09-05,0.7,0.65279776
8,2,2008,2008-09-13,0.76,0.73110753
8,2,2008,2008-09-21,0.77,0.76751727
8,2,2008,2008-09-29,0.8,0.74217844
8,2,2008,2008-10-07,0.81,0.78320754
8,2,2008,2008-10-15,0.78,0.79281425
8,2,2008,2008-10-23,0.78,0.7524821
8,2,2008,2008-10-31,0.79,0.7337423
8,2,2008,2008-11-08,0.78,0.72283155
8,2,2008,2008-11-16,0.75,0.72147804
8,2,2008,2008-11-24,0.63,0.70454043
8,2,2008,2008-12-02,0.61,0.5404065
8,2,2008,2008-12-10,0.51,0.48968875
8,2,2008,2008-12-18,0.36,0.36541715
8,2,2008,2008-12-26,0.33,0.2028073
8,2,2009,2009-07-04,0.01,0.04188916
8,2,2009,2009-07-12,0.08,0.0487701
8,2,2009,2009-07-20,0.14,0.1056577
8,2,2009,2009-07-28,0.02,0.16679023
8,2,2009,2009-08-05,0.04,0.08152065
8,2,2009,2009-08-13,0.17,0.10136241
8,2,2009,2009-08-21,0.17,0.25095978
8,2,2009,2009-08-29,0.46,0.3086
8,2,2009,2009-09-06,0.68,0.64525855
8,2,2009,2009-09-14,0.74,0.8001423
8,2,2009,2009-09-22,0.82,0.77098644
8,2,2009,2009-09-30,0.79,0.8158237
8,2,2009,2009-10-08,0.82,0.7694478
8,2,2009,2009-10-16,0.85,0.7835126
8,2,2009,2009-10-24,0.81,0.80063844
8,2,2009,2009-11-01,0.81,0.7508483
8,2,2009,2009-11-09,0.78,0.7500249
8,2,2009,2009-11-17,0.76,0.7148646
8,2,2009,2009-11-25,0.56,0.690699
8,2,2009,2009-12-03,0.43,0.40841758
8,2,2009,2009-12-11,0.33,0.2516779
8,2,2009,2009-12-19,0.16,0.17652974
8,2,2009,2009-12-27,0.13,0.0945473
8,2,2010,2010-07-04,0.0,0.07476604
8,2,2010,2010-07-12,0.01,0.033166528
8,2,2010,2010-07-20,0.01,0.059662074
8,2,2010,2010-07-28,0.01,0.088829935
8,2,2010,2010-08-05,0.05,0.052409172
8,2,2010,2010-08-13,0.08,0.09340119
8,2,2010,2010-08-21,0.22,0.15587406
8,2,2010,2010-08-29,0.35,0.30211556
8,2,2010,2010-09-06,0.39,0.5403961
8,2,2010,2010-09-14,0.56,0.5579573
8,2,2010,2010-09-22,0.61,0.66080034
8,2,2010,2010-09-30,0.78,0.6836398
8,2,2010,2010-10-08,0.85,0.79704595
8,2,2010,2010-10-16,0.8,0.8475599
8,2,2010,2010-10-24,0.86,0.7808647
8,2,2010,2010-11-01,0.76,0.8099326
8,2,2010,2010-11-09,0.69,0.68040395
8,2,2010,2010-11-17,0.59,0.5848671
8,2,2010,2010-11-25,0.49,0.45585367
8,2,2010,2010-12-03,0.37,0.31886265
8,2,2010,2010-12-11,0.29,0.20898587
8,2,2010,2010-12-19,0.15,0.16153488
8,2,2010,2010-12-27,0.09,0.08745602
8,2,2011,2011-07-04,0.02,0.03884998
8,2,2011,2011-07-12,0.02,0.055300593
8,2,2011,2011-07-20,0.02,0.050914317
8,2,2011,2011-07-28,0.15,0.058736593
8,2,2011,2011-08-05,0.13,0.17807585
8,2,2011,2011-08-13,0.22,0.16984136
8,2,2011,2011-08-21,0.34,0.26387465
8,2,2011,2011-08-29,0.5,0.4315993
8,2,2011,2011-09-06,0.64,0.6125135
8,2,2011,2011-09-14,0.78,0.6739471
8,2,2011,2011-09-22,0.91,0.79918754
8,2,2011,2011-09-30,0.94,0.885527
8,2,2011,2011-10-08,0.94,0.91456205
8,2,2011,2011-10-16,0.94,0.89609396
8,2,2011,2011-10-24,0.91,0.86367553
8,2,2011,2011-11-01,0.91,0.839915
8,2,2011,2011-11-09,0.91,0.8129506
8,2,2011,2011-11-17,0.9,0.81214565
8,2,2011,2011-11-25,0.88,0.78452706
8,2,2011,2011-12-03,0.87,0.75240314
8,2,2011,2011-12-11,0.61,0.73010147
8,2,2011,2011-12-19,0.55,0.41981068
8,2,2011,2011-12-27,0.47,0.3226494
8,2,2012,2012-07-03,0.04,0.088998646
8,2,2012,2012-07-11,0.02,0.07610646
8,2,2012,2012-07-19,0.02,0.056756526
8,2,2012,2012-07-27,0.03,0.05626437
8,2,2012,2012-08-04,0.0,0.108603895
8,2,2012,2012-08-12,0.02,0.07123557
8,2,2012,2012-08-20,0.11,0.12129618
8,2,2012,2012-08-28,0.26,0.23597357
8,2,2012,2012-09-05,0.39,0.45071653
8,2,2012,2012-09-13,0.64,0.5869003
8,2,2012,2012-09-21,0.66,0.76960415
8,2,2012,2012-09-29,0.84,0.72612
8,2,2012,2012-10-07,0.87,0.8546475
8,2,2012,2012-10-15,0.88,0.86560464
8,2,2012,2012-10-23,0.81,0.84980667
8,2,2012,2012-10-31,0.71,0.7328168
8,2,2012,2012-11-08,0.76,0.5979524
8,2,2012,2012-11-16,0.57,0.6806687
8,2,2012,2012-11-24,0.37,0.47730556
8,2,2012,2012-12-02,0.35,0.23235339
8,2,2012,2012-12-10,0.11,0.18170658
8,2,2012,2012-12-18,0.07,0.04253605
8,2,2012,2012-12-26,0.01,0.063553065
8,3,2001,2001-07-04,0.04,0.08192837
8,3,2001,2001-07-12,0.02,0.08938491
8,3,2001,2001-07-20,0.03,0.054311156
8,3,2001,2001-07-28,0.03,0.06937748
8,3,2001,2001-08-05,0.03,0.0650354
8,3,2001,2001-08-13,0.02,0.072597206
8,3,2001,2001-08-21,0.05,0.059308738
8,3,2001,2001-08-29,0.08,0.10312745
8,3,2001,2001-09-06,0.48,0.14777526
8,3,2001,2001-09-14,0.57,0.5574431
8,3,2001,2001-09-22,0.62,0.7373197
8,3,2001,2001-09-30,0.67,0.6754632
8,3,2001,2001-10-08,0.68,0.69208014
8,3,2001,2001-10-16,0.68,0.6841942
8,3,2001,2001-10-24,0.65,0.6632473
8,3,2001,2001-11-01,0.67,0.6214776
8,3,2001,2001-11-09,0.68,0.6309372
8,3,2001,2001-11-17,0.61,0.6565757
8,3,2001,2001-11-25,0.59,0.58480173
8,3,2001,2001-12-03,0.3,0.5326225
8,3,2001,2001-12-11,0.22,0.22605997
8,3,2001,2001-12-19,0.12,0.11255291
8,3,2001,2001-12-27,0.03,0.032416046
8,3,2002,2002-07-04,0.03,0.060127616
8,3,2002,2002-07-12,0.03,0.062871486
8,3,2002,2002-07-20,0.03,0.061754405
8,3,2002,2002-07-28,0.03,0.068575025
8,3,2002,2002-08-05,0.03,0.06804943
8,3,2002,2002-08-13,0.09,0.06898752
8,3,2002,2002-08-21,0.09,0.11795069
8,3,2002,2002-08-29,0.19,0.123473436
8,3,2002,2002-09-06,0.14,0.22879155
8,3,2002,2002-09-14,0.54,0.30807617
8,3,2002,2002-09-22,0.62,0.7012689
8,3,2002,2002-09-30,0.62,0.7079664
8,3,2002,2002-10-08,0.68,0.6179908
8,3,2002,2002-10-16,0.64,0.68055785
8,3,2002,2002-10-24,0.65,0.63056386
8,3,2002,2002-11-01,0.65,0.6144289
8,3,2002,2002-11-09,0.67,0.61624503
8,3,2002,2002-11-17,0.55,0.6479383
8,3,2002,2002-11-25,0.42,0.5052831
8,3,2002,2002-12-03,0.15,0.33043647
8,3,2002,2002-12-11,0.12,0.07080659
8,3,2002,2002-12-19,0.04,0.0709337
8,3,2002,2002-12-27,0.02,0.0362733
8,3,2003,2003-07-04,0.02,0.05755791
8,3,2003,2003-07-12,0.03,0.05670613
8,3,2003,2003-07-20,0.02,0.068317175
8,3,2003,2003-07-28,0.03,0.06148365
8,3,2003,2003-08-05,0.03,0.07081506
8,3,2003,2003-08-13,0.07,0.06881994
8,3,2003,2003-08-21,0.06,0.1241021
8,3,2003,2003-08-29,0.17,0.1081323
8,3,2003,2003-09-06,0.09,0.25065216
8,3,2003,2003-09-14,0.27,0.1506897
8,3,2003,2003-09-22,0.4,0.46861947
8,3,2003,2003-09-30,0.53,0.5630914
8,3,2003,2003-10-08,0.65,0.6334675
8,3,2003,2003-10-16,0.57,0.68972033
8,3,2003,2003-10-24,0.56,0.5968938
8,3,2003,2003-11-01,0.59,0.53687245
8,3,2003,2003-11-09,0.37,0.5544617
8,3,2003,2003-11-17,0.26,0.37738305
8,3,2003,2003-11-25,0.14,0.18233599
8,3,2003,2003-12-03,0.03,0.0734157
8,3,2003,2003-12-11,0.03,0.01262185
8,3,2003,2003-12-19,0.03,0.05283436
8,3,2003,2003-12-27,0.02,0.04205945
8,3,2004,2004-07-03,0.03,0.06629154
8,3,2004,2004-07-11,0.04,0.066453904
8,3,2004,2004-07-19,0.02,0.077469945
8,3,2004,2004-07-27,0.03,0.056743324
8,3,2004,2004-08-04,0.02,0.07062709
8,3,2004,2004-08-12,0.05,0.059542775
8,3,2004,2004-08-20,0.18,0.101290256
8,3,2004,2004-08-28,0.22,0.21665278
8,3,2004,2004-09-05,0.29,0.3008713
8,3,2004,2004-09-13,0.51,0.3285544
8,3,2004,2004-09-21,0.57,0.59444803
8,3,2004,2004-09-29,0.6,0.62067556
8,3,2004,2004-10-07,0.64,0.6132096
8,3,2004,2004-10-15,0.58,0.67252153
8,3,2004,2004-10-23,0.6,0.57807934
8,3,2004,2004-10-31,0.6,0.5541255
8,3,2004,2004-11-08,0.47,0.5695158
8,3,2004,2004-11-16,0.29,0.40297294
8,3,2004,2004-11-24,0.31,0.1798756
8,3,2004,2004-12-02,0.05,0.16396587
8,3,2004,2004-12-10,0.03,0.032529533
8,3,2004,2004-12-18,0.03,0.042544782
8,3,2004,2004-12-26,0.03,0.05589965
8,3,2005,2005-07-04,0.02,0.046358287
8,3,2005,2005-07-12,0.02,0.05055642
8,3,2005,2005-07-20,0.02,0.06481105
8,3,2005,2005-07-28,0.02,0.05920714
8,3,2005,2005-08-05,0.02,0.063233346
8,3,2005,2005-08-13,0.03,0.059212387
8,3,2005,2005-08-21,0.07,0.07831401
8,3,2005,2005-08-29,0.27,0.15425125
8,3,2005,2005-09-06,0.43,0.37191778
8,3,2005,2005-09-14,0.53,0.5626449
8,3,2005,2005-09-22,0.56,0.63572115
8,3,2005,2005-09-30,0.57,0.5889156
8,3,2005,2005-10-08,0.55,0.5916557
8,3,2005,2005-10-16,0.58,0.5640151
8,3,2005,2005-10-24,0.6,0.5617157
8,3,2005,2005-11-01,0.58,0.5860624
8,3,2005,2005-11-09,0.53,0.5732093
8,3,2005,2005-11-17,0.37,0.47777775
8,3,2005,2005-11-25,0.29,0.2594682
8,3,2005,2005-12-03,0.13,0.18941732
8,3,2005,2005-12-11,0.08,0.06407982
8,3,2005,2005-12-19,0.04,0.06448236
8,3,2005,2005-12-27,0.03,0.052023858
8,3,2006,2006-07-04,0.03,0.067720115
8,3,2006,2006-07-12,0.03,0.047846228
8,3,2006,2006-07-20,0.03,0.059348106
8,3,2006,2006-07-28,0.03,0.06364429
8,3,2006,2006-08-05,0.03,0.06639156
8,3,2006,2006-08-13,0.07,0.06639156
8,3,2006,2006-08-21,0.06,0.1041601
8,3,2006,2006-08-29,0.18,0.10388896
8,3,2006,2006-09-06,0.32,0.2928036
8,3,2006,2006-09-14,0.45,0.4806908
8,3,2006,2006-09-22,0.49,0.59798485
8,3,2006,2006-09-30,0.59,0.54124117
8,3,2006,2006-10-08,0.62,0.6140476
8,3,2006,2006-10-16,0.61,0.63182616
8,3,2006,2006-10-24,0.65,0.6095119
8,3,2006,2006-11-01,0.65,0.6335389
8,3,2006,2006-11-09,0.56,0.6299883
8,3,2006,2006-11-17,0.54,0.51755536
8,3,2006,2006-11-25,0.44,0.42416093
8,3,2006,2006-12-03,0.21,0.32287195
8,3,2006,2006-12-11,0.1,0.13700756
8,3,2006,2006-12-19,0.04,0.07786411
8,3,2006,2006-12-27,0.03,0.04922065
8,3,2007,2007-07-04,0.05,0.07115471
8,3,2007,2007-07-12,0.04,0.07235035
8,3,2007,2007-07-20,0.02,0.061597615
8,3,2007,2007-07-28,0.03,0.057220876
8,3,2007,2007-08-05,0.03,0.06778413
8,3,2007,2007-08-13,0.03,0.067857504
8,3,2007,2007-08-21,0.04,0.08190727
8,3,2007,2007-08-29,0.1,0.084383726
8,3,2007,2007-09-06,0.18,0.18018602
8,3,2007,2007-09-14,0.28,0.30098552
8,3,2007,2007-09-22,0.36,0.44008887
8,3,2007,2007-09-30,0.44,0.4887771
8,3,2007,2007-10-08,0.53,0.52585983
8,3,2007,2007-10-16,0.6,0.58034956
8,3,2007,2007-10-24,0.63,0.6312445
8,3,2007,2007-11-01,0.57,0.6510477
8,3,2007,2007-11-09,0.59,0.57707
8,3,2007,2007-11-17,0.54,0.5399249
8,3,2007,2007-11-25,0.5,0.48797196
8,3,2007,2007-12-03,0.4,0.43203902
8,3,2007,2007-12-11,0.23,0.27745178
8,3,2007,2007-12-19,0.04,0.13662128
8,3,2007,2007-12-27,0.03,0.04614821
8,3,2008,2008-07-03,0.03,0.061917573
8,3,2008,2008-07-11,0.04,0.0609985
8,3,2008,2008-07-19,0.02,0.06556648
8,3,2008,2008-07-27,0.01,0.053932726
8,3,2008,2008-08-04,0.02,0.052773505
8,3,2008,2008-08-12,0.05,0.06191045
8,3,2008,2008-08-20,0.09,0.08906081
8,3,2008,2008-08-28,0.19,0.12505957
8,3,2008,2008-09-05,0.35,0.24079409
8,3,2008,2008-09-13,0.48,0.4429629
8,3,2008,2008-09-21,0.49,0.58134675
8,3,2008,2008-09-29,0.54,0.515329
8,3,2008,2008-10-07,0.58,0.55066717
8,3,2008,2008-10-15,0.57,0.6086702
8,3,2008,2008-10-23,0.59,0.5991577
8,3,2008,2008-10-31,0.57,0.6013652
8,3,2008,2008-11-08,0.55,0.55544376
8,3,2008,2008-11-16,0.56,0.52457917
8,3,2008,2008-11-24,0.44,0.52195835
8,3,2008,2008-12-02,0.34,0.40490118
8,3,2008,2008-12-10,0.21,0.2595809
8,3,2008,2008-12-18,0.07,0.123766005
8,3,2008,2008-12-26,0.04,0.040763915
8,3,2009,2009-07-04,0.02,0.10496849
8,3,2009,2009-07-12,0.02,0.03852117
8,3,2009,2009-07-20,0.03,0.050128102
8,3,2009,2009-07-28,0.02,0.062860936
8,3,2009,2009-08-05,0.02,0.055918455
8,3,2009,2009-08-13,0.03,0.059996545
8,3,2009,2009-08-21,0.03,0.077352375
8,3,2009,2009-08-29,0.05,0.088504165
8,3,2009,2009-09-06,0.28,0.13631366
8,3,2009,2009-09-14,0.36,0.42906377
8,3,2009,2009-09-22,0.5,0.52920765
8,3,2009,2009-09-30,0.49,0.59721833
8,3,2009,2009-10-08,0.57,0.5130836
8,3,2009,2009-10-16,0.6,0.5954871
8,3,2009,2009-10-24,0.56,0.61473435
8,3,2009,2009-11-01,0.61,0.5663711
8,3,2009,2009-11-09,0.56,0.58288854
8,3,2009,2009-11-17,0.57,0.5391467
8,3,2009,2009-11-25,0.32,0.539395
8,3,2009,2009-12-03,0.25,0.28049764
8,3,2009,2009-12-11,0.09,0.15303285
8,3,2009,2009-12-19,0.03,0.04869607
8,3,2009,2009-12-27,0.02,0.029428363
8,3,2010,2010-07-04,0.01,0.14179233
8,3,2010,2010-07-12,0.02,0.02900377
8,3,2010,2010-07-20,0.03,0.04435867
8,3,2010,2010-07-28,0.03,0.0696235
8,3,2010,2010-08-05,0.02,0.06825861
8,3,2010,2010-08-13,0.04,0.059098512
8,3,2010,2010-08-21,0.05,0.078906775
8,3,2010,2010-08-29,0.09,0.08523443
8,3,2010,2010-09-06,0.32,0.12685911
8,3,2010,2010-09-14,0.39,0.44975233
8,3,2010,2010-09-22,0.38,0.52778745
8,3,2010,2010-09-30,0.56,0.4743055
8,3,2010,2010-10-08,0.59,0.5970357
8,3,2010,2010-10-16,0.62,0.6259438
8,3,2010,2010-10-24,0.65,0.6384337
8,3,2010,2010-11-01,0.53,0.63767093
8,3,2010,2010-11-09,0.52,0.5187937
8,3,2010,2010-11-17,0.47,0.45872474
8,3,2010,2010-11-25,0.31,0.42057028
8,3,2010,2010-12-03,0.21,0.23461503
8,3,2010,2010-12-11,0.09,0.12794462
8,3,2010,2010-12-19,0.03,0.050398737
8,3,2010,2010-12-27,0.02,0.03478554
8,3,2011,2011-07-04,0.02,0.05094883
8,3,2011,2011-07-12,0.03,0.04919955
8,3,2011,2011-07-20,0.02,0.055319786
8,3,2011,2011-07-28,0.02,0.060940266
8,3,2011,2011-08-05,0.03,0.063346446
8,3,2011,2011-08-13,0.03,0.06750375
8,3,2011,2011-08-21,0.05,0.07334882
8,3,2011,2011-08-29,0.14,0.092433214
8,3,2011,2011-09-06,0.27,0.18755403
8,3,2011,2011-09-14,0.47,0.4090292
8,3,2011,2011-09-22,0.56,0.6109001
8,3,2011,2011-09-30,0.57,0.60706615
8,3,2011,2011-10-08,0.59,0.58735716
8,3,2011,2011-10-16,0.59,0.6185745
8,3,2011,2011-10-24,0.6,0.59970117
8,3,2011,2011-11-01,0.61,0.6006108
8,3,2011,2011-11-09,0.58,0.5754035
8,3,2011,2011-11-17,0.59,0.5345389
8,3,2011,2011-11-25,0.51,0.53188425
8,3,2011,2011-12-03,0.48,0.42620522
8,3,2011,2011-12-11,0.18,0.36021867
8,3,2011,2011-12-19,0.12,0.12610641
8,3,2011,2011-12-27,0.05,0.09294036
8,3,2012,2012-07-03,0.07,0.121966496
8,3,2012,2012-07-11,0.02,0.092242986
8,3,2012,2012-07-19,0.02,0.047568947
8,3,2012,2012-07-27,0.01,0.051300764
8,3,2012,2012-08-04,0.03,0.048044026
8,3,2012,2012-08-12,0.03,0.07318044
8,3,2012,2012-08-20,0.05,0.07061589
8,3,2012,2012-08-28,0.04,0.09446317
8,3,2012,2012-09-05,0.08,0.10873699
8,3,2012,2012-09-13,0.35,0.18594836
8,3,2012,2012-09-21,0.34,0.5338396
8,3,2012,2012-09-29,0.58,0.5112952
8,3,2012,2012-10-07,0.51,0.6713181
8,3,2012,2012-10-15,0.59,0.54476863
8,3,2012,2012-10-23,0.54,0.58961296
8,3,2012,2012-10-31,0.52,0.5411738
8,3,2012,2012-11-08,0.48,0.51191413
8,3,2012,2012-11-16,0.41,0.45029652
8,3,2012,2012-11-24,0.16,0.386353
8,3,2012,2012-12-02,0.22,0.15036881
8,3,2012,2012-12-10,0.02,0.156253
8,3,2012,2012-12-18,0.02,-0.0033186972
8,3,2012,2012-12-26,0.02,0.04151416
8,4,2001,2001-07-04,0.17,0.2032939
8,4,2001,2001-07-12,0.1,0.20645787
8,4,2001,2001-07-20,0.25,0.13298376
8,4,2001,2001-07-28,0.23,0.28472808
8,4,2001,2001-08-05,0.14,0.30012178
8,4,2001,2001-08-13,0.1,0.2099196
8,4,2001,2001-08-21,0.14,0.1265258
8,4,2001,2001-08-29,0.12,0.16773482
8,4,2001,2001-09-06,0.2,0.1964088
8,4,2001,2001-09-14,0.28,0.25760582
8,4,2001,2001-09-22,0.33,0.40221527
8,4,2001,2001-09-30,0.39,0.43075153
8,4,2001,2001-10-08,0.42,0.45823827
8,4,2001,2001-10-16,0.52,0.4668221
8,4,2001,2001-10-24,0.5,0.55462575
8,4,2001,2001-11-01,0.53,0.52789015
8,4,2001,2001-11-09,0.5,0.5343853
8,4,2001,2001-11-17,0.52,0.48624676
8,4,2001,2001-11-25,0.43,0.51216376
8,4,2001,2001-12-03,0.32,0.40915218
8,4,2001,2001-12-11,0.27,0.2440266
8,4,2001,2001-12-19,0.22,0.20556067
8,4,2001,2001-12-27,0.12,0.14913484
8,4,2002,2002-07-04,0.13,0.18934019
8,4,2002,2002-07-12,0.16,0.18235014
8,4,2002,2002-07-20,0.16,0.18594824
8,4,2002,2002-07-28,0.15,0.22792158
8,4,2002,2002-08-05,0.14,0.20260967
8,4,2002,2002-08-13,0.18,0.16242209
8,4,2002,2002-08-21,0.18,0.18419005
8,4,2002,2002-08-29,0.12,0.20445631
8,4,2002,2002-09-06,0.08,0.14506097
8,4,2002,2002-09-14,0.15,0.12960304
8,4,2002,2002-09-22,0.21,0.22428368
8,4,2002,2002-09-30,0.32,0.3053319
8,4,2002,2002-10-08,0.47,0.4358589
8,4,2002,2002-10-16,0.43,0.56003594
8,4,2002,2002-10-24,0.51,0.47080147
8,4,2002,2002-11-01,0.55,0.5197416
8,4,2002,2002-11-09,0.54,0.56464833
8,4,2002,2002-11-17,0.52,0.5431622
8,4,2002,2002-11-25,0.35,0.50721186
8,4,2002,2002-12-03,0.21,0.31454507
8,4,2002,2002-12-11,0.18,0.14585641
8,4,2002,2002-12-19,0.12,0.12001586
8,4,2002,2002-12-27,0.08,0.11815959
8,4,2003,2003-07-04,0.11,0.12709972
8,4,2003,2003-07-12,0.19,0.15188354
8,4,2003,2003-07-20,0.11,0.24225587
8,4,2003,2003-07-28,0.18,0.16565682
8,4,2003,2003-08-05,0.11,0.20984626
8,4,2003,2003-08-13,0.12,0.14091772
8,4,2003,2003-08-21,0.13,0.16304053
8,4,2003,2003-08-29,0.12,0.17006218
8,4,2003,2003-09-06,0.1,0.14787717
8,4,2003,2003-09-14,0.19,0.11596306
8,4,2003,2003-09-22,0.31,0.2283654
8,4,2003,2003-09-30,0.32,0.38124213
8,4,2003,2003-10-08,0.47,0.41625145
8,4,2003,2003-10-16,0.43,0.5544794
8,4,2003,2003-10-24,0.45,0.45183307
8,4,2003,2003-11-01,0.45,0.45201403
8,4,2003,2003-11-09,0.3,0.47162947
8,4,2003,2003-11-17,0.2,0.3213434
8,4,2003,2003-11-25,0.26,0.18710166
8,4,2003,2003-12-03,0.09,0.18936114
8,4,2003,2003-12-11,0.1,0.082347155
8,4,2003,2003-12-19,0.08,0.0998795
8,4,2003,2003-12-27,0.07,0.10059035
8,4,2004,2004-07-03,0.19,0.17171016
8,4,2004,2004-07-11,0.14,0.21830453
8,4,2004,2004-07-19,0.09,0.19137903
8,4,2004,2004-07-27,0.09,0.11468856
8,4,2004,2004-08-04,0.09,0.13695994
8,4,2004,2004-08-12,0.09,0.115139455
8,4,2004,2004-08-20,0.09,0.12961999
8,4,2004,2004-08-28,0.12,0.12866867
8,4,2004,2004-09-05,0.14,0.15592112
8,4,2004,2004-09-13,0.28,0.16729535
8,4,2004,2004-09-21,0.38,0.34455562
8,4,2004,2004-09-29,0.38,0.48443225
8,4,2004,2004-10-07,0.52,0.43277302
8,4,2004,2004-10-15,0.46,0.56284976
8,4,2004,2004-10-23,0.49,0.47531694
8,4,2004,2004-10-31,0.48,0.4723894
8,4,2004,2004-11-08,0.34,0.46617493
8,4,2004,2004-11-16,0.33,0.29946655
8,4,2004,2004-11-24,0.34,0.23077631
8,4,2004,2004-12-02,0.19,0.2864545
8,4,2004,2004-12-10,0.12,0.1591532
8,4,2004,2004-12-18,0.1,0.09672642
8,4,2004,2004-12-26,0.1,0.10450801
8,4,2005,2005-07-04,0.09,0.14107178
8,4,2005,2005-07-12,0.13,0.15212677
8,4,2005,2005-07-20,0.08,0.16841763
8,4,2005,2005-07-28,0.1,0.1092726
8,4,2005,2005-08-05,0.11,0.12512249
8,4,2005,2005-08-13,0.08,0.134306
8,4,2005,2005-08-21,0.11,0.113352
8,4,2005,2005-08-29,0.13,0.13841507
8,4,2005,2005-09-06,0.14,0.16617055
8,4,2005,2005-09-14,0.16,0.18243875
8,4,2005,2005-09-22,0.19,0.24371707
8,4,2005,2005-09-30,0.24,0.2945717
8,4,2005,2005-10-08,0.37,0.3339247
8,4,2005,2005-10-16,0.43,0.49534246
8,4,2005,2005-10-24,0.49,0.4885642
8,4,2005,2005-11-01,0.5,0.50137764
8,4,2005,2005-11-09,0.46,0.5140898
8,4,2005,2005-11-17,0.47,0.4233166
8,4,2005,2005-11-25,0.27,0.40771976
8,4,2005,2005-12-03,0.19,0.2492598
8,4,2005,2005-12-11,0.09,0.1384468
8,4,2005,2005-12-19,0.11,0.07073066
8,4,2005,2005-12-27,0.11,0.11364362
8,4,2006,2006-07-04,0.18,0.15715867
8,4,2006,2006-07-12,0.19,0.20232663
8,4,2006,2006-07-20,0.18,0.2230218
8,4,2006,2006-07-28,0.13,0.19154966
8,4,2006,2006-08-05,0.1,0.1439853
8,4,2006,2006-08-13,0.13,0.11973134
8,4,2006,2006-08-21,0.1,0.14375533
8,4,2006,2006-08-29,0.1,0.13167349
8,4,2006,2006-09-06,0.11,0.13808405
8,4,2006,2006-09-14,0.11,0.14965026
8,4,2006,2006-09-22,0.22,0.15688232
8,4,2006,2006-09-30,0.32,0.27549785
8,4,2006,2006-10-08,0.42,0.39906168
8,4,2006,2006-10-16,0.42,0.5190371
8,4,2006,2006-10-24,0.46,0.46222535
8,4,2006,2006-11-01,0.54,0.4799952
8,4,2006,2006-11-09,0.49,0.5615339
8,4,2006,2006-11-17,0.47,0.49332362
8,4,2006,2006-11-25,0.35,0.44925725
8,4,2006,2006-12-03,0.22,0.27552226
8,4,2006,2006-12-11,0.16,0.14884746
8,4,2006,2006-12-19,0.17,0.103887945
8,4,2006,2006-12-27,0.1,0.15666929
8,4,2007,2007-07-04,0.07,0.11566965
8,4,2007,2007-07-12,0.09,0.13390078
8,4,2007,2007-07-20,0.08,0.15029289
8,4,2007,2007-07-28,0.18,0.13802388
8,4,2007,2007-08-05,0.2,0.2149667
8,4,2007,2007-08-13,0.2,0.22390944
8,4,2007,2007-08-21,0.21,0.22945768
8,4,2007,2007-08-29,0.29,0.21495746
8,4,2007,2007-09-06,0.3,0.29569134
8,4,2007,2007-09-14,0.35,0.31153914
8,4,2007,2007-09-22,0.32,0.34136954
8,4,2007,2007-09-30,0.34,0.3319844
8,4,2007,2007-10-08,0.47,0.36340582
8,4,2007,2007-10-16,0.52,0.52059686
8,4,2007,2007-10-24,0.52,0.5376842
8,4,2007,2007-11-01,0.48,0.51798576
8,4,2007,2007-11-09,0.46,0.4970486
8,4,2007,2007-11-17,0.36,0.44760525
8,4,2007,2007-11-25,0.39,0.33301052
8,4,2007,2007-12-03,0.27,0.3165919
8,4,2007,2007-12-11,0.17,0.20335355
8,4,2007,2007-12-19,0.09,0.12692572
8,4,2007,2007-12-27,0.08,0.09322438
8,4,2008,2008-07-03,0.11,0.13286005
8,4,2008,2008-07-11,0.12,0.134996
8,4,2008,2008-07-19,0.16,0.14740978
8,4,2008,2008-07-27,0.13,0.1802407
8,4,2008,2008-08-04,0.13,0.18449087
8,4,2008,2008-08-12,0.19,0.18144491
8,4,2008,2008-08-20,0.28,0.2366944
8,4,2008,2008-08-28,0.31,0.33438432
8,4,2008,2008-09-05,0.3,0.38360217
8,4,2008,2008-09-13,0.3,0.3354778
8,4,2008,2008-09-21,0.33,0.3212637
8,4,2008,2008-09-29,0.38,0.33670282
8,4,2008,2008-10-07,0.41,0.3920359
8,4,2008,2008-10-15,0.47,0.45251822
8,4,2008,2008-10-23,0.45,0.5104812
8,4,2008,2008-10-31,0.46,0.473229
8,4,2008,2008-11-08,0.34,0.45542547
8,4,2008,2008-11-16,0.32,0.32533827
8,4,2008,2008-11-24,0.13,0.2612764
8,4,2008,2008-12-02,0.12,0.12881605
8,4,2008,2008-12-10,0.11,0.109785706
8,4,2008,2008-12-18,0.11,0.11434755
8,4,2008,2008-12-26,0.1,0.114942044
8,4,2009,2009-07-04,0.1,0.16062924
8,4,2009,2009-07-12,0.19,0.13455074
8,4,2009,2009-07-20,0.27,0.22068852
8,4,2009,2009-07-28,0.19,0.3187524
8,4,2009,2009-08-05,0.22,0.23352139
8,4,2009,2009-08-13,0.24,0.21624345
8,4,2009,2009-08-21,0.24,0.2660567
8,4,2009,2009-08-29,0.18,0.29712704
8,4,2009,2009-09-06,0.26,0.23304953
8,4,2009,2009-09-14,0.28,0.29394135
8,4,2009,2009-09-22,0.26,0.3237907
8,4,2009,2009-09-30,0.25,0.29902574
8,4,2009,2009-10-08,0.45,0.28548503
8,4,2009,2009-10-16,0.51,0.5052153
8,4,2009,2009-10-24,0.44,0.5597195
8,4,2009,2009-11-01,0.53,0.424436
8,4,2009,2009-11-09,0.47,0.5104659
8,4,2009,2009-11-17,0.54,0.4349439
8,4,2009,2009-11-25,0.25,0.48322558
8,4,2009,2009-12-03,0.22,0.21667041
8,4,2009,2009-12-11,0.12,0.15220131
8,4,2009,2009-12-19,0.1,0.09801644
8,4,2009,2009-12-27,0.08,0.11147973
8,4,2010,2010-07-04,0.07,0.12695491
8,4,2010,2010-07-12,0.12,0.1081326
8,4,2010,2010-07-20,0.12,0.18518467
8,4,2010,2010-07-28,0.14,0.20332223
8,4,2010,2010-08-05,0.31,0.19402163
8,4,2010,2010-08-13,0.29,0.3740981
8,4,2010,2010-08-21,0.2,0.35513967
8,4,2010,2010-08-29,0.23,0.22669329
8,4,2010,2010-09-06,0.26,0.20922528
8,4,2010,2010-09-14,0.3,0.2917293
8,4,2010,2010-09-22,0.28,0.34486908
8,4,2010,2010-09-30,0.35,0.30110082
8,4,2010,2010-10-08,0.39,0.34891638
8,4,2010,2010-10-16,0.4,0.45416307
8,4,2010,2010-10-24,0.46,0.44844872
8,4,2010,2010-11-01,0.4,0.46527636
8,4,2010,2010-11-09,0.3,0.42418933
8,4,2010,2010-11-17,0.32,0.29962152
8,4,2010,2010-11-25,0.25,0.30905515
8,4,2010,2010-12-03,0.14,0.1918312
8,4,2010,2010-12-11,0.11,0.1089063
8,4,2010,2010-12-19,0.1,0.08837423
8,4,2010,2010-12-27,0.08,0.111658186
8,4,2011,2011-07-04,0.12,0.118969545
8,4,2011,2011-07-12,0.22,0.14377736
8,4,2011,2011-07-20,0.15,0.2601562
8,4,2011,2011-07-28,0.17,0.19563738
8,4,2011,2011-08-05,0.17,0.19576888
8,4,2011,2011-08-13,0.2,0.24828547
8,4,2011,2011-08-21,0.19,0.2671355
8,4,2011,2011-08-29,0.16,0.22172971
8,4,2011,2011-09-06,0.14,0.18966393
8,4,2011,2011-09-14,0.16,0.18238997
8,4,2011,2011-09-22,0.33,0.22207218
8,4,2011,2011-09-30,0.34,0.398082
8,4,2011,2011-10-08,0.36,0.42719626
8,4,2011,2011-10-16,0.43,0.3954159
8,4,2011,2011-10-24,0.51,0.44823956
8,4,2011,2011-11-01,0.53,0.5368195
8,4,2011,2011-11-09,0.48,0.5261391
8,4,2011,2011-11-17,0.26,0.43556362
8,4,2011,2011-11-25,0.13,0.22608222
8,4,2011,2011-12-03,0.13,0.10704294
8,4,2011,2011-12-11,0.09,0.09770924
8,4,2011,2011-12-19,0.08,0.1015822
8,4,2011,2011-12-27,0.09,0.10312083
8,4,2012,2012-07-03,0.26,0.1512239
8,4,2012,2012-07-11,0.14,0.29511648
8,4,2012,2012-07-19,0.11,0.21062893
8,4,2012,2012-07-27,0.09,0.13600385
8,4,2012,2012-08-04,0.1,0.12530622
8,4,2012,2012-08-12,0.1,0.14061481
8,4,2012,2012-08-20,0.09,0.15676531
8,4,2012,2012-08-28,0.09,0.1434142
8,4,2012,2012-09-05,0.12,0.13359839
8,4,2012,2012-09-13,0.1,0.15539485
8,4,2012,2012-09-21,0.11,0.14490856
8,4,2012,2012-09-29,0.18,0.21118417
8,4,2012,2012-10-07,0.21,0.27121365
8,4,2012,2012-10-15,0.38,0.3100363
8,4,2012,2012-10-23,0.39,0.4925505
8,4,2012,2012-10-31,0.43,0.48135346
8,4,2012,2012-11-08,0.37,0.4573785
8,4,2012,2012-11-16,0.26,0.3796023
8,4,2012,2012-11-24,0.21,0.20059049
8,4,2012,2012-12-02,0.18,0.13056777
8,4,2012,2012-12-10,0.13,0.14295138
8,4,2012,2012-12-18,0.1,0.1249778
8,4,2012,2012-12-26,0.11,0.10927999
8,5,2001,2001-07-04,0.11,0.16018082
8,5,2001,2001-07-12,0.04,0.21049654
8,5,2001,2001-07-20,0.1,0.10395029
8,5,2001,2001-07-28,0.03,0.1319117
8,5,2001,2001-08-05,0.01,0.05994463
8,5,2001,2001-08-13,0.0,0.049820513
8,5,2001,2001-08-21,0.01,0.04077649
8,5,2001,2001-08-29,0.02,0.05540079
8,5,2001,2001-09-06,0.03,0.07063374
8,5,2001,2001-09-14,0.1,0.074475706
8,5,2001,2001-09-22,0.15,0.15982161
8,5,2001,2001-09-30,0.44,0.22407183
8,5,2001,2001-10-08,0.45,0.5746376
8,5,2001,2001-10-16,0.56,0.5960852
8,5,2001,2001-10-24,0.57,0.6107687
8,5,2001,2001-11-01,0.55,0.58457094
8,5,2001,2001-11-09,0.41,0.54703075
8,5,2001,2001-11-17,0.51,0.32275072
8,5,2001,2001-11-25,0.28,0.42690772
8,5,2001,2001-12-03,0.23,0.2203106
8,5,2001,2001-12-11,0.04,0.13718694
8,5,2001,2001-12-19,0.02,0.040869057
8,5,2001,2001-12-27,0.01,0.047052383
8,5,2002,2002-07-04,0.09,0.13178535
8,5,2002,2002-07-12,0.14,0.14250886
8,5,2002,2002-07-20,0.05,0.16186334
8,5,2002,2002-07-28,0.06,0.095520616
8,5,2002,2002-08-05,0.02,0.08004308
8,5,2002,2002-08-13,0.01,0.047189534
8,5,2002,2002-08-21,0.01,0.04416743
8,5,2002,2002-08-29,0.01,0.05102268
8,5,2002,2002-09-06,0.01,0.056901485
8,5,2002,2002-09-14,0.01,0.06052962
8,5,2002,2002-09-22,0.05,0.080853015
8,5,2002,2002-09-30,0.17,0.12659986
8,5,2002,2002-10-08,0.31,0.34195018
8,5,2002,2002-10-16,0.34,0.45426688
8,5,2002,2002-10-24,0.49,0.48983416
8,5,2002,2002-11-01,0.52,0.5596189
8,5,2002,2002-11-09,0.49,0.54236645
8,5,2002,2002-11-17,0.36,0.46338803
8,5,2002,2002-11-25,0.19,0.34282783
8,5,2002,2002-12-03,0.02,0.14131239
8,5,2002,2002-12-11,0.02,0.043328255
8,5,2002,2002-12-19,0.01,0.030810237
8,5,2002,2002-12-27,0.0,0.04098597
8,5,2003,2003-07-04,0.14,0.07736531
8,5,2003,2003-07-12,0.12,0.18806756
8,5,2003,2003-07-20,0.04,0.18099424
8,5,2003,2003-07-28,0.05,0.083693236
8,5,2003,2003-08-05,0.01,0.084413946
8,5,2003,2003-08-13,0.01,0.03935203
8,5,2003,2003-08-21,0.01,0.050707996
8,5,2003,2003-08-29,0.01,0.050078154
8,5,2003,2003-09-06,0.02,0.054336756
8,5,2003,2003-09-14,0.06,0.062660396
8,5,2003,2003-09-22,0.19,0.094192386
8,5,2003,2003-09-30,0.25,0.22361714
8,5,2003,2003-10-08,0.33,0.32341033
8,5,2003,2003-10-16,0.38,0.43437463
8,5,2003,2003-10-24,0.41,0.44600517
8,5,2003,2003-11-01,0.44,0.46705976
8,5,2003,2003-11-09,0.2,0.47841442
8,5,2003,2003-11-17,0.11,0.24873704
8,5,2003,2003-11-25,0.12,0.10262677
8,5,2003,2003-12-03,0.0,0.08180708
8,5,2003,2003-12-11,0.0,0.0103111565
8,5,2003,2003-12-19,0.01,0.03971553
8,5,2003,2003-12-27,0.0,0.043002397
8,5,2004,2004-07-03,0.07,0.10318306
8,5,2004,2004-07-11,0.06,0.13627763
8,5,2004,2004-07-19,0.03,0.11734033
8,5,2004,2004-07-27,0.01,0.065497756
8,5,2004,2004-08-04,0.01,0.05377227
8,5,2004,2004-08-12,0.01,0.04481694
8,5,2004,2004-08-20,0.02,0.05232629
8,5,2004,2004-08-28,0.05,0.0611237
8,5,2004,2004-09-05,0.07,0.085788935
8,5,2004,2004-09-13,0.16,0.10222086
8,5,2004,2004-09-21,0.32,0.19407727
8,5,2004,2004-09-29,0.32,0.4019516
8,5,2004,2004-10-07,0.53,0.40783128
8,5,2004,2004-10-15,0.42,0.5839916
8,5,2004,2004-10-23,0.47,0.44040972
8,5,2004,2004-10-31,0.4,0.44749162
8,5,2004,2004-11-08,0.14,0.3958601
8,5,2004,2004-11-16,0.14,0.14284274
8,5,2004,2004-11-24,0.24,0.09785169
8,5,2004,2004-12-02,0.02,0.21958922
8,5,2004,2004-12-10,0.01,0.07543123
8,5,2004,2004-12-18,0.01,0.04272893
8,5,2004,2004-12-26,0.01,0.044092655
8,5,2005,2005-07-04,0.03,0.09456387
8,5,2005,2005-07-12,0.04,0.08013487
8,5,2005,2005-07-20,0.07,0.08722198
8,5,2005,2005-07-28,0.01,0.09900299
8,5,2005,2005-08-05,0.04,0.045382768
8,5,2005,2005-08-13,0.0,0.07448879
8,5,2005,2005-08-21,0.02,0.03862971
8,5,2005,2005-08-29,0.03,0.06695458
8,5,2005,2005-09-06,0.04,0.07900515
8,5,2005,2005-09-14,0.06,0.093636006
8,5,2005,2005-09-22,0.1,0.13538867
8,5,2005,2005-09-30,0.16,0.21772471
8,5,2005,2005-10-08,0.39,0.2620259
8,5,2005,2005-10-16,0.41,0.56264937
8,5,2005,2005-10-24,0.42,0.4986015
8,5,2005,2005-11-01,0.42,0.42993584
8,5,2005,2005-11-09,0.3,0.41042948
8,5,2005,2005-11-17,0.33,0.22822861
8,5,2005,2005-11-25,0.09,0.23916179
8,5,2005,2005-12-03,0.05,0.11195174
8,5,2005,2005-12-11,0.0,0.043054253
8,5,2005,2005-12-19,0.01,0.034325093
8,5,2005,2005-12-27,0.03,0.0435701
8,5,2006,2006-07-04,0.11,0.096622884
8,5,2006,2006-07-12,0.05,0.13356015
8,5,2006,2006-07-20,0.06,0.08579576
8,5,2006,2006-07-28,0.02,0.10068551
8,5,2006,2006-08-05,0.02,0.047644407
8,5,2006,2006-08-13,0.03,0.0663352
8,5,2006,2006-08-21,0.02,0.05874169
8,5,2006,2006-08-29,0.02,0.062698305
8,5,2006,2006-09-06,0.03,0.06448522
8,5,2006,2006-09-14,0.07,0.07612318
8,5,2006,2006-09-22,0.13,0.11455324
8,5,2006,2006-09-30,0.2,0.17749068
8,5,2006,2006-10-08,0.35,0.26110864
8,5,2006,2006-10-16,0.35,0.4870205
8,5,2006,2006-10-24,0.4,0.45021608
8,5,2006,2006-11-01,0.49,0.43063617
8,5,2006,2006-11-09,0.44,0.5038968
8,5,2006,2006-11-17,0.4,0.4107905
8,5,2006,2006-11-25,0.1,0.36189067
8,5,2006,2006-12-03,0.08,0.097643435
8,5,2006,2006-12-11,0.03,0.07807988
8,5,2006,2006-12-19,0.01,0.052292347
8,5,2006,2006-12-27,0.01,0.04437977
8,5,2007,2007-07-04,0.03,0.07922095
8,5,2007,2007-07-12,0.04,0.09269342
8,5,2007,2007-07-20,0.03,0.0808357
8,5,2007,2007-07-28,0.15,0.076816946
8,5,2007,2007-08-05,0.15,0.16758592
8,5,2007,2007-08-13,0.15,0.16643165
8,5,2007,2007-08-21,0.12,0.16498308
8,5,2007,2007-08-29,0.17,0.12472451
8,5,2007,2007-09-06,0.22,0.16936237
8,5,2007,2007-09-14,0.21,0.2225431
8,5,2007,2007-09-22,0.21,0.22773074
8,5,2007,2007-09-30,0.27,0.23337689
8,5,2007,2007-10-08,0.34,0.30981663
8,5,2007,2007-10-16,0.41,0.42652392
8,5,2007,2007-10-24,0.51,0.46360576
8,5,2007,2007-11-01,0.43,0.5327712
8,5,2007,2007-11-09,0.42,0.45347977
8,5,2007,2007-11-17,0.39,0.411368
8,5,2007,2007-11-25,0.27,0.35597712
8,5,2007,2007-12-03,0.16,0.18596517
8,5,2007,2007-12-11,0.03,0.10997215
8,5,2007,2007-12-19,0.01,0.03915015
8,5,2007,2007-12-27,0.0,0.042031854
8,5,2008,2008-07-03,0.11,0.10562265
8,5,2008,2008-07-11,0.06,0.1357963
8,5,2008,2008-07-19,0.12,0.09509358
8,5,2008,2008-07-27,0.03,0.13852388
8,5,2008,2008-08-04,0.02,0.09444204
8,5,2008,2008-08-12,0.04,0.087598115
8,5,2008,2008-08-20,0.05,0.10408378
8,5,2008,2008-08-28,0.09,0.10325697
8,5,2008,2008-09-05,0.06,0.15703498
8,5,2008,2008-09-13,0.07,0.13764374
8,5,2008,2008-09-21,0.1,0.14175406
8,5,2008,2008-09-29,0.19,0.16375455
8,5,2008,2008-10-07,0.3,0.2728824
8,5,2008,2008-10-15,0.48,0.40516636
8,5,2008,2008-10-23,0.45,0.58650494
8,5,2008,2008-10-31,0.47,0.50249773
8,5,2008,2008-11-08,0.21,0.45181832
8,5,2008,2008-11-16,0.15,0.22256505
8,5,2008,2008-11-24,0.04,0.13656299
8,5,2008,2008-12-02,0.03,0.05119127
8,5,2008,2008-12-10,0.03,0.064950615
8,5,2008,2008-12-18,0.01,0.046129227
8,5,2008,2008-12-26,0.01,0.040042967
8,5,2009,2009-07-04,0.06,0.11876899
8,5,2009,2009-07-12,0.13,0.11735758
8,5,2009,2009-07-20,0.15,0.16032681
8,5,2009,2009-07-28,0.07,0.19256145
8,5,2009,2009-08-05,0.05,0.09672573
8,5,2009,2009-08-13,0.03,0.07092169
8,5,2009,2009-08-21,0.03,0.061907083
8,5,2009,2009-08-29,0.02,0.07280284
8,5,2009,2009-09-06,0.05,0.07841718
8,5,2009,2009-09-14,0.05,0.093991995
8,5,2009,2009-09-22,0.08,0.09560713
8,5,2009,2009-09-30,0.08,0.12901533
8,5,2009,2009-10-08,0.23,0.15301253
8,5,2009,2009-10-16,0.46,0.33724627
8,5,2009,2009-10-24,0.44,0.6141536
8,5,2009,2009-11-01,0.52,0.52145696
8,5,2009,2009-11-09,0.48,0.5113866
8,5,2009,2009-11-17,0.55,0.41616833
8,5,2009,2009-11-25,0.2,0.44859862
8,5,2009,2009-12-03,0.26,0.18178357
8,5,2009,2009-12-11,0.03,0.18029025
8,5,2009,2009-12-19,0.01,0.04831776
8,5,2009,2009-12-27,0.0,0.040421665
8,5,2010,2010-07-04,0.03,0.09476742
8,5,2010,2010-07-12,0.13,0.07988024
8,5,2010,2010-07-20,0.1,0.19175766
8,5,2010,2010-07-28,0.06,0.1590716
8,5,2010,2010-08-05,0.09,0.099317014
8,5,2010,2010-08-13,0.1,0.11013055
8,5,2010,2010-08-21,0.03,0.11318302
8,5,2010,2010-08-29,0.05,0.062242717
8,5,2010,2010-09-06,0.06,0.078194916
8,5,2010,2010-09-14,0.09,0.09509614
8,5,2010,2010-09-22,0.07,0.12321444
8,5,2010,2010-09-30,0.17,0.11205125
8,5,2010,2010-10-08,0.19,0.2006287
8,5,2010,2010-10-16,0.22,0.26810974
8,5,2010,2010-10-24,0.47,0.36254445
8,5,2010,2010-11-01,0.44,0.5788145
8,5,2010,2010-11-09,0.26,0.51307607
8,5,2010,2010-11-17,0.22,0.2709176
8,5,2010,2010-11-25,0.21,0.21768504
8,5,2010,2010-12-03,0.09,0.13349143
8,5,2010,2010-12-11,0.01,0.10389033
8,5,2010,2010-12-19,0.0,0.013912231
8,5,2010,2010-12-27,0.01,0.03737414
8,5,2011,2011-07-04,0.05,0.102896184
8,5,2011,2011-07-12,0.13,0.07967526
8,5,2011,2011-07-20,0.06,0.18414162
8,5,2011,2011-07-28,0.04,0.109716475
8,5,2011,2011-08-05,0.05,0.07977861
8,5,2011,2011-08-13,0.03,0.09275517
8,5,2011,2011-08-21,0.03,0.08155939
8,5,2011,2011-08-29,0.03,0.065387785
8,5,2011,2011-09-06,0.02,0.07330075
8,5,2011,2011-09-14,0.07,0.067665786
8,5,2011,2011-09-22,0.17,0.12301609
8,5,2011,2011-09-30,0.17,0.20321713
8,5,2011,2011-10-08,0.32,0.23597197
8,5,2011,2011-10-16,0.4,0.3815868
8,5,2011,2011-10-24,0.47,0.46021456
8,5,2011,2011-11-01,0.45,0.54559726
8,5,2011,2011-11-09,0.22,0.4682345
8,5,2011,2011-11-17,0.19,0.21440035
8,5,2011,2011-11-25,0.06,0.13732383
8,5,2011,2011-12-03,0.02,0.071478516
8,5,2011,2011-12-11,0.0,0.047371507
8,5,2011,2011-12-19,0.01,0.02851051
8,5,2011,2011-12-27,0.15,0.04350269
8,5,2012,2012-07-03,0.19,0.10190791
8,5,2012,2012-07-11,0.05,0.20457448
8,5,2012,2012-07-19,0.02,0.10806134
8,5,2012,2012-07-27,0.01,0.05863151
8,5,2012,2012-08-04,0.01,0.049638867
8,5,2012,2012-08-12,0.02,0.05766782
8,5,2012,2012-08-20,0.02,0.06390771
8,5,2012,2012-08-28,0.03,0.065288484
8,5,2012,2012-09-05,0.03,0.072724074
8,5,2012,2012-09-13,0.11,0.068552256
8,5,2012,2012-09-21,0.1,0.15413526
8,5,2012,2012-09-29,0.21,0.16930032
8,5,2012,2012-10-07,0.29,0.27198616
8,5,2012,2012-10-15,0.47,0.3951993
8,5,2012,2012-10-23,0.44,0.5756713
8,5,2012,2012-10-31,0.41,0.49128044
8,5,2012,2012-11-08,0.32,0.3984096
8,5,2012,2012-11-16,0.22,0.25160995
8,5,2012,2012-11-24,0.25,0.16062775
8,5,2012,2012-12-02,0.04,0.17281997
8,5,2012,2012-12-10,0.02,0.051956177
8,5,2012,2012-12-18,0.01,0.04237774
8,5,2012,2012-12-26,0.04,0.04399243
8,6,2001,2001-07-04,0.2,0.22911294
8,6,2001,2001-07-12,0.18,0.2326044
8,6,2001,2001-07-20,0.16,0.18761079
8,6,2001,2001-07-28,0.19,0.19133505
8,6,2001,2001-08-05,0.18,0.21602625
8,6,2001,2001-08-13,0.17,0.20585263
8,6,2001,2001-08-21,0.2,0.19590814
8,6,2001,2001-08-29,0.21,0.22697447
8,6,2001,2001-09-06,0.25,0.26523948
8,6,2001,2001-09-14,0.31,0.2791769
8,6,2001,2001-09-22,0.25,0.37870607
8,6,2001,2001-09-30,0.35,0.30883968
8,6,2001,2001-10-08,0.31,0.38053867
8,6,2001,2001-10-16,0.26,0.32344177
8,6,2001,2001-10-24,0.26,0.2622159
8,6,2001,2001-11-01,0.22,0.24202469
8,6,2001,2001-11-09,0.15,0.22380969
8,6,2001,2001-11-17,0.22,0.15625355
8,6,2001,2001-11-25,0.19,0.23185474
8,6,2001,2001-12-03,0.2,0.2286131
8,6,2001,2001-12-11,0.19,0.22235233
8,6,2001,2001-12-19,0.18,0.22000407
8,6,2001,2001-12-27,0.17,0.20244028
8,6,2002,2002-07-04,0.14,0.22233143
8,6,2002,2002-07-12,0.18,0.1820257
8,6,2002,2002-07-20,0.17,0.21070065
8,6,2002,2002-07-28,0.16,0.19988307
8,6,2002,2002-08-05,0.16,0.20016186
8,6,2002,2002-08-13,0.19,0.19493087
8,6,2002,2002-08-21,0.19,0.22207731
8,6,2002,2002-08-29,0.17,0.23236628
8,6,2002,2002-09-06,0.2,0.21304817
8,6,2002,2002-09-14,0.24,0.24992698
8,6,2002,2002-09-22,0.25,0.30928785
8,6,2002,2002-09-30,0.32,0.2945239
8,6,2002,2002-10-08,0.31,0.3803053
8,6,2002,2002-10-16,0.25,0.34653926
8,6,2002,2002-10-24,0.21,0.25090557
8,6,2002,2002-11-01,0.22,0.20789528
8,6,2002,2002-11-09,0.19,0.22385092
8,6,2002,2002-11-17,0.17,0.19444776
8,6,2002,2002-11-25,0.17,0.20270929
8,6,2002,2002-12-03,0.17,0.19994092
8,6,2002,2002-12-11,0.17,0.20894115
8,6,2002,2002-12-19,0.16,0.20533696
8,6,2002,2002-12-27,0.17,0.19428314
8,6,2003,2003-07-04,0.18,0.18619749
8,6,2003,2003-07-12,0.18,0.20138793
8,6,2003,2003-07-20,0.17,0.2183777
8,6,2003,2003-07-28,0.18,0.20379466
8,6,2003,2003-08-05,0.17,0.20762123
8,6,2003,2003-08-13,0.17,0.1988242
8,6,2003,2003-08-21,0.18,0.20846233
8,6,2003,2003-08-29,0.21,0.21754083
8,6,2003,2003-09-06,0.2,0.2398734
8,6,2003,2003-09-14,0.27,0.23868842
8,6,2003,2003-09-22,0.32,0.31528854
8,6,2003,2003-09-30,0.26,0.36700714
8,6,2003,2003-10-08,0.27,0.3099743
8,6,2003,2003-10-16,0.2,0.28940398
8,6,2003,2003-10-24,0.16,0.21139269
8,6,2003,2003-11-01,0.17,0.16532812
8,6,2003,2003-11-09,0.16,0.1956242
8,6,2003,2003-11-17,0.16,0.1925193
8,6,2003,2003-11-25,0.19,0.19049168
8,6,2003,2003-12-03,0.13,0.22021434
8,6,2003,2003-12-11,0.15,0.16912995
8,6,2003,2003-12-19,0.18,0.18326169
8,6,2003,2003-12-27,0.16,0.21195902
8,6,2004,2004-07-03,0.18,0.20648961
8,6,2004,2004-07-11,0.16,0.21703568
8,6,2004,2004-07-19,0.16,0.19742654
8,6,2004,2004-07-27,0.15,0.19156916
8,6,2004,2004-08-04,0.16,0.1870484
8,6,2004,2004-08-12,0.17,0.19446303
8,6,2004,2004-08-20,0.22,0.205299
8,6,2004,2004-08-28,0.25,0.2566714
8,6,2004,2004-09-05,0.29,0.2952132
8,6,2004,2004-09-13,0.32,0.32261223
8,6,2004,2004-09-21,0.31,0.3606735
8,6,2004,2004-09-29,0.25,0.34838134
8,6,2004,2004-10-07,0.29,0.2571788
8,6,2004,2004-10-15,0.17,0.28747785
8,6,2004,2004-10-23,0.18,0.18007377
8,6,2004,2004-10-31,0.17,0.17101292
8,6,2004,2004-11-08,0.18,0.19135979
8,6,2004,2004-11-16,0.16,0.20674238
8,6,2004,2004-11-24,0.17,0.19053087
8,6,2004,2004-12-02,0.16,0.20849764
8,6,2004,2004-12-10,0.16,0.181709
8,6,2004,2004-12-18,0.17,0.18918554
8,6,2004,2004-12-26,0.17,0.20805754
8,6,2005,2005-07-04,0.15,0.18815184
8,6,2005,2005-07-12,0.17,0.18470865
8,6,2005,2005-07-20,0.14,0.20059542
8,6,2005,2005-07-28,0.09,0.17573175
8,6,2005,2005-08-05,0.18,0.12827986
8,6,2005,2005-08-13,0.12,0.21628867
8,6,2005,2005-08-21,0.17,0.16860119
8,6,2005,2005-08-29,0.19,0.22860011
8,6,2005,2005-09-06,0.24,0.2507039
8,6,2005,2005-09-14,0.28,0.31198314
8,6,2005,2005-09-22,0.25,0.34831867
8,6,2005,2005-09-30,0.27,0.29834682
8,6,2005,2005-10-08,0.29,0.27670664
8,6,2005,2005-10-16,0.19,0.31289607
8,6,2005,2005-10-24,0.16,0.19522883
8,6,2005,2005-11-01,0.18,0.15870273
8,6,2005,2005-11-09,0.18,0.19748068
8,6,2005,2005-11-17,0.17,0.21457845
8,6,2005,2005-11-25,0.16,0.1989024
8,6,2005,2005-12-03,0.17,0.19151351
8,6,2005,2005-12-11,0.16,0.19856723
8,6,2005,2005-12-19,0.16,0.1921447
8,6,2005,2005-12-27,0.2,0.19480169
8,6,2006,2006-07-04,0.16,0.15657857
8,6,2006,2006-07-12,0.15,0.19391872
8,6,2006,2006-07-20,0.15,0.19244263
8,6,2006,2006-07-28,0.14,0.18153167
8,6,2006,2006-08-05,0.14,0.15520695
8,6,2006,2006-08-13,0.16,0.1860831
8,6,2006,2006-08-21,0.18,0.18410745
8,6,2006,2006-08-29,0.21,0.2227429
8,6,2006,2006-09-06,0.22,0.25216317
8,6,2006,2006-09-14,0.24,0.2752047
8,6,2006,2006-09-22,0.29,0.29657602
8,6,2006,2006-09-30,0.26,0.32717773
8,6,2006,2006-10-08,0.26,0.29459116
8,6,2006,2006-10-16,0.22,0.28443235
8,6,2006,2006-10-24,0.24,0.21943414
8,6,2006,2006-11-01,0.21,0.22915787
8,6,2006,2006-11-09,0.2,0.22420909
8,6,2006,2006-11-17,0.18,0.21905988
8,6,2006,2006-11-25,0.16,0.20114546
8,6,2006,2006-12-03,0.14,0.18299872
8,6,2006,2006-12-11,0.16,0.172084
8,6,2006,2006-12-19,0.17,0.19099902
8,6,2006,2006-12-27,0.12,0.20404096
8,6,2007,2007-07-04,0.17,0.19817472
8,6,2007,2007-07-12,0.18,0.20651531
8,6,2007,2007-07-20,0.17,0.21055594
8,6,2007,2007-07-28,0.18,0.1986591
8,6,2007,2007-08-05,0.18,0.20291175
8,6,2007,2007-08-13,0.16,0.20411268
8,6,2007,2007-08-21,0.18,0.19201483
8,6,2007,2007-08-29,0.19,0.21557936
8,6,2007,2007-09-06,0.19,0.23592852
8,6,2007,2007-09-14,0.19,0.23644236
8,6,2007,2007-09-22,0.2,0.23698632
8,6,2007,2007-09-30,0.28,0.25910622
8,6,2007,2007-10-08,0.28,0.32652014
8,6,2007,2007-10-16,0.36,0.32349652
8,6,2007,2007-10-24,0.21,0.37011272
8,6,2007,2007-11-01,0.2,0.2332942
8,6,2007,2007-11-09,0.17,0.18841091
8,6,2007,2007-11-17,0.19,0.1840879
8,6,2007,2007-11-25,0.18,0.21162197
8,6,2007,2007-12-03,0.18,0.20390822
8,6,2007,2007-12-11,0.17,0.19900216
8,6,2007,2007-12-19,0.16,0.19779685
8,6,2007,2007-12-27,0.15,0.19315183
8,6,2008,2008-07-03,0.17,0.22952424
8,6,2008,2008-07-11,0.17,0.20353948
8,6,2008,2008-07-19,0.16,0.2020442
8,6,2008,2008-07-27,0.15,0.19056013
8,6,2008,2008-08-04,0.15,0.18711197
8,6,2008,2008-08-12,0.17,0.18767487
8,6,2008,2008-08-20,0.19,0.2017222
8,6,2008,2008-08-28,0.2,0.22845168
8,6,2008,2008-09-05,0.2,0.23923872
8,6,2008,2008-09-13,0.21,0.234955
8,6,2008,2008-09-21,0.25,0.23962076
8,6,2008,2008-09-29,0.23,0.28081208
8,6,2008,2008-10-07,0.2,0.2854864
8,6,2008,2008-10-15,0.22,0.2448617
8,6,2008,2008-10-23,0.17,0.28163275
8,6,2008,2008-10-31,0.22,0.1950371
8,6,2008,2008-11-08,0.18,0.23219498
8,6,2008,2008-11-16,0.17,0.19962943
8,6,2008,2008-11-24,0.17,0.19954959
8,6,2008,2008-12-02,0.18,0.19915539
8,6,2008,2008-12-10,0.2,0.213369
8,6,2008,2008-12-18,0.16,0.22964779
8,6,2008,2008-12-26,0.18,0.19000696
8,6,2009,2009-07-04,0.13,0.21984985
8,6,2009,2009-07-12,0.13,0.16582093
8,6,2009,2009-07-20,0.16,0.1637693
8,6,2009,2009-07-28,0.17,0.19319676
8,6,2009,2009-08-05,0.16,0.2037401
8,6,2009,2009-08-13,0.17,0.19266532
8,6,2009,2009-08-21,0.17,0.2050828
8,6,2009,2009-08-29,0.18,0.21142587
8,6,2009,2009-09-06,0.23,0.22263485
8,6,2009,2009-09-14,0.25,0.268713
8,6,2009,2009-09-22,0.25,0.29042196
8,6,2009,2009-09-30,0.25,0.2928369
8,6,2009,2009-10-08,0.22,0.2747637
8,6,2009,2009-10-16,0.29,0.2325025
8,6,2009,2009-10-24,0.21,0.30584708
8,6,2009,2009-11-01,0.22,0.22803532
8,6,2009,2009-11-09,0.19,0.23477148
8,6,2009,2009-11-17,0.19,0.20723768
8,6,2009,2009-11-25,0.17,0.20825204
8,6,2009,2009-12-03,0.17,0.19441947
8,6,2009,2009-12-11,0.15,0.2013178
8,6,2009,2009-12-19,0.14,0.19181235
8,6,2009,2009-12-27,0.11,0.17101407
8,6,2010,2010-07-04,0.14,0.18629244
8,6,2010,2010-07-12,0.16,0.16353182
8,6,2010,2010-07-20,0.16,0.18471262
8,6,2010,2010-07-28,0.15,0.19659314
8,6,2010,2010-08-05,0.17,0.19060582
8,6,2010,2010-08-13,0.18,0.2031378
8,6,2010,2010-08-21,0.17,0.21576779
8,6,2010,2010-08-29,0.17,0.20499736
8,6,2010,2010-09-06,0.21,0.2050581
8,6,2010,2010-09-14,0.27,0.2594544
8,6,2010,2010-09-22,0.25,0.32549906
8,6,2010,2010-09-30,0.29,0.2979891
8,6,2010,2010-10-08,0.3,0.31339866
8,6,2010,2010-10-16,0.19,0.31137615
8,6,2010,2010-10-24,0.17,0.22394374
8,6,2010,2010-11-01,0.15,0.1738819
8,6,2010,2010-11-09,0.18,0.17821886
8,6,2010,2010-11-17,0.19,0.2090312
8,6,2010,2010-11-25,0.17,0.22654839
8,6,2010,2010-12-03,0.16,0.2008047
8,6,2010,2010-12-11,0.17,0.18881546
8,6,2010,2010-12-19,0.19,0.19403526
8,6,2010,2010-12-27,0.18,0.21361525
8,6,2011,2011-07-04,0.17,0.19863476
8,6,2011,2011-07-12,0.16,0.19496742
8,6,2011,2011-07-20,0.17,0.19223453
8,6,2011,2011-07-28,0.16,0.20134789
8,6,2011,2011-08-05,0.18,0.19010215
8,6,2011,2011-08-13,0.19,0.21426046
8,6,2011,2011-08-21,0.2,0.22691229
8,6,2011,2011-08-29,0.23,0.23163594
8,6,2011,2011-09-06,0.23,0.25654417
8,6,2011,2011-09-14,0.23,0.26775557
8,6,2011,2011-09-22,0.24,0.27956334
8,6,2011,2011-09-30,0.24,0.2758359
8,6,2011,2011-10-08,0.17,0.2831691
8,6,2011,2011-10-16,0.18,0.21676366
8,6,2011,2011-10-24,0.18,0.18708266
8,6,2011,2011-11-01,0.17,0.19554356
8,6,2011,2011-11-09,0.18,0.18960345
8,6,2011,2011-11-17,0.18,0.21311368
8,6,2011,2011-11-25,0.15,0.21795632
8,6,2011,2011-12-03,0.17,0.1839653
8,6,2011,2011-12-11,0.2,0.19650024
8,6,2011,2011-12-19,0.19,0.23237483
8,6,2011,2011-12-27,0.21,0.23077717
8,6,2012,2012-07-03,0.2,0.21557203
8,6,2012,2012-07-11,0.17,0.2289269
8,6,2012,2012-07-19,0.16,0.19782384
8,6,2012,2012-07-27,0.15,0.1893251
8,6,2012,2012-08-04,0.18,0.17940879
8,6,2012,2012-08-12,0.18,0.217316
8,6,2012,2012-08-20,0.17,0.22151653
8,6,2012,2012-08-28,0.18,0.21265317
8,6,2012,2012-09-05,0.22,0.22693683
8,6,2012,2012-09-13,0.26,0.26532817
8,6,2012,2012-09-21,0.22,0.30410904
8,6,2012,2012-09-29,0.21,0.2603198
8,6,2012,2012-10-07,0.25,0.235152
8,6,2012,2012-10-15,0.26,0.25479263
8,6,2012,2012-10-23,0.2,0.27679098
8,6,2012,2012-10-31,0.17,0.2187123
8,6,2012,2012-11-08,0.15,0.18243042
8,6,2012,2012-11-16,0.16,0.17688334
8,6,2012,2012-11-24,0.14,0.19368702
8,6,2012,2012-12-02,0.15,0.17070669
8,6,2012,2012-12-10,0.18,0.18725991
8,6,2012,2012-12-18,0.16,0.22609033
8,6,2012,2012-12-26,0.17,0.20504703
8,7,2001,2001-07-04,0.02,0.062512994
8,7,2001,2001-07-12,0.02,0.06573844
8,7,2001,2001-07-20,0.02,0.06606957
8,7,2001,2001-07-28,0.02,0.06897196
8,7,2001,2001-08-05,0.04,0.07141933
8,7,2001,2001-08-13,0.06,0.080830455
8,7,2001,2001-08-21,0.13,0.11397144
8,7,2001,2001-08-29,0.22,0.21047275
8,7,2001,2001-09-06,0.28,0.34094447
8,7,2001,2001-09-14,0.37,0.36196613
8,7,2001,2001-09-22,0.34,0.4770323
8,7,2001,2001-09-30,0.42,0.38845137
8,7,2001,2001-10-08,0.29,0.4117378
8,7,2001,2001-10-16,0.3,0.26003465
8,7,2001,2001-10-24,0.2,0.24932307
8,7,2001,2001-11-01,0.09,0.15932389
8,7,2001,2001-11-09,0.12,0.09813672
8,7,2001,2001-11-17,0.05,0.12993062
8,7,2001,2001-11-25,0.08,0.08531749
8,7,2001,2001-12-03,0.08,0.11781575
8,7,2001,2001-12-11,0.09,0.10980615
8,7,2001,2001-12-19,0.08,0.13088602
8,7,2001,2001-12-27,0.06,0.12141475
8,7,2002,2002-07-04,0.01,0.07740131
8,7,2002,2002-07-12,0.02,0.05231443
8,7,2002,2002-07-20,0.02,0.066756934
8,7,2002,2002-07-28,0.02,0.06499395
8,7,2002,2002-08-05,0.03,0.06667745
8,7,2002,2002-08-13,0.09,0.07974416
8,7,2002,2002-08-21,0.09,0.13347708
8,7,2002,2002-08-29,0.11,0.15013024
8,7,2002,2002-09-06,0.12,0.19141455
8,7,2002,2002-09-14,0.22,0.20887321
8,7,2002,2002-09-22,0.37,0.33034733
8,7,2002,2002-09-30,0.34,0.45897907
8,7,2002,2002-10-08,0.4,0.42553812
8,7,2002,2002-10-16,0.24,0.39119965
8,7,2002,2002-10-24,0.1,0.2448271
8,7,2002,2002-11-01,0.05,0.1062583
8,7,2002,2002-11-09,0.02,0.06548861
8,7,2002,2002-11-17,0.03,0.0779202
8,7,2002,2002-11-25,0.04,0.06866935
8,7,2002,2002-12-03,0.06,0.09400317
8,7,2002,2002-12-11,0.07,0.10787067
8,7,2002,2002-12-19,0.07,0.119595334
8,7,2002,2002-12-27,0.07,0.113437384
8,7,2003,2003-07-04,0.02,0.069913596
8,7,2003,2003-07-12,0.02,0.058793634
8,7,2003,2003-07-20,0.02,0.06637198
8,7,2003,2003-07-28,0.02,0.06534144
8,7,2003,2003-08-05,0.04,0.06640142
8,7,2003,2003-08-13,0.05,0.0847027
8,7,2003,2003-08-21,0.07,0.10844666
8,7,2003,2003-08-29,0.26,0.121390745
8,7,2003,2003-09-06,0.28,0.3048616
8,7,2003,2003-09-14,0.38,0.32379347
8,7,2003,2003-09-22,0.37,0.4345208
8,7,2003,2003-09-30,0.32,0.43378064
8,7,2003,2003-10-08,0.22,0.34408078
8,7,2003,2003-10-16,0.2,0.24867058
8,7,2003,2003-10-24,0.11,0.1856666
8,7,2003,2003-11-01,0.06,0.10296604
8,7,2003,2003-11-09,0.03,0.07420915
8,7,2003,2003-11-17,0.05,0.05951509
8,7,2003,2003-11-25,0.1,0.08531964
8,7,2003,2003-12-03,0.04,0.13059969
8,7,2003,2003-12-11,0.07,0.08774027
8,7,2003,2003-12-19,0.08,0.114596784
8,7,2003,2003-12-27,0.06,0.117768615
8,7,2004,2004-07-03,0.02,0.06389776
8,7,2004,2004-07-11,0.02,0.064625114
8,7,2004,2004-07-19,0.02,0.06606957
8,7,2004,2004-07-27,0.04,0.06606957
8,7,2004,2004-08-04,0.03,0.081709564
8,7,2004,2004-08-12,0.08,0.07765913
8,7,2004,2004-08-20,0.15,0.12139754
8,7,2004,2004-08-28,0.22,0.18425171
8,7,2004,2004-09-05,0.46,0.3126008
8,7,2004,2004-09-13,0.36,0.5435366
8,7,2004,2004-09-21,0.38,0.44210577
8,7,2004,2004-09-29,0.29,0.38045764
8,7,2004,2004-10-07,0.24,0.28091764
8,7,2004,2004-10-15,0.09,0.20961507
8,7,2004,2004-10-23,0.04,0.105056435
8,7,2004,2004-10-31,0.06,0.06955987
8,7,2004,2004-11-08,0.03,0.09271154
8,7,2004,2004-11-16,0.02,0.06297225
8,7,2004,2004-11-24,0.04,0.06954652
8,7,2004,2004-12-02,0.04,0.100893915
8,7,2004,2004-12-10,0.04,0.081872314
8,7,2004,2004-12-18,0.07,0.09321153
8,7,2004,2004-12-26,0.12,0.11600813
8,7,2005,2005-07-04,0.01,0.06311366
8,7,2005,2005-07-12,0.03,0.055709362
8,7,2005,2005-07-20,0.03,0.07449326
8,7,2005,2005-07-28,0.01,0.07285234
8,7,2005,2005-08-05,0.02,0.06368646
8,7,2005,2005-08-13,0.03,0.06857082
8,7,2005,2005-08-21,0.1,0.0908972
8,7,2005,2005-08-29,0.23,0.17002322
8,7,2005,2005-09-06,0.3,0.31094536
8,7,2005,2005-09-14,0.37,0.44618836
8,7,2005,2005-09-22,0.2,0.44822246
8,7,2005,2005-09-30,0.29,0.25887275
8,7,2005,2005-10-08,0.23,0.2691685
8,7,2005,2005-10-16,0.11,0.23171225
8,7,2005,2005-10-24,0.13,0.111255825
8,7,2005,2005-11-01,0.05,0.11962652
8,7,2005,2005-11-09,0.04,0.08208132
8,7,2005,2005-11-17,0.04,0.07325351
8,7,2005,2005-11-25,0.05,0.07384044
8,7,2005,2005-12-03,0.06,0.090430856
8,7,2005,2005-12-11,0.12,0.09813908
8,7,2005,2005-12-19,0.12,0.14848924
8,7,2005,2005-12-27,0.14,0.15337217
8,7,2006,2006-07-04,0.02,0.06339082
8,7,2006,2006-07-12,0.02,0.0599176
8,7,2006,2006-07-20,0.01,0.06912425
8,7,2006,2006-07-28,0.02,0.060786396
8,7,2006,2006-08-05,0.06,0.064284354
8,7,2006,2006-08-13,0.1,0.09817204
8,7,2006,2006-08-21,0.1,0.13089411
8,7,2006,2006-08-29,0.28,0.14948392
8,7,2006,2006-09-06,0.29,0.36197996
8,7,2006,2006-09-14,0.3,0.38185865
8,7,2006,2006-09-22,0.38,0.38069046
8,7,2006,2006-09-30,0.28,0.3717883
8,7,2006,2006-10-08,0.27,0.2931346
8,7,2006,2006-10-16,0.13,0.25691858
8,7,2006,2006-10-24,0.1,0.12826861
8,7,2006,2006-11-01,0.05,0.11464837
8,7,2006,2006-11-09,0.04,0.076533675
8,7,2006,2006-11-17,0.05,0.07633555
8,7,2006,2006-11-25,0.04,0.085546464
8,7,2006,2006-12-03,0.02,0.08394012
8,7,2006,2006-12-11,0.04,0.07247487
8,7,2006,2006-12-19,0.06,0.10764074
8,7,2006,2006-12-27,0.05,0.11966996
8,7,2007,2007-07-04,0.02,0.06249851
8,7,2007,2007-07-12,0.02,0.059302837
8,7,2007,2007-07-20,0.02,0.063470066
8,7,2007,2007-07-28,0.04,0.06260675
8,7,2007,2007-08-05,0.04,0.082199365
8,7,2007,2007-08-13,0.02,0.09149173
8,7,2007,2007-08-21,0.1,0.08587557
8,7,2007,2007-08-29,0.21,0.15166013
8,7,2007,2007-09-06,0.21,0.3130088
8,7,2007,2007-09-14,0.29,0.3039198
8,7,2007,2007-09-22,0.35,0.36348888
8,7,2007,2007-09-30,0.33,0.42452836
8,7,2007,2007-10-08,0.29,0.3522387
8,7,2007,2007-10-16,0.28,0.281427
8,7,2007,2007-10-24,0.11,0.2355388
8,7,2007,2007-11-01,0.04,0.11371872
8,7,2007,2007-11-09,0.02,0.06199181
8,7,2007,2007-11-17,0.02,0.06331748
8,7,2007,2007-11-25,0.03,0.06780231
8,7,2007,2007-12-03,0.03,0.076263964
8,7,2007,2007-12-11,0.04,0.07144356
8,7,2007,2007-12-19,0.03,0.08564976
8,7,2007,2007-12-27,0.03,0.081303805
8,7,2008,2008-07-03,0.02,0.06553292
8,7,2008,2008-07-11,0.02,0.058054805
8,7,2008,2008-07-19,0.01,0.06394094
8,7,2008,2008-07-27,0.02,0.05753225
8,7,2008,2008-08-04,0.02,0.07314724
8,7,2008,2008-08-12,0.05,0.0710547
8,7,2008,2008-08-20,0.16,0.0895302
8,7,2008,2008-08-28,0.21,0.20890076
8,7,2008,2008-09-05,0.32,0.284907
8,7,2008,2008-09-13,0.3,0.38632485
8,7,2008,2008-09-21,0.24,0.3673922
8,7,2008,2008-09-29,0.18,0.29177028
8,7,2008,2008-10-07,0.1,0.21705647
8,7,2008,2008-10-15,0.06,0.14314757
8,7,2008,2008-10-23,0.12,0.12290113
8,7,2008,2008-10-31,0.04,0.13930336
8,7,2008,2008-11-08,0.03,0.06703454
8,7,2008,2008-11-16,0.03,0.062491834
8,7,2008,2008-11-24,0.03,0.066235214
8,7,2008,2008-12-02,0.06,0.07380551
8,7,2008,2008-12-10,0.08,0.098519534
8,7,2008,2008-12-18,0.14,0.115464434
8,7,2008,2008-12-26,0.17,0.1617001
8,7,2009,2009-07-04,0.01,0.06249565
8,7,2009,2009-07-12,0.02,0.057395577
8,7,2009,2009-07-20,0.03,0.067037016
8,7,2009,2009-07-28,0.02,0.07063326
8,7,2009,2009-08-05,0.03,0.06605142
8,7,2009,2009-08-13,0.05,0.07370955
8,7,2009,2009-08-21,0.05,0.0973863
8,7,2009,2009-08-29,0.19,0.1281632
8,7,2009,2009-09-06,0.34,0.26874855
8,7,2009,2009-09-14,0.4,0.44740033
8,7,2009,2009-09-22,0.4,0.47652596
8,7,2009,2009-09-30,0.37,0.3972307
8,7,2009,2009-10-08,0.24,0.32811582
8,7,2009,2009-10-16,0.21,0.19964367
8,7,2009,2009-10-24,0.05,0.16610214
8,7,2009,2009-11-01,0.03,0.08813223
8,7,2009,2009-11-09,0.04,0.063148856
8,7,2009,2009-11-17,0.04,0.07692516
8,7,2009,2009-11-25,0.04,0.0773015
8,7,2009,2009-12-03,0.02,0.080779254
8,7,2009,2009-12-11,0.03,0.07361928
8,7,2009,2009-12-19,0.05,0.08804461
8,7,2009,2009-12-27,0.1,0.121202424
8,7,2010,2010-07-04,0.01,0.094652146
8,7,2010,2010-07-12,0.03,0.046001524
8,7,2010,2010-07-20,0.02,0.07071611
8,7,2010,2010-07-28,0.01,0.064881
8,7,2010,2010-08-05,0.02,0.058947712
8,7,2010,2010-08-13,0.03,0.069723666
8,7,2010,2010-08-21,0.03,0.082003295
8,7,2010,2010-08-29,0.11,0.08100909
8,7,2010,2010-09-06,0.27,0.19397798
8,7,2010,2010-09-14,0.32,0.38914105
8,7,2010,2010-09-22,0.3,0.44194585
8,7,2010,2010-09-30,0.45,0.37843034
8,7,2010,2010-10-08,0.29,0.4725787
8,7,2010,2010-10-16,0.24,0.29209128
8,7,2010,2010-10-24,0.14,0.19718082
8,7,2010,2010-11-01,0.06,0.10279295
8,7,2010,2010-11-09,0.03,0.07127407
8,7,2010,2010-11-17,0.05,0.06733945
8,7,2010,2010-11-25,0.03,0.0874778
8,7,2010,2010-12-03,0.02,0.0734494
8,7,2010,2010-12-11,0.07,0.06302595
8,7,2010,2010-12-19,0.1,0.10682505
8,7,2010,2010-12-27,0.13,0.13450685
8,7,2011,2011-07-04,0.02,0.063103765
8,7,2011,2011-07-12,0.01,0.05557087
8,7,2011,2011-07-20,0.02,0.0556525
8,7,2011,2011-07-28,0.01,0.064724475
8,7,2011,2011-08-05,0.03,0.056034088
8,7,2011,2011-08-13,0.05,0.075858325
8,7,2011,2011-08-21,0.1,0.091681
8,7,2011,2011-08-29,0.28,0.13183226
8,7,2011,2011-09-06,0.3,0.32670298
8,7,2011,2011-09-14,0.14,0.39146623
8,7,2011,2011-09-22,0.25,0.2480482
8,7,2011,2011-09-30,0.22,0.27880228
8,7,2011,2011-10-08,0.1,0.318155
8,7,2011,2011-10-16,0.04,0.17284979
8,7,2011,2011-10-24,0.03,0.08842689
8,7,2011,2011-11-01,0.03,0.076875806
8,7,2011,2011-11-09,0.03,0.06806567
8,7,2011,2011-11-17,0.04,0.06648716
8,7,2011,2011-11-25,0.03,0.08485147
8,7,2011,2011-12-03,0.04,0.07159883
8,7,2011,2011-12-11,0.11,0.079349965
8,7,2011,2011-12-19,0.2,0.15175276
8,7,2011,2011-12-27,0.06,0.23993203
8,7,2012,2012-07-03,0.03,0.05548185
8,7,2012,2012-07-11,0.04,0.07115951
8,7,2012,2012-07-19,0.01,0.07607484
8,7,2012,2012-07-27,0.01,0.056922376
8,7,2012,2012-08-04,0.02,0.056171566
8,7,2012,2012-08-12,0.04,0.06997275
8,7,2012,2012-08-20,0.04,0.09092313
8,7,2012,2012-08-28,0.05,0.10343158
8,7,2012,2012-09-05,0.28,0.16489333
8,7,2012,2012-09-13,0.44,0.38351923
8,7,2012,2012-09-21,0.34,0.4895711
8,7,2012,2012-09-29,0.24,0.38501474
8,7,2012,2012-10-07,0.26,0.231636
8,7,2012,2012-10-15,0.19,0.21262163
8,7,2012,2012-10-23,0.04,0.16364193
8,7,2012,2012-10-31,0.02,0.061900288
8,7,2012,2012-11-08,0.02,0.061286926
8,7,2012,2012-11-16,0.03,0.06304708
8,7,2012,2012-11-24,0.02,0.0778501
8,7,2012,2012-12-02,0.03,0.06683645
8,7,2012,2012-12-10,0.07,0.07903767
8,7,2012,2012-12-18,0.05,0.13108882
8,7,2012,2012-12-26,0.11,0.13606545
8,8,2001,2001-07-04,0.19,0.18903343
8,8,2001,2001-07-12,0.18,0.21545902
8,8,2001,2001-07-20,0.16,0.19643094
8,8,2001,2001-07-28,0.19,0.18384327
8,8,2001,2001-08-05,0.16,0.21509792
8,8,2001,2001-08-13,0.22,0.1727431
8,8,2001,2001-08-21,0.22,0.23072962
8,8,2001,2001-08-29,0.17,0.23969528
8,8,2001,2001-09-06,0.32,0.21735694
8,8,2001,2001-09-14,0.34,0.35646665
8,8,2001,2001-09-22,0.35,0.42185432
8,8,2001,2001-09-30,0.46,0.42486903
8,8,2001,2001-10-08,0.48,0.4910705
8,8,2001,2001-10-16,0.5,0.47076127
8,8,2001,2001-10-24,0.33,0.47423282
8,8,2001,2001-11-01,0.12,0.30262202
8,8,2001,2001-11-09,0.21,0.12307225
8,8,2001,2001-11-17,0.03,0.15067644
8,8,2001,2001-11-25,0.16,0.076210946
8,8,2001,2001-12-03,0.16,0.19660407
8,8,2001,2001-12-11,0.14,0.18510875
8,8,2001,2001-12-19,0.12,0.18638168
8,8,2001,2001-12-27,0.07,0.13963819
8,8,2002,2002-07-04,0.14,0.2295742
8,8,2002,2002-07-12,0.16,0.15225525
8,8,2002,2002-07-20,0.18,0.18037789
8,8,2002,2002-07-28,0.18,0.21363625
8,8,2002,2002-08-05,0.16,0.22668007
8,8,2002,2002-08-13,0.21,0.19717345
8,8,2002,2002-08-21,0.21,0.26022574
8,8,2002,2002-08-29,0.16,0.26063687
8,8,2002,2002-09-06,0.19,0.19868614
8,8,2002,2002-09-14,0.3,0.26293433
8,8,2002,2002-09-22,0.48,0.3796683
8,8,2002,2002-09-30,0.49,0.5515337
8,8,2002,2002-10-08,0.51,0.53426456
8,8,2002,2002-10-16,0.41,0.5227142
8,8,2002,2002-10-24,0.25,0.42922965
8,8,2002,2002-11-01,0.21,0.23614633
8,8,2002,2002-11-09,0.07,0.13721249
8,8,2002,2002-11-17,0.1,0.094864964
8,8,2002,2002-11-25,0.13,0.10408783
8,8,2002,2002-12-03,0.11,0.18649614
8,8,2002,2002-12-11,0.11,0.16275564
8,8,2002,2002-12-19,0.15,0.16078618
8,8,2002,2002-12-27,0.13,0.1846029
8,8,2003,2003-07-04,0.27,0.20450467
8,8,2003,2003-07-12,0.29,0.22289354
8,8,2003,2003-07-20,0.22,0.28754625
8,8,2003,2003-07-28,0.25,0.24400684
8,8,2003,2003-08-05,0.2,0.26277184
8,8,2003,2003-08-13,0.19,0.22240143
8,8,2003,2003-08-21,0.24,0.22582358
8,8,2003,2003-08-29,0.26,0.27685982
8,8,2003,2003-09-06,0.28,0.28522035
8,8,2003,2003-09-14,0.36,0.30609834
8,8,2003,2003-09-22,0.55,0.41139928
8,8,2003,2003-09-30,0.56,0.6218296
8,8,2003,2003-10-08,0.58,0.5752547
8,8,2003,2003-10-16,0.64,0.5762207
8,8,2003,2003-10-24,0.44,0.59560746
8,8,2003,2003-11-01,0.35,0.3926424
8,8,2003,2003-11-09,0.14,0.26704046
8,8,2003,2003-11-17,0.16,0.09788504
8,8,2003,2003-11-25,0.14,0.14159352
8,8,2003,2003-12-03,0.12,0.17650194
8,8,2003,2003-12-11,0.17,0.15595594
8,8,2003,2003-12-19,0.12,0.19895032
8,8,2003,2003-12-27,0.09,0.16819401
8,8,2004,2004-07-03,0.32,0.30745593
8,8,2004,2004-07-11,0.31,0.28099352
8,8,2004,2004-07-19,0.24,0.31745347
8,8,2004,2004-07-27,0.24,0.2428605
8,8,2004,2004-08-04,0.23,0.25052544
8,8,2004,2004-08-12,0.25,0.24510178
8,8,2004,2004-08-20,0.21,0.2687512
8,8,2004,2004-08-28,0.22,0.2515885
8,8,2004,2004-09-05,0.3,0.26455048
8,8,2004,2004-09-13,0.36,0.34925658
8,8,2004,2004-09-21,0.5,0.43058914
8,8,2004,2004-09-29,0.51,0.58536005
8,8,2004,2004-10-07,0.57,0.5478248
8,8,2004,2004-10-15,0.44,0.58620423
8,8,2004,2004-10-23,0.37,0.47317573
8,8,2004,2004-10-31,0.24,0.3431476
8,8,2004,2004-11-08,0.25,0.18782943
8,8,2004,2004-11-16,0.23,0.17037304
8,8,2004,2004-11-24,0.22,0.20864017
8,8,2004,2004-12-02,0.22,0.22736421
8,8,2004,2004-12-10,0.19,0.22990917
8,8,2004,2004-12-18,0.22,0.22134747
8,8,2004,2004-12-26,0.19,0.2335128
8,8,2005,2005-07-04,0.35,0.41821322
8,8,2005,2005-07-12,0.3,0.30312544
8,8,2005,2005-07-20,0.32,0.26243
8,8,2005,2005-07-28,0.2,0.28969085
8,8,2005,2005-08-05,0.24,0.21393804
8,8,2005,2005-08-13,0.24,0.24489382
8,8,2005,2005-08-21,0.24,0.27628335
8,8,2005,2005-08-29,0.24,0.2698305
8,8,2005,2005-09-06,0.24,0.26838478
8,8,2005,2005-09-14,0.32,0.29382288
8,8,2005,2005-09-22,0.44,0.38830706
8,8,2005,2005-09-30,0.56,0.5327833
8,8,2005,2005-10-08,0.6,0.6006321
8,8,2005,2005-10-16,0.58,0.6103342
8,8,2005,2005-10-24,0.71,0.5602821
8,8,2005,2005-11-01,0.35,0.636734
8,8,2005,2005-11-09,0.26,0.35900787
8,8,2005,2005-11-17,0.29,0.2088643
8,8,2005,2005-11-25,0.23,0.21920569
8,8,2005,2005-12-03,0.23,0.24583021
8,8,2005,2005-12-11,0.23,0.2480808
8,8,2005,2005-12-19,0.2,0.24891376
8,8,2005,2005-12-27,0.21,0.23686713
8,8,2006,2006-07-04,0.32,0.3440919
8,8,2006,2006-07-12,0.26,0.27515835
8,8,2006,2006-07-20,0.23,0.24141097
8,8,2006,2006-07-28,0.22,0.23924063
8,8,2006,2006-08-05,0.22,0.22110298
8,8,2006,2006-08-13,0.24,0.24764022
8,8,2006,2006-08-21,0.23,0.27706203
8,8,2006,2006-08-29,0.29,0.27196258
8,8,2006,2006-09-06,0.34,0.3232103
8,8,2006,2006-09-14,0.42,0.37276813
8,8,2006,2006-09-22,0.58,0.4610985
8,8,2006,2006-09-30,0.62,0.61414874
8,8,2006,2006-10-08,0.61,0.6323348
8,8,2006,2006-10-16,0.42,0.6195854
8,8,2006,2006-10-24,0.39,0.43981254
8,8,2006,2006-11-01,0.25,0.39615545
8,8,2006,2006-11-09,0.26,0.19393492
8,8,2006,2006-11-17,0.2,0.19795202
8,8,2006,2006-11-25,0.21,0.18726331
8,8,2006,2006-12-03,0.12,0.23094
8,8,2006,2006-12-11,0.16,0.16758896
8,8,2006,2006-12-19,0.14,0.20452285
8,8,2006,2006-12-27,0.14,0.18904305
8,8,2007,2007-07-04,0.23,0.28198984
8,8,2007,2007-07-12,0.3,0.18694276
8,8,2007,2007-07-20,0.24,0.26054153
8,8,2007,2007-07-28,0.23,0.24875256
8,8,2007,2007-08-05,0.23,0.24408141
8,8,2007,2007-08-13,0.24,0.2529341
8,8,2007,2007-08-21,0.17,0.27746943
8,8,2007,2007-08-29,0.25,0.21464756
8,8,2007,2007-09-06,0.26,0.29950026
8,8,2007,2007-09-14,0.31,0.33404657
8,8,2007,2007-09-22,0.5,0.3963281
8,8,2007,2007-09-30,0.55,0.59637666
8,8,2007,2007-10-08,0.68,0.5973321
8,8,2007,2007-10-16,0.61,0.6791583
8,8,2007,2007-10-24,0.47,0.5676257
8,8,2007,2007-11-01,0.4,0.4208555
8,8,2007,2007-11-09,0.21,0.29032046
8,8,2007,2007-11-17,0.2,0.17376715
8,8,2007,2007-11-25,0.2,0.17160429
8,8,2007,2007-12-03,0.2,0.21512902
8,8,2007,2007-12-11,0.2,0.21119404
8,8,2007,2007-12-19,0.09,0.22693095
8,8,2007,2007-12-27,0.1,0.13399
8,8,2008,2008-07-03,0.25,0.22604246
8,8,2008,2008-07-11,0.24,0.20827611
8,8,2008,2008-07-19,0.22,0.24035701
8,8,2008,2008-07-27,0.23,0.2448414
8,8,2008,2008-08-04,0.21,0.25683567
8,8,2008,2008-08-12,0.22,0.24447155
8,8,2008,2008-08-20,0.25,0.25906515
8,8,2008,2008-08-28,0.27,0.268508
8,8,2008,2008-09-05,0.41,0.31365526
8,8,2008,2008-09-13,0.43,0.4498748
8,8,2008,2008-09-21,0.52,0.46611884
8,8,2008,2008-09-29,0.53,0.5621016
8,8,2008,2008-10-07,0.56,0.5615684
8,8,2008,2008-10-15,0.4,0.60019976
8,8,2008,2008-10-23,0.41,0.435579
8,8,2008,2008-10-31,0.36,0.36788976
8,8,2008,2008-11-08,0.22,0.29742315
8,8,2008,2008-11-16,0.15,0.18507624
8,8,2008,2008-11-24,0.11,0.13545291
8,8,2008,2008-12-02,0.13,0.13805309
8,8,2008,2008-12-10,0.14,0.18092097
8,8,2008,2008-12-18,0.17,0.19496635
8,8,2008,2008-12-26,0.14,0.18893048
8,8,2009,2009-07-04,0.18,0.18880525
8,8,2009,2009-07-12,0.21,0.17602964
8,8,2009,2009-07-20,0.21,0.22713727
8,8,2009,2009-07-28,0.18,0.247028
8,8,2009,2009-08-05,0.2,0.2258586
8,8,2009,2009-08-13,0.2,0.2354883
8,8,2009,2009-08-21,0.2,0.24363911
8,8,2009,2009-08-29,0.24,0.25282133
8,8,2009,2009-09-06,0.35,0.29452828
8,8,2009,2009-09-14,0.4,0.44304287
8,8,2009,2009-09-22,0.38,0.47667706
8,8,2009,2009-09-30,0.6,0.4391076
8,8,2009,2009-10-08,0.61,0.6251253
8,8,2009,2009-10-16,0.58,0.6130849
8,8,2009,2009-10-24,0.4,0.5494902
8,8,2009,2009-11-01,0.4,0.36280498
8,8,2009,2009-11-09,0.25,0.33298913
8,8,2009,2009-11-17,0.17,0.19910632
8,8,2009,2009-11-25,0.13,0.14384973
8,8,2009,2009-12-03,0.1,0.12634277
8,8,2009,2009-12-11,0.11,0.13742797
8,8,2009,2009-12-19,0.08,0.15527795
8,8,2009,2009-12-27,0.03,0.14142598
8,8,2010,2010-07-04,0.4,0.55935836
8,8,2010,2010-07-12,0.46,0.36661726
8,8,2010,2010-07-20,0.39,0.3820732
8,8,2010,2010-07-28,0.23,0.33867747
8,8,2010,2010-08-05,0.23,0.2252719
8,8,2010,2010-08-13,0.22,0.21170923
8,8,2010,2010-08-21,0.2,0.2364865
8,8,2010,2010-08-29,0.22,0.23312871
8,8,2010,2010-09-06,0.2,0.26336202
8,8,2010,2010-09-14,0.21,0.2811861
8,8,2010,2010-09-22,0.25,0.29972792
8,8,2010,2010-09-30,0.4,0.32446843
8,8,2010,2010-10-08,0.52,0.52659845
8,8,2010,2010-10-16,0.54,0.60083187
8,8,2010,2010-10-24,0.64,0.55810505
8,8,2010,2010-11-01,0.61,0.60024047
8,8,2010,2010-11-09,0.49,0.560453
8,8,2010,2010-11-17,0.43,0.42794335
8,8,2010,2010-11-25,0.27,0.327075
8,8,2010,2010-12-03,0.18,0.20199254
8,8,2010,2010-12-11,0.13,0.15190418
8,8,2010,2010-12-19,0.1,0.13827796
8,8,2010,2010-12-27,0.18,0.12582421
8,8,2011,2011-07-04,0.29,0.34750712
8,8,2011,2011-07-12,0.31,0.2548653
8,8,2011,2011-07-20,0.27,0.27287513
8,8,2011,2011-07-28,0.22,0.29035252
8,8,2011,2011-08-05,0.24,0.21222873
8,8,2011,2011-08-13,0.26,0.23338561
8,8,2011,2011-08-21,0.26,0.28132612
8,8,2011,2011-08-29,0.24,0.28494674
8,8,2011,2011-09-06,0.24,0.26771253
8,8,2011,2011-09-14,0.24,0.26060033
8,8,2011,2011-09-22,0.46,0.26679176
8,8,2011,2011-09-30,0.54,0.4934579
8,8,2011,2011-10-08,0.68,0.5921335
8,8,2011,2011-10-16,0.52,0.68342716
8,8,2011,2011-10-24,0.49,0.5376084
8,8,2011,2011-11-01,0.46,0.50720763
8,8,2011,2011-11-09,0.37,0.44042608
8,8,2011,2011-11-17,0.24,0.35575637
8,8,2011,2011-11-25,0.24,0.2188852
8,8,2011,2011-12-03,0.19,0.18660578
8,8,2011,2011-12-11,0.14,0.16869563
8,8,2011,2011-12-19,0.16,0.14697915
8,8,2011,2011-12-27,0.1,0.17247988
8,8,2012,2012-07-03,0.3,0.33521128
8,8,2012,2012-07-11,0.23,0.24324608
8,8,2012,2012-07-19,0.25,0.21532142
8,8,2012,2012-07-27,0.24,0.25252628
8,8,2012,2012-08-04,0.23,0.25647008
8,8,2012,2012-08-12,0.24,0.25942898
8,8,2012,2012-08-20,0.2,0.27881563
8,8,2012,2012-08-28,0.23,0.24637806
8,8,2012,2012-09-05,0.23,0.2630342
8,8,2012,2012-09-13,0.33,0.26923943
8,8,2012,2012-09-21,0.29,0.36567476
8,8,2012,2012-09-29,0.46,0.38852412
8,8,2012,2012-10-07,0.52,0.54652834
8,8,2012,2012-10-15,0.61,0.5927681
8,8,2012,2012-10-23,0.53,0.6048944
8,8,2012,2012-10-31,0.44,0.5166948
8,8,2012,2012-11-08,0.31,0.41320473
8,8,2012,2012-11-16,0.25,0.26124647
8,8,2012,2012-11-24,0.16,0.19168511
8,8,2012,2012-12-02,0.16,0.15110317
8,8,2012,2012-12-10,0.17,0.17354189
8,8,2012,2012-12-18,0.15,0.19204925
8,8,2012,2012-12-26,0.17,0.18805066
8,9,2001,2001-07-04,0.45,0.46875384
8,9,2001,2001-07-12,0.39,0.5264534
8,9,2001,2001-07-20,0.37,0.42542258
8,9,2001,2001-07-28,0.39,0.358378
8,9,2001,2001-08-05,0.32,0.35490653
8,9,2001,2001-08-13,0.38,0.30130935
8,9,2001,2001-08-21,0.4,0.36544454
8,9,2001,2001-08-29,0.37,0.3943165
8,9,2001,2001-09-06,0.3,0.38423064
8,9,2001,2001-09-14,0.29,0.28793693
8,9,2001,2001-09-22,0.33,0.28725958
8,9,2001,2001-09-30,0.28,0.3437911
8,9,2001,2001-10-08,0.35,0.3129636
8,9,2001,2001-10-16,0.4,0.36421192
8,9,2001,2001-10-24,0.33,0.41783044
8,9,2001,2001-11-01,0.2,0.34236538
8,9,2001,2001-11-09,0.36,0.23260008
8,9,2001,2001-11-17,0.17,0.34690616
8,9,2001,2001-11-25,0.32,0.24038646
8,9,2001,2001-12-03,0.36,0.36158445
8,9,2001,2001-12-11,0.31,0.38820723
8,9,2001,2001-12-19,0.26,0.35497698
8,9,2001,2001-12-27,0.26,0.26319084
8,9,2002,2002-07-04,0.35,0.52112657
8,9,2002,2002-07-12,0.36,0.3924831
8,9,2002,2002-07-20,0.38,0.34399894
8,9,2002,2002-07-28,0.44,0.36183202
8,9,2002,2002-08-05,0.42,0.45309982
8,9,2002,2002-08-13,0.51,0.4180742
8,9,2002,2002-08-21,0.51,0.5072628
8,9,2002,2002-08-29,0.35,0.5091678
8,9,2002,2002-09-06,0.36,0.37069023
8,9,2002,2002-09-14,0.35,0.32346705
8,9,2002,2002-09-22,0.39,0.32296196
8,9,2002,2002-09-30,0.39,0.40125787
8,9,2002,2002-10-08,0.4,0.392677
8,9,2002,2002-10-16,0.36,0.41399196
8,9,2002,2002-10-24,0.34,0.38887697
8,9,2002,2002-11-01,0.35,0.3491876
8,9,2002,2002-11-09,0.18,0.31738997
8,9,2002,2002-11-17,0.38,0.22640684
8,9,2002,2002-11-25,0.36,0.3484833
8,9,2002,2002-12-03,0.35,0.4063401
8,9,2002,2002-12-11,0.2,0.39400852
8,9,2002,2002-12-19,0.3,0.2456718
8,9,2002,2002-12-27,0.29,0.29000196
8,9,2003,2003-07-04,0.54,0.33906952
8,9,2003,2003-07-12,0.46,0.4986662
8,9,2003,2003-07-20,0.51,0.43838698
8,9,2003,2003-07-28,0.53,0.49981087
8,9,2003,2003-08-05,0.49,0.5223037
8,9,2003,2003-08-13,0.42,0.49234876
8,9,2003,2003-08-21,0.48,0.4394241
8,9,2003,2003-08-29,0.43,0.48557523
8,9,2003,2003-09-06,0.4,0.4084893
8,9,2003,2003-09-14,0.41,0.381835
8,9,2003,2003-09-22,0.43,0.3893447
8,9,2003,2003-09-30,0.44,0.43813014
8,9,2003,2003-10-08,0.45,0.45047674
8,9,2003,2003-10-16,0.49,0.4579581
8,9,2003,2003-10-24,0.42,0.48024485
8,9,2003,2003-11-01,0.41,0.41226533
8,9,2003,2003-11-09,0.33,0.3992201
8,9,2003,2003-11-17,0.39,0.28950837
8,9,2003,2003-11-25,0.41,0.3949432
8,9,2003,2003-12-03,0.32,0.4292477
8,9,2003,2003-12-11,0.42,0.34750465
8,9,2003,2003-12-19,0.23,0.37589306
8,9,2003,2003-12-27,0.18,0.25478593
8,9,2004,2004-07-03,0.57,0.438779
8,9,2004,2004-07-11,0.62,0.5410745
8,9,2004,2004-07-19,0.58,0.59307504
8,9,2004,2004-07-27,0.57,0.5732758
8,9,2004,2004-08-04,0.49,0.55948126
8,9,2004,2004-08-12,0.6,0.4733164
8,9,2004,2004-08-20,0.49,0.55316514
8,9,2004,2004-08-28,0.44,0.47404724
8,9,2004,2004-09-05,0.56,0.43614405
8,9,2004,2004-09-13,0.55,0.517462
8,9,2004,2004-09-21,0.49,0.52918696
8,9,2004,2004-09-29,0.49,0.4924453
8,9,2004,2004-10-07,0.58,0.47703797
8,9,2004,2004-10-15,0.48,0.5606616
8,9,2004,2004-10-23,0.48,0.49021262
8,9,2004,2004-10-31,0.42,0.46862835
8,9,2004,2004-11-08,0.48,0.39345086
8,9,2004,2004-11-16,0.47,0.44512072
8,9,2004,2004-11-24,0.53,0.46009701
8,9,2004,2004-12-02,0.48,0.52949315
8,9,2004,2004-12-10,0.41,0.45925066
8,9,2004,2004-12-18,0.46,0.4136608
8,9,2004,2004-12-26,0.42,0.40412462
8,9,2005,2005-07-04,0.66,0.57362926
8,9,2005,2005-07-12,0.58,0.61986756
8,9,2005,2005-07-20,0.66,0.5924586
8,9,2005,2005-07-28,0.57,0.6334179
8,9,2005,2005-08-05,0.62,0.5415502
8,9,2005,2005-08-13,0.62,0.5806923
8,9,2005,2005-08-21,0.48,0.5954608
8,9,2005,2005-08-29,0.56,0.47761214
8,9,2005,2005-09-06,0.55,0.50924534
8,9,2005,2005-09-14,0.57,0.531957
8,9,2005,2005-09-22,0.54,0.5787044
8,9,2005,2005-09-30,0.56,0.52583265
8,9,2005,2005-10-08,0.55,0.5379249
8,9,2005,2005-10-16,0.56,0.5501136
8,9,2005,2005-10-24,0.64,0.5456137
8,9,2005,2005-11-01,0.54,0.6060387
8,9,2005,2005-11-09,0.49,0.510659
8,9,2005,2005-11-17,0.6,0.4788903
8,9,2005,2005-11-25,0.56,0.5645093
8,9,2005,2005-12-03,0.57,0.5562724
8,9,2005,2005-12-11,0.58,0.5608821
8,9,2005,2005-12-19,0.44,0.53582704
8,9,2005,2005-12-27,0.48,0.4327623
8,9,2006,2006-07-04,0.66,0.6354458
8,9,2006,2006-07-12,0.66,0.6352081
8,9,2006,2006-07-20,0.59,0.63833356
8,9,2006,2006-07-28,0.6,0.5753497
8,9,2006,2006-08-05,0.59,0.5672196
8,9,2006,2006-08-13,0.59,0.5695796
8,9,2006,2006-08-21,0.49,0.58205044
8,9,2006,2006-08-29,0.55,0.46559924
8,9,2006,2006-09-06,0.48,0.52598184
8,9,2006,2006-09-14,0.49,0.4708316
8,9,2006,2006-09-22,0.54,0.50559044
8,9,2006,2006-09-30,0.54,0.5316508
8,9,2006,2006-10-08,0.56,0.5472862
8,9,2006,2006-10-16,0.47,0.5615456
8,9,2006,2006-10-24,0.49,0.47933105
8,9,2006,2006-11-01,0.51,0.50897396
8,9,2006,2006-11-09,0.51,0.5021045
8,9,2006,2006-11-17,0.44,0.50239134
8,9,2006,2006-11-25,0.43,0.4628725
8,9,2006,2006-12-03,0.39,0.44732404
8,9,2006,2006-12-11,0.36,0.40935817
8,9,2006,2006-12-19,0.47,0.39109233
8,9,2006,2006-12-27,0.48,0.46166778
8,9,2007,2007-07-04,0.6,0.64832914
8,9,2007,2007-07-12,0.65,0.59443253
8,9,2007,2007-07-20,0.55,0.62042654
8,9,2007,2007-07-28,0.51,0.5188582
8,9,2007,2007-08-05,0.51,0.49832588
8,9,2007,2007-08-13,0.56,0.48611638
8,9,2007,2007-08-21,0.53,0.5570229
8,9,2007,2007-08-29,0.53,0.51576746
8,9,2007,2007-09-06,0.52,0.5273155
8,9,2007,2007-09-14,0.43,0.50029886
8,9,2007,2007-09-22,0.43,0.43029344
8,9,2007,2007-09-30,0.46,0.43516654
8,9,2007,2007-10-08,0.55,0.47186399
8,9,2007,2007-10-16,0.53,0.5685845
8,9,2007,2007-10-24,0.48,0.5268504
8,9,2007,2007-11-01,0.54,0.48206663
8,9,2007,2007-11-09,0.53,0.52700067
8,9,2007,2007-11-17,0.45,0.526879
8,9,2007,2007-11-25,0.48,0.44908622
8,9,2007,2007-12-03,0.45,0.45312625
8,9,2007,2007-12-11,0.4,0.42523602
8,9,2007,2007-12-19,0.26,0.39034706
8,9,2007,2007-12-27,0.27,0.29187566
8,9,2008,2008-07-03,0.59,0.6169088
8,9,2008,2008-07-11,0.53,0.5763679
8,9,2008,2008-07-19,0.6,0.5232003
8,9,2008,2008-07-27,0.57,0.56487393
8,9,2008,2008-08-04,0.51,0.53767127
8,9,2008,2008-08-12,0.5,0.49946836
8,9,2008,2008-08-20,0.47,0.4932587
8,9,2008,2008-08-28,0.48,0.46754813
8,9,2008,2008-09-05,0.42,0.4836284
8,9,2008,2008-09-13,0.39,0.42868638
8,9,2008,2008-09-21,0.47,0.38245714
8,9,2008,2008-09-29,0.43,0.45353687
8,9,2008,2008-10-07,0.45,0.44413203
8,9,2008,2008-10-15,0.44,0.48799074
8,9,2008,2008-10-23,0.56,0.465473
8,9,2008,2008-10-31,0.64,0.5590961
8,9,2008,2008-11-08,0.5,0.6321404
8,9,2008,2008-11-16,0.44,0.51969117
8,9,2008,2008-11-24,0.4,0.42294833
8,9,2008,2008-12-02,0.48,0.3667843
8,9,2008,2008-12-10,0.46,0.4685833
8,9,2008,2008-12-18,0.4,0.4547629
8,9,2008,2008-12-26,0.38,0.3704556
8,9,2009,2009-07-04,0.45,0.57090205
8,9,2009,2009-07-12,0.6,0.46292496
8,9,2009,2009-07-20,0.53,0.5737972
8,9,2009,2009-07-28,0.49,0.524519
8,9,2009,2009-08-05,0.48,0.5107883
8,9,2009,2009-08-13,0.43,0.45795923
8,9,2009,2009-08-21,0.43,0.42068365
8,9,2009,2009-08-29,0.44,0.42380816
8,9,2009,2009-09-06,0.47,0.4432938
8,9,2009,2009-09-14,0.39,0.4674155
8,9,2009,2009-09-22,0.38,0.3905754
8,9,2009,2009-09-30,0.52,0.3943388
8,9,2009,2009-10-08,0.48,0.51855826
8,9,2009,2009-10-16,0.48,0.49107617
8,9,2009,2009-10-24,0.43,0.48618084
8,9,2009,2009-11-01,0.45,0.4552172
8,9,2009,2009-11-09,0.43,0.49732924
8,9,2009,2009-11-17,0.44,0.44183475
8,9,2009,2009-11-25,0.4,0.429396
8,9,2009,2009-12-03,0.33,0.38345116
8,9,2009,2009-12-11,0.29,0.3543984
8,9,2009,2009-12-19,0.27,0.3165422
8,9,2009,2009-12-27,0.07,0.29053473
8,9,2010,2010-07-04,0.47,0.54707134
8,9,2010,2010-07-12,0.62,0.4507268
8,9,2010,2010-07-20,0.59,0.5906921
8,9,2010,2010-07-28,0.5,0.5698316
8,9,2010,2010-08-05,0.59,0.502462
8,9,2010,2010-08-13,0.5,0.5457785
8,9,2010,2010-08-21,0.38,0.46790868
8,9,2010,2010-08-29,0.46,0.380086
8,9,2010,2010-09-06,0.53,0.4301768
8,9,2010,2010-09-14,0.46,0.5298002
8,9,2010,2010-09-22,0.46,0.46154726
8,9,2010,2010-09-30,0.51,0.44225067
8,9,2010,2010-10-08,0.59,0.5158266
8,9,2010,2010-10-16,0.5,0.5904486
8,9,2010,2010-10-24,0.63,0.5063572
8,9,2010,2010-11-01,0.67,0.5916579
8,9,2010,2010-11-09,0.52,0.6231406
8,9,2010,2010-11-17,0.6,0.5143722
8,9,2010,2010-11-25,0.54,0.55585986
8,9,2010,2010-12-03,0.45,0.4878964
8,9,2010,2010-12-11,0.38,0.42272407
8,9,2010,2010-12-19,0.28,0.32786858
8,9,2010,2010-12-27,0.22,0.25330514
8,9,2011,2011-07-04,0.55,0.44238025
8,9,2011,2011-07-12,0.61,0.508566
8,9,2011,2011-07-20,0.58,0.5940983
8,9,2011,2011-07-28,0.6,0.59185326
8,9,2011,2011-08-05,0.57,0.57680964
8,9,2011,2011-08-13,0.63,0.5550227
8,9,2011,2011-08-21,0.64,0.59879106
8,9,2011,2011-08-29,0.53,0.57758546
8,9,2011,2011-09-06,0.5,0.5066217
8,9,2011,2011-09-14,0.57,0.49202168
8,9,2011,2011-09-22,0.53,0.5397855
8,9,2011,2011-09-30,0.54,0.51432174
8,9,2011,2011-10-08,0.54,0.53803146
8,9,2011,2011-10-16,0.53,0.5497447
8,9,2011,2011-10-24,0.55,0.5258329
8,9,2011,2011-11-01,0.55,0.5624143
8,9,2011,2011-11-09,0.59,0.5721917
8,9,2011,2011-11-17,0.58,0.57433856
8,9,2011,2011-11-25,0.58,0.57157665
8,9,2011,2011-12-03,0.57,0.5647052
8,9,2011,2011-12-11,0.44,0.5323077
8,9,2011,2011-12-19,0.46,0.40214214
8,9,2011,2011-12-27,0.38,0.38785413
8,9,2012,2012-07-03,0.57,0.4969507
8,9,2012,2012-07-11,0.53,0.5599589
8,9,2012,2012-07-19,0.49,0.5477586
8,9,2012,2012-07-27,0.5,0.5071046
8,9,2012,2012-08-04,0.49,0.5027062
8,9,2012,2012-08-12,0.58,0.49282366
8,9,2012,2012-08-20,0.55,0.5922599
8,9,2012,2012-08-28,0.55,0.56642663
8,9,2012,2012-09-05,0.47,0.54489666
8,9,2012,2012-09-13,0.53,0.44520783
8,9,2012,2012-09-21,0.42,0.5215033
8,9,2012,2012-09-29,0.49,0.42740327
8,9,2012,2012-10-07,0.51,0.4952273
8,9,2012,2012-10-15,0.56,0.50745904
8,9,2012,2012-10-23,0.51,0.56757987
8,9,2012,2012-10-31,0.52,0.5199911
8,9,2012,2012-11-08,0.43,0.5247333
8,9,2012,2012-11-16,0.48,0.44521636
8,9,2012,2012-11-24,0.45,0.4909745
8,9,2012,2012-12-02,0.46,0.46225467
8,9,2012,2012-12-10,0.5,0.4828329
8,9,2012,2012-12-18,0.49,0.48094296
8,9,2012,2012-12-26,0.54,0.48252767
9,1,2001,2001-07-04,0.03,0.062212557
9,1,2001,2001-07-12,0.0,0.08608785
9,1,2001,2001-07-20,0.0,0.04579383
9,1,2001,2001-07-28,0.0,0.053099066
9,1,2001,2001-08-05,0.0,0.052033335
9,1,2001,2001-08-13,0.0,0.062787116
9,1,2001,2001-08-21,0.02,0.10209751
9,1,2001,2001-08-29,0.23,0.16996206
9,1,2001,2001-09-06,0.71,0.46433255
9,1,2001,2001-09-14,0.8,0.8479564
9,1,2001,2001-09-22,0.85,0.87134045
9,1,2001,2001-09-30,0.89,0.8738658
9,1,2001,2001-10-08,0.82,0.8812552
9,1,2001,2001-10-16,0.75,0.775712
9,1,2001,2001-10-24,0.83,0.6810597
9,1,2001,2001-11-01,0.78,0.77201366
9,1,2001,2001-11-09,0.73,0.74587387
9,1,2001,2001-11-17,0.69,0.6832297
9,1,2001,2001-11-25,0.65,0.619231
9,1,2001,2001-12-03,0.6,0.57666665
9,1,2001,2001-12-11,0.58,0.52252316
9,1,2001,2001-12-19,0.49,0.50524217
9,1,2001,2001-12-27,0.32,0.41974032
9,1,2002,2002-07-04,0.0,0.05404675
9,1,2002,2002-07-12,0.02,0.043310553
9,1,2002,2002-07-20,0.0,0.0536837
9,1,2002,2002-07-28,0.0,0.035484284
9,1,2002,2002-08-05,0.0,0.038937747
9,1,2002,2002-08-13,0.02,0.038872063
9,1,2002,2002-08-21,0.02,0.057379752
9,1,2002,2002-08-29,0.11,0.06041208
9,1,2002,2002-09-06,0.31,0.21434645
9,1,2002,2002-09-14,0.64,0.5880139
9,1,2002,2002-09-22,0.66,0.817893
9,1,2002,2002-09-30,0.77,0.72709846
9,1,2002,2002-10-08,0.83,0.79458797
9,1,2002,2002-10-16,0.76,0.8207358
9,1,2002,2002-10-24,0.71,0.7169893
9,1,2002,2002-11-01,0.54,0.65859354
9,1,2002,2002-11-09,0.56,0.4447791
9,1,2002,2002-11-17,0.52,0.44147205
9,1,2002,2002-11-25,0.55,0.4558925
9,1,2002,2002-12-03,0.48,0.5237227
9,1,2002,2002-12-11,0.5,0.47398582
9,1,2002,2002-12-19,0.36,0.46581143
9,1,2002,2002-12-27,0.34,0.3432199
9,1,2003,2003-07-04,0.0,0.04041627
9,1,2003,2003-07-12,0.01,0.038448185
9,1,2003,2003-07-20,0.0,0.05232203
9,1,2003,2003-07-28,0.0,0.038103223
9,1,2003,2003-08-05,0.02,0.040458113
9,1,2003,2003-08-13,0.03,0.055567473
9,1,2003,2003-08-21,0.01,0.06896609
9,1,2003,2003-08-29,0.02,0.049944967
9,1,2003,2003-09-06,0.01,0.08602613
9,1,2003,2003-09-14,0.08,0.13538665
9,1,2003,2003-09-22,0.13,0.31655577
9,1,2003,2003-09-30,0.23,0.33606598
9,1,2003,2003-10-08,0.47,0.46652234
9,1,2003,2003-10-16,0.37,0.6524539
9,1,2003,2003-10-24,0.32,0.42630747
9,1,2003,2003-11-01,0.36,0.32184044
9,1,2003,2003-11-09,0.31,0.2617492
9,1,2003,2003-11-17,0.37,0.30510786
9,1,2003,2003-11-25,0.32,0.36942515
9,1,2003,2003-12-03,0.26,0.355801
9,1,2003,2003-12-11,0.24,0.26569644
9,1,2003,2003-12-19,0.13,0.23864082
9,1,2003,2003-12-27,0.05,0.12354104
9,1,2004,2004-07-03,0.01,0.03725627
9,1,2004,2004-07-11,0.03,0.04778409
9,1,2004,2004-07-19,0.01,0.065428436
9,1,2004,2004-07-27,0.0,0.044672728
9,1,2004,2004-08-04,0.0,0.037440747
9,1,2004,2004-08-12,0.01,0.043284655
9,1,2004,2004-08-20,0.04,0.056198478
9,1,2004,2004-08-28,0.08,0.07475981
9,1,2004,2004-09-05,0.12,0.109669924
9,1,2004,2004-09-13,0.33,0.13868605
9,1,2004,2004-09-21,0.4,0.38888046
9,1,2004,2004-09-29,0.44,0.49313223
9,1,2004,2004-10-07,0.43,0.46488115
9,1,2004,2004-10-15,0.37,0.4751712
9,1,2004,2004-10-23,0.38,0.3840863
9,1,2004,2004-10-31,0.43,0.34319216
9,1,2004,2004-11-08,0.33,0.41440383
9,1,2004,2004-11-16,0.29,0.3330472
9,1,2004,2004-11-24,0.26,0.27855605
9,1,2004,2004-12-02,0.19,0.2400774
9,1,2004,2004-12-10,0.11,0.17043209
9,1,2004,2004-12-18,0.11,0.1057336
9,1,2004,2004-12-26,0.12,0.09580463
9,1,2005,2005-07-04,0.0,0.054569513
9,1,2005,2005-07-12,0.02,0.039057523
9,1,2005,2005-07-20,0.06,0.06413996
9,1,2005,2005-07-28,0.0,0.08889669
9,1,2005,2005-08-05,0.0,0.035896182
9,1,2005,2005-08-13,0.0,0.036313623
9,1,2005,2005-08-21,0.01,0.037807822
9,1,2005,2005-08-29,0.08,0.060709536
9,1,2005,2005-09-06,0.22,0.13365857
9,1,2005,2005-09-14,0.39,0.2902219
9,1,2005,2005-09-22,0.32,0.5607831
9,1,2005,2005-09-30,0.34,0.4327359
9,1,2005,2005-10-08,0.37,0.3424959
9,1,2005,2005-10-16,0.4,0.38937247
9,1,2005,2005-10-24,0.43,0.39809683
9,1,2005,2005-11-01,0.42,0.43657935
9,1,2005,2005-11-09,0.31,0.44805244
9,1,2005,2005-11-17,0.4,0.30768245
9,1,2005,2005-11-25,0.34,0.33460268
9,1,2005,2005-12-03,0.27,0.3189184
9,1,2005,2005-12-11,0.31,0.21770798
9,1,2005,2005-12-19,0.24,0.24219753
9,1,2005,2005-12-27,0.27,0.20188648
9,1,2006,2006-07-04,0.01,0.05950582
9,1,2006,2006-07-12,0.02,0.042629153
9,1,2006,2006-07-20,0.01,0.05342585
9,1,2006,2006-07-28,0.0,0.060037613
9,1,2006,2006-08-05,0.05,0.035887927
9,1,2006,2006-08-13,0.04,0.0801346
9,1,2006,2006-08-21,0.04,0.06446564
9,1,2006,2006-08-29,0.15,0.07046294
9,1,2006,2006-09-06,0.14,0.19063291
9,1,2006,2006-09-14,0.23,0.23377158
9,1,2006,2006-09-22,0.27,0.3756144
9,1,2006,2006-09-30,0.3,0.3525233
9,1,2006,2006-10-08,0.38,0.34539583
9,1,2006,2006-10-16,0.46,0.40368503
9,1,2006,2006-10-24,0.5,0.48413283
9,1,2006,2006-11-01,0.45,0.5173485
9,1,2006,2006-11-09,0.38,0.47136375
9,1,2006,2006-11-17,0.34,0.349697
9,1,2006,2006-11-25,0.3,0.30674252
9,1,2006,2006-12-03,0.17,0.27998513
9,1,2006,2006-12-11,0.25,0.15658993
9,1,2006,2006-12-19,0.29,0.22742638
9,1,2006,2006-12-27,0.12,0.2903291
9,1,2007,2007-07-04,0.01,0.039761603
9,1,2007,2007-07-12,0.01,0.047035664
9,1,2007,2007-07-20,0.04,0.044417918
9,1,2007,2007-07-28,0.02,0.07385582
9,1,2007,2007-08-05,0.03,0.050465703
9,1,2007,2007-08-13,0.05,0.07494369
9,1,2007,2007-08-21,0.03,0.083990395
9,1,2007,2007-08-29,0.16,0.068219036
9,1,2007,2007-09-06,0.13,0.22577618
9,1,2007,2007-09-14,0.19,0.19535571
9,1,2007,2007-09-22,0.2,0.2730902
9,1,2007,2007-09-30,0.24,0.26359466
9,1,2007,2007-10-08,0.41,0.30502692
9,1,2007,2007-10-16,0.54,0.4962021
9,1,2007,2007-10-24,0.44,0.6087405
9,1,2007,2007-11-01,0.36,0.44242686
9,1,2007,2007-11-09,0.4,0.35231456
9,1,2007,2007-11-17,0.43,0.32454902
9,1,2007,2007-11-25,0.44,0.40434808
9,1,2007,2007-12-03,0.48,0.43110478
9,1,2007,2007-12-11,0.41,0.43659708
9,1,2007,2007-12-19,0.4,0.39920428
9,1,2007,2007-12-27,0.17,0.39171022
9,1,2008,2008-07-03,0.0,0.057742506
9,1,2008,2008-07-11,0.0,0.03399107
9,1,2008,2008-07-19,0.01,0.039358318
9,1,2008,2008-07-27,0.01,0.05785352
9,1,2008,2008-08-04,0.0,0.05152318
9,1,2008,2008-08-12,0.05,0.04653403
9,1,2008,2008-08-20,0.21,0.0945735
9,1,2008,2008-08-28,0.21,0.24197346
9,1,2008,2008-09-05,0.36,0.3040647
9,1,2008,2008-09-13,0.45,0.41944423
9,1,2008,2008-09-21,0.32,0.49485606
9,1,2008,2008-09-29,0.45,0.30672827
9,1,2008,2008-10-07,0.49,0.4165686
9,1,2008,2008-10-15,0.46,0.542379
9,1,2008,2008-10-23,0.55,0.49840674
9,1,2008,2008-10-31,0.57,0.5605296
9,1,2008,2008-11-08,0.45,0.56063294
9,1,2008,2008-11-16,0.58,0.4564855
9,1,2008,2008-11-24,0.42,0.5291594
9,1,2008,2008-12-02,0.5,0.45135197
9,1,2008,2008-12-10,0.52,0.4726712
9,1,2008,2008-12-18,0.45,0.51064754
9,1,2008,2008-12-26,0.43,0.4537706
9,1,2009,2009-07-04,0.02,0.051243484
9,1,2009,2009-07-12,0.03,0.050699264
9,1,2009,2009-07-20,0.02,0.058933675
9,1,2009,2009-07-28,0.0,0.053063244
9,1,2009,2009-08-05,0.0,0.0376572
9,1,2009,2009-08-13,0.03,0.03702596
9,1,2009,2009-08-21,0.03,0.079274505
9,1,2009,2009-08-29,0.22,0.12718526
9,1,2009,2009-09-06,0.48,0.3201106
9,1,2009,2009-09-14,0.5,0.65809953
9,1,2009,2009-09-22,0.41,0.59971476
9,1,2009,2009-09-30,0.47,0.3571835
9,1,2009,2009-10-08,0.54,0.44394892
9,1,2009,2009-10-16,0.6,0.5709994
9,1,2009,2009-10-24,0.54,0.62284124
9,1,2009,2009-11-01,0.59,0.5760568
9,1,2009,2009-11-09,0.46,0.5929556
9,1,2009,2009-11-17,0.44,0.454976
9,1,2009,2009-11-25,0.47,0.40603992
9,1,2009,2009-12-03,0.39,0.41417274
9,1,2009,2009-12-11,0.32,0.40215823
9,1,2009,2009-12-19,0.28,0.32624373
9,1,2009,2009-12-27,0.08,0.25731245
9,1,2010,2010-07-04,0.01,0.04042363
9,1,2010,2010-07-12,0.02,0.052217335
9,1,2010,2010-07-20,0.0,0.06271249
9,1,2010,2010-07-28,0.01,0.042271197
9,1,2010,2010-08-05,0.02,0.045654237
9,1,2010,2010-08-13,0.03,0.052400917
9,1,2010,2010-08-21,0.07,0.07079387
9,1,2010,2010-08-29,0.13,0.10347417
9,1,2010,2010-09-06,0.14,0.22495046
9,1,2010,2010-09-14,0.26,0.31694287
9,1,2010,2010-09-22,0.23,0.41947812
9,1,2010,2010-09-30,0.4,0.31936687
9,1,2010,2010-10-08,0.55,0.46507984
9,1,2010,2010-10-16,0.55,0.618729
9,1,2010,2010-10-24,0.61,0.569748
9,1,2010,2010-11-01,0.58,0.6247853
9,1,2010,2010-11-09,0.54,0.59852624
9,1,2010,2010-11-17,0.56,0.51775944
9,1,2010,2010-11-25,0.48,0.5003794
9,1,2010,2010-12-03,0.41,0.4718014
9,1,2010,2010-12-11,0.44,0.37750506
9,1,2010,2010-12-19,0.34,0.36020416
9,1,2010,2010-12-27,0.18,0.31075343
9,1,2011,2011-07-04,0.01,0.043975025
9,1,2011,2011-07-12,0.02,0.049465925
9,1,2011,2011-07-20,0.0,0.061113328
9,1,2011,2011-07-28,0.0,0.036177516
9,1,2011,2011-08-05,0.0,0.0418607
9,1,2011,2011-08-13,0.13,0.043455362
9,1,2011,2011-08-21,0.21,0.1660596
9,1,2011,2011-08-29,0.36,0.26431566
9,1,2011,2011-09-06,0.42,0.45798314
9,1,2011,2011-09-14,0.5,0.46953827
9,1,2011,2011-09-22,0.53,0.5052415
9,1,2011,2011-09-30,0.57,0.5192151
9,1,2011,2011-10-08,0.72,0.593455
9,1,2011,2011-10-16,0.77,0.7516025
9,1,2011,2011-10-24,0.78,0.7799485
9,1,2011,2011-11-01,0.8,0.7707323
9,1,2011,2011-11-09,0.77,0.76377094
9,1,2011,2011-11-17,0.72,0.71435386
9,1,2011,2011-11-25,0.68,0.66122985
9,1,2011,2011-12-03,0.72,0.6009759
9,1,2011,2011-12-11,0.66,0.636466
9,1,2011,2011-12-19,0.56,0.61874926
9,1,2011,2011-12-27,0.6,0.49843544
9,1,2012,2012-07-03,0.01,0.035117656
9,1,2012,2012-07-11,0.02,0.051552117
9,1,2012,2012-07-19,0.0,0.06142676
9,1,2012,2012-07-27,0.0,0.03677833
9,1,2012,2012-08-04,0.0,0.038896143
9,1,2012,2012-08-12,0.0,0.037988573
9,1,2012,2012-08-20,0.02,0.08083925
9,1,2012,2012-08-28,0.1,0.11839329
9,1,2012,2012-09-05,0.14,0.24672182
9,1,2012,2012-09-13,0.45,0.29000854
9,1,2012,2012-09-21,0.3,0.63670176
9,1,2012,2012-09-29,0.59,0.42676684
9,1,2012,2012-10-07,0.62,0.6402451
9,1,2012,2012-10-15,0.73,0.694852
9,1,2012,2012-10-23,0.55,0.76481974
9,1,2012,2012-10-31,0.56,0.5881099
9,1,2012,2012-11-08,0.49,0.5185583
9,1,2012,2012-11-16,0.55,0.44933847
9,1,2012,2012-11-24,0.45,0.5180623
9,1,2012,2012-12-02,0.41,0.45690298
9,1,2012,2012-12-10,0.34,0.3972513
9,1,2012,2012-12-18,0.24,0.3095146
9,1,2012,2012-12-26,0.01,0.21155874
9,2,2001,2001-07-04,0.04,0.075288
9,2,2001,2001-07-12,0.0,0.08074051
9,2,2001,2001-07-20,0.0,0.046425045
9,2,2001,2001-07-28,0.0,0.048919827
9,2,2001,2001-08-05,0.01,0.051377565
9,2,2001,2001-08-13,0.0,0.06599811
9,2,2001,2001-08-21,0.04,0.09589523
9,2,2001,2001-08-29,0.16,0.19409588
9,2,2001,2001-09-06,0.56,0.32576045
9,2,2001,2001-09-14,0.78,0.7237601
9,2,2001,2001-09-22,0.85,0.88232493
9,2,2001,2001-09-30,0.86,0.87079644
9,2,2001,2001-10-08,0.8,0.8488128
9,2,2001,2001-10-16,0.75,0.7549703
9,2,2001,2001-10-24,0.77,0.68423843
9,2,2001,2001-11-01,0.71,0.69724816
9,2,2001,2001-11-09,0.65,0.6710682
9,2,2001,2001-11-17,0.5,0.59123796
9,2,2001,2001-11-25,0.49,0.41135713
9,2,2001,2001-12-03,0.44,0.34670648
9,2,2001,2001-12-11,0.42,0.34583187
9,2,2001,2001-12-19,0.38,0.3740335
9,2,2001,2001-12-27,0.3,0.31847194
9,2,2002,2002-07-04,0.0,0.057887077
9,2,2002,2002-07-12,0.01,0.048862487
9,2,2002,2002-07-20,0.0,0.046470374
9,2,2002,2002-07-28,0.01,0.03719738
9,2,2002,2002-08-05,0.0,0.04748872
9,2,2002,2002-08-13,0.05,0.04180351
9,2,2002,2002-08-21,0.05,0.08218619
9,2,2002,2002-08-29,0.15,0.08844167
9,2,2002,2002-09-06,0.24,0.2226229
9,2,2002,2002-09-14,0.64,0.45595044
9,2,2002,2002-09-22,0.65,0.8184235
9,2,2002,2002-09-30,0.75,0.71822464
9,2,2002,2002-10-08,0.8,0.7573025
9,2,2002,2002-10-16,0.76,0.78643155
9,2,2002,2002-10-24,0.68,0.7232337
9,2,2002,2002-11-01,0.52,0.62100995
9,2,2002,2002-11-09,0.55,0.4126796
9,2,2002,2002-11-17,0.55,0.4192438
9,2,2002,2002-11-25,0.48,0.46039468
9,2,2002,2002-12-03,0.4,0.44747716
9,2,2002,2002-12-11,0.41,0.35169807
9,2,2002,2002-12-19,0.28,0.34804204
9,2,2002,2002-12-27,0.21,0.26455468
9,2,2003,2003-07-04,0.01,0.049491942
9,2,2003,2003-07-12,0.01,0.046775788
9,2,2003,2003-07-20,0.0,0.049231797
9,2,2003,2003-07-28,0.01,0.037856102
9,2,2003,2003-08-05,0.01,0.051297516
9,2,2003,2003-08-13,0.07,0.046091884
9,2,2003,2003-08-21,0.0,0.114753425
9,2,2003,2003-08-29,0.03,0.05034727
9,2,2003,2003-09-06,0.01,0.10757822
9,2,2003,2003-09-14,0.07,0.10348666
9,2,2003,2003-09-22,0.16,0.31062937
9,2,2003,2003-09-30,0.26,0.3504155
9,2,2003,2003-10-08,0.47,0.4919604
9,2,2003,2003-10-16,0.37,0.63386995
9,2,2003,2003-10-24,0.23,0.4210465
9,2,2003,2003-11-01,0.41,0.2411762
9,2,2003,2003-11-09,0.23,0.26505113
9,2,2003,2003-11-17,0.3,0.2381391
9,2,2003,2003-11-25,0.28,0.29927713
9,2,2003,2003-12-03,0.19,0.27117467
9,2,2003,2003-12-11,0.23,0.17830364
9,2,2003,2003-12-19,0.09,0.22342132
9,2,2003,2003-12-27,0.06,0.09966597
9,2,2004,2004-07-03,0.0,0.045871347
9,2,2004,2004-07-11,0.03,0.04052803
9,2,2004,2004-07-19,0.0,0.06431717
9,2,2004,2004-07-27,0.01,0.036123544
9,2,2004,2004-08-04,0.0,0.051319152
9,2,2004,2004-08-12,0.01,0.03917533
9,2,2004,2004-08-20,0.06,0.06998065
9,2,2004,2004-08-28,0.12,0.08572683
9,2,2004,2004-09-05,0.18,0.14901336
9,2,2004,2004-09-13,0.37,0.19374265
9,2,2004,2004-09-21,0.47,0.4229162
9,2,2004,2004-09-29,0.47,0.5450716
9,2,2004,2004-10-07,0.41,0.4659091
9,2,2004,2004-10-15,0.46,0.4383794
9,2,2004,2004-10-23,0.32,0.46316582
9,2,2004,2004-10-31,0.42,0.2860631
9,2,2004,2004-11-08,0.29,0.38003975
9,2,2004,2004-11-16,0.26,0.2641464
9,2,2004,2004-11-24,0.3,0.21573298
9,2,2004,2004-12-02,0.23,0.27041566
9,2,2004,2004-12-10,0.17,0.20615774
9,2,2004,2004-12-18,0.12,0.15459529
9,2,2004,2004-12-26,0.1,0.09400123
9,2,2005,2005-07-04,0.01,0.05547738
9,2,2005,2005-07-12,0.01,0.043672323
9,2,2005,2005-07-20,0.01,0.053730458
9,2,2005,2005-07-28,0.0,0.04414463
9,2,2005,2005-08-05,0.0,0.04161322
9,2,2005,2005-08-13,0.01,0.038471997
9,2,2005,2005-08-21,0.03,0.051512063
9,2,2005,2005-08-29,0.11,0.08216244
9,2,2005,2005-09-06,0.22,0.1716549
9,2,2005,2005-09-14,0.38,0.30491978
9,2,2005,2005-09-22,0.35,0.5380947
9,2,2005,2005-09-30,0.28,0.45544675
9,2,2005,2005-10-08,0.39,0.28548256
9,2,2005,2005-10-16,0.43,0.3754392
9,2,2005,2005-10-24,0.45,0.459552
9,2,2005,2005-11-01,0.4,0.41970044
9,2,2005,2005-11-09,0.33,0.40560317
9,2,2005,2005-11-17,0.35,0.30473858
9,2,2005,2005-11-25,0.31,0.29321
9,2,2005,2005-12-03,0.29,0.296451
9,2,2005,2005-12-11,0.3,0.25635815
9,2,2005,2005-12-19,0.3,0.2545943
9,2,2005,2005-12-27,0.17,0.25085586
9,2,2006,2006-07-04,0.01,0.048706025
9,2,2006,2006-07-12,0.01,0.047210693
9,2,2006,2006-07-20,0.04,0.046159863
9,2,2006,2006-07-28,0.01,0.073340714
9,2,2006,2006-08-05,0.03,0.043055117
9,2,2006,2006-08-13,0.04,0.06195095
9,2,2006,2006-08-21,0.05,0.06860745
9,2,2006,2006-08-29,0.16,0.08463949
9,2,2006,2006-09-06,0.17,0.2115179
9,2,2006,2006-09-14,0.18,0.2607693
9,2,2006,2006-09-22,0.2,0.3060707
9,2,2006,2006-09-30,0.21,0.27446035
9,2,2006,2006-10-08,0.32,0.24348935
9,2,2006,2006-10-16,0.39,0.3875509
9,2,2006,2006-10-24,0.42,0.45888817
9,2,2006,2006-11-01,0.4,0.43436673
9,2,2006,2006-11-09,0.32,0.39623722
9,2,2006,2006-11-17,0.24,0.29874167
9,2,2006,2006-11-25,0.22,0.21932673
9,2,2006,2006-12-03,0.18,0.19785395
9,2,2006,2006-12-11,0.22,0.17841358
9,2,2006,2006-12-19,0.25,0.23561502
9,2,2006,2006-12-27,0.11,0.28408283
9,2,2007,2007-07-04,0.01,0.0527471
9,2,2007,2007-07-12,0.02,0.044546425
9,2,2007,2007-07-20,0.02,0.0545367
9,2,2007,2007-07-28,0.04,0.06374356
9,2,2007,2007-08-05,0.05,0.07090908
9,2,2007,2007-08-13,0.05,0.083504975
9,2,2007,2007-08-21,0.03,0.082981616
9,2,2007,2007-08-29,0.14,0.06783673
9,2,2007,2007-09-06,0.13,0.20512713
9,2,2007,2007-09-14,0.21,0.19802372
9,2,2007,2007-09-22,0.2,0.27446523
9,2,2007,2007-09-30,0.22,0.24610889
9,2,2007,2007-10-08,0.3,0.25078318
9,2,2007,2007-10-16,0.37,0.36081782
9,2,2007,2007-10-24,0.4,0.44098237
9,2,2007,2007-11-01,0.4,0.42399594
9,2,2007,2007-11-09,0.34,0.3947532
9,2,2007,2007-11-17,0.3,0.32122436
9,2,2007,2007-11-25,0.31,0.25081146
9,2,2007,2007-12-03,0.31,0.26282203
9,2,2007,2007-12-11,0.33,0.27435544
9,2,2007,2007-12-19,0.21,0.30900064
9,2,2007,2007-12-27,0.15,0.20696478
9,2,2008,2008-07-03,0.02,0.074673444
9,2,2008,2008-07-11,0.01,0.042749524
9,2,2008,2008-07-19,0.0,0.04806298
9,2,2008,2008-07-27,0.01,0.03908047
9,2,2008,2008-08-04,0.01,0.058035254
9,2,2008,2008-08-12,0.05,0.059372574
9,2,2008,2008-08-20,0.23,0.093783915
9,2,2008,2008-08-28,0.21,0.25767317
9,2,2008,2008-09-05,0.28,0.2898072
9,2,2008,2008-09-13,0.27,0.3175453
9,2,2008,2008-09-21,0.27,0.29963258
9,2,2008,2008-09-29,0.34,0.26630878
9,2,2008,2008-10-07,0.41,0.33649588
9,2,2008,2008-10-15,0.4,0.4341119
9,2,2008,2008-10-23,0.41,0.40650773
9,2,2008,2008-10-31,0.45,0.4142522
9,2,2008,2008-11-08,0.46,0.4614581
9,2,2008,2008-11-16,0.44,0.45648244
9,2,2008,2008-11-24,0.29,0.41884857
9,2,2008,2008-12-02,0.34,0.28027225
9,2,2008,2008-12-10,0.35,0.289757
9,2,2008,2008-12-18,0.32,0.3448733
9,2,2008,2008-12-26,0.27,0.2727518
9,2,2009,2009-07-04,0.01,0.06257388
9,2,2009,2009-07-12,0.06,0.044005215
9,2,2009,2009-07-20,0.06,0.0869298
9,2,2009,2009-07-28,0.01,0.07994336
9,2,2009,2009-08-05,0.01,0.043326855
9,2,2009,2009-08-13,0.08,0.043506563
9,2,2009,2009-08-21,0.08,0.117303684
9,2,2009,2009-08-29,0.18,0.1763627
9,2,2009,2009-09-06,0.33,0.26298147
9,2,2009,2009-09-14,0.32,0.4436478
9,2,2009,2009-09-22,0.37,0.39254573
9,2,2009,2009-09-30,0.39,0.3552839
9,2,2009,2009-10-08,0.43,0.40015486
9,2,2009,2009-10-16,0.49,0.44905233
9,2,2009,2009-10-24,0.41,0.5069958
9,2,2009,2009-11-01,0.47,0.42494583
9,2,2009,2009-11-09,0.36,0.4618544
9,2,2009,2009-11-17,0.35,0.3838423
9,2,2009,2009-11-25,0.34,0.33406204
9,2,2009,2009-12-03,0.32,0.28270853
9,2,2009,2009-12-11,0.22,0.30116904
9,2,2009,2009-12-19,0.18,0.22405884
9,2,2009,2009-12-27,0.09,0.17395939
9,2,2010,2010-07-04,0.0,0.053765357
9,2,2010,2010-07-12,0.01,0.037607074
9,2,2010,2010-07-20,0.01,0.061555058
9,2,2010,2010-07-28,0.02,0.060599536
9,2,2010,2010-08-05,0.02,0.05613622
9,2,2010,2010-08-13,0.06,0.053462833
9,2,2010,2010-08-21,0.06,0.10966477
9,2,2010,2010-08-29,0.12,0.105529875
9,2,2010,2010-09-06,0.16,0.1940429
9,2,2010,2010-09-14,0.29,0.2741197
9,2,2010,2010-09-22,0.22,0.40062177
9,2,2010,2010-09-30,0.34,0.31333095
9,2,2010,2010-10-08,0.5,0.37779093
9,2,2010,2010-10-16,0.4,0.55584216
9,2,2010,2010-10-24,0.49,0.41194764
9,2,2010,2010-11-01,0.46,0.46987662
9,2,2010,2010-11-09,0.4,0.47345388
9,2,2010,2010-11-17,0.42,0.39056763
9,2,2010,2010-11-25,0.29,0.36969268
9,2,2010,2010-12-03,0.29,0.27998233
9,2,2010,2010-12-11,0.2,0.25687036
9,2,2010,2010-12-19,0.17,0.16718508
9,2,2010,2010-12-27,0.09,0.13857599
9,2,2011,2011-07-04,0.02,0.0412589
9,2,2011,2011-07-12,0.02,0.054093927
9,2,2011,2011-07-20,0.01,0.05469477
9,2,2011,2011-07-28,0.02,0.04679084
9,2,2011,2011-08-05,0.02,0.05927095
9,2,2011,2011-08-13,0.08,0.05730942
9,2,2011,2011-08-21,0.12,0.122956425
9,2,2011,2011-08-29,0.21,0.15401872
9,2,2011,2011-09-06,0.29,0.2654995
9,2,2011,2011-09-14,0.4,0.35584295
9,2,2011,2011-09-22,0.41,0.48754415
9,2,2011,2011-09-30,0.51,0.40394446
9,2,2011,2011-10-08,0.63,0.505782
9,2,2011,2011-10-16,0.61,0.67841285
9,2,2011,2011-10-24,0.63,0.6070833
9,2,2011,2011-11-01,0.64,0.6141069
9,2,2011,2011-11-09,0.61,0.62111
9,2,2011,2011-11-17,0.56,0.5753424
9,2,2011,2011-11-25,0.5,0.5180469
9,2,2011,2011-12-03,0.54,0.4309876
9,2,2011,2011-12-11,0.44,0.45887482
9,2,2011,2011-12-19,0.36,0.39733523
9,2,2011,2011-12-27,0.41,0.29591918
9,2,2012,2012-07-03,0.06,0.04279861
9,2,2012,2012-07-11,0.01,0.09564945
9,2,2012,2012-07-19,0.05,0.048466265
9,2,2012,2012-07-27,0.01,0.080298364
9,2,2012,2012-08-04,0.0,0.042625576
9,2,2012,2012-08-12,0.0,0.04190591
9,2,2012,2012-08-20,0.04,0.05937466
9,2,2012,2012-08-28,0.1,0.10682997
9,2,2012,2012-09-05,0.13,0.19044988
9,2,2012,2012-09-13,0.33,0.23963678
9,2,2012,2012-09-21,0.3,0.4814011
9,2,2012,2012-09-29,0.36,0.41438368
9,2,2012,2012-10-07,0.47,0.40882754
9,2,2012,2012-10-15,0.54,0.54903287
9,2,2012,2012-10-23,0.39,0.5832604
9,2,2012,2012-10-31,0.33,0.44042435
9,2,2012,2012-11-08,0.3,0.3171858
9,2,2012,2012-11-16,0.38,0.25614923
9,2,2012,2012-11-24,0.25,0.3670548
9,2,2012,2012-12-02,0.24,0.26981956
9,2,2012,2012-12-10,0.19,0.2441598
9,2,2012,2012-12-18,0.12,0.17778568
9,2,2012,2012-12-26,0.05,0.122676596
9,3,2001,2001-07-04,0.04,0.071736574
9,3,2001,2001-07-12,0.02,0.10351637
9,3,2001,2001-07-20,0.01,0.05207047
9,3,2001,2001-07-28,0.02,0.051191986
9,3,2001,2001-08-05,0.02,0.052618176
9,3,2001,2001-08-13,0.01,0.058251977
9,3,2001,2001-08-21,0.04,0.05003351
9,3,2001,2001-08-29,0.02,0.07842234
9,3,2001,2001-09-06,0.13,0.05871278
9,3,2001,2001-09-14,0.28,0.16006376
9,3,2001,2001-09-22,0.4,0.37936747
9,3,2001,2001-09-30,0.47,0.5627388
9,3,2001,2001-10-08,0.48,0.53473467
9,3,2001,2001-10-16,0.45,0.4936265
9,3,2001,2001-10-24,0.47,0.48443347
9,3,2001,2001-11-01,0.41,0.46922863
9,3,2001,2001-11-09,0.41,0.4210763
9,3,2001,2001-11-17,0.33,0.41164553
9,3,2001,2001-11-25,0.35,0.34312803
9,3,2001,2001-12-03,0.15,0.34064955
9,3,2001,2001-12-11,0.11,0.15003744
9,3,2001,2001-12-19,0.03,0.10222718
9,3,2001,2001-12-27,0.02,0.018024862
9,3,2002,2002-07-04,0.02,0.051702857
9,3,2002,2002-07-12,0.03,0.053636134
9,3,2002,2002-07-20,0.02,0.05969584
9,3,2002,2002-07-28,0.03,0.0527609
9,3,2002,2002-08-05,0.02,0.065066814
9,3,2002,2002-08-13,0.04,0.055604637
9,3,2002,2002-08-21,0.04,0.07105547
9,3,2002,2002-08-29,0.05,0.07731968
9,3,2002,2002-09-06,0.04,0.078924954
9,3,2002,2002-09-14,0.25,0.1028496
9,3,2002,2002-09-22,0.34,0.36072636
9,3,2002,2002-09-30,0.39,0.49404222
9,3,2002,2002-10-08,0.47,0.4903082
9,3,2002,2002-10-16,0.43,0.48897624
9,3,2002,2002-10-24,0.44,0.44062075
9,3,2002,2002-11-01,0.44,0.44148242
9,3,2002,2002-11-09,0.46,0.42776015
9,3,2002,2002-11-17,0.32,0.44998372
9,3,2002,2002-11-25,0.19,0.31054682
9,3,2002,2002-12-03,0.11,0.17724606
9,3,2002,2002-12-11,0.07,0.079585016
9,3,2002,2002-12-19,0.03,0.07038024
9,3,2002,2002-12-27,0.02,0.036818624
9,3,2003,2003-07-04,0.02,0.046661675
9,3,2003,2003-07-12,0.02,0.05403012
9,3,2003,2003-07-20,0.02,0.057828665
9,3,2003,2003-07-28,0.02,0.058083773
9,3,2003,2003-08-05,0.02,0.06056294
9,3,2003,2003-08-13,0.05,0.056753635
9,3,2003,2003-08-21,0.01,0.08861366
9,3,2003,2003-08-29,0.03,0.05245173
9,3,2003,2003-09-06,0.02,0.07452637
9,3,2003,2003-09-14,0.06,0.058155477
9,3,2003,2003-09-22,0.18,0.16603544
9,3,2003,2003-09-30,0.24,0.30393434
9,3,2003,2003-10-08,0.42,0.38463798
9,3,2003,2003-10-16,0.3,0.5511083
9,3,2003,2003-10-24,0.3,0.35077575
9,3,2003,2003-11-01,0.41,0.27081463
9,3,2003,2003-11-09,0.24,0.4024366
9,3,2003,2003-11-17,0.15,0.27331346
9,3,2003,2003-11-25,0.1,0.1269716
9,3,2003,2003-12-03,0.03,0.07774535
9,3,2003,2003-12-11,0.03,0.042019725
9,3,2003,2003-12-19,0.02,0.05420959
9,3,2003,2003-12-27,0.01,0.044281095
9,3,2004,2004-07-03,0.03,0.052600056
9,3,2004,2004-07-11,0.03,0.06442812
9,3,2004,2004-07-19,0.02,0.06280652
9,3,2004,2004-07-27,0.02,0.056683064
9,3,2004,2004-08-04,0.02,0.056494564
9,3,2004,2004-08-12,0.02,0.05671981
9,3,2004,2004-08-20,0.04,0.06654009
9,3,2004,2004-08-28,0.04,0.069719315
9,3,2004,2004-09-05,0.07,0.075243086
9,3,2004,2004-09-13,0.28,0.0948109
9,3,2004,2004-09-21,0.34,0.31370425
9,3,2004,2004-09-29,0.34,0.43742916
9,3,2004,2004-10-07,0.4,0.38987955
9,3,2004,2004-10-15,0.33,0.43771547
9,3,2004,2004-10-23,0.34,0.32346517
9,3,2004,2004-10-31,0.36,0.2991892
9,3,2004,2004-11-08,0.31,0.37272036
9,3,2004,2004-11-16,0.26,0.27928364
9,3,2004,2004-11-24,0.24,0.19555652
9,3,2004,2004-12-02,0.08,0.18314783
9,3,2004,2004-12-10,0.04,0.06524816
9,3,2004,2004-12-18,0.03,0.046385586
9,3,2004,2004-12-26,0.02,0.04903817
9,3,2005,2005-07-04,0.01,0.0924252
9,3,2005,2005-07-12,0.02,0.039337963
9,3,2005,2005-07-20,0.02,0.057054996
9,3,2005,2005-07-28,0.01,0.052638203
9,3,2005,2005-08-05,0.02,0.05005771
9,3,2005,2005-08-13,0.01,0.05847898
9,3,2005,2005-08-21,0.02,0.04981464
9,3,2005,2005-08-29,0.08,0.0657486
9,3,2005,2005-09-06,0.1,0.11421162
9,3,2005,2005-09-14,0.2,0.13897005
9,3,2005,2005-09-22,0.23,0.30924317
9,3,2005,2005-09-30,0.3,0.34435573
9,3,2005,2005-10-08,0.37,0.38199884
9,3,2005,2005-10-16,0.39,0.42552665
9,3,2005,2005-10-24,0.44,0.38149047
9,3,2005,2005-11-01,0.38,0.42250183
9,3,2005,2005-11-09,0.33,0.38575536
9,3,2005,2005-11-17,0.23,0.3063314
9,3,2005,2005-11-25,0.25,0.2014957
9,3,2005,2005-12-03,0.13,0.214704
9,3,2005,2005-12-11,0.09,0.101664126
9,3,2005,2005-12-19,0.08,0.068253726
9,3,2005,2005-12-27,0.04,0.08094296
9,3,2006,2006-07-04,0.02,0.084374905
9,3,2006,2006-07-12,0.02,0.044696838
9,3,2006,2006-07-20,0.03,0.051754534
9,3,2006,2006-07-28,0.02,0.061513692
9,3,2006,2006-08-05,0.03,0.05403477
9,3,2006,2006-08-13,0.05,0.06588349
9,3,2006,2006-08-21,0.03,0.0771572
9,3,2006,2006-08-29,0.07,0.0634478
9,3,2006,2006-09-06,0.06,0.11547193
9,3,2006,2006-09-14,0.11,0.10751894
9,3,2006,2006-09-22,0.22,0.18647683
9,3,2006,2006-09-30,0.24,0.29737222
9,3,2006,2006-10-08,0.31,0.34266248
9,3,2006,2006-10-16,0.33,0.3912629
9,3,2006,2006-10-24,0.34,0.37483418
9,3,2006,2006-11-01,0.42,0.36022317
9,3,2006,2006-11-09,0.36,0.42188177
9,3,2006,2006-11-17,0.33,0.3444893
9,3,2006,2006-11-25,0.16,0.2775115
9,3,2006,2006-12-03,0.09,0.15183939
9,3,2006,2006-12-11,0.09,0.07864955
9,3,2006,2006-12-19,0.05,0.09172401
9,3,2006,2006-12-27,0.03,0.07025099
9,3,2007,2007-07-04,0.02,0.058126688
9,3,2007,2007-07-12,0.04,0.05318433
9,3,2007,2007-07-20,0.03,0.0658907
9,3,2007,2007-07-28,0.03,0.06577781
9,3,2007,2007-08-05,0.02,0.06368825
9,3,2007,2007-08-13,0.02,0.05746782
9,3,2007,2007-08-21,0.02,0.06455997
9,3,2007,2007-08-29,0.04,0.058505595
9,3,2007,2007-09-06,0.04,0.088668555
9,3,2007,2007-09-14,0.1,0.081181884
9,3,2007,2007-09-22,0.12,0.15126783
9,3,2007,2007-09-30,0.16,0.19944485
9,3,2007,2007-10-08,0.21,0.24006447
9,3,2007,2007-10-16,0.34,0.29921287
9,3,2007,2007-10-24,0.36,0.42611465
9,3,2007,2007-11-01,0.32,0.41242185
9,3,2007,2007-11-09,0.34,0.3280417
9,3,2007,2007-11-17,0.35,0.3334313
9,3,2007,2007-11-25,0.33,0.33710673
9,3,2007,2007-12-03,0.2,0.26907632
9,3,2007,2007-12-11,0.13,0.14654204
9,3,2007,2007-12-19,0.07,0.10570738
9,3,2007,2007-12-27,0.03,0.06973359
9,3,2008,2008-07-03,0.02,0.09391114
9,3,2008,2008-07-11,0.02,0.046318293
9,3,2008,2008-07-19,0.01,0.055778295
9,3,2008,2008-07-27,0.02,0.046919495
9,3,2008,2008-08-04,0.02,0.061463207
9,3,2008,2008-08-12,0.02,0.05658874
9,3,2008,2008-08-20,0.05,0.058043092
9,3,2008,2008-08-28,0.08,0.081921846
9,3,2008,2008-09-05,0.13,0.11158639
9,3,2008,2008-09-13,0.18,0.15407905
9,3,2008,2008-09-21,0.24,0.2185761
9,3,2008,2008-09-29,0.27,0.2797966
9,3,2008,2008-10-07,0.3,0.30971664
9,3,2008,2008-10-15,0.34,0.32599464
9,3,2008,2008-10-23,0.38,0.38297945
9,3,2008,2008-10-31,0.36,0.40116304
9,3,2008,2008-11-08,0.37,0.34161532
9,3,2008,2008-11-16,0.44,0.35696417
9,3,2008,2008-11-24,0.36,0.44074032
9,3,2008,2008-12-02,0.29,0.3554898
9,3,2008,2008-12-10,0.21,0.23544222
9,3,2008,2008-12-18,0.1,0.15726648
9,3,2008,2008-12-26,0.1,0.07907432
9,3,2009,2009-07-04,0.04,0.14423174
9,3,2009,2009-07-12,0.02,0.06707579
9,3,2009,2009-07-20,0.02,0.04849586
9,3,2009,2009-07-28,0.02,0.04556319
9,3,2009,2009-08-05,0.02,0.056346983
9,3,2009,2009-08-13,0.03,0.057549
9,3,2009,2009-08-21,0.03,0.06611076
9,3,2009,2009-08-29,0.04,0.07360762
9,3,2009,2009-09-06,0.14,0.089758724
9,3,2009,2009-09-14,0.14,0.19576515
9,3,2009,2009-09-22,0.24,0.21039222
9,3,2009,2009-09-30,0.27,0.3215952
9,3,2009,2009-10-08,0.31,0.34191793
9,3,2009,2009-10-16,0.4,0.35510427
9,3,2009,2009-10-24,0.3,0.4282132
9,3,2009,2009-11-01,0.37,0.313395
9,3,2009,2009-11-09,0.34,0.3521773
9,3,2009,2009-11-17,0.39,0.34483477
9,3,2009,2009-11-25,0.32,0.40432328
9,3,2009,2009-12-03,0.25,0.3218555
9,3,2009,2009-12-11,0.1,0.21431988
9,3,2009,2009-12-19,0.09,0.092610896
9,3,2009,2009-12-27,0.03,0.07502225
9,3,2010,2010-07-04,0.01,0.124467954
9,3,2010,2010-07-12,0.03,0.039438695
9,3,2010,2010-07-20,0.02,0.055617422
9,3,2010,2010-07-28,0.01,0.04900816
9,3,2010,2010-08-05,0.02,0.049390495
9,3,2010,2010-08-13,0.04,0.05807084
9,3,2010,2010-08-21,0.04,0.07731074
9,3,2010,2010-08-29,0.02,0.075604886
9,3,2010,2010-09-06,0.09,0.06071061
9,3,2010,2010-09-14,0.17,0.1528255
9,3,2010,2010-09-22,0.13,0.225064
9,3,2010,2010-09-30,0.26,0.22324973
9,3,2010,2010-10-08,0.32,0.33220905
9,3,2010,2010-10-16,0.34,0.4019898
9,3,2010,2010-10-24,0.39,0.3998944
9,3,2010,2010-11-01,0.32,0.37226498
9,3,2010,2010-11-09,0.36,0.31665814
9,3,2010,2010-11-17,0.35,0.34712142
9,3,2010,2010-11-25,0.32,0.36173874
9,3,2010,2010-12-03,0.18,0.3022097
9,3,2010,2010-12-11,0.11,0.16213241
9,3,2010,2010-12-19,0.03,0.08048841
9,3,2010,2010-12-27,0.03,0.046575636
9,3,2011,2011-07-04,0.03,0.0928213
9,3,2011,2011-07-12,0.03,0.052539974
9,3,2011,2011-07-20,0.01,0.0574556
9,3,2011,2011-07-28,0.01,0.04255846
9,3,2011,2011-08-05,0.02,0.047390908
9,3,2011,2011-08-13,0.03,0.058373243
9,3,2011,2011-08-21,0.02,0.072907776
9,3,2011,2011-08-29,0.04,0.063188106
9,3,2011,2011-09-06,0.06,0.07286984
9,3,2011,2011-09-14,0.18,0.109109014
9,3,2011,2011-09-22,0.28,0.24944563
9,3,2011,2011-09-30,0.31,0.34304178
9,3,2011,2011-10-08,0.36,0.39587083
9,3,2011,2011-10-16,0.36,0.39816445
9,3,2011,2011-10-24,0.39,0.36614165
9,3,2011,2011-11-01,0.41,0.39463753
9,3,2011,2011-11-09,0.4,0.40017354
9,3,2011,2011-11-17,0.36,0.39411733
9,3,2011,2011-11-25,0.33,0.35687608
9,3,2011,2011-12-03,0.37,0.31003422
9,3,2011,2011-12-11,0.15,0.3095758
9,3,2011,2011-12-19,0.15,0.12898415
9,3,2011,2011-12-27,0.04,0.10179788
9,3,2012,2012-07-03,0.08,0.074617475
9,3,2012,2012-07-11,0.02,0.104762286
9,3,2012,2012-07-19,0.01,0.0513556
9,3,2012,2012-07-27,0.01,0.041992605
9,3,2012,2012-08-04,0.03,0.0436911
9,3,2012,2012-08-12,0.02,0.067347884
9,3,2012,2012-08-20,0.04,0.061068743
9,3,2012,2012-08-28,0.02,0.07458484
9,3,2012,2012-09-05,0.02,0.060608923
9,3,2012,2012-09-13,0.17,0.067717105
9,3,2012,2012-09-21,0.17,0.24522933
9,3,2012,2012-09-29,0.34,0.28134212
9,3,2012,2012-10-07,0.3,0.45251513
9,3,2012,2012-10-15,0.38,0.37800238
9,3,2012,2012-10-23,0.28,0.38459554
9,3,2012,2012-10-31,0.29,0.29590455
9,3,2012,2012-11-08,0.27,0.28695613
9,3,2012,2012-11-16,0.32,0.27828625
9,3,2012,2012-11-24,0.18,0.3181422
9,3,2012,2012-12-02,0.14,0.18776393
9,3,2012,2012-12-10,0.08,0.15152037
9,3,2012,2012-12-18,0.03,0.07092047
9,3,2012,2012-12-26,0.09,0.062609494
9,4,2001,2001-07-04,0.2,0.22102413
9,4,2001,2001-07-12,0.16,0.24868132
9,4,2001,2001-07-20,0.2,0.17992793
9,4,2001,2001-07-28,0.2,0.21679524
9,4,2001,2001-08-05,0.16,0.2186582
9,4,2001,2001-08-13,0.15,0.1919524
9,4,2001,2001-08-21,0.19,0.17138645
9,4,2001,2001-08-29,0.16,0.2118492
9,4,2001,2001-09-06,0.19,0.19014296
9,4,2001,2001-09-14,0.17,0.2085865
9,4,2001,2001-09-22,0.19,0.20835608
9,4,2001,2001-09-30,0.2,0.21382223
9,4,2001,2001-10-08,0.19,0.22999331
9,4,2001,2001-10-16,0.18,0.23042758
9,4,2001,2001-10-24,0.2,0.21496132
9,4,2001,2001-11-01,0.23,0.23796144
9,4,2001,2001-11-09,0.2,0.2595023
9,4,2001,2001-11-17,0.2,0.21901637
9,4,2001,2001-11-25,0.2,0.21802929
9,4,2001,2001-12-03,0.22,0.23721907
9,4,2001,2001-12-11,0.22,0.22681738
9,4,2001,2001-12-19,0.18,0.248499
9,4,2001,2001-12-27,0.17,0.18849334
9,4,2002,2002-07-04,0.16,0.20978403
9,4,2002,2002-07-12,0.2,0.20443238
9,4,2002,2002-07-20,0.17,0.2245521
9,4,2002,2002-07-28,0.15,0.20656505
9,4,2002,2002-08-05,0.15,0.18001565
9,4,2002,2002-08-13,0.17,0.16829513
9,4,2002,2002-08-21,0.17,0.18922493
9,4,2002,2002-08-29,0.15,0.20630178
9,4,2002,2002-09-06,0.12,0.17690477
9,4,2002,2002-09-14,0.17,0.15565307
9,4,2002,2002-09-22,0.17,0.19621655
9,4,2002,2002-09-30,0.2,0.2110327
9,4,2002,2002-10-08,0.19,0.2384229
9,4,2002,2002-10-16,0.21,0.22035594
9,4,2002,2002-10-24,0.19,0.2280436
9,4,2002,2002-11-01,0.21,0.21517733
9,4,2002,2002-11-09,0.23,0.2400668
9,4,2002,2002-11-17,0.29,0.25143057
9,4,2002,2002-11-25,0.19,0.30831516
9,4,2002,2002-12-03,0.17,0.2101858
9,4,2002,2002-12-11,0.17,0.17302765
9,4,2002,2002-12-19,0.18,0.19161129
9,4,2002,2002-12-27,0.14,0.2002938
9,4,2003,2003-07-04,0.19,0.17530836
9,4,2003,2003-07-12,0.2,0.22149505
9,4,2003,2003-07-20,0.17,0.24477449
9,4,2003,2003-07-28,0.2,0.19837789
9,4,2003,2003-08-05,0.15,0.20770335
9,4,2003,2003-08-13,0.17,0.16872808
9,4,2003,2003-08-21,0.16,0.19052525
9,4,2003,2003-08-29,0.16,0.1876745
9,4,2003,2003-09-06,0.12,0.18221404
9,4,2003,2003-09-14,0.18,0.13709605
9,4,2003,2003-09-22,0.19,0.2096413
9,4,2003,2003-09-30,0.15,0.22593366
9,4,2003,2003-10-08,0.18,0.19486503
9,4,2003,2003-10-16,0.18,0.20447811
9,4,2003,2003-10-24,0.15,0.21708003
9,4,2003,2003-11-01,0.22,0.18127817
9,4,2003,2003-11-09,0.2,0.25004286
9,4,2003,2003-11-17,0.2,0.2444936
9,4,2003,2003-11-25,0.21,0.24993992
9,4,2003,2003-12-03,0.09,0.22004536
9,4,2003,2003-12-11,0.16,0.11469048
9,4,2003,2003-12-19,0.16,0.17123483
9,4,2003,2003-12-27,0.13,0.19656181
9,4,2004,2004-07-03,0.17,0.19213954
9,4,2004,2004-07-11,0.15,0.2035025
9,4,2004,2004-07-19,0.14,0.1874226
9,4,2004,2004-07-27,0.13,0.16787912
9,4,2004,2004-08-04,0.13,0.16814551
9,4,2004,2004-08-12,0.14,0.15506656
9,4,2004,2004-08-20,0.15,0.17497957
9,4,2004,2004-08-28,0.15,0.18110529
9,4,2004,2004-09-05,0.15,0.18253964
9,4,2004,2004-09-13,0.18,0.16693255
9,4,2004,2004-09-21,0.18,0.21519253
9,4,2004,2004-09-29,0.16,0.21881403
9,4,2004,2004-10-07,0.2,0.18302101
9,4,2004,2004-10-15,0.17,0.22312458
9,4,2004,2004-10-23,0.19,0.20039117
9,4,2004,2004-10-31,0.22,0.20307828
9,4,2004,2004-11-08,0.21,0.25712585
9,4,2004,2004-11-16,0.2,0.24114463
9,4,2004,2004-11-24,0.2,0.21837448
9,4,2004,2004-12-02,0.19,0.21841183
9,4,2004,2004-12-10,0.18,0.17723495
9,4,2004,2004-12-18,0.18,0.19185184
9,4,2004,2004-12-26,0.18,0.19730401
9,4,2005,2005-07-04,0.14,0.16373566
9,4,2005,2005-07-12,0.16,0.17682719
9,4,2005,2005-07-20,0.11,0.18862672
9,4,2005,2005-07-28,0.16,0.14165524
9,4,2005,2005-08-05,0.17,0.17866872
9,4,2005,2005-08-13,0.12,0.19414285
9,4,2005,2005-08-21,0.16,0.15333706
9,4,2005,2005-08-29,0.18,0.1836531
9,4,2005,2005-09-06,0.2,0.208405
9,4,2005,2005-09-14,0.19,0.22827387
9,4,2005,2005-09-22,0.18,0.22011298
9,4,2005,2005-09-30,0.18,0.2030729
9,4,2005,2005-10-08,0.21,0.19469056
9,4,2005,2005-10-16,0.17,0.23879062
9,4,2005,2005-10-24,0.21,0.19484422
9,4,2005,2005-11-01,0.18,0.22918424
9,4,2005,2005-11-09,0.19,0.21601304
9,4,2005,2005-11-17,0.2,0.21640871
9,4,2005,2005-11-25,0.25,0.22274983
9,4,2005,2005-12-03,0.19,0.27365133
9,4,2005,2005-12-11,0.12,0.21360739
9,4,2005,2005-12-19,0.17,0.1337349
9,4,2005,2005-12-27,0.24,0.18513165
9,4,2006,2006-07-04,0.16,0.18936098
9,4,2006,2006-07-12,0.16,0.19285506
9,4,2006,2006-07-20,0.15,0.19378743
9,4,2006,2006-07-28,0.15,0.16351596
9,4,2006,2006-08-05,0.14,0.17870992
9,4,2006,2006-08-13,0.17,0.17313813
9,4,2006,2006-08-21,0.16,0.18626897
9,4,2006,2006-08-29,0.15,0.19091447
9,4,2006,2006-09-06,0.14,0.18439984
9,4,2006,2006-09-14,0.14,0.17981434
9,4,2006,2006-09-22,0.14,0.17593324
9,4,2006,2006-09-30,0.14,0.17406623
9,4,2006,2006-10-08,0.16,0.17476855
9,4,2006,2006-10-16,0.15,0.20399138
9,4,2006,2006-10-24,0.15,0.18239136
9,4,2006,2006-11-01,0.21,0.19167547
9,4,2006,2006-11-09,0.2,0.23764789
9,4,2006,2006-11-17,0.2,0.23677747
9,4,2006,2006-11-25,0.19,0.22580831
9,4,2006,2006-12-03,0.15,0.22722417
9,4,2006,2006-12-11,0.17,0.17181268
9,4,2006,2006-12-19,0.19,0.16669232
9,4,2006,2006-12-27,0.14,0.21341729
9,4,2007,2007-07-04,0.13,0.1760166
9,4,2007,2007-07-12,0.16,0.16575496
9,4,2007,2007-07-20,0.16,0.19190142
9,4,2007,2007-07-28,0.17,0.1890048
9,4,2007,2007-08-05,0.19,0.19572376
9,4,2007,2007-08-13,0.16,0.20868838
9,4,2007,2007-08-21,0.15,0.19029008
9,4,2007,2007-08-29,0.18,0.17181739
9,4,2007,2007-09-06,0.19,0.19865455
9,4,2007,2007-09-14,0.19,0.20999391
9,4,2007,2007-09-22,0.23,0.20775616
9,4,2007,2007-09-30,0.23,0.24180114
9,4,2007,2007-10-08,0.27,0.2432841
9,4,2007,2007-10-16,0.25,0.2791298
9,4,2007,2007-10-24,0.26,0.25288108
9,4,2007,2007-11-01,0.2,0.24776825
9,4,2007,2007-11-09,0.2,0.21295676
9,4,2007,2007-11-17,0.19,0.20559071
9,4,2007,2007-11-25,0.19,0.20657317
9,4,2007,2007-12-03,0.17,0.20736706
9,4,2007,2007-12-11,0.18,0.17977431
9,4,2007,2007-12-19,0.15,0.19692801
9,4,2007,2007-12-27,0.12,0.18118918
9,4,2008,2008-07-03,0.16,0.20406199
9,4,2008,2008-07-11,0.16,0.1819261
9,4,2008,2008-07-19,0.15,0.18397816
9,4,2008,2008-07-27,0.1,0.17658667
9,4,2008,2008-08-04,0.13,0.13699019
9,4,2008,2008-08-12,0.15,0.16890064
9,4,2008,2008-08-20,0.21,0.18300258
9,4,2008,2008-08-28,0.2,0.24136516
9,4,2008,2008-09-05,0.19,0.23768173
9,4,2008,2008-09-13,0.17,0.2173882
9,4,2008,2008-09-21,0.18,0.1918403
9,4,2008,2008-09-29,0.18,0.21438913
9,4,2008,2008-10-07,0.21,0.21803878
9,4,2008,2008-10-15,0.26,0.25891
9,4,2008,2008-10-23,0.2,0.2990892
9,4,2008,2008-10-31,0.21,0.23623039
9,4,2008,2008-11-08,0.19,0.2048298
9,4,2008,2008-11-16,0.23,0.19923931
9,4,2008,2008-11-24,0.17,0.24141856
9,4,2008,2008-12-02,0.16,0.19378808
9,4,2008,2008-12-10,0.16,0.16906394
9,4,2008,2008-12-18,0.16,0.18158132
9,4,2008,2008-12-26,0.14,0.1795086
9,4,2009,2009-07-04,0.13,0.19156767
9,4,2009,2009-07-12,0.13,0.15759473
9,4,2009,2009-07-20,0.19,0.15702988
9,4,2009,2009-07-28,0.19,0.21430342
9,4,2009,2009-08-05,0.16,0.20525871
9,4,2009,2009-08-13,0.17,0.178339
9,4,2009,2009-08-21,0.17,0.18771079
9,4,2009,2009-08-29,0.18,0.21236797
9,4,2009,2009-09-06,0.17,0.21667022
9,4,2009,2009-09-14,0.16,0.20032865
9,4,2009,2009-09-22,0.21,0.18044476
9,4,2009,2009-09-30,0.19,0.23333447
9,4,2009,2009-10-08,0.22,0.22021584
9,4,2009,2009-10-16,0.25,0.24889353
9,4,2009,2009-10-24,0.17,0.29342568
9,4,2009,2009-11-01,0.22,0.19673412
9,4,2009,2009-11-09,0.22,0.22252628
9,4,2009,2009-11-17,0.24,0.23612238
9,4,2009,2009-11-25,0.2,0.26847056
9,4,2009,2009-12-03,0.18,0.20708054
9,4,2009,2009-12-11,0.16,0.17750677
9,4,2009,2009-12-19,0.14,0.16934302
9,4,2009,2009-12-27,0.11,0.16048814
9,4,2010,2010-07-04,0.11,0.16057782
9,4,2010,2010-07-12,0.14,0.13738367
9,4,2010,2010-07-20,0.18,0.16626544
9,4,2010,2010-07-28,0.15,0.22723758
9,4,2010,2010-08-05,0.17,0.19908354
9,4,2010,2010-08-13,0.2,0.19359507
9,4,2010,2010-08-21,0.18,0.22476098
9,4,2010,2010-08-29,0.17,0.20814243
9,4,2010,2010-09-06,0.18,0.1932983
9,4,2010,2010-09-14,0.22,0.19907668
9,4,2010,2010-09-22,0.19,0.23864931
9,4,2010,2010-09-30,0.17,0.22718856
9,4,2010,2010-10-08,0.21,0.19079584
9,4,2010,2010-10-16,0.19,0.23777452
9,4,2010,2010-10-24,0.16,0.2348732
9,4,2010,2010-11-01,0.14,0.1753872
9,4,2010,2010-11-09,0.19,0.16935122
9,4,2010,2010-11-17,0.19,0.22444883
9,4,2010,2010-11-25,0.17,0.2407324
9,4,2010,2010-12-03,0.15,0.19988988
9,4,2010,2010-12-11,0.17,0.16783915
9,4,2010,2010-12-19,0.18,0.18490645
9,4,2010,2010-12-27,0.2,0.19662406
9,4,2011,2011-07-04,0.15,0.18280046
9,4,2011,2011-07-12,0.18,0.16939948
9,4,2011,2011-07-20,0.16,0.20408888
9,4,2011,2011-07-28,0.15,0.19853623
9,4,2011,2011-08-05,0.16,0.17445186
9,4,2011,2011-08-13,0.2,0.18724129
9,4,2011,2011-08-21,0.18,0.23822375
9,4,2011,2011-08-29,0.2,0.21454078
9,4,2011,2011-09-06,0.14,0.21738431
9,4,2011,2011-09-14,0.16,0.16632935
9,4,2011,2011-09-22,0.14,0.19369444
9,4,2011,2011-09-30,0.14,0.17340806
9,4,2011,2011-10-08,0.17,0.16877331
9,4,2011,2011-10-16,0.19,0.21052334
9,4,2011,2011-10-24,0.19,0.22677776
9,4,2011,2011-11-01,0.19,0.21366389
9,4,2011,2011-11-09,0.22,0.19890137
9,4,2011,2011-11-17,0.18,0.24477726
9,4,2011,2011-11-25,0.15,0.20949431
9,4,2011,2011-12-03,0.18,0.16558643
9,4,2011,2011-12-11,0.15,0.18940113
9,4,2011,2011-12-19,0.16,0.17886183
9,4,2011,2011-12-27,0.16,0.18941928
9,4,2012,2012-07-03,0.21,0.19828893
9,4,2012,2012-07-11,0.15,0.22603743
9,4,2012,2012-07-19,0.13,0.18338719
9,4,2012,2012-07-27,0.11,0.15057841
9,4,2012,2012-08-04,0.16,0.13496025
9,4,2012,2012-08-12,0.17,0.19036344
9,4,2012,2012-08-20,0.19,0.21857575
9,4,2012,2012-08-28,0.17,0.22743294
9,4,2012,2012-09-05,0.16,0.20566551
9,4,2012,2012-09-13,0.19,0.1707953
9,4,2012,2012-09-21,0.15,0.20770568
9,4,2012,2012-09-29,0.17,0.17073528
9,4,2012,2012-10-07,0.17,0.18504304
9,4,2012,2012-10-15,0.2,0.1987164
9,4,2012,2012-10-23,0.21,0.23503801
9,4,2012,2012-10-31,0.2,0.24210913
9,4,2012,2012-11-08,0.16,0.22417766
9,4,2012,2012-11-16,0.2,0.18893309
9,4,2012,2012-11-24,0.23,0.21258277
9,4,2012,2012-12-02,0.19,0.24262983
9,4,2012,2012-12-10,0.17,0.21343532
9,4,2012,2012-12-18,0.15,0.17516187
9,4,2012,2012-12-26,0.2,0.16550376
9,5,2001,2001-07-04,0.18,0.2209295
9,5,2001,2001-07-12,0.09,0.27677956
9,5,2001,2001-07-20,0.16,0.14977206
9,5,2001,2001-07-28,0.07,0.16667554
9,5,2001,2001-08-05,0.06,0.10284415
9,5,2001,2001-08-13,0.06,0.09705362
9,5,2001,2001-08-21,0.06,0.086851805
9,5,2001,2001-08-29,0.05,0.09250414
9,5,2001,2001-09-06,0.06,0.08525202
9,5,2001,2001-09-14,0.08,0.09550083
9,5,2001,2001-09-22,0.17,0.12426351
9,5,2001,2001-09-30,0.26,0.21514115
9,5,2001,2001-10-08,0.32,0.31510568
9,5,2001,2001-10-16,0.42,0.42932564
9,5,2001,2001-10-24,0.41,0.48127627
9,5,2001,2001-11-01,0.44,0.4180803
9,5,2001,2001-11-09,0.44,0.45983464
9,5,2001,2001-11-17,0.49,0.4364165
9,5,2001,2001-11-25,0.33,0.4842137
9,5,2001,2001-12-03,0.25,0.3076405
9,5,2001,2001-12-11,0.16,0.18307479
9,5,2001,2001-12-19,0.11,0.1210265
9,5,2001,2001-12-27,0.05,0.09754759
9,5,2002,2002-07-04,0.08,0.18711708
9,5,2002,2002-07-12,0.12,0.14783701
9,5,2002,2002-07-20,0.08,0.14290036
9,5,2002,2002-07-28,0.08,0.12929706
9,5,2002,2002-08-05,0.09,0.10222125
9,5,2002,2002-08-13,0.1,0.112817556
9,5,2002,2002-08-21,0.1,0.12117317
9,5,2002,2002-08-29,0.04,0.12388787
9,5,2002,2002-09-06,0.04,0.07270178
9,5,2002,2002-09-14,0.07,0.07769817
9,5,2002,2002-09-22,0.07,0.109069765
9,5,2002,2002-09-30,0.16,0.13873664
9,5,2002,2002-10-08,0.22,0.24886636
9,5,2002,2002-10-16,0.24,0.3214501
9,5,2002,2002-10-24,0.36,0.35671964
9,5,2002,2002-11-01,0.39,0.43426716
9,5,2002,2002-11-09,0.32,0.43631786
9,5,2002,2002-11-17,0.46,0.3262713
9,5,2002,2002-11-25,0.3,0.4755435
9,5,2002,2002-12-03,0.15,0.3063515
9,5,2002,2002-12-11,0.08,0.12453771
9,5,2002,2002-12-19,0.09,0.07266089
9,5,2002,2002-12-27,0.05,0.10404074
9,5,2003,2003-07-04,0.18,0.14538388
9,5,2003,2003-07-12,0.14,0.20702152
9,5,2003,2003-07-20,0.12,0.17926903
9,5,2003,2003-07-28,0.13,0.13706975
9,5,2003,2003-08-05,0.06,0.14418945
9,5,2003,2003-08-13,0.08,0.09294745
9,5,2003,2003-08-21,0.06,0.11511366
9,5,2003,2003-08-29,0.05,0.099662334
9,5,2003,2003-09-06,0.06,0.078440934
9,5,2003,2003-09-14,0.07,0.08800885
9,5,2003,2003-09-22,0.16,0.10568178
9,5,2003,2003-09-30,0.19,0.18702981
9,5,2003,2003-10-08,0.25,0.24554783
9,5,2003,2003-10-16,0.31,0.31526735
9,5,2003,2003-10-24,0.34,0.36235237
9,5,2003,2003-11-01,0.43,0.39810282
9,5,2003,2003-11-09,0.23,0.46089908
9,5,2003,2003-11-17,0.16,0.25805932
9,5,2003,2003-11-25,0.16,0.1847615
9,5,2003,2003-12-03,0.04,0.150678
9,5,2003,2003-12-11,0.03,0.06615409
9,5,2003,2003-12-19,0.08,0.055705458
9,5,2003,2003-12-27,0.06,0.113717854
9,5,2004,2004-07-03,0.1,0.1552096
9,5,2004,2004-07-11,0.1,0.161024
9,5,2004,2004-07-19,0.09,0.14308451
9,5,2004,2004-07-27,0.05,0.12622404
9,5,2004,2004-08-04,0.04,0.09561348
9,5,2004,2004-08-12,0.08,0.07103753
9,5,2004,2004-08-20,0.09,0.116212964
9,5,2004,2004-08-28,0.1,0.117240414
9,5,2004,2004-09-05,0.13,0.12533648
9,5,2004,2004-09-13,0.15,0.14990094
9,5,2004,2004-09-21,0.21,0.17026328
9,5,2004,2004-09-29,0.24,0.25524127
9,5,2004,2004-10-07,0.37,0.2898673
9,5,2004,2004-10-15,0.34,0.4256841
9,5,2004,2004-10-23,0.43,0.38442495
9,5,2004,2004-10-31,0.36,0.42940462
9,5,2004,2004-11-08,0.23,0.3880102
9,5,2004,2004-11-16,0.36,0.2047953
9,5,2004,2004-11-24,0.3,0.27389938
9,5,2004,2004-12-02,0.15,0.2699795
9,5,2004,2004-12-10,0.1,0.12487948
9,5,2004,2004-12-18,0.11,0.087243855
9,5,2004,2004-12-26,0.11,0.12964909
9,5,2005,2005-07-04,0.09,0.11820866
9,5,2005,2005-07-12,0.11,0.12792489
9,5,2005,2005-07-20,0.1,0.14334683
9,5,2005,2005-07-28,0.07,0.13100977
9,5,2005,2005-08-05,0.07,0.09314579
9,5,2005,2005-08-13,0.05,0.09132859
9,5,2005,2005-08-21,0.08,0.08900577
9,5,2005,2005-08-29,0.09,0.119888574
9,5,2005,2005-09-06,0.1,0.1309405
9,5,2005,2005-09-14,0.1,0.14746676
9,5,2005,2005-09-22,0.1,0.14896744
9,5,2005,2005-09-30,0.17,0.1651533
9,5,2005,2005-10-08,0.24,0.2365213
9,5,2005,2005-10-16,0.32,0.34978104
9,5,2005,2005-10-24,0.32,0.40306318
9,5,2005,2005-11-01,0.31,0.38442528
9,5,2005,2005-11-09,0.26,0.31411985
9,5,2005,2005-11-17,0.32,0.2262689
9,5,2005,2005-11-25,0.22,0.32574183
9,5,2005,2005-12-03,0.14,0.23952171
9,5,2005,2005-12-11,0.07,0.11836377
9,5,2005,2005-12-19,0.08,0.07383236
9,5,2005,2005-12-27,0.09,0.10762361
9,5,2006,2006-07-04,0.13,0.10595295
9,5,2006,2006-07-12,0.09,0.16489393
9,5,2006,2006-07-20,0.08,0.13669185
9,5,2006,2006-07-28,0.09,0.11713487
9,5,2006,2006-08-05,0.14,0.11369392
9,5,2006,2006-08-13,0.09,0.16047986
9,5,2006,2006-08-21,0.07,0.113473386
9,5,2006,2006-08-29,0.08,0.10249144
9,5,2006,2006-09-06,0.05,0.113113016
9,5,2006,2006-09-14,0.09,0.09491563
9,5,2006,2006-09-22,0.17,0.12948485
9,5,2006,2006-09-30,0.23,0.20096211
9,5,2006,2006-10-08,0.27,0.2864685
9,5,2006,2006-10-16,0.26,0.33749336
9,5,2006,2006-10-24,0.31,0.3223161
9,5,2006,2006-11-01,0.41,0.3412437
9,5,2006,2006-11-09,0.44,0.4288867
9,5,2006,2006-11-17,0.38,0.41961485
9,5,2006,2006-11-25,0.12,0.35991597
9,5,2006,2006-12-03,0.13,0.14697808
9,5,2006,2006-12-11,0.15,0.11395025
9,5,2006,2006-12-19,0.14,0.13868065
9,5,2006,2006-12-27,0.07,0.15269667
9,5,2007,2007-07-04,0.07,0.0930534
9,5,2007,2007-07-12,0.13,0.12646757
9,5,2007,2007-07-20,0.1,0.16467425
9,5,2007,2007-07-28,0.1,0.13475326
9,5,2007,2007-08-05,0.09,0.12898332
9,5,2007,2007-08-13,0.1,0.1342011
9,5,2007,2007-08-21,0.1,0.12857008
9,5,2007,2007-08-29,0.13,0.12371242
9,5,2007,2007-09-06,0.15,0.1520639
9,5,2007,2007-09-14,0.09,0.16134004
9,5,2007,2007-09-22,0.08,0.12224381
9,5,2007,2007-09-30,0.09,0.13248038
9,5,2007,2007-10-08,0.14,0.16051798
9,5,2007,2007-10-16,0.23,0.22087891
9,5,2007,2007-10-24,0.28,0.30244592
9,5,2007,2007-11-01,0.35,0.3624616
9,5,2007,2007-11-09,0.4,0.43010896
9,5,2007,2007-11-17,0.41,0.44438607
9,5,2007,2007-11-25,0.23,0.40097347
9,5,2007,2007-12-03,0.16,0.19254945
9,5,2007,2007-12-11,0.1,0.12884367
9,5,2007,2007-12-19,0.06,0.10700181
9,5,2007,2007-12-27,0.03,0.0975312
9,5,2008,2008-07-03,0.21,0.16914201
9,5,2008,2008-07-11,0.11,0.23106553
9,5,2008,2008-07-19,0.12,0.15875699
9,5,2008,2008-07-27,0.08,0.13688654
9,5,2008,2008-08-04,0.05,0.1093508
9,5,2008,2008-08-12,0.05,0.085674286
9,5,2008,2008-08-20,0.07,0.09281236
9,5,2008,2008-08-28,0.06,0.111956805
9,5,2008,2008-09-05,0.05,0.1141884
9,5,2008,2008-09-13,0.06,0.11013827
9,5,2008,2008-09-21,0.11,0.099048436
9,5,2008,2008-09-29,0.16,0.14069694
9,5,2008,2008-10-07,0.2,0.1878337
9,5,2008,2008-10-15,0.33,0.2428709
9,5,2008,2008-10-23,0.34,0.39744425
9,5,2008,2008-10-31,0.43,0.4024297
9,5,2008,2008-11-08,0.42,0.45187092
9,5,2008,2008-11-16,0.28,0.43619314
9,5,2008,2008-11-24,0.14,0.290452
9,5,2008,2008-12-02,0.19,0.12675133
9,5,2008,2008-12-10,0.07,0.14231686
9,5,2008,2008-12-18,0.05,0.0822829
9,5,2008,2008-12-26,0.05,0.06985688
9,5,2009,2009-07-04,0.19,0.23171797
9,5,2009,2009-07-12,0.2,0.25482878
9,5,2009,2009-07-20,0.16,0.21412149
9,5,2009,2009-07-28,0.1,0.17127138
9,5,2009,2009-08-05,0.08,0.10879499
9,5,2009,2009-08-13,0.07,0.09224293
9,5,2009,2009-08-21,0.07,0.0912281
9,5,2009,2009-08-29,0.06,0.10195765
9,5,2009,2009-09-06,0.06,0.09275183
9,5,2009,2009-09-14,0.06,0.09132066
9,5,2009,2009-09-22,0.09,0.094142854
9,5,2009,2009-09-30,0.08,0.13577607
9,5,2009,2009-10-08,0.18,0.14021982
9,5,2009,2009-10-16,0.32,0.24439345
9,5,2009,2009-10-24,0.29,0.42924654
9,5,2009,2009-11-01,0.37,0.38187897
9,5,2009,2009-11-09,0.41,0.41278267
9,5,2009,2009-11-17,0.5,0.43684545
9,5,2009,2009-11-25,0.26,0.46007252
9,5,2009,2009-12-03,0.31,0.24160908
9,5,2009,2009-12-11,0.1,0.24512672
9,5,2009,2009-12-19,0.04,0.08185589
9,5,2009,2009-12-27,0.03,0.047657102
9,5,2010,2010-07-04,0.09,0.22483522
9,5,2010,2010-07-12,0.19,0.16634603
9,5,2010,2010-07-20,0.22,0.23997568
9,5,2010,2010-07-28,0.08,0.2540674
9,5,2010,2010-08-05,0.07,0.12368733
9,5,2010,2010-08-13,0.1,0.08509168
9,5,2010,2010-08-21,0.06,0.121413246
9,5,2010,2010-08-29,0.05,0.09350616
9,5,2010,2010-09-06,0.06,0.084041685
9,5,2010,2010-09-14,0.08,0.09283176
9,5,2010,2010-09-22,0.06,0.11139092
9,5,2010,2010-09-30,0.13,0.10376948
9,5,2010,2010-10-08,0.18,0.15974453
9,5,2010,2010-10-16,0.23,0.23919684
9,5,2010,2010-10-24,0.37,0.3312688
9,5,2010,2010-11-01,0.36,0.44221103
9,5,2010,2010-11-09,0.38,0.41414967
9,5,2010,2010-11-17,0.24,0.38782564
9,5,2010,2010-11-25,0.19,0.28655824
9,5,2010,2010-12-03,0.1,0.16269019
9,5,2010,2010-12-11,0.05,0.116314694
9,5,2010,2010-12-19,0.06,0.055184186
9,5,2010,2010-12-27,0.06,0.076292425
9,5,2011,2011-07-04,0.11,0.21591832
9,5,2011,2011-07-12,0.17,0.1278616
9,5,2011,2011-07-20,0.09,0.20857291
9,5,2011,2011-07-28,0.09,0.15299253
9,5,2011,2011-08-05,0.06,0.10923886
9,5,2011,2011-08-13,0.07,0.08484402
9,5,2011,2011-08-21,0.07,0.10670939
9,5,2011,2011-08-29,0.05,0.09859347
9,5,2011,2011-09-06,0.05,0.08297667
9,5,2011,2011-09-14,0.11,0.08551389
9,5,2011,2011-09-22,0.23,0.14425069
9,5,2011,2011-09-30,0.23,0.2515275
9,5,2011,2011-10-08,0.29,0.27907172
9,5,2011,2011-10-16,0.38,0.32587835
9,5,2011,2011-10-24,0.43,0.41525793
9,5,2011,2011-11-01,0.42,0.47137547
9,5,2011,2011-11-09,0.19,0.4155318
9,5,2011,2011-11-17,0.13,0.2214937
9,5,2011,2011-11-25,0.04,0.12004846
9,5,2011,2011-12-03,0.06,0.06181127
9,5,2011,2011-12-11,0.05,0.08377063
9,5,2011,2011-12-19,0.04,0.07381022
9,5,2011,2011-12-27,0.04,0.07657537
9,5,2012,2012-07-03,0.13,0.15113457
9,5,2012,2012-07-11,0.07,0.13879968
9,5,2012,2012-07-19,0.06,0.11700702
9,5,2012,2012-07-27,0.04,0.08956519
9,5,2012,2012-08-04,0.04,0.08084747
9,5,2012,2012-08-12,0.05,0.07449484
9,5,2012,2012-08-20,0.05,0.09073517
9,5,2012,2012-08-28,0.05,0.09075141
9,5,2012,2012-09-05,0.07,0.08582783
9,5,2012,2012-09-13,0.17,0.101774275
9,5,2012,2012-09-21,0.14,0.21069081
9,5,2012,2012-09-29,0.27,0.22117966
9,5,2012,2012-10-07,0.37,0.3353519
9,5,2012,2012-10-15,0.46,0.44669238
9,5,2012,2012-10-23,0.44,0.51211655
9,5,2012,2012-10-31,0.46,0.44688138
9,5,2012,2012-11-08,0.36,0.4580536
9,5,2012,2012-11-16,0.26,0.30832514
9,5,2012,2012-11-24,0.09,0.19262134
9,5,2012,2012-12-02,0.08,0.074162304
9,5,2012,2012-12-10,0.06,0.08826679
9,5,2012,2012-12-18,0.04,0.08451596
9,5,2012,2012-12-26,0.04,0.07178974
9,6,2001,2001-07-04,0.08,0.11443192
9,6,2001,2001-07-12,0.05,0.1415861
9,6,2001,2001-07-20,0.04,0.08664927
9,6,2001,2001-07-28,0.01,0.08001605
9,6,2001,2001-08-05,0.14,0.060023516
9,6,2001,2001-08-13,0.07,0.16789724
9,6,2001,2001-08-21,0.06,0.10657114
9,6,2001,2001-08-29,0.05,0.096407026
9,6,2001,2001-09-06,0.09,0.09521243
9,6,2001,2001-09-14,0.07,0.10940862
9,6,2001,2001-09-22,0.09,0.10890642
9,6,2001,2001-09-30,0.15,0.122811645
9,6,2001,2001-10-08,0.14,0.18480085
9,6,2001,2001-10-16,0.19,0.18691793
9,6,2001,2001-10-24,0.2,0.23885953
9,6,2001,2001-11-01,0.25,0.2519065
9,6,2001,2001-11-09,0.23,0.32663763
9,6,2001,2001-11-17,0.34,0.26680458
9,6,2001,2001-11-25,0.22,0.38274115
9,6,2001,2001-12-03,0.2,0.23988514
9,6,2001,2001-12-11,0.11,0.15475729
9,6,2001,2001-12-19,0.06,0.10890803
9,6,2001,2001-12-27,0.01,0.068163335
9,6,2002,2002-07-04,0.02,0.099794954
9,6,2002,2002-07-12,0.05,0.07526642
9,6,2002,2002-07-20,0.02,0.09020382
9,6,2002,2002-07-28,0.04,0.062043995
9,6,2002,2002-08-05,0.05,0.07281208
9,6,2002,2002-08-13,0.2,0.118977904
9,6,2002,2002-08-21,0.2,0.22744444
9,6,2002,2002-08-29,0.05,0.23039588
9,6,2002,2002-09-06,0.02,0.095436275
9,6,2002,2002-09-14,0.03,0.06849161
9,6,2002,2002-09-22,0.06,0.07547009
9,6,2002,2002-09-30,0.1,0.11026591
9,6,2002,2002-10-08,0.15,0.16100545
9,6,2002,2002-10-16,0.14,0.19912803
9,6,2002,2002-10-24,0.21,0.20147118
9,6,2002,2002-11-01,0.21,0.2586151
9,6,2002,2002-11-09,0.13,0.27199188
9,6,2002,2002-11-17,0.24,0.18354042
9,6,2002,2002-11-25,0.26,0.30413222
9,6,2002,2002-12-03,0.13,0.29998305
9,6,2002,2002-12-11,0.08,0.1694391
9,6,2002,2002-12-19,0.05,0.08752963
9,6,2002,2002-12-27,0.02,0.075758636
9,6,2003,2003-07-04,0.11,0.076197594
9,6,2003,2003-07-12,0.06,0.13388981
9,6,2003,2003-07-20,0.05,0.09373522
9,6,2003,2003-07-28,0.06,0.07971138
9,6,2003,2003-08-05,0.08,0.09250334
9,6,2003,2003-08-13,0.11,0.111741304
9,6,2003,2003-08-21,0.03,0.18582328
9,6,2003,2003-08-29,0.03,0.11465548
9,6,2003,2003-09-06,0.03,0.06789717
9,6,2003,2003-09-14,0.05,0.060984105
9,6,2003,2003-09-22,0.12,0.08218855
9,6,2003,2003-09-30,0.14,0.1528816
9,6,2003,2003-10-08,0.17,0.18127418
9,6,2003,2003-10-16,0.18,0.21943238
9,6,2003,2003-10-24,0.24,0.21571463
9,6,2003,2003-11-01,0.22,0.28820366
9,6,2003,2003-11-09,0.14,0.26461637
9,6,2003,2003-11-17,0.09,0.15795851
9,6,2003,2003-11-25,0.15,0.13977972
9,6,2003,2003-12-03,0.01,0.21165244
9,6,2003,2003-12-11,0.08,0.08147353
9,6,2003,2003-12-19,0.04,0.11208716
9,6,2003,2003-12-27,0.01,0.0709019
9,6,2004,2004-07-03,0.03,0.06970787
9,6,2004,2004-07-11,0.02,0.09497899
9,6,2004,2004-07-19,0.01,0.069289416
9,6,2004,2004-07-27,0.03,0.06215161
9,6,2004,2004-08-04,0.02,0.07900983
9,6,2004,2004-08-12,0.05,0.07682201
9,6,2004,2004-08-20,0.09,0.110918105
9,6,2004,2004-08-28,0.1,0.11499944
9,6,2004,2004-09-05,0.1,0.12353876
9,6,2004,2004-09-13,0.07,0.11850041
9,6,2004,2004-09-21,0.11,0.09998831
9,6,2004,2004-09-29,0.09,0.15487003
9,6,2004,2004-10-07,0.15,0.14175513
9,6,2004,2004-10-15,0.12,0.20421937
9,6,2004,2004-10-23,0.16,0.17466627
9,6,2004,2004-10-31,0.17,0.22529644
9,6,2004,2004-11-08,0.17,0.22259083
9,6,2004,2004-11-16,0.26,0.19552127
9,6,2004,2004-11-24,0.25,0.25779742
9,6,2004,2004-12-02,0.15,0.27604038
9,6,2004,2004-12-10,0.03,0.14652015
9,6,2004,2004-12-18,0.06,0.06193322
9,6,2004,2004-12-26,0.06,0.08664274
9,6,2005,2005-07-04,0.06,0.072743505
9,6,2005,2005-07-12,0.03,0.092532605
9,6,2005,2005-07-20,0.01,0.06380871
9,6,2005,2005-07-28,0.0,0.050305814
9,6,2005,2005-08-05,0.0,0.05002585
9,6,2005,2005-08-13,0.01,0.049171656
9,6,2005,2005-08-21,0.03,0.06747532
9,6,2005,2005-08-29,0.15,0.0924817
9,6,2005,2005-09-06,0.14,0.19727428
9,6,2005,2005-09-14,0.16,0.18531421
9,6,2005,2005-09-22,0.05,0.18258941
9,6,2005,2005-09-30,0.1,0.09555468
9,6,2005,2005-10-08,0.12,0.12881571
9,6,2005,2005-10-16,0.12,0.16910887
9,6,2005,2005-10-24,0.15,0.16097249
9,6,2005,2005-11-01,0.13,0.19558047
9,6,2005,2005-11-09,0.09,0.17647232
9,6,2005,2005-11-17,0.21,0.13993077
9,6,2005,2005-11-25,0.14,0.2779303
9,6,2005,2005-12-03,0.12,0.21591318
9,6,2005,2005-12-11,0.09,0.15059906
9,6,2005,2005-12-19,0.03,0.09120965
9,6,2005,2005-12-27,0.06,0.06444991
9,6,2006,2006-07-04,0.06,0.08636019
9,6,2006,2006-07-12,0.08,0.10256499
9,6,2006,2006-07-20,0.06,0.10639912
9,6,2006,2006-07-28,0.04,0.08433786
9,6,2006,2006-08-05,0.11,0.06577644
9,6,2006,2006-08-13,0.09,0.12386684
9,6,2006,2006-08-21,0.06,0.10919732
9,6,2006,2006-08-29,0.09,0.09107056
9,6,2006,2006-09-06,0.03,0.14935125
9,6,2006,2006-09-14,0.05,0.09526211
9,6,2006,2006-09-22,0.1,0.11937125
9,6,2006,2006-09-30,0.12,0.12047979
9,6,2006,2006-10-08,0.14,0.15940559
9,6,2006,2006-10-16,0.1,0.17720379
9,6,2006,2006-10-24,0.13,0.14231148
9,6,2006,2006-11-01,0.3,0.17153656
9,6,2006,2006-11-09,0.33,0.330267
9,6,2006,2006-11-17,0.32,0.35786176
9,6,2006,2006-11-25,0.08,0.337443
9,6,2006,2006-12-03,0.18,0.1332647
9,6,2006,2006-12-11,0.07,0.15911962
9,6,2006,2006-12-19,0.06,0.10213819
9,6,2006,2006-12-27,0.01,0.080801696
9,6,2007,2007-07-04,0.05,0.083054125
9,6,2007,2007-07-12,0.06,0.09701234
9,6,2007,2007-07-20,0.07,0.110202104
9,6,2007,2007-07-28,0.1,0.10751656
9,6,2007,2007-08-05,0.1,0.12452258
9,6,2007,2007-08-13,0.09,0.14387688
9,6,2007,2007-08-21,0.07,0.12684101
9,6,2007,2007-08-29,0.11,0.10095507
9,6,2007,2007-09-06,0.09,0.14315869
9,6,2007,2007-09-14,0.05,0.10870835
9,6,2007,2007-09-22,0.02,0.084813386
9,6,2007,2007-09-30,0.04,0.07483247
9,6,2007,2007-10-08,0.05,0.10011637
9,6,2007,2007-10-16,0.08,0.114248574
9,6,2007,2007-10-24,0.11,0.12592727
9,6,2007,2007-11-01,0.17,0.15899476
9,6,2007,2007-11-09,0.23,0.2677484
9,6,2007,2007-11-17,0.28,0.32662755
9,6,2007,2007-11-25,0.23,0.35742238
9,6,2007,2007-12-03,0.14,0.2163924
9,6,2007,2007-12-11,0.2,0.14320403
9,6,2007,2007-12-19,0.05,0.18170069
9,6,2007,2007-12-27,0.04,0.08345789
9,6,2008,2008-07-03,0.12,0.09778875
9,6,2008,2008-07-11,0.09,0.15088011
9,6,2008,2008-07-19,0.15,0.12675497
9,6,2008,2008-07-27,0.06,0.17498636
9,6,2008,2008-08-04,0.12,0.10639864
9,6,2008,2008-08-12,0.1,0.1532977
9,6,2008,2008-08-20,0.12,0.13204378
9,6,2008,2008-08-28,0.07,0.14487387
9,6,2008,2008-09-05,0.02,0.11232701
9,6,2008,2008-09-13,0.02,0.06889206
9,6,2008,2008-09-21,0.04,0.06286657
9,6,2008,2008-09-29,0.04,0.07228503
9,6,2008,2008-10-07,0.06,0.0803203
9,6,2008,2008-10-15,0.14,0.09948045
9,6,2008,2008-10-23,0.15,0.17610157
9,6,2008,2008-10-31,0.26,0.19193596
9,6,2008,2008-11-08,0.2,0.31178614
9,6,2008,2008-11-16,0.22,0.2669607
9,6,2008,2008-11-24,0.24,0.26834863
9,6,2008,2008-12-02,0.27,0.2680503
9,6,2008,2008-12-10,0.15,0.26609352
9,6,2008,2008-12-18,0.05,0.1763077
9,6,2008,2008-12-26,0.02,0.06153345
9,6,2009,2009-07-04,0.12,0.13835041
9,6,2009,2009-07-12,0.13,0.17138875
9,6,2009,2009-07-20,0.1,0.16443454
9,6,2009,2009-07-28,0.06,0.15010376
9,6,2009,2009-08-05,0.07,0.08777964
9,6,2009,2009-08-13,0.08,0.11847423
9,6,2009,2009-08-21,0.08,0.11817157
9,6,2009,2009-08-29,0.07,0.12969993
9,6,2009,2009-09-06,0.07,0.10291505
9,6,2009,2009-09-14,0.05,0.09029406
9,6,2009,2009-09-22,0.04,0.075633585
9,6,2009,2009-09-30,0.05,0.07668999
9,6,2009,2009-10-08,0.08,0.086343855
9,6,2009,2009-10-16,0.17,0.11742887
9,6,2009,2009-10-24,0.15,0.22222714
9,6,2009,2009-11-01,0.2,0.20545834
9,6,2009,2009-11-09,0.28,0.27408406
9,6,2009,2009-11-17,0.4,0.32123724
9,6,2009,2009-11-25,0.16,0.44000506
9,6,2009,2009-12-03,0.28,0.23015448
9,6,2009,2009-12-11,0.12,0.26336062
9,6,2009,2009-12-19,0.03,0.13478346
9,6,2009,2009-12-27,0.01,0.044363648
9,6,2010,2010-07-04,0.02,0.12772164
9,6,2010,2010-07-12,0.1,0.084614515
9,6,2010,2010-07-20,0.08,0.15532653
9,6,2010,2010-07-28,0.05,0.12196931
9,6,2010,2010-08-05,0.09,0.088668585
9,6,2010,2010-08-13,0.12,0.121456936
9,6,2010,2010-08-21,0.04,0.1502421
9,6,2010,2010-08-29,0.07,0.089110285
9,6,2010,2010-09-06,0.15,0.10608575
9,6,2010,2010-09-14,0.14,0.17422752
9,6,2010,2010-09-22,0.08,0.16318423
9,6,2010,2010-09-30,0.08,0.104765564
9,6,2010,2010-10-08,0.1,0.103366435
9,6,2010,2010-10-16,0.13,0.13164036
9,6,2010,2010-10-24,0.12,0.18827581
9,6,2010,2010-11-01,0.11,0.17020085
9,6,2010,2010-11-09,0.2,0.1707855
9,6,2010,2010-11-17,0.15,0.2755592
9,6,2010,2010-11-25,0.14,0.2654842
9,6,2010,2010-12-03,0.09,0.16932681
9,6,2010,2010-12-11,0.08,0.15231974
9,6,2010,2010-12-19,0.13,0.10344446
9,6,2010,2010-12-27,0.09,0.1342956
9,6,2011,2011-07-04,0.03,0.097650915
9,6,2011,2011-07-12,0.06,0.063577116
9,6,2011,2011-07-20,0.03,0.11560337
9,6,2011,2011-07-28,0.06,0.07920605
9,6,2011,2011-08-05,0.06,0.09961271
9,6,2011,2011-08-13,0.14,0.10614103
9,6,2011,2011-08-21,0.23,0.1860188
9,6,2011,2011-08-29,0.13,0.24171197
9,6,2011,2011-09-06,0.09,0.16603759
9,6,2011,2011-09-14,0.07,0.12938334
9,6,2011,2011-09-22,0.07,0.115874365
9,6,2011,2011-09-30,0.07,0.10329822
9,6,2011,2011-10-08,0.09,0.10564175
9,6,2011,2011-10-16,0.13,0.12957281
9,6,2011,2011-10-24,0.17,0.17469616
9,6,2011,2011-11-01,0.19,0.20623766
9,6,2011,2011-11-09,0.12,0.21764368
9,6,2011,2011-11-17,0.17,0.1750082
9,6,2011,2011-11-25,0.19,0.19475378
9,6,2011,2011-12-03,0.15,0.21703836
9,6,2011,2011-12-11,0.14,0.16639744
9,6,2011,2011-12-19,0.05,0.14872576
9,6,2011,2011-12-27,0.02,0.09584913
9,6,2012,2012-07-03,0.07,0.08756265
9,6,2012,2012-07-11,0.07,0.09904155
9,6,2012,2012-07-19,0.07,0.10635692
9,6,2012,2012-07-27,0.04,0.09684822
9,6,2012,2012-08-04,0.07,0.08218619
9,6,2012,2012-08-12,0.07,0.10604331
9,6,2012,2012-08-20,0.08,0.13019443
9,6,2012,2012-08-28,0.04,0.16424048
9,6,2012,2012-09-05,0.09,0.09899214
9,6,2012,2012-09-13,0.09,0.12735075
9,6,2012,2012-09-21,0.06,0.11680859
9,6,2012,2012-09-29,0.07,0.09744394
9,6,2012,2012-10-07,0.12,0.104806215
9,6,2012,2012-10-15,0.15,0.15437597
9,6,2012,2012-10-23,0.18,0.19402735
9,6,2012,2012-10-31,0.17,0.23111619
9,6,2012,2012-11-08,0.14,0.2197516
9,6,2012,2012-11-16,0.23,0.16306673
9,6,2012,2012-11-24,0.11,0.25773555
9,6,2012,2012-12-02,0.19,0.16850269
9,6,2012,2012-12-10,0.17,0.20780048
9,6,2012,2012-12-18,0.12,0.19713956
9,6,2012,2012-12-26,0.06,0.12887478
9,7,2001,2001-07-04,0.18,0.20778494
9,7,2001,2001-07-12,0.19,0.20754755
9,7,2001,2001-07-20,0.17,0.2175273
9,7,2001,2001-07-28,0.2,0.21020453
9,7,2001,2001-08-05,0.2,0.23852706
9,7,2001,2001-08-13,0.18,0.21941994
9,7,2001,2001-08-21,0.23,0.21860445
9,7,2001,2001-08-29,0.25,0.27642468
9,7,2001,2001-09-06,0.3,0.32921004
9,7,2001,2001-09-14,0.28,0.35032627
9,7,2001,2001-09-22,0.3,0.32081312
9,7,2001,2001-09-30,0.27,0.32639548
9,7,2001,2001-10-08,0.26,0.27838498
9,7,2001,2001-10-16,0.22,0.24741906
9,7,2001,2001-10-24,0.23,0.2341026
9,7,2001,2001-11-01,0.2,0.24202129
9,7,2001,2001-11-09,0.25,0.22784051
9,7,2001,2001-11-17,0.2,0.26897824
9,7,2001,2001-11-25,0.22,0.22931221
9,7,2001,2001-12-03,0.22,0.24074002
9,7,2001,2001-12-11,0.21,0.2426446
9,7,2001,2001-12-19,0.2,0.23970148
9,7,2001,2001-12-27,0.17,0.22341631
9,7,2002,2002-07-04,0.17,0.2288691
9,7,2002,2002-07-12,0.19,0.20184486
9,7,2002,2002-07-20,0.2,0.22103772
9,7,2002,2002-07-28,0.19,0.22925845
9,7,2002,2002-08-05,0.18,0.22950214
9,7,2002,2002-08-13,0.22,0.2171568
9,7,2002,2002-08-21,0.22,0.24719533
9,7,2002,2002-08-29,0.21,0.26586974
9,7,2002,2002-09-06,0.2,0.2567317
9,7,2002,2002-09-14,0.22,0.25588048
9,7,2002,2002-09-22,0.27,0.26613522
9,7,2002,2002-09-30,0.26,0.32019842
9,7,2002,2002-10-08,0.25,0.2982813
9,7,2002,2002-10-16,0.21,0.2701464
9,7,2002,2002-10-24,0.2,0.22267258
9,7,2002,2002-11-01,0.18,0.22055173
9,7,2002,2002-11-09,0.16,0.20585449
9,7,2002,2002-11-17,0.21,0.20843826
9,7,2002,2002-11-25,0.19,0.24229074
9,7,2002,2002-12-03,0.21,0.2361419
9,7,2002,2002-12-11,0.22,0.24741441
9,7,2002,2002-12-19,0.2,0.25426558
9,7,2002,2002-12-27,0.19,0.23114406
9,7,2003,2003-07-04,0.21,0.2246347
9,7,2003,2003-07-12,0.21,0.23055167
9,7,2003,2003-07-20,0.2,0.24053483
9,7,2003,2003-07-28,0.19,0.23376364
9,7,2003,2003-08-05,0.2,0.22002812
9,7,2003,2003-08-13,0.2,0.22619216
9,7,2003,2003-08-21,0.2,0.24148658
9,7,2003,2003-08-29,0.23,0.24083878
9,7,2003,2003-09-06,0.25,0.26292843
9,7,2003,2003-09-14,0.26,0.27858692
9,7,2003,2003-09-22,0.31,0.28925228
9,7,2003,2003-09-30,0.26,0.34598377
9,7,2003,2003-10-08,0.24,0.29097092
9,7,2003,2003-10-16,0.24,0.24959774
9,7,2003,2003-10-24,0.21,0.24406724
9,7,2003,2003-11-01,0.2,0.22527158
9,7,2003,2003-11-09,0.19,0.21441005
9,7,2003,2003-11-17,0.22,0.20739283
9,7,2003,2003-11-25,0.26,0.25520208
9,7,2003,2003-12-03,0.14,0.29113683
9,7,2003,2003-12-11,0.21,0.19082907
9,7,2003,2003-12-19,0.19,0.23356526
9,7,2003,2003-12-27,0.19,0.22918351
9,7,2004,2004-07-03,0.21,0.20980303
9,7,2004,2004-07-11,0.2,0.23591654
9,7,2004,2004-07-19,0.19,0.23465344
9,7,2004,2004-07-27,0.18,0.2210704
9,7,2004,2004-08-04,0.18,0.21003577
9,7,2004,2004-08-12,0.2,0.21570902
9,7,2004,2004-08-20,0.21,0.23675004
9,7,2004,2004-08-28,0.26,0.24735594
9,7,2004,2004-09-05,0.26,0.30080122
9,7,2004,2004-09-13,0.28,0.30420187
9,7,2004,2004-09-21,0.28,0.3105838
9,7,2004,2004-09-29,0.25,0.3180421
9,7,2004,2004-10-07,0.27,0.26902226
9,7,2004,2004-10-15,0.23,0.27465135
9,7,2004,2004-10-23,0.2,0.24825156
9,7,2004,2004-10-31,0.21,0.21391597
9,7,2004,2004-11-08,0.21,0.22650443
9,7,2004,2004-11-16,0.18,0.2350606
9,7,2004,2004-11-24,0.22,0.21944733
9,7,2004,2004-12-02,0.21,0.2669326
9,7,2004,2004-12-10,0.19,0.2274124
9,7,2004,2004-12-18,0.21,0.22195202
9,7,2004,2004-12-26,0.2,0.2365937
9,7,2005,2005-07-04,0.24,0.24134776
9,7,2005,2005-07-12,0.23,0.24815178
9,7,2005,2005-07-20,0.22,0.24737212
9,7,2005,2005-07-28,0.15,0.23725393
9,7,2005,2005-08-05,0.23,0.17734732
9,7,2005,2005-08-13,0.19,0.24820864
9,7,2005,2005-08-21,0.2,0.233533
9,7,2005,2005-08-29,0.24,0.23638457
9,7,2005,2005-09-06,0.25,0.2888143
9,7,2005,2005-09-14,0.28,0.2989816
9,7,2005,2005-09-22,0.29,0.32004663
9,7,2005,2005-09-30,0.33,0.32099262
9,7,2005,2005-10-08,0.3,0.33962718
9,7,2005,2005-10-16,0.25,0.31171826
9,7,2005,2005-10-24,0.25,0.24825555
9,7,2005,2005-11-01,0.23,0.24122702
9,7,2005,2005-11-09,0.2,0.24169366
9,7,2005,2005-11-17,0.21,0.22243854
9,7,2005,2005-11-25,0.19,0.2256657
9,7,2005,2005-12-03,0.19,0.22733834
9,7,2005,2005-12-11,0.2,0.22518238
9,7,2005,2005-12-19,0.21,0.22991285
9,7,2005,2005-12-27,0.22,0.24658501
9,7,2006,2006-07-04,0.23,0.27113062
9,7,2006,2006-07-12,0.2,0.26568106
9,7,2006,2006-07-20,0.19,0.23008229
9,7,2006,2006-07-28,0.2,0.216753
9,7,2006,2006-08-05,0.22,0.21190514
9,7,2006,2006-08-13,0.23,0.26135427
9,7,2006,2006-08-21,0.23,0.26081818
9,7,2006,2006-08-29,0.27,0.2579086
9,7,2006,2006-09-06,0.26,0.30366766
9,7,2006,2006-09-14,0.29,0.29745725
9,7,2006,2006-09-22,0.26,0.3207996
9,7,2006,2006-09-30,0.27,0.29218796
9,7,2006,2006-10-08,0.26,0.30278477
9,7,2006,2006-10-16,0.19,0.28669065
9,7,2006,2006-10-24,0.19,0.20924985
9,7,2006,2006-11-01,0.2,0.20807108
9,7,2006,2006-11-09,0.21,0.23101236
9,7,2006,2006-11-17,0.23,0.23971026
9,7,2006,2006-11-25,0.22,0.26144397
9,7,2006,2006-12-03,0.19,0.24665312
9,7,2006,2006-12-11,0.2,0.21532583
9,7,2006,2006-12-19,0.18,0.22706364
9,7,2006,2006-12-27,0.18,0.21900737
9,7,2007,2007-07-04,0.2,0.2904467
9,7,2007,2007-07-12,0.21,0.23592575
9,7,2007,2007-07-20,0.19,0.2229893
9,7,2007,2007-07-28,0.16,0.21288604
9,7,2007,2007-08-05,0.16,0.19466718
9,7,2007,2007-08-13,0.2,0.20353071
9,7,2007,2007-08-21,0.17,0.24825487
9,7,2007,2007-08-29,0.24,0.2234103
9,7,2007,2007-09-06,0.24,0.2928471
9,7,2007,2007-09-14,0.24,0.2919411
9,7,2007,2007-09-22,0.27,0.28670478
9,7,2007,2007-09-30,0.26,0.29736748
9,7,2007,2007-10-08,0.27,0.29009047
9,7,2007,2007-10-16,0.26,0.2897712
9,7,2007,2007-10-24,0.19,0.26077884
9,7,2007,2007-11-01,0.21,0.19969216
9,7,2007,2007-11-09,0.19,0.22342752
9,7,2007,2007-11-17,0.21,0.22553897
9,7,2007,2007-11-25,0.2,0.25007826
9,7,2007,2007-12-03,0.21,0.23940597
9,7,2007,2007-12-11,0.22,0.23575129
9,7,2007,2007-12-19,0.19,0.24875079
9,7,2007,2007-12-27,0.19,0.2174455
9,7,2008,2008-07-03,0.2,0.2612267
9,7,2008,2008-07-11,0.2,0.22813556
9,7,2008,2008-07-19,0.18,0.22641626
9,7,2008,2008-07-27,0.18,0.2080756
9,7,2008,2008-08-04,0.2,0.20203187
9,7,2008,2008-08-12,0.22,0.22419955
9,7,2008,2008-08-20,0.25,0.25910395
9,7,2008,2008-08-28,0.26,0.27607343
9,7,2008,2008-09-05,0.29,0.30063418
9,7,2008,2008-09-13,0.26,0.3204176
9,7,2008,2008-09-21,0.24,0.2837988
9,7,2008,2008-09-29,0.26,0.26232165
9,7,2008,2008-10-07,0.23,0.28143016
9,7,2008,2008-10-15,0.21,0.26268044
9,7,2008,2008-10-23,0.3,0.23744985
9,7,2008,2008-10-31,0.21,0.3044833
9,7,2008,2008-11-08,0.19,0.24123326
9,7,2008,2008-11-16,0.2,0.19925624
9,7,2008,2008-11-24,0.22,0.22637352
9,7,2008,2008-12-02,0.3,0.2522448
9,7,2008,2008-12-10,0.24,0.3328135
9,7,2008,2008-12-18,0.22,0.27782804
9,7,2008,2008-12-26,0.26,0.22593194
9,7,2009,2009-07-04,0.17,0.2233396
9,7,2009,2009-07-12,0.16,0.20172253
9,7,2009,2009-07-20,0.18,0.19440931
9,7,2009,2009-07-28,0.17,0.21175234
9,7,2009,2009-08-05,0.18,0.20767696
9,7,2009,2009-08-13,0.2,0.22129054
9,7,2009,2009-08-21,0.2,0.24626112
9,7,2009,2009-08-29,0.29,0.25434807
9,7,2009,2009-09-06,0.29,0.3376722
9,7,2009,2009-09-14,0.29,0.34368944
9,7,2009,2009-09-22,0.27,0.30814958
9,7,2009,2009-09-30,0.28,0.2741533
9,7,2009,2009-10-08,0.26,0.2905366
9,7,2009,2009-10-16,0.23,0.27087727
9,7,2009,2009-10-24,0.21,0.23665708
9,7,2009,2009-11-01,0.2,0.24924636
9,7,2009,2009-11-09,0.21,0.22304463
9,7,2009,2009-11-17,0.23,0.22795913
9,7,2009,2009-11-25,0.21,0.25628337
9,7,2009,2009-12-03,0.2,0.24782652
9,7,2009,2009-12-11,0.23,0.2567058
9,7,2009,2009-12-19,0.2,0.2654715
9,7,2009,2009-12-27,0.19,0.23269467
9,7,2010,2010-07-04,0.21,0.2266962
9,7,2010,2010-07-12,0.28,0.20220405
9,7,2010,2010-07-20,0.21,0.2791556
9,7,2010,2010-07-28,0.18,0.23949508
9,7,2010,2010-08-05,0.19,0.19489868
9,7,2010,2010-08-13,0.19,0.2132255
9,7,2010,2010-08-21,0.18,0.22843835
9,7,2010,2010-08-29,0.21,0.21971759
9,7,2010,2010-09-06,0.24,0.2729129
9,7,2010,2010-09-14,0.33,0.30112338
9,7,2010,2010-09-22,0.27,0.3799745
9,7,2010,2010-09-30,0.32,0.30414388
9,7,2010,2010-10-08,0.4,0.3245487
9,7,2010,2010-10-16,0.28,0.40521517
9,7,2010,2010-10-24,0.27,0.28435326
9,7,2010,2010-11-01,0.2,0.24418092
9,7,2010,2010-11-09,0.23,0.1993056
9,7,2010,2010-11-17,0.23,0.24082486
9,7,2010,2010-11-25,0.21,0.26448298
9,7,2010,2010-12-03,0.16,0.24001212
9,7,2010,2010-12-11,0.22,0.18891612
9,7,2010,2010-12-19,0.23,0.25407493
9,7,2010,2010-12-27,0.23,0.2667008
9,7,2011,2011-07-04,0.2,0.20982572
9,7,2011,2011-07-12,0.2,0.21285377
9,7,2011,2011-07-20,0.2,0.24781299
9,7,2011,2011-07-28,0.19,0.23343006
9,7,2011,2011-08-05,0.22,0.21317635
9,7,2011,2011-08-13,0.2,0.24505267
9,7,2011,2011-08-21,0.23,0.23346594
9,7,2011,2011-08-29,0.24,0.25282532
9,7,2011,2011-09-06,0.26,0.27366984
9,7,2011,2011-09-14,0.25,0.29785538
9,7,2011,2011-09-22,0.26,0.30852443
9,7,2011,2011-09-30,0.24,0.28952643
9,7,2011,2011-10-08,0.25,0.27867633
9,7,2011,2011-10-16,0.21,0.31035718
9,7,2011,2011-10-24,0.19,0.24165693
9,7,2011,2011-11-01,0.21,0.21093874
9,7,2011,2011-11-09,0.21,0.22117087
9,7,2011,2011-11-17,0.19,0.24561997
9,7,2011,2011-11-25,0.2,0.22951913
9,7,2011,2011-12-03,0.2,0.23079015
9,7,2011,2011-12-11,0.22,0.21908674
9,7,2011,2011-12-19,0.2,0.25748515
9,7,2011,2011-12-27,0.17,0.24442354
9,7,2012,2012-07-03,0.2,0.23254772
9,7,2012,2012-07-11,0.2,0.22970371
9,7,2012,2012-07-19,0.18,0.22973165
9,7,2012,2012-07-27,0.19,0.21429875
9,7,2012,2012-08-04,0.21,0.22016068
9,7,2012,2012-08-12,0.21,0.25150108
9,7,2012,2012-08-20,0.2,0.24618186
9,7,2012,2012-08-28,0.21,0.24062285
9,7,2012,2012-09-05,0.29,0.25033027
9,7,2012,2012-09-13,0.31,0.33442396
9,7,2012,2012-09-21,0.22,0.34899983
9,7,2012,2012-09-29,0.19,0.24848579
9,7,2012,2012-10-07,0.21,0.20123127
9,7,2012,2012-10-15,0.19,0.23686999
9,7,2012,2012-10-23,0.22,0.22254008
9,7,2012,2012-10-31,0.2,0.24242878
9,7,2012,2012-11-08,0.17,0.23558846
9,7,2012,2012-11-16,0.23,0.20679362
9,7,2012,2012-11-24,0.2,0.25474465
9,7,2012,2012-12-02,0.22,0.2388669
9,7,2012,2012-12-10,0.31,0.24841239
9,7,2012,2012-12-18,0.21,0.3428119
9,7,2012,2012-12-26,0.26,0.25016382
9,8,2001,2001-07-04,0.11,0.13926959
9,8,2001,2001-07-12,0.11,0.1519217
9,8,2001,2001-07-20,0.1,0.15374738
9,8,2001,2001-07-28,0.14,0.13935871
9,8,2001,2001-08-05,0.13,0.18263061
9,8,2001,2001-08-13,0.19,0.16439953
9,8,2001,2001-08-21,0.19,0.22296102
9,8,2001,2001-08-29,0.25,0.23948492
9,8,2001,2001-09-06,0.39,0.34380585
9,8,2001,2001-09-14,0.4,0.44702536
9,8,2001,2001-09-22,0.5,0.45043808
9,8,2001,2001-09-30,0.4,0.54344475
9,8,2001,2001-10-08,0.3,0.43406206
9,8,2001,2001-10-16,0.19,0.2730892
9,8,2001,2001-10-24,0.15,0.1597918
9,8,2001,2001-11-01,0.1,0.14310673
9,8,2001,2001-11-09,0.15,0.13261984
9,8,2001,2001-11-17,0.1,0.16848078
9,8,2001,2001-11-25,0.11,0.13460512
9,8,2001,2001-12-03,0.12,0.1467752
9,8,2001,2001-12-11,0.11,0.15016498
9,8,2001,2001-12-19,0.1,0.1466173
9,8,2001,2001-12-27,0.06,0.140253
9,8,2002,2002-07-04,0.18,0.19335546
9,8,2002,2002-07-12,0.17,0.17319341
9,8,2002,2002-07-20,0.16,0.1861052
9,8,2002,2002-07-28,0.15,0.18187141
9,8,2002,2002-08-05,0.15,0.18679614
9,8,2002,2002-08-13,0.19,0.1845496
9,8,2002,2002-08-21,0.19,0.23935007
9,8,2002,2002-08-29,0.16,0.2387605
9,8,2002,2002-09-06,0.19,0.22453876
9,8,2002,2002-09-14,0.29,0.28761256
9,8,2002,2002-09-22,0.49,0.38456044
9,8,2002,2002-09-30,0.48,0.58800447
9,8,2002,2002-10-08,0.51,0.49316898
9,8,2002,2002-10-16,0.38,0.4609612
9,8,2002,2002-10-24,0.22,0.32984716
9,8,2002,2002-11-01,0.14,0.1918451
9,8,2002,2002-11-09,0.12,0.12483859
9,8,2002,2002-11-17,0.15,0.14871748
9,8,2002,2002-11-25,0.12,0.17509043
9,8,2002,2002-12-03,0.14,0.15770972
9,8,2002,2002-12-11,0.1,0.17565553
9,8,2002,2002-12-19,0.12,0.14117193
9,8,2002,2002-12-27,0.11,0.15481311
9,8,2003,2003-07-04,0.24,0.1651862
9,8,2003,2003-07-12,0.23,0.21228413
9,8,2003,2003-07-20,0.19,0.24628179
9,8,2003,2003-07-28,0.2,0.21560802
9,8,2003,2003-08-05,0.18,0.21762186
9,8,2003,2003-08-13,0.17,0.20811553
9,8,2003,2003-08-21,0.19,0.2120283
9,8,2003,2003-08-29,0.19,0.23104435
9,8,2003,2003-09-06,0.25,0.22380902
9,8,2003,2003-09-14,0.28,0.28518778
9,8,2003,2003-09-22,0.51,0.3455088
9,8,2003,2003-09-30,0.54,0.60071605
9,8,2003,2003-10-08,0.5,0.5676602
9,8,2003,2003-10-16,0.57,0.49590054
9,8,2003,2003-10-24,0.31,0.534546
9,8,2003,2003-11-01,0.26,0.29775894
9,8,2003,2003-11-09,0.14,0.20084849
9,8,2003,2003-11-17,0.14,0.11669046
9,8,2003,2003-11-25,0.16,0.16125587
9,8,2003,2003-12-03,0.08,0.1886153
9,8,2003,2003-12-11,0.15,0.1333799
9,8,2003,2003-12-19,0.1,0.1767264
9,8,2003,2003-12-27,0.1,0.14518723
9,8,2004,2004-07-03,0.29,0.20829754
9,8,2004,2004-07-11,0.27,0.27954435
9,8,2004,2004-07-19,0.29,0.29730767
9,8,2004,2004-07-27,0.27,0.29470557
9,8,2004,2004-08-04,0.21,0.28018376
9,8,2004,2004-08-12,0.25,0.22346899
9,8,2004,2004-08-20,0.22,0.2548244
9,8,2004,2004-08-28,0.29,0.24931
9,8,2004,2004-09-05,0.35,0.31070855
9,8,2004,2004-09-13,0.43,0.38980398
9,8,2004,2004-09-21,0.53,0.45655045
9,8,2004,2004-09-29,0.58,0.5765068
9,8,2004,2004-10-07,0.51,0.59789705
9,8,2004,2004-10-15,0.32,0.51902837
9,8,2004,2004-10-23,0.29,0.35476387
9,8,2004,2004-10-31,0.2,0.23069188
9,8,2004,2004-11-08,0.24,0.16415682
9,8,2004,2004-11-16,0.19,0.20260735
9,8,2004,2004-11-24,0.22,0.19971389
9,8,2004,2004-12-02,0.19,0.23856987
9,8,2004,2004-12-10,0.16,0.19948843
9,8,2004,2004-12-18,0.19,0.19049391
9,8,2004,2004-12-26,0.18,0.20476031
9,8,2005,2005-07-04,0.37,0.37893707
9,8,2005,2005-07-12,0.3,0.35575095
9,8,2005,2005-07-20,0.29,0.29365343
9,8,2005,2005-07-28,0.23,0.28999177
9,8,2005,2005-08-05,0.24,0.24553528
9,8,2005,2005-08-13,0.27,0.24286145
9,8,2005,2005-08-21,0.23,0.29610705
9,8,2005,2005-08-29,0.26,0.26145178
9,8,2005,2005-09-06,0.23,0.29934743
9,8,2005,2005-09-14,0.24,0.2950722
9,8,2005,2005-09-22,0.35,0.3197883
9,8,2005,2005-09-30,0.44,0.4480399
9,8,2005,2005-10-08,0.56,0.5253455
9,8,2005,2005-10-16,0.54,0.5739147
9,8,2005,2005-10-24,0.59,0.50396025
9,8,2005,2005-11-01,0.37,0.5308072
9,8,2005,2005-11-09,0.28,0.3348838
9,8,2005,2005-11-17,0.27,0.24869609
9,8,2005,2005-11-25,0.22,0.22285984
9,8,2005,2005-12-03,0.2,0.23331489
9,8,2005,2005-12-11,0.21,0.21697958
9,8,2005,2005-12-19,0.21,0.22571285
9,8,2005,2005-12-27,0.21,0.242659
9,8,2006,2006-07-04,0.32,0.35368225
9,8,2006,2006-07-12,0.31,0.30086714
9,8,2006,2006-07-20,0.25,0.28584692
9,8,2006,2006-07-28,0.22,0.255248
9,8,2006,2006-08-05,0.23,0.22187497
9,8,2006,2006-08-13,0.24,0.24786602
9,8,2006,2006-08-21,0.24,0.2826384
9,8,2006,2006-08-29,0.28,0.2735154
9,8,2006,2006-09-06,0.33,0.31427875
9,8,2006,2006-09-14,0.38,0.35401654
9,8,2006,2006-09-22,0.55,0.39395338
9,8,2006,2006-09-30,0.58,0.567905
9,8,2006,2006-10-08,0.56,0.58153003
9,8,2006,2006-10-16,0.39,0.57547796
9,8,2006,2006-10-24,0.36,0.4273159
9,8,2006,2006-11-01,0.24,0.36923885
9,8,2006,2006-11-09,0.23,0.20930755
9,8,2006,2006-11-17,0.2,0.20134236
9,8,2006,2006-11-25,0.19,0.19802678
9,8,2006,2006-12-03,0.17,0.2144701
9,8,2006,2006-12-11,0.15,0.20217074
9,8,2006,2006-12-19,0.19,0.19417544
9,8,2006,2006-12-27,0.18,0.23454559
9,8,2007,2007-07-04,0.22,0.35313755
9,8,2007,2007-07-12,0.24,0.19934104
9,8,2007,2007-07-20,0.23,0.23355822
9,8,2007,2007-07-28,0.21,0.23254447
9,8,2007,2007-08-05,0.21,0.2333187
9,8,2007,2007-08-13,0.22,0.2402555
9,8,2007,2007-08-21,0.22,0.26066867
9,8,2007,2007-08-29,0.24,0.26306695
9,8,2007,2007-09-06,0.25,0.29056597
9,8,2007,2007-09-14,0.32,0.3134191
9,8,2007,2007-09-22,0.51,0.3871827
9,8,2007,2007-09-30,0.57,0.5962295
9,8,2007,2007-10-08,0.64,0.59930646
9,8,2007,2007-10-16,0.51,0.6307163
9,8,2007,2007-10-24,0.25,0.4884984
9,8,2007,2007-11-01,0.28,0.24655673
9,8,2007,2007-11-09,0.17,0.19710714
9,8,2007,2007-11-17,0.22,0.15801837
9,8,2007,2007-11-25,0.18,0.2271458
9,8,2007,2007-12-03,0.18,0.21389207
9,8,2007,2007-12-11,0.18,0.20867498
9,8,2007,2007-12-19,0.09,0.2068046
9,8,2007,2007-12-27,0.09,0.14782059
9,8,2008,2008-07-03,0.22,0.23562911
9,8,2008,2008-07-11,0.21,0.21058597
9,8,2008,2008-07-19,0.22,0.22302808
9,8,2008,2008-07-27,0.22,0.24727078
9,8,2008,2008-08-04,0.19,0.25292796
9,8,2008,2008-08-12,0.19,0.2256534
9,8,2008,2008-08-20,0.24,0.22789057
9,8,2008,2008-08-28,0.28,0.27881578
9,8,2008,2008-09-05,0.44,0.3261382
9,8,2008,2008-09-13,0.44,0.47432506
9,8,2008,2008-09-21,0.5,0.46562123
9,8,2008,2008-09-29,0.52,0.53237736
9,8,2008,2008-10-07,0.51,0.55961514
9,8,2008,2008-10-15,0.33,0.55216354
9,8,2008,2008-10-23,0.27,0.36351967
9,8,2008,2008-10-31,0.24,0.20523894
9,8,2008,2008-11-08,0.23,0.1877743
9,8,2008,2008-11-16,0.17,0.21294138
9,8,2008,2008-11-24,0.17,0.20065156
9,8,2008,2008-12-02,0.2,0.19623958
9,8,2008,2008-12-10,0.15,0.23338217
9,8,2008,2008-12-18,0.17,0.19478036
9,8,2008,2008-12-26,0.18,0.18125945
9,8,2009,2009-07-04,0.18,0.20486623
9,8,2009,2009-07-12,0.22,0.19519946
9,8,2009,2009-07-20,0.22,0.2411071
9,8,2009,2009-07-28,0.19,0.25960284
9,8,2009,2009-08-05,0.2,0.23280342
9,8,2009,2009-08-13,0.21,0.2278887
9,8,2009,2009-08-21,0.21,0.24197774
9,8,2009,2009-08-29,0.29,0.25939214
9,8,2009,2009-09-06,0.42,0.34496424
9,8,2009,2009-09-14,0.47,0.51120126
9,8,2009,2009-09-22,0.44,0.51335484
9,8,2009,2009-09-30,0.58,0.46007144
9,8,2009,2009-10-08,0.55,0.5912464
9,8,2009,2009-10-16,0.41,0.55521005
9,8,2009,2009-10-24,0.27,0.39632928
9,8,2009,2009-11-01,0.26,0.22208624
9,8,2009,2009-11-09,0.21,0.20659617
9,8,2009,2009-11-17,0.13,0.21284664
9,8,2009,2009-11-25,0.19,0.1542012
9,8,2009,2009-12-03,0.14,0.21064307
9,8,2009,2009-12-11,0.15,0.19352415
9,8,2009,2009-12-19,0.14,0.18579113
9,8,2009,2009-12-27,0.1,0.18460436
9,8,2010,2010-07-04,0.38,0.5365433
9,8,2010,2010-07-12,0.54,0.3621219
9,8,2010,2010-07-20,0.35,0.4678083
9,8,2010,2010-07-28,0.29,0.32697847
9,8,2010,2010-08-05,0.3,0.25418252
9,8,2010,2010-08-13,0.22,0.2649871
9,8,2010,2010-08-21,0.19,0.23544581
9,8,2010,2010-08-29,0.24,0.20927896
9,8,2010,2010-09-06,0.22,0.28871349
9,8,2010,2010-09-14,0.23,0.31978408
9,8,2010,2010-09-22,0.22,0.32969058
9,8,2010,2010-09-30,0.31,0.29773408
9,8,2010,2010-10-08,0.49,0.41525814
9,8,2010,2010-10-16,0.51,0.56755763
9,8,2010,2010-10-24,0.59,0.501235
9,8,2010,2010-11-01,0.56,0.53250355
9,8,2010,2010-11-09,0.43,0.5050459
9,8,2010,2010-11-17,0.38,0.39076126
9,8,2010,2010-11-25,0.31,0.3058961
9,8,2010,2010-12-03,0.17,0.26828825
9,8,2010,2010-12-11,0.15,0.1720654
9,8,2010,2010-12-19,0.12,0.1590401
9,8,2010,2010-12-27,0.14,0.15492211
9,8,2011,2011-07-04,0.3,0.36207014
9,8,2011,2011-07-12,0.28,0.28065324
9,8,2011,2011-07-20,0.22,0.28554785
9,8,2011,2011-07-28,0.22,0.2371689
9,8,2011,2011-08-05,0.22,0.22334921
9,8,2011,2011-08-13,0.24,0.24592125
9,8,2011,2011-08-21,0.24,0.26315355
9,8,2011,2011-08-29,0.19,0.2577312
9,8,2011,2011-09-06,0.2,0.22936115
9,8,2011,2011-09-14,0.22,0.23292467
9,8,2011,2011-09-22,0.4,0.26111138
9,8,2011,2011-09-30,0.52,0.4340819
9,8,2011,2011-10-08,0.59,0.5619245
9,8,2011,2011-10-16,0.46,0.60250694
9,8,2011,2011-10-24,0.43,0.48975715
9,8,2011,2011-11-01,0.4,0.4582917
9,8,2011,2011-11-09,0.33,0.4031095
9,8,2011,2011-11-17,0.29,0.32661292
9,8,2011,2011-11-25,0.2,0.27196443
9,8,2011,2011-12-03,0.2,0.19645622
9,8,2011,2011-12-11,0.13,0.18042766
9,8,2011,2011-12-19,0.15,0.14679465
9,8,2011,2011-12-27,0.14,0.16917793
9,8,2012,2012-07-03,0.21,0.20782492
9,8,2012,2012-07-11,0.24,0.20263255
9,8,2012,2012-07-19,0.21,0.26021934
9,8,2012,2012-07-27,0.21,0.23832487
9,8,2012,2012-08-04,0.2,0.23636852
9,8,2012,2012-08-12,0.22,0.23512489
9,8,2012,2012-08-20,0.18,0.26312596
9,8,2012,2012-08-28,0.18,0.23002356
9,8,2012,2012-09-05,0.28,0.21007827
9,8,2012,2012-09-13,0.49,0.31006634
9,8,2012,2012-09-21,0.43,0.5291822
9,8,2012,2012-09-29,0.5,0.47898936
9,8,2012,2012-10-07,0.5,0.52825737
9,8,2012,2012-10-15,0.49,0.54058415
9,8,2012,2012-10-23,0.34,0.49467486
9,8,2012,2012-10-31,0.26,0.33727926
9,8,2012,2012-11-08,0.23,0.24537915
9,8,2012,2012-11-16,0.23,0.2127867
9,8,2012,2012-11-24,0.18,0.23887268
9,8,2012,2012-12-02,0.19,0.19545944
9,8,2012,2012-12-10,0.19,0.21101372
9,8,2012,2012-12-18,0.18,0.20582364
9,8,2012,2012-12-26,0.24,0.20817544
10,0,2001,2001-07-04,0.04,0.079536825
10,0,2001,2001-07-12,0.0,0.09159234
10,0,2001,2001-07-20,0.0,0.034325898
10,0,2001,2001-07-28,0.0,0.037757397
10,0,2001,2001-08-05,0.0,0.041285694
10,0,2001,2001-08-13,0.0,0.03374803
10,0,2001,2001-08-21,0.01,0.03438267
10,0,2001,2001-08-29,0.03,0.050783128
10,0,2001,2001-09-06,0.06,0.06741372
10,0,2001,2001-09-14,0.07,0.084925115
10,0,2001,2001-09-22,0.2,0.13082351
10,0,2001,2001-09-30,0.35,0.33818874
10,0,2001,2001-10-08,0.31,0.5014387
10,0,2001,2001-10-16,0.36,0.38676298
10,0,2001,2001-10-24,0.29,0.33197922
10,0,2001,2001-11-01,0.29,0.30700353
10,0,2001,2001-11-09,0.26,0.2827776
10,0,2001,2001-11-17,0.22,0.24671173
10,0,2001,2001-11-25,0.17,0.22597894
10,0,2001,2001-12-03,0.09,0.16862005
10,0,2001,2001-12-11,0.16,0.0771687
10,0,2001,2001-12-19,0.13,0.16838993
10,0,2001,2001-12-27,0.04,0.13518202
10,0,2002,2002-07-04,0.01,0.061068386
10,0,2002,2002-07-12,0.04,0.050741285
10,0,2002,2002-07-20,0.0,0.06447068
10,0,2002,2002-07-28,0.01,0.02744481
10,0,2002,2002-08-05,0.0,0.040121853
10,0,2002,2002-08-13,0.0,0.030447006
10,0,2002,2002-08-21,0.0,0.03544858
10,0,2002,2002-08-29,0.0,0.03772217
10,0,2002,2002-09-06,0.01,0.044192225
10,0,2002,2002-09-14,0.04,0.060850143
10,0,2002,2002-09-22,0.14,0.08717728
10,0,2002,2002-09-30,0.17,0.2261832
10,0,2002,2002-10-08,0.32,0.3126457
10,0,2002,2002-10-16,0.28,0.43279788
10,0,2002,2002-10-24,0.3,0.34283394
10,0,2002,2002-11-01,0.24,0.2599521
10,0,2002,2002-11-09,0.22,0.22830561
10,0,2002,2002-11-17,0.25,0.19354223
10,0,2002,2002-11-25,0.26,0.22439314
10,0,2002,2002-12-03,0.22,0.2298438
10,0,2002,2002-12-11,0.14,0.16814062
10,0,2002,2002-12-19,0.12,0.12108129
10,0,2002,2002-12-27,0.07,0.10663253
10,0,2003,2003-07-04,0.02,0.05385539
10,0,2003,2003-07-12,0.05,0.05039805
10,0,2003,2003-07-20,0.02,0.082699925
10,0,2003,2003-07-28,0.03,0.043984532
10,0,2003,2003-08-05,0.01,0.056349993
10,0,2003,2003-08-13,0.02,0.032372415
10,0,2003,2003-08-21,0.0,0.04776317
10,0,2003,2003-08-29,0.01,0.029381424
10,0,2003,2003-09-06,0.03,0.04242134
10,0,2003,2003-09-14,0.06,0.060219347
10,0,2003,2003-09-22,0.05,0.0948199
10,0,2003,2003-09-30,0.19,0.11340356
10,0,2003,2003-10-08,0.25,0.25811392
10,0,2003,2003-10-16,0.19,0.3863169
10,0,2003,2003-10-24,0.26,0.27163857
10,0,2003,2003-11-01,0.2,0.26711923
10,0,2003,2003-11-09,0.13,0.19415465
10,0,2003,2003-11-17,0.15,0.11579256
10,0,2003,2003-11-25,0.18,0.15624063
10,0,2003,2003-12-03,0.1,0.21278031
10,0,2003,2003-12-11,0.1,0.138778
10,0,2003,2003-12-19,0.07,0.097302526
10,0,2003,2003-12-27,0.01,0.07995102
10,0,2004,2004-07-03,0.01,0.045391113
10,0,2004,2004-07-11,0.04,0.04370129
10,0,2004,2004-07-19,0.01,0.08082107
10,0,2004,2004-07-27,0.0,0.043301493
10,0,2004,2004-08-04,0.0,0.039094537
10,0,2004,2004-08-12,0.01,0.031120837
10,0,2004,2004-08-20,0.01,0.04764849
10,0,2004,2004-08-28,0.01,0.040476054
10,0,2004,2004-09-05,0.1,0.044590026
10,0,2004,2004-09-13,0.17,0.12844458
10,0,2004,2004-09-21,0.22,0.20860183
10,0,2004,2004-09-29,0.22,0.26061937
10,0,2004,2004-10-07,0.24,0.27375332
10,0,2004,2004-10-15,0.18,0.2735346
10,0,2004,2004-10-23,0.17,0.18178532
10,0,2004,2004-10-31,0.16,0.17316808
10,0,2004,2004-11-08,0.17,0.15755391
10,0,2004,2004-11-16,0.12,0.15861732
10,0,2004,2004-11-24,0.05,0.1249807
10,0,2004,2004-12-02,0.08,0.07715288
10,0,2004,2004-12-10,0.0,0.087789804
10,0,2004,2004-12-18,0.01,0.035066158
10,0,2004,2004-12-26,0.01,0.043525875
10,0,2005,2005-07-04,0.0,0.045710653
10,0,2005,2005-07-12,0.02,0.03404036
10,0,2005,2005-07-20,0.08,0.06370315
10,0,2005,2005-07-28,0.0,0.10235304
10,0,2005,2005-08-05,0.0,0.034659
10,0,2005,2005-08-13,0.0,0.029843897
10,0,2005,2005-08-21,0.0,0.03113535
10,0,2005,2005-08-29,0.01,0.038291216
10,0,2005,2005-09-06,0.01,0.046513677
10,0,2005,2005-09-14,0.03,0.07200688
10,0,2005,2005-09-22,0.01,0.1085192
10,0,2005,2005-09-30,0.09,0.10210627
10,0,2005,2005-10-08,0.15,0.16942869
10,0,2005,2005-10-16,0.18,0.23138313
10,0,2005,2005-10-24,0.3,0.24027878
10,0,2005,2005-11-01,0.26,0.33814025
10,0,2005,2005-11-09,0.21,0.27249005
10,0,2005,2005-11-17,0.29,0.17640533
10,0,2005,2005-11-25,0.24,0.245235
10,0,2005,2005-12-03,0.19,0.19567008
10,0,2005,2005-12-11,0.15,0.14093536
10,0,2005,2005-12-19,0.12,0.100122124
10,0,2005,2005-12-27,0.12,0.090543866
10,0,2006,2006-07-04,0.03,0.052445948
10,0,2006,2006-07-12,0.0,0.056405693
10,0,2006,2006-07-20,0.0,0.035240114
10,0,2006,2006-07-28,0.0,0.055422574
10,0,2006,2006-08-05,0.0,0.030298948
10,0,2006,2006-08-13,0.05,0.034813136
10,0,2006,2006-08-21,0.02,0.074530125
10,0,2006,2006-08-29,0.03,0.04796973
10,0,2006,2006-09-06,0.03,0.058891535
10,0,2006,2006-09-14,0.04,0.053503633
10,0,2006,2006-09-22,0.16,0.07074261
10,0,2006,2006-09-30,0.1,0.17258729
10,0,2006,2006-10-08,0.21,0.15014261
10,0,2006,2006-10-16,0.24,0.2572935
10,0,2006,2006-10-24,0.27,0.29459524
10,0,2006,2006-11-01,0.18,0.3368286
10,0,2006,2006-11-09,0.18,0.19389454
10,0,2006,2006-11-17,0.17,0.15107735
10,0,2006,2006-11-25,0.11,0.18902472
10,0,2006,2006-12-03,0.08,0.13157775
10,0,2006,2006-12-11,0.08,0.092936784
10,0,2006,2006-12-19,0.13,0.09301832
10,0,2006,2006-12-27,0.02,0.14427121
10,0,2007,2007-07-04,0.0,0.053536296
10,0,2007,2007-07-12,0.0,0.039656162
10,0,2007,2007-07-20,0.0,0.031220615
10,0,2007,2007-07-28,0.01,0.03300658
10,0,2007,2007-08-05,0.01,0.042616934
10,0,2007,2007-08-13,0.01,0.042428106
10,0,2007,2007-08-21,0.01,0.05704096
10,0,2007,2007-08-29,0.08,0.045617014
10,0,2007,2007-09-06,0.06,0.11053762
10,0,2007,2007-09-14,0.05,0.08690637
10,0,2007,2007-09-22,0.13,0.07792902
10,0,2007,2007-09-30,0.09,0.18361874
10,0,2007,2007-10-08,0.22,0.13661946
10,0,2007,2007-10-16,0.3,0.29178405
10,0,2007,2007-10-24,0.19,0.38065502
10,0,2007,2007-11-01,0.17,0.2534723
10,0,2007,2007-11-09,0.17,0.12998083
10,0,2007,2007-11-17,0.2,0.15627754
10,0,2007,2007-11-25,0.2,0.19937758
10,0,2007,2007-12-03,0.11,0.19068436
10,0,2007,2007-12-11,0.13,0.09925905
10,0,2007,2007-12-19,0.07,0.11184859
10,0,2007,2007-12-27,0.01,0.091928214
10,0,2008,2008-07-03,0.02,0.06002593
10,0,2008,2008-07-11,0.0,0.041968614
10,0,2008,2008-07-19,0.01,0.030287653
10,0,2008,2008-07-27,0.02,0.0397847
10,0,2008,2008-08-04,0.02,0.051751018
10,0,2008,2008-08-12,0.02,0.051883817
10,0,2008,2008-08-20,0.06,0.050415903
10,0,2008,2008-08-28,0.01,0.08314887
10,0,2008,2008-09-05,0.05,0.058690608
10,0,2008,2008-09-13,0.13,0.08645022
10,0,2008,2008-09-21,0.04,0.1529515
10,0,2008,2008-09-29,0.18,0.10277459
10,0,2008,2008-10-07,0.18,0.20162848
10,0,2008,2008-10-15,0.27,0.25494742
10,0,2008,2008-10-23,0.25,0.36602497
10,0,2008,2008-10-31,0.32,0.26618907
10,0,2008,2008-11-08,0.25,0.2825988
10,0,2008,2008-11-16,0.3,0.22033186
10,0,2008,2008-11-24,0.18,0.26073822
10,0,2008,2008-12-02,0.21,0.17146009
10,0,2008,2008-12-10,0.21,0.15126328
10,0,2008,2008-12-18,0.2,0.19003241
10,0,2008,2008-12-26,0.15,0.16988537
10,0,2009,2009-07-04,0.0,0.04779342
10,0,2009,2009-07-12,0.0,0.03624776
10,0,2009,2009-07-20,0.01,0.03234887
10,0,2009,2009-07-28,0.0,0.0446662
10,0,2009,2009-08-05,0.01,0.038893014
10,0,2009,2009-08-13,0.01,0.048796743
10,0,2009,2009-08-21,0.01,0.046239972
10,0,2009,2009-08-29,0.06,0.05843237
10,0,2009,2009-09-06,0.08,0.08377865
10,0,2009,2009-09-14,0.09,0.112166435
10,0,2009,2009-09-22,0.14,0.14209306
10,0,2009,2009-09-30,0.12,0.15322517
10,0,2009,2009-10-08,0.2,0.17581126
10,0,2009,2009-10-16,0.26,0.23984918
10,0,2009,2009-10-24,0.18,0.3403783
10,0,2009,2009-11-01,0.22,0.22456639
10,0,2009,2009-11-09,0.18,0.23191667
10,0,2009,2009-11-17,0.17,0.18185903
10,0,2009,2009-11-25,0.13,0.18645266
10,0,2009,2009-12-03,0.12,0.11975172
10,0,2009,2009-12-11,0.07,0.13347182
10,0,2009,2009-12-19,0.05,0.09797412
10,0,2009,2009-12-27,0.02,0.090112746
10,0,2010,2010-07-04,0.03,0.037201077
10,0,2010,2010-07-12,0.0,0.059328794
10,0,2010,2010-07-20,0.0,0.03150493
10,0,2010,2010-07-28,0.0,0.037357837
10,0,2010,2010-08-05,0.0,0.03253767
10,0,2010,2010-08-13,0.03,0.038638502
10,0,2010,2010-08-21,0.01,0.06297156
10,0,2010,2010-08-29,0.04,0.043271214
10,0,2010,2010-09-06,0.12,0.084402025
10,0,2010,2010-09-14,0.06,0.15865088
10,0,2010,2010-09-22,0.06,0.11471829
10,0,2010,2010-09-30,0.14,0.10604593
10,0,2010,2010-10-08,0.22,0.16625744
10,0,2010,2010-10-16,0.18,0.2964461
10,0,2010,2010-10-24,0.29,0.26298064
10,0,2010,2010-11-01,0.28,0.2943821
10,0,2010,2010-11-09,0.22,0.29120174
10,0,2010,2010-11-17,0.19,0.18753627
10,0,2010,2010-11-25,0.19,0.15656316
10,0,2010,2010-12-03,0.17,0.15975145
10,0,2010,2010-12-11,0.1,0.15388525
10,0,2010,2010-12-19,0.12,0.086775124
10,0,2010,2010-12-27,0.06,0.10251722
10,0,2011,2011-07-04,0.01,0.04033947
10,0,2011,2011-07-12,0.03,0.047986746
10,0,2011,2011-07-20,0.0,0.057908267
10,0,2011,2011-07-28,0.0,0.031065315
10,0,2011,2011-08-05,0.01,0.032705992
10,0,2011,2011-08-13,0.04,0.041154087
10,0,2011,2011-08-21,0.04,0.07708365
10,0,2011,2011-08-29,0.01,0.06723672
10,0,2011,2011-09-06,0.01,0.048498362
10,0,2011,2011-09-14,0.06,0.070082396
10,0,2011,2011-09-22,0.13,0.094203144
10,0,2011,2011-09-30,0.15,0.16230205
10,0,2011,2011-10-08,0.18,0.20585077
10,0,2011,2011-10-16,0.26,0.2506752
10,0,2011,2011-10-24,0.33,0.29848832
10,0,2011,2011-11-01,0.32,0.39402658
10,0,2011,2011-11-09,0.31,0.32127112
10,0,2011,2011-11-17,0.22,0.25754908
10,0,2011,2011-11-25,0.22,0.1902893
10,0,2011,2011-12-03,0.2,0.18686716
10,0,2011,2011-12-11,0.17,0.17868507
10,0,2011,2011-12-19,0.14,0.13789031
10,0,2011,2011-12-27,0.04,0.12529485
10,0,2012,2012-07-03,0.03,0.03115493
10,0,2012,2012-07-11,0.01,0.061739594
10,0,2012,2012-07-19,0.0,0.047870994
10,0,2012,2012-07-27,0.0,0.032171488
10,0,2012,2012-08-04,0.0,0.03231865
10,0,2012,2012-08-12,0.0,0.03641185
10,0,2012,2012-08-20,0.01,0.04717508
10,0,2012,2012-08-28,0.01,0.05442381
10,0,2012,2012-09-05,0.03,0.04386431
10,0,2012,2012-09-13,0.14,0.05963832
10,0,2012,2012-09-21,0.14,0.17404471
10,0,2012,2012-09-29,0.22,0.20613296
10,0,2012,2012-10-07,0.22,0.27897
10,0,2012,2012-10-15,0.3,0.26227906
10,0,2012,2012-10-23,0.19,0.34045035
10,0,2012,2012-10-31,0.19,0.22828427
10,0,2012,2012-11-08,0.16,0.18162185
10,0,2012,2012-11-16,0.24,0.17054355
10,0,2012,2012-11-24,0.19,0.23145229
10,0,2012,2012-12-02,0.17,0.19840007
10,0,2012,2012-12-10,0.17,0.1579054
10,0,2012,2012-12-18,0.11,0.15863696
10,0,2012,2012-12-26,0.03,0.11039755
10,1,2001,2001-07-04,0.04,0.073020846
10,1,2001,2001-07-12,0.0,0.07685125
10,1,2001,2001-07-20,0.0,0.036457866
10,1,2001,2001-07-28,0.0,0.042171985
10,1,2001,2001-08-05,0.02,0.03842044
10,1,2001,2001-08-13,0.0,0.050726682
10,1,2001,2001-08-21,0.01,0.040926754
10,1,2001,2001-08-29,0.02,0.06548351
10,1,2001,2001-09-06,0.18,0.0738152
10,1,2001,2001-09-14,0.3,0.22087032
10,1,2001,2001-09-22,0.4,0.45819795
10,1,2001,2001-09-30,0.6,0.57884383
10,1,2001,2001-10-08,0.49,0.6687873
10,1,2001,2001-10-16,0.56,0.52647394
10,1,2001,2001-10-24,0.44,0.58293873
10,1,2001,2001-11-01,0.45,0.45998755
10,1,2001,2001-11-09,0.45,0.4226398
10,1,2001,2001-11-17,0.36,0.41101786
10,1,2001,2001-11-25,0.29,0.38097426
10,1,2001,2001-12-03,0.21,0.24814832
10,1,2001,2001-12-11,0.24,0.16568391
10,1,2001,2001-12-19,0.17,0.20601328
10,1,2001,2001-12-27,0.06,0.14532
10,1,2002,2002-07-04,0.0,0.06046036
10,1,2002,2002-07-12,0.01,0.042465597
10,1,2002,2002-07-20,0.0,0.041629046
10,1,2002,2002-07-28,0.01,0.031727463
10,1,2002,2002-08-05,0.0,0.042687982
10,1,2002,2002-08-13,0.01,0.04004228
10,1,2002,2002-08-21,0.01,0.043580472
10,1,2002,2002-08-29,0.0,0.045175105
10,1,2002,2002-09-06,0.03,0.03951049
10,1,2002,2002-09-14,0.14,0.11574145
10,1,2002,2002-09-22,0.28,0.25917888
10,1,2002,2002-09-30,0.37,0.45203397
10,1,2002,2002-10-08,0.53,0.5470492
10,1,2002,2002-10-16,0.47,0.5560663
10,1,2002,2002-10-24,0.45,0.48734468
10,1,2002,2002-11-01,0.29,0.45594752
10,1,2002,2002-11-09,0.3,0.2890449
10,1,2002,2002-11-17,0.33,0.2512673
10,1,2002,2002-11-25,0.34,0.29373956
10,1,2002,2002-12-03,0.28,0.31089556
10,1,2002,2002-12-11,0.24,0.23872773
10,1,2002,2002-12-19,0.16,0.21427815
10,1,2002,2002-12-27,0.11,0.1366057
10,1,2003,2003-07-04,0.01,0.04485795
10,1,2003,2003-07-12,0.02,0.040812254
10,1,2003,2003-07-20,0.0,0.050878674
10,1,2003,2003-07-28,0.01,0.03181532
10,1,2003,2003-08-05,0.01,0.046169102
10,1,2003,2003-08-13,0.05,0.040574074
10,1,2003,2003-08-21,0.0,0.07919231
10,1,2003,2003-08-29,0.0,0.034006417
10,1,2003,2003-09-06,0.01,0.034017324
10,1,2003,2003-09-14,0.05,0.048947632
10,1,2003,2003-09-22,0.1,0.11988248
10,1,2003,2003-09-30,0.22,0.2115725
10,1,2003,2003-10-08,0.33,0.36625975
10,1,2003,2003-10-16,0.21,0.50676787
10,1,2003,2003-10-24,0.17,0.29660302
10,1,2003,2003-11-01,0.23,0.15912825
10,1,2003,2003-11-09,0.16,0.18757293
10,1,2003,2003-11-17,0.2,0.16795476
10,1,2003,2003-11-25,0.19,0.21620168
10,1,2003,2003-12-03,0.11,0.22679392
10,1,2003,2003-12-11,0.15,0.13624339
10,1,2003,2003-12-19,0.09,0.15375262
10,1,2003,2003-12-27,0.01,0.10055399
10,1,2004,2004-07-03,0.01,0.040547818
10,1,2004,2004-07-11,0.04,0.041656613
10,1,2004,2004-07-19,0.01,0.07019651
10,1,2004,2004-07-27,0.01,0.03896165
10,1,2004,2004-08-04,0.0,0.043608695
10,1,2004,2004-08-12,0.01,0.033082575
10,1,2004,2004-08-20,0.02,0.057963908
10,1,2004,2004-08-28,0.02,0.048478782
10,1,2004,2004-09-05,0.06,0.049330622
10,1,2004,2004-09-13,0.23,0.08292964
10,1,2004,2004-09-21,0.3,0.25956723
10,1,2004,2004-09-29,0.28,0.37860125
10,1,2004,2004-10-07,0.31,0.33802447
10,1,2004,2004-10-15,0.24,0.32176885
10,1,2004,2004-10-23,0.23,0.2153873
10,1,2004,2004-10-31,0.23,0.17551276
10,1,2004,2004-11-08,0.22,0.21977504
10,1,2004,2004-11-16,0.18,0.19677646
10,1,2004,2004-11-24,0.12,0.17214258
10,1,2004,2004-12-02,0.12,0.12114388
10,1,2004,2004-12-10,0.06,0.10849208
10,1,2004,2004-12-18,0.03,0.08519703
10,1,2004,2004-12-26,0.03,0.050565153
10,1,2005,2005-07-04,0.01,0.06100425
10,1,2005,2005-07-12,0.02,0.041763306
10,1,2005,2005-07-20,0.02,0.06015873
10,1,2005,2005-07-28,0.0,0.048313856
10,1,2005,2005-08-05,0.0,0.034787238
10,1,2005,2005-08-13,0.0,0.032333195
10,1,2005,2005-08-21,0.01,0.0373528
10,1,2005,2005-08-29,0.02,0.049712032
10,1,2005,2005-09-06,0.03,0.056617767
10,1,2005,2005-09-14,0.11,0.075149685
10,1,2005,2005-09-22,0.08,0.2025961
10,1,2005,2005-09-30,0.14,0.1954083
10,1,2005,2005-10-08,0.28,0.22737503
10,1,2005,2005-10-16,0.28,0.36726177
10,1,2005,2005-10-24,0.36,0.33447844
10,1,2005,2005-11-01,0.29,0.33810395
10,1,2005,2005-11-09,0.27,0.2647884
10,1,2005,2005-11-17,0.34,0.22127019
10,1,2005,2005-11-25,0.26,0.30347168
10,1,2005,2005-12-03,0.2,0.21322042
10,1,2005,2005-12-11,0.21,0.14397705
10,1,2005,2005-12-19,0.12,0.16040696
10,1,2005,2005-12-27,0.09,0.09364599
10,1,2006,2006-07-04,0.07,0.09194085
10,1,2006,2006-07-12,0.04,0.09163234
10,1,2006,2006-07-20,0.01,0.06350273
10,1,2006,2006-07-28,0.0,0.036233187
10,1,2006,2006-08-05,0.02,0.027227014
10,1,2006,2006-08-13,0.04,0.048335016
10,1,2006,2006-08-21,0.03,0.064791024
10,1,2006,2006-08-29,0.08,0.058893174
10,1,2006,2006-09-06,0.05,0.10231221
10,1,2006,2006-09-14,0.09,0.075935096
10,1,2006,2006-09-22,0.13,0.1341091
10,1,2006,2006-09-30,0.11,0.1552643
10,1,2006,2006-10-08,0.23,0.15873869
10,1,2006,2006-10-16,0.29,0.31253305
10,1,2006,2006-10-24,0.26,0.3753063
10,1,2006,2006-11-01,0.24,0.31209618
10,1,2006,2006-11-09,0.25,0.21720333
10,1,2006,2006-11-17,0.19,0.22925934
10,1,2006,2006-11-25,0.14,0.20202495
10,1,2006,2006-12-03,0.11,0.13421369
10,1,2006,2006-12-11,0.09,0.106719375
10,1,2006,2006-12-19,0.15,0.11208749
10,1,2006,2006-12-27,0.02,0.15282942
10,1,2007,2007-07-04,0.0,0.048686504
10,1,2007,2007-07-12,0.0,0.05131796
10,1,2007,2007-07-20,0.04,0.0424439
10,1,2007,2007-07-28,0.02,0.06822291
10,1,2007,2007-08-05,0.03,0.04520166
10,1,2007,2007-08-13,0.04,0.061154515
10,1,2007,2007-08-21,0.01,0.07199499
10,1,2007,2007-08-29,0.06,0.04581943
10,1,2007,2007-09-06,0.03,0.103599876
10,1,2007,2007-09-14,0.05,0.06413329
10,1,2007,2007-09-22,0.08,0.095391184
10,1,2007,2007-09-30,0.08,0.12583646
10,1,2007,2007-10-08,0.21,0.123659104
10,1,2007,2007-10-16,0.33,0.28932285
10,1,2007,2007-10-24,0.2,0.44334242
10,1,2007,2007-11-01,0.19,0.27661967
10,1,2007,2007-11-09,0.19,0.15216899
10,1,2007,2007-11-17,0.18,0.18783627
10,1,2007,2007-11-25,0.22,0.1764425
10,1,2007,2007-12-03,0.17,0.20305873
10,1,2007,2007-12-11,0.12,0.15727903
10,1,2007,2007-12-19,0.11,0.103367
10,1,2007,2007-12-27,0.02,0.12234229
10,1,2008,2008-07-03,0.01,0.05480814
10,1,2008,2008-07-11,0.0,0.03482148
10,1,2008,2008-07-19,0.0,0.03267312
10,1,2008,2008-07-27,0.0,0.04555738
10,1,2008,2008-08-04,0.0,0.040059865
10,1,2008,2008-08-12,0.01,0.04456964
10,1,2008,2008-08-20,0.06,0.05358064
10,1,2008,2008-08-28,0.03,0.085918486
10,1,2008,2008-09-05,0.1,0.07194546
10,1,2008,2008-09-13,0.15,0.12008989
10,1,2008,2008-09-21,0.14,0.17059016
10,1,2008,2008-09-29,0.17,0.17191534
10,1,2008,2008-10-07,0.21,0.18012267
10,1,2008,2008-10-15,0.26,0.2592731
10,1,2008,2008-10-23,0.31,0.34368855
10,1,2008,2008-10-31,0.36,0.31633094
10,1,2008,2008-11-08,0.32,0.32424632
10,1,2008,2008-11-16,0.36,0.27650148
10,1,2008,2008-11-24,0.23,0.31013313
10,1,2008,2008-12-02,0.25,0.22064558
10,1,2008,2008-12-10,0.25,0.19968393
10,1,2008,2008-12-18,0.26,0.21076548
10,1,2008,2008-12-26,0.24,0.21850054
10,1,2009,2009-07-04,0.01,0.058535576
10,1,2009,2009-07-12,0.02,0.04099837
10,1,2009,2009-07-20,0.01,0.049904674
10,1,2009,2009-07-28,0.01,0.038531125
10,1,2009,2009-08-05,0.01,0.041281134
10,1,2009,2009-08-13,0.02,0.04109034
10,1,2009,2009-08-21,0.02,0.053045183
10,1,2009,2009-08-29,0.1,0.06644273
10,1,2009,2009-09-06,0.12,0.12538877
10,1,2009,2009-09-14,0.14,0.16540667
10,1,2009,2009-09-22,0.2,0.19381058
10,1,2009,2009-09-30,0.19,0.23450711
10,1,2009,2009-10-08,0.22,0.22618917
10,1,2009,2009-10-16,0.29,0.24365544
10,1,2009,2009-10-24,0.25,0.32490295
10,1,2009,2009-11-01,0.3,0.27952522
10,1,2009,2009-11-09,0.22,0.30530095
10,1,2009,2009-11-17,0.2,0.22058725
10,1,2009,2009-11-25,0.21,0.19394995
10,1,2009,2009-12-03,0.17,0.18382399
10,1,2009,2009-12-11,0.13,0.16967769
10,1,2009,2009-12-19,0.09,0.13928416
10,1,2009,2009-12-27,0.03,0.120729
10,1,2010,2010-07-04,0.01,0.055201888
10,1,2010,2010-07-12,0.01,0.0427624
10,1,2010,2010-07-20,0.01,0.04718101
10,1,2010,2010-07-28,0.02,0.042433918
10,1,2010,2010-08-05,0.02,0.052250147
10,1,2010,2010-08-13,0.03,0.05058509
10,1,2010,2010-08-21,0.01,0.06188637
10,1,2010,2010-08-29,0.02,0.043475896
10,1,2010,2010-09-06,0.07,0.077565074
10,1,2010,2010-09-14,0.08,0.12332906
10,1,2010,2010-09-22,0.06,0.1401591
10,1,2010,2010-09-30,0.16,0.13015164
10,1,2010,2010-10-08,0.42,0.21089232
10,1,2010,2010-10-16,0.18,0.52134216
10,1,2010,2010-10-24,0.3,0.31988314
10,1,2010,2010-11-01,0.25,0.24067862
10,1,2010,2010-11-09,0.27,0.25402972
10,1,2010,2010-11-17,0.23,0.22934666
10,1,2010,2010-11-25,0.16,0.20139447
10,1,2010,2010-12-03,0.19,0.14185116
10,1,2010,2010-12-11,0.15,0.16854104
10,1,2010,2010-12-19,0.1,0.14364275
10,1,2010,2010-12-27,0.06,0.092416406
10,1,2011,2011-07-04,0.02,0.042894483
10,1,2011,2011-07-12,0.02,0.052224547
10,1,2011,2011-07-20,0.06,0.05201623
10,1,2011,2011-07-28,0.0,0.0838587
10,1,2011,2011-08-05,0.0,0.035394907
10,1,2011,2011-08-13,0.01,0.037754297
10,1,2011,2011-08-21,0.01,0.04709223
10,1,2011,2011-08-29,0.04,0.04435143
10,1,2011,2011-09-06,0.04,0.07250455
10,1,2011,2011-09-14,0.09,0.08300075
10,1,2011,2011-09-22,0.14,0.12929724
10,1,2011,2011-09-30,0.17,0.16523767
10,1,2011,2011-10-08,0.25,0.22600277
10,1,2011,2011-10-16,0.3,0.3880767
10,1,2011,2011-10-24,0.35,0.32840547
10,1,2011,2011-11-01,0.39,0.35611224
10,1,2011,2011-11-09,0.36,0.36574972
10,1,2011,2011-11-17,0.26,0.3232315
10,1,2011,2011-11-25,0.23,0.23940042
10,1,2011,2011-12-03,0.27,0.18790749
10,1,2011,2011-12-11,0.2,0.24079439
10,1,2011,2011-12-19,0.17,0.17864475
10,1,2011,2011-12-27,0.07,0.1276296
10,1,2012,2012-07-03,0.03,0.02733785
10,1,2012,2012-07-11,0.0,0.06568614
10,1,2012,2012-07-19,0.01,0.03680423
10,1,2012,2012-07-27,0.0,0.060343713
10,1,2012,2012-08-04,0.0,0.03001225
10,1,2012,2012-08-12,0.0,0.03552726
10,1,2012,2012-08-20,0.01,0.03610161
10,1,2012,2012-08-28,0.01,0.047162116
10,1,2012,2012-09-05,0.01,0.054659456
10,1,2012,2012-09-13,0.12,0.05297026
10,1,2012,2012-09-21,0.09,0.16605902
10,1,2012,2012-09-29,0.19,0.15454453
10,1,2012,2012-10-07,0.22,0.25130013
10,1,2012,2012-10-15,0.33,0.29598466
10,1,2012,2012-10-23,0.2,0.40569058
10,1,2012,2012-10-31,0.19,0.24883704
10,1,2012,2012-11-08,0.16,0.18756296
10,1,2012,2012-11-16,0.25,0.17613663
10,1,2012,2012-11-24,0.17,0.24634978
10,1,2012,2012-12-02,0.16,0.17772552
10,1,2012,2012-12-10,0.13,0.16384406
10,1,2012,2012-12-18,0.07,0.13305034
10,1,2012,2012-12-26,0.0,0.087372124
10,2,2001,2001-07-04,0.02,0.048892736
10,2,2001,2001-07-12,0.0,0.053385675
10,2,2001,2001-07-20,0.01,0.036769062
10,2,2001,2001-07-28,0.0,0.04578668
10,2,2001,2001-08-05,0.01,0.04561752
10,2,2001,2001-08-13,0.01,0.04647997
10,2,2001,2001-08-21,0.03,0.05744779
10,2,2001,2001-08-29,0.13,0.11581731
10,2,2001,2001-09-06,0.33,0.20443986
10,2,2001,2001-09-14,0.32,0.37677598
10,2,2001,2001-09-22,0.44,0.46156392
10,2,2001,2001-09-30,0.44,0.4677457
10,2,2001,2001-10-08,0.43,0.44525695
10,2,2001,2001-10-16,0.46,0.41337502
10,2,2001,2001-10-24,0.38,0.46929
10,2,2001,2001-11-01,0.38,0.41956425
10,2,2001,2001-11-09,0.34,0.3816739
10,2,2001,2001-11-17,0.36,0.33376604
10,2,2001,2001-11-25,0.32,0.37376902
10,2,2001,2001-12-03,0.31,0.3502961
10,2,2001,2001-12-11,0.33,0.31714547
10,2,2001,2001-12-19,0.31,0.34117118
10,2,2001,2001-12-27,0.12,0.2715604
10,2,2002,2002-07-04,0.02,0.16481571
10,2,2002,2002-07-12,0.04,0.05366817
10,2,2002,2002-07-20,0.02,0.05162111
10,2,2002,2002-07-28,0.01,0.03996873
10,2,2002,2002-08-05,0.0,0.039408088
10,2,2002,2002-08-13,0.02,0.035811573
10,2,2002,2002-08-21,0.02,0.053970426
10,2,2002,2002-08-29,0.02,0.058773458
10,2,2002,2002-09-06,0.03,0.08832702
10,2,2002,2002-09-14,0.19,0.15614712
10,2,2002,2002-09-22,0.33,0.3050503
10,2,2002,2002-09-30,0.44,0.4999521
10,2,2002,2002-10-08,0.51,0.5327413
10,2,2002,2002-10-16,0.47,0.49285465
10,2,2002,2002-10-24,0.42,0.491512
10,2,2002,2002-11-01,0.31,0.41714165
10,2,2002,2002-11-09,0.35,0.29402047
10,2,2002,2002-11-17,0.42,0.29601598
10,2,2002,2002-11-25,0.34,0.41494521
10,2,2002,2002-12-03,0.31,0.32953227
10,2,2002,2002-12-11,0.28,0.28492934
10,2,2002,2002-12-19,0.2,0.27016988
10,2,2002,2002-12-27,0.13,0.19792531
10,2,2003,2003-07-04,0.01,0.07228753
10,2,2003,2003-07-12,0.0,0.039986998
10,2,2003,2003-07-20,0.0,0.041180342
10,2,2003,2003-07-28,0.0,0.03514281
10,2,2003,2003-08-05,0.01,0.038371563
10,2,2003,2003-08-13,0.06,0.043696612
10,2,2003,2003-08-21,0.01,0.09081134
10,2,2003,2003-08-29,0.02,0.047218174
10,2,2003,2003-09-06,0.02,0.0548715
10,2,2003,2003-09-14,0.08,0.05321589
10,2,2003,2003-09-22,0.19,0.16026628
10,2,2003,2003-09-30,0.25,0.3170163
10,2,2003,2003-10-08,0.29,0.41099778
10,2,2003,2003-10-16,0.27,0.400898
10,2,2003,2003-10-24,0.26,0.2947068
10,2,2003,2003-11-01,0.23,0.25222033
10,2,2003,2003-11-09,0.21,0.2067928
10,2,2003,2003-11-17,0.22,0.20861334
10,2,2003,2003-11-25,0.29,0.2539509
10,2,2003,2003-12-03,0.17,0.30524683
10,2,2003,2003-12-11,0.19,0.18208967
10,2,2003,2003-12-19,0.13,0.16976738
10,2,2003,2003-12-27,0.03,0.12623236
10,2,2004,2004-07-03,0.0,0.040219545
10,2,2004,2004-07-11,0.02,0.037946165
10,2,2004,2004-07-19,0.01,0.051013887
10,2,2004,2004-07-27,0.0,0.042353034
10,2,2004,2004-08-04,0.0,0.035654366
10,2,2004,2004-08-12,0.01,0.03893149
10,2,2004,2004-08-20,0.07,0.062272966
10,2,2004,2004-08-28,0.09,0.095080554
10,2,2004,2004-09-05,0.15,0.112596124
10,2,2004,2004-09-13,0.28,0.1604354
10,2,2004,2004-09-21,0.32,0.31267378
10,2,2004,2004-09-29,0.32,0.3922605
10,2,2004,2004-10-07,0.31,0.3324873
10,2,2004,2004-10-15,0.28,0.2915457
10,2,2004,2004-10-23,0.21,0.25812814
10,2,2004,2004-10-31,0.23,0.1924836
10,2,2004,2004-11-08,0.29,0.20566946
10,2,2004,2004-11-16,0.23,0.2788987
10,2,2004,2004-11-24,0.22,0.22710258
10,2,2004,2004-12-02,0.21,0.21625325
10,2,2004,2004-12-10,0.19,0.18537846
10,2,2004,2004-12-18,0.11,0.1783185
10,2,2004,2004-12-26,0.09,0.10395932
10,2,2005,2005-07-04,0.04,0.07388061
10,2,2005,2005-07-12,0.06,0.05704859
10,2,2005,2005-07-20,0.03,0.08495027
10,2,2005,2005-07-28,0.01,0.05309108
10,2,2005,2005-08-05,0.0,0.037110448
10,2,2005,2005-08-13,0.0,0.030691296
10,2,2005,2005-08-21,0.01,0.037810177
10,2,2005,2005-08-29,0.05,0.065304905
10,2,2005,2005-09-06,0.06,0.10268101
10,2,2005,2005-09-14,0.11,0.12698518
10,2,2005,2005-09-22,0.15,0.2100514
10,2,2005,2005-09-30,0.18,0.25270417
10,2,2005,2005-10-08,0.31,0.27001488
10,2,2005,2005-10-16,0.35,0.37562007
10,2,2005,2005-10-24,0.37,0.3815354
10,2,2005,2005-11-01,0.32,0.3147519
10,2,2005,2005-11-09,0.31,0.2841041
10,2,2005,2005-11-17,0.35,0.29948714
10,2,2005,2005-11-25,0.33,0.32595298
10,2,2005,2005-12-03,0.3,0.29505867
10,2,2005,2005-12-11,0.31,0.2603702
10,2,2005,2005-12-19,0.22,0.27328134
10,2,2005,2005-12-27,0.11,0.17510872
10,2,2006,2006-07-04,0.03,0.05954984
10,2,2006,2006-07-12,0.02,0.062555015
10,2,2006,2006-07-20,0.02,0.061199635
10,2,2006,2006-07-28,0.01,0.05336666
10,2,2006,2006-08-05,0.05,0.040597945
10,2,2006,2006-08-13,0.07,0.0718084
10,2,2006,2006-08-21,0.02,0.0864332
10,2,2006,2006-08-29,0.11,0.049322575
10,2,2006,2006-09-06,0.14,0.13526766
10,2,2006,2006-09-14,0.18,0.16467294
10,2,2006,2006-09-22,0.25,0.22222786
10,2,2006,2006-09-30,0.24,0.28796694
10,2,2006,2006-10-08,0.29,0.27297363
10,2,2006,2006-10-16,0.31,0.32425278
10,2,2006,2006-10-24,0.32,0.33925742
10,2,2006,2006-11-01,0.29,0.3187716
10,2,2006,2006-11-09,0.28,0.2705056
10,2,2006,2006-11-17,0.24,0.26078722
10,2,2006,2006-11-25,0.2,0.24457988
10,2,2006,2006-12-03,0.22,0.19914833
10,2,2006,2006-12-11,0.17,0.21539198
10,2,2006,2006-12-19,0.18,0.18705305
10,2,2006,2006-12-27,0.04,0.17043415
10,2,2007,2007-07-04,0.01,0.042895734
10,2,2007,2007-07-12,0.01,0.047358423
10,2,2007,2007-07-20,0.0,0.045964807
10,2,2007,2007-07-28,0.03,0.039732844
10,2,2007,2007-08-05,0.03,0.0616661
10,2,2007,2007-08-13,0.03,0.07113227
10,2,2007,2007-08-21,0.02,0.07605255
10,2,2007,2007-08-29,0.07,0.05070123
10,2,2007,2007-09-06,0.13,0.12112479
10,2,2007,2007-09-14,0.15,0.1815867
10,2,2007,2007-09-22,0.22,0.21948628
10,2,2007,2007-09-30,0.14,0.29175392
10,2,2007,2007-10-08,0.22,0.19910337
10,2,2007,2007-10-16,0.29,0.25292894
10,2,2007,2007-10-24,0.31,0.34284106
10,2,2007,2007-11-01,0.33,0.34155312
10,2,2007,2007-11-09,0.28,0.30525076
10,2,2007,2007-11-17,0.28,0.25538817
10,2,2007,2007-11-25,0.3,0.24569535
10,2,2007,2007-12-03,0.22,0.26612997
10,2,2007,2007-12-11,0.23,0.19877493
10,2,2007,2007-12-19,0.11,0.18970017
10,2,2007,2007-12-27,0.02,0.113230586
10,2,2008,2008-07-03,0.01,0.047287583
10,2,2008,2008-07-11,0.01,0.04322511
10,2,2008,2008-07-19,0.0,0.04434389
10,2,2008,2008-07-27,0.0,0.033943743
10,2,2008,2008-08-04,0.01,0.04514414
10,2,2008,2008-08-12,0.02,0.052058816
10,2,2008,2008-08-20,0.12,0.060195208
10,2,2008,2008-08-28,0.07,0.14104912
10,2,2008,2008-09-05,0.11,0.11176193
10,2,2008,2008-09-13,0.19,0.15474057
10,2,2008,2008-09-21,0.26,0.23085603
10,2,2008,2008-09-29,0.25,0.33571815
10,2,2008,2008-10-07,0.25,0.26860666
10,2,2008,2008-10-15,0.33,0.24220392
10,2,2008,2008-10-23,0.36,0.34818783
10,2,2008,2008-10-31,0.36,0.3699024
10,2,2008,2008-11-08,0.31,0.3349526
10,2,2008,2008-11-16,0.37,0.28614193
10,2,2008,2008-11-24,0.31,0.34353608
10,2,2008,2008-12-02,0.34,0.31008485
10,2,2008,2008-12-10,0.32,0.28981853
10,2,2008,2008-12-18,0.34,0.29667217
10,2,2008,2008-12-26,0.28,0.27182746
10,2,2009,2009-07-04,0.0,0.043569118
10,2,2009,2009-07-12,0.01,0.03527242
10,2,2009,2009-07-20,0.01,0.04640436
10,2,2009,2009-07-28,0.0,0.042335898
10,2,2009,2009-08-05,0.01,0.035882473
10,2,2009,2009-08-13,0.03,0.04719931
10,2,2009,2009-08-21,0.03,0.06513223
10,2,2009,2009-08-29,0.15,0.09387702
10,2,2009,2009-09-06,0.18,0.18230128
10,2,2009,2009-09-14,0.24,0.22974926
10,2,2009,2009-09-22,0.29,0.30183485
10,2,2009,2009-09-30,0.27,0.34661028
10,2,2009,2009-10-08,0.29,0.2815441
10,2,2009,2009-10-16,0.37,0.26448253
10,2,2009,2009-10-24,0.31,0.38258916
10,2,2009,2009-11-01,0.3,0.31305796
10,2,2009,2009-11-09,0.29,0.27669862
10,2,2009,2009-11-17,0.3,0.27763325
10,2,2009,2009-11-25,0.29,0.3033891
10,2,2009,2009-12-03,0.28,0.27745962
10,2,2009,2009-12-11,0.23,0.26966238
10,2,2009,2009-12-19,0.1,0.22431678
10,2,2009,2009-12-27,0.14,0.12003212
10,2,2010,2010-07-04,0.01,0.05907315
10,2,2010,2010-07-12,0.01,0.034124076
10,2,2010,2010-07-20,0.01,0.040200233
10,2,2010,2010-07-28,0.0,0.04298812
10,2,2010,2010-08-05,0.01,0.03517127
10,2,2010,2010-08-13,0.02,0.047216743
10,2,2010,2010-08-21,0.01,0.059549063
10,2,2010,2010-08-29,0.02,0.050946414
10,2,2010,2010-09-06,0.05,0.0949927
10,2,2010,2010-09-14,0.1,0.1237694
10,2,2010,2010-09-22,0.05,0.190088
10,2,2010,2010-09-30,0.24,0.14949392
10,2,2010,2010-10-08,0.33,0.3183498
10,2,2010,2010-10-16,0.27,0.42735678
10,2,2010,2010-10-24,0.35,0.33065024
10,2,2010,2010-11-01,0.31,0.3214325
10,2,2010,2010-11-09,0.35,0.3002813
10,2,2010,2010-11-17,0.28,0.31719863
10,2,2010,2010-11-25,0.22,0.27622107
10,2,2010,2010-12-03,0.23,0.20084338
10,2,2010,2010-12-11,0.17,0.21740286
10,2,2010,2010-12-19,0.11,0.1629946
10,2,2010,2010-12-27,0.16,0.08434141
10,2,2011,2011-07-04,0.01,0.03665036
10,2,2011,2011-07-12,0.01,0.045565754
10,2,2011,2011-07-20,0.0,0.04365763
10,2,2011,2011-07-28,0.0,0.03718838
10,2,2011,2011-08-05,0.0,0.036042094
10,2,2011,2011-08-13,0.03,0.03950566
10,2,2011,2011-08-21,0.02,0.06701362
10,2,2011,2011-08-29,0.08,0.052932143
10,2,2011,2011-09-06,0.1,0.105730444
10,2,2011,2011-09-14,0.2,0.1265781
10,2,2011,2011-09-22,0.28,0.23958996
10,2,2011,2011-09-30,0.24,0.30416933
10,2,2011,2011-10-08,0.37,0.29744372
10,2,2011,2011-10-16,0.33,0.40712863
10,2,2011,2011-10-24,0.36,0.32964733
10,2,2011,2011-11-01,0.35,0.3276549
10,2,2011,2011-11-09,0.35,0.3501892
10,2,2011,2011-11-17,0.33,0.3404047
10,2,2011,2011-11-25,0.32,0.3147738
10,2,2011,2011-12-03,0.34,0.2800718
10,2,2011,2011-12-11,0.29,0.311236
10,2,2011,2011-12-19,0.27,0.25010067
10,2,2011,2011-12-27,0.12,0.20607084
10,2,2012,2012-07-03,0.03,0.02761206
10,2,2012,2012-07-11,0.0,0.064538926
10,2,2012,2012-07-19,0.01,0.0365676
10,2,2012,2012-07-27,0.0,0.0446043
10,2,2012,2012-08-04,0.01,0.033679247
10,2,2012,2012-08-12,0.01,0.045052856
10,2,2012,2012-08-20,0.03,0.052227557
10,2,2012,2012-08-28,0.07,0.065041244
10,2,2012,2012-09-05,0.11,0.11516796
10,2,2012,2012-09-13,0.17,0.15324405
10,2,2012,2012-09-21,0.29,0.24323717
10,2,2012,2012-09-29,0.37,0.3877677
10,2,2012,2012-10-07,0.3,0.4257347
10,2,2012,2012-10-15,0.35,0.3109747
10,2,2012,2012-10-23,0.27,0.32882136
10,2,2012,2012-10-31,0.28,0.27996546
10,2,2012,2012-11-08,0.25,0.26682442
10,2,2012,2012-11-16,0.33,0.25358164
10,2,2012,2012-11-24,0.23,0.3219657
10,2,2012,2012-12-02,0.25,0.23052442
10,2,2012,2012-12-10,0.18,0.23252769
10,2,2012,2012-12-18,0.12,0.17960219
10,2,2012,2012-12-26,0.09,0.1216602
10,3,2001,2001-07-04,0.1,0.123143315
10,3,2001,2001-07-12,0.08,0.12693796
10,3,2001,2001-07-20,0.07,0.09768343
10,3,2001,2001-07-28,0.08,0.0941098
10,3,2001,2001-08-05,0.1,0.10909936
10,3,2001,2001-08-13,0.07,0.13545915
10,3,2001,2001-08-21,0.12,0.09802148
10,3,2001,2001-08-29,0.08,0.13354139
10,3,2001,2001-09-06,0.08,0.10298699
10,3,2001,2001-09-14,0.08,0.10543293
10,3,2001,2001-09-22,0.09,0.1102604
10,3,2001,2001-09-30,0.11,0.12432583
10,3,2001,2001-10-08,0.09,0.13806419
10,3,2001,2001-10-16,0.09,0.13174184
10,3,2001,2001-10-24,0.08,0.12719488
10,3,2001,2001-11-01,0.08,0.106808186
10,3,2001,2001-11-09,0.08,0.11072093
10,3,2001,2001-11-17,0.07,0.11141524
10,3,2001,2001-11-25,0.1,0.105620354
10,3,2001,2001-12-03,0.1,0.14706522
10,3,2001,2001-12-11,0.1,0.13773748
10,3,2001,2001-12-19,0.07,0.14524864
10,3,2001,2001-12-27,0.07,0.10497868
10,3,2002,2002-07-04,0.07,0.11670315
10,3,2002,2002-07-12,0.08,0.10781759
10,3,2002,2002-07-20,0.07,0.109593034
10,3,2002,2002-07-28,0.07,0.095082015
10,3,2002,2002-08-05,0.06,0.09872803
10,3,2002,2002-08-13,0.1,0.09673458
10,3,2002,2002-08-21,0.1,0.12263398
10,3,2002,2002-08-29,0.09,0.13895178
10,3,2002,2002-09-06,0.07,0.11536795
10,3,2002,2002-09-14,0.07,0.095317125
10,3,2002,2002-09-22,0.07,0.0946762
10,3,2002,2002-09-30,0.09,0.1012125
10,3,2002,2002-10-08,0.1,0.12597664
10,3,2002,2002-10-16,0.12,0.12818831
10,3,2002,2002-10-24,0.1,0.14408168
10,3,2002,2002-11-01,0.1,0.12078288
10,3,2002,2002-11-09,0.12,0.11795728
10,3,2002,2002-11-17,0.15,0.13549383
10,3,2002,2002-11-25,0.11,0.16212176
10,3,2002,2002-12-03,0.08,0.136123
10,3,2002,2002-12-11,0.1,0.102981746
10,3,2002,2002-12-19,0.09,0.12134211
10,3,2002,2002-12-27,0.07,0.10841328
10,3,2003,2003-07-04,0.08,0.101380676
10,3,2003,2003-07-12,0.08,0.105513245
10,3,2003,2003-07-20,0.07,0.10745582
10,3,2003,2003-07-28,0.09,0.09640169
10,3,2003,2003-08-05,0.1,0.11293027
10,3,2003,2003-08-13,0.12,0.11855239
10,3,2003,2003-08-21,0.07,0.14894566
10,3,2003,2003-08-29,0.07,0.10463938
10,3,2003,2003-09-06,0.08,0.096960306
10,3,2003,2003-09-14,0.09,0.100271344
10,3,2003,2003-09-22,0.09,0.112977326
10,3,2003,2003-09-30,0.08,0.11286545
10,3,2003,2003-10-08,0.12,0.109603465
10,3,2003,2003-10-16,0.09,0.1462689
10,3,2003,2003-10-24,0.06,0.12794688
10,3,2003,2003-11-01,0.08,0.09235531
10,3,2003,2003-11-09,0.09,0.10790837
10,3,2003,2003-11-17,0.09,0.12570699
10,3,2003,2003-11-25,0.09,0.13712868
10,3,2003,2003-12-03,0.05,0.12134835
10,3,2003,2003-12-11,0.09,0.07857281
10,3,2003,2003-12-19,0.07,0.118533835
10,3,2003,2003-12-27,0.07,0.10102224
10,3,2004,2004-07-03,0.07,0.10129619
10,3,2004,2004-07-11,0.07,0.10131666
10,3,2004,2004-07-19,0.06,0.09867641
10,3,2004,2004-07-27,0.06,0.08921245
10,3,2004,2004-08-04,0.07,0.09517464
10,3,2004,2004-08-12,0.08,0.106594056
10,3,2004,2004-08-20,0.11,0.12220448
10,3,2004,2004-08-28,0.12,0.13091977
10,3,2004,2004-09-05,0.14,0.13863744
10,3,2004,2004-09-13,0.11,0.1557818
10,3,2004,2004-09-21,0.1,0.13174155
10,3,2004,2004-09-29,0.09,0.11788726
10,3,2004,2004-10-07,0.1,0.10741305
10,3,2004,2004-10-15,0.1,0.13120657
10,3,2004,2004-10-23,0.09,0.12332606
10,3,2004,2004-10-31,0.1,0.106539994
10,3,2004,2004-11-08,0.09,0.1191061
10,3,2004,2004-11-16,0.07,0.11545776
10,3,2004,2004-11-24,0.1,0.09977275
10,3,2004,2004-12-02,0.15,0.12422964
10,3,2004,2004-12-10,0.14,0.15826021
10,3,2004,2004-12-18,0.09,0.16466896
10,3,2004,2004-12-26,0.08,0.10746518
10,3,2005,2005-07-04,0.06,0.099858046
10,3,2005,2005-07-12,0.08,0.09034881
10,3,2005,2005-07-20,0.06,0.10680485
10,3,2005,2005-07-28,0.07,0.08713487
10,3,2005,2005-08-05,0.07,0.09551239
10,3,2005,2005-08-13,0.07,0.0975911
10,3,2005,2005-08-21,0.09,0.101982415
10,3,2005,2005-08-29,0.12,0.12714812
10,3,2005,2005-09-06,0.12,0.15603693
10,3,2005,2005-09-14,0.09,0.16117583
10,3,2005,2005-09-22,0.08,0.119077325
10,3,2005,2005-09-30,0.09,0.10295695
10,3,2005,2005-10-08,0.09,0.11103606
10,3,2005,2005-10-16,0.08,0.118641436
10,3,2005,2005-10-24,0.09,0.110716045
10,3,2005,2005-11-01,0.09,0.11549173
10,3,2005,2005-11-09,0.11,0.11907144
10,3,2005,2005-11-17,0.09,0.13343698
10,3,2005,2005-11-25,0.15,0.11056432
10,3,2005,2005-12-03,0.1,0.17093623
10,3,2005,2005-12-11,0.16,0.1445854
10,3,2005,2005-12-19,0.1,0.1874142
10,3,2005,2005-12-27,0.11,0.122054756
10,3,2006,2006-07-04,0.07,0.09145975
10,3,2006,2006-07-12,0.07,0.09526414
10,3,2006,2006-07-20,0.08,0.10096511
10,3,2006,2006-07-28,0.06,0.10375801
10,3,2006,2006-08-05,0.07,0.0899061
10,3,2006,2006-08-13,0.13,0.09696984
10,3,2006,2006-08-21,0.09,0.15023376
10,3,2006,2006-08-29,0.14,0.12465589
10,3,2006,2006-09-06,0.11,0.16928855
10,3,2006,2006-09-14,0.07,0.1416828
10,3,2006,2006-09-22,0.06,0.09545708
10,3,2006,2006-09-30,0.07,0.08219266
10,3,2006,2006-10-08,0.1,0.098751485
10,3,2006,2006-10-16,0.11,0.12873276
10,3,2006,2006-10-24,0.09,0.13556089
10,3,2006,2006-11-01,0.11,0.11785589
10,3,2006,2006-11-09,0.11,0.13042688
10,3,2006,2006-11-17,0.1,0.13810366
10,3,2006,2006-11-25,0.08,0.12304804
10,3,2006,2006-12-03,0.07,0.12154254
10,3,2006,2006-12-11,0.1,0.09754494
10,3,2006,2006-12-19,0.13,0.1462166
10,3,2006,2006-12-27,0.08,0.15304044
10,3,2007,2007-07-04,0.04,0.084750295
10,3,2007,2007-07-12,0.09,0.07386625
10,3,2007,2007-07-20,0.07,0.117231
10,3,2007,2007-07-28,0.07,0.1040684
10,3,2007,2007-08-05,0.08,0.09633431
10,3,2007,2007-08-13,0.07,0.104530156
10,3,2007,2007-08-21,0.09,0.11519568
10,3,2007,2007-08-29,0.11,0.11919907
10,3,2007,2007-09-06,0.17,0.1523576
10,3,2007,2007-09-14,0.12,0.19502552
10,3,2007,2007-09-22,0.11,0.14142698
10,3,2007,2007-09-30,0.08,0.11186746
10,3,2007,2007-10-08,0.1,0.093773514
10,3,2007,2007-10-16,0.1,0.12495659
10,3,2007,2007-10-24,0.07,0.13094434
10,3,2007,2007-11-01,0.08,0.10071468
10,3,2007,2007-11-09,0.09,0.111548126
10,3,2007,2007-11-17,0.08,0.12122668
10,3,2007,2007-11-25,0.08,0.112773895
10,3,2007,2007-12-03,0.09,0.104109764
10,3,2007,2007-12-11,0.09,0.1098333
10,3,2007,2007-12-19,0.1,0.12053941
10,3,2007,2007-12-27,0.08,0.13815986
10,3,2008,2008-07-03,0.07,0.10767311
10,3,2008,2008-07-11,0.07,0.08559805
10,3,2008,2008-07-19,0.07,0.10276669
10,3,2008,2008-07-27,0.06,0.09608626
10,3,2008,2008-08-04,0.1,0.0906232
10,3,2008,2008-08-12,0.08,0.12594068
10,3,2008,2008-08-20,0.1,0.10722935
10,3,2008,2008-08-28,0.11,0.12804951
10,3,2008,2008-09-05,0.09,0.13996908
10,3,2008,2008-09-13,0.07,0.14154439
10,3,2008,2008-09-21,0.08,0.10431391
10,3,2008,2008-09-29,0.08,0.10970354
10,3,2008,2008-10-07,0.09,0.10174778
10,3,2008,2008-10-15,0.12,0.120364845
10,3,2008,2008-10-23,0.14,0.14598587
10,3,2008,2008-10-31,0.14,0.15607055
10,3,2008,2008-11-08,0.1,0.15510008
10,3,2008,2008-11-16,0.11,0.1186222
10,3,2008,2008-11-24,0.12,0.121486425
10,3,2008,2008-12-02,0.1,0.13421637
10,3,2008,2008-12-10,0.11,0.12273757
10,3,2008,2008-12-18,0.13,0.1289155
10,3,2008,2008-12-26,0.09,0.15083025
10,3,2009,2009-07-04,0.06,0.10909337
10,3,2009,2009-07-12,0.07,0.08420712
10,3,2009,2009-07-20,0.08,0.094602615
10,3,2009,2009-07-28,0.06,0.10490799
10,3,2009,2009-08-05,0.08,0.08753273
10,3,2009,2009-08-13,0.12,0.11531849
10,3,2009,2009-08-21,0.12,0.14311579
10,3,2009,2009-08-29,0.12,0.1520718
10,3,2009,2009-09-06,0.08,0.14675315
10,3,2009,2009-09-14,0.07,0.10357696
10,3,2009,2009-09-22,0.11,0.08808091
10,3,2009,2009-09-30,0.1,0.12882148
10,3,2009,2009-10-08,0.1,0.12488225
10,3,2009,2009-10-16,0.15,0.12606046
10,3,2009,2009-10-24,0.08,0.17682879
10,3,2009,2009-11-01,0.07,0.12624535
10,3,2009,2009-11-09,0.09,0.105810285
10,3,2009,2009-11-17,0.11,0.11226684
10,3,2009,2009-11-25,0.1,0.13923275
10,3,2009,2009-12-03,0.09,0.13357006
10,3,2009,2009-12-11,0.09,0.11628015
10,3,2009,2009-12-19,0.09,0.11783968
10,3,2009,2009-12-27,0.08,0.12519361
10,3,2010,2010-07-04,0.05,0.097715706
10,3,2010,2010-07-12,0.08,0.0774467
10,3,2010,2010-07-20,0.08,0.106128454
10,3,2010,2010-07-28,0.06,0.10977143
10,3,2010,2010-08-05,0.07,0.08847955
10,3,2010,2010-08-13,0.08,0.099838555
10,3,2010,2010-08-21,0.09,0.12050286
10,3,2010,2010-08-29,0.08,0.13047951
10,3,2010,2010-09-06,0.1,0.11905585
10,3,2010,2010-09-14,0.13,0.12007746
10,3,2010,2010-09-22,0.08,0.14415051
10,3,2010,2010-09-30,0.07,0.11436075
10,3,2010,2010-10-08,0.09,0.09807095
10,3,2010,2010-10-16,0.09,0.117080376
10,3,2010,2010-10-24,0.1,0.13563985
10,3,2010,2010-11-01,0.09,0.122344896
10,3,2010,2010-11-09,0.1,0.10919127
10,3,2010,2010-11-17,0.1,0.12162933
10,3,2010,2010-11-25,0.08,0.13027579
10,3,2010,2010-12-03,0.06,0.11059776
10,3,2010,2010-12-11,0.09,0.08903095
10,3,2010,2010-12-19,0.09,0.115640864
10,3,2010,2010-12-27,0.14,0.11852802
10,3,2011,2011-07-04,0.08,0.09546059
10,3,2011,2011-07-12,0.09,0.10130191
10,3,2011,2011-07-20,0.07,0.116944715
10,3,2011,2011-07-28,0.06,0.10015237
10,3,2011,2011-08-05,0.08,0.085119516
10,3,2011,2011-08-13,0.09,0.10466218
10,3,2011,2011-08-21,0.08,0.11770721
10,3,2011,2011-08-29,0.08,0.11277658
10,3,2011,2011-09-06,0.07,0.106208056
10,3,2011,2011-09-14,0.08,0.103297114
10,3,2011,2011-09-22,0.06,0.121115014
10,3,2011,2011-09-30,0.07,0.09046942
10,3,2011,2011-10-08,0.15,0.09578869
10,3,2011,2011-10-16,0.09,0.17266467
10,3,2011,2011-10-24,0.09,0.12843564
10,3,2011,2011-11-01,0.1,0.11626829
10,3,2011,2011-11-09,0.1,0.11942868
10,3,2011,2011-11-17,0.09,0.12745425
10,3,2011,2011-11-25,0.08,0.11757228
10,3,2011,2011-12-03,0.1,0.10251236
10,3,2011,2011-12-11,0.08,0.11414182
10,3,2011,2011-12-19,0.09,0.10833016
10,3,2011,2011-12-27,0.06,0.11658625
10,3,2012,2012-07-03,0.12,0.09778553
10,3,2012,2012-07-11,0.07,0.14378615
10,3,2012,2012-07-19,0.08,0.10220638
10,3,2012,2012-07-27,0.08,0.10211578
10,3,2012,2012-08-04,0.07,0.09838086
10,3,2012,2012-08-12,0.08,0.09919354
10,3,2012,2012-08-20,0.08,0.11032635
10,3,2012,2012-08-28,0.11,0.10803443
10,3,2012,2012-09-05,0.17,0.13346915
10,3,2012,2012-09-13,0.11,0.1844362
10,3,2012,2012-09-21,0.12,0.1377395
10,3,2012,2012-09-29,0.1,0.123048335
10,3,2012,2012-10-07,0.13,0.11221042
10,3,2012,2012-10-15,0.1,0.16662113
10,3,2012,2012-10-23,0.07,0.12512998
10,3,2012,2012-10-31,0.09,0.09519994
10,3,2012,2012-11-08,0.07,0.11334729
10,3,2012,2012-11-16,0.12,0.102463424
10,3,2012,2012-11-24,0.08,0.14401947
10,3,2012,2012-12-02,0.08,0.107283205
10,3,2012,2012-12-10,0.09,0.10972926
10,3,2012,2012-12-18,0.08,0.110939085
10,3,2012,2012-12-26,0.11,0.109568834
10,4,2001,2001-07-04,0.12,0.14007257
10,4,2001,2001-07-12,0.06,0.14896473
10,4,2001,2001-07-20,0.07,0.09120339
10,4,2001,2001-07-28,0.07,0.098140866
10,4,2001,2001-08-05,0.08,0.09403369
10,4,2001,2001-08-13,0.07,0.10971686
10,4,2001,2001-08-21,0.09,0.09965631
10,4,2001,2001-08-29,0.09,0.11956453
10,4,2001,2001-09-06,0.09,0.11859472
10,4,2001,2001-09-14,0.07,0.118154734
10,4,2001,2001-09-22,0.1,0.10259095
10,4,2001,2001-09-30,0.09,0.12455937
10,4,2001,2001-10-08,0.07,0.11748205
10,4,2001,2001-10-16,0.05,0.10611156
10,4,2001,2001-10-24,0.06,0.097049326
10,4,2001,2001-11-01,0.08,0.10084945
10,4,2001,2001-11-09,0.08,0.110404044
10,4,2001,2001-11-17,0.05,0.1197775
10,4,2001,2001-11-25,0.08,0.082799494
10,4,2001,2001-12-03,0.11,0.13249123
10,4,2001,2001-12-11,0.11,0.13720244
10,4,2001,2001-12-19,0.07,0.15670909
10,4,2001,2001-12-27,0.09,0.08998269
10,4,2002,2002-07-04,0.06,0.13067374
10,4,2002,2002-07-12,0.07,0.1062102
10,4,2002,2002-07-20,0.07,0.09441671
10,4,2002,2002-07-28,0.07,0.097649455
10,4,2002,2002-08-05,0.06,0.098966956
10,4,2002,2002-08-13,0.1,0.09529838
10,4,2002,2002-08-21,0.1,0.12530419
10,4,2002,2002-08-29,0.06,0.13187058
10,4,2002,2002-09-06,0.06,0.09725505
10,4,2002,2002-09-14,0.1,0.093954474
10,4,2002,2002-09-22,0.07,0.12269613
10,4,2002,2002-09-30,0.09,0.10972881
10,4,2002,2002-10-08,0.08,0.120366156
10,4,2002,2002-10-16,0.11,0.10554361
10,4,2002,2002-10-24,0.09,0.12496059
10,4,2002,2002-11-01,0.11,0.111221254
10,4,2002,2002-11-09,0.06,0.13331707
10,4,2002,2002-11-17,0.09,0.09261131
10,4,2002,2002-11-25,0.09,0.1073342
10,4,2002,2002-12-03,0.08,0.11722018
10,4,2002,2002-12-11,0.08,0.11937152
10,4,2002,2002-12-19,0.09,0.11724953
10,4,2002,2002-12-27,0.06,0.11303508
10,4,2003,2003-07-04,0.08,0.10471818
10,4,2003,2003-07-12,0.08,0.105439305
10,4,2003,2003-07-20,0.06,0.10834482
10,4,2003,2003-07-28,0.08,0.09075108
10,4,2003,2003-08-05,0.1,0.10780838
10,4,2003,2003-08-13,0.09,0.121720135
10,4,2003,2003-08-21,0.08,0.12614344
10,4,2003,2003-08-29,0.07,0.114103764
10,4,2003,2003-09-06,0.08,0.09360397
10,4,2003,2003-09-14,0.08,0.102562755
10,4,2003,2003-09-22,0.1,0.11554402
10,4,2003,2003-09-30,0.06,0.12433575
10,4,2003,2003-10-08,0.08,0.09709805
10,4,2003,2003-10-16,0.07,0.107647926
10,4,2003,2003-10-24,0.04,0.10987547
10,4,2003,2003-11-01,0.07,0.08107209
10,4,2003,2003-11-09,0.08,0.11204544
10,4,2003,2003-11-17,0.09,0.104542285
10,4,2003,2003-11-25,0.07,0.124642774
10,4,2003,2003-12-03,0.04,0.10365355
10,4,2003,2003-12-11,0.08,0.07754883
10,4,2003,2003-12-19,0.1,0.11068383
10,4,2003,2003-12-27,0.06,0.1319602
10,4,2004,2004-07-03,0.09,0.10183784
10,4,2004,2004-07-11,0.07,0.120319396
10,4,2004,2004-07-19,0.06,0.10437605
10,4,2004,2004-07-27,0.05,0.08803138
10,4,2004,2004-08-04,0.06,0.085831195
10,4,2004,2004-08-12,0.07,0.10144445
10,4,2004,2004-08-20,0.08,0.107771575
10,4,2004,2004-08-28,0.1,0.11270082
10,4,2004,2004-09-05,0.07,0.124409124
10,4,2004,2004-09-13,0.08,0.1019634
10,4,2004,2004-09-21,0.1,0.10825202
10,4,2004,2004-09-29,0.1,0.13168426
10,4,2004,2004-10-07,0.08,0.12108806
10,4,2004,2004-10-15,0.08,0.10820797
10,4,2004,2004-10-23,0.08,0.10298276
10,4,2004,2004-10-31,0.09,0.09697756
10,4,2004,2004-11-08,0.09,0.11546633
10,4,2004,2004-11-16,0.07,0.11825526
10,4,2004,2004-11-24,0.09,0.10506305
10,4,2004,2004-12-02,0.1,0.113473356
10,4,2004,2004-12-10,0.12,0.11384681
10,4,2004,2004-12-18,0.1,0.14381267
10,4,2004,2004-12-26,0.1,0.13138302
10,4,2005,2005-07-04,0.07,0.10560143
10,4,2005,2005-07-12,0.08,0.103250206
10,4,2005,2005-07-20,0.08,0.10620427
10,4,2005,2005-07-28,0.07,0.104386896
10,4,2005,2005-08-05,0.06,0.093088716
10,4,2005,2005-08-13,0.05,0.088386744
10,4,2005,2005-08-21,0.07,0.08424869
10,4,2005,2005-08-29,0.11,0.10510665
10,4,2005,2005-09-06,0.1,0.14555338
10,4,2005,2005-09-14,0.11,0.12812339
10,4,2005,2005-09-22,0.08,0.13333967
10,4,2005,2005-09-30,0.09,0.111148566
10,4,2005,2005-10-08,0.07,0.119812444
10,4,2005,2005-10-16,0.08,0.098528385
10,4,2005,2005-10-24,0.08,0.10804358
10,4,2005,2005-11-01,0.08,0.108294874
10,4,2005,2005-11-09,0.08,0.11297685
10,4,2005,2005-11-17,0.07,0.11197245
10,4,2005,2005-11-25,0.13,0.09797105
10,4,2005,2005-12-03,0.11,0.1557358
10,4,2005,2005-12-11,0.08,0.14292383
10,4,2005,2005-12-19,0.07,0.119101
10,4,2005,2005-12-27,0.13,0.10004452
10,4,2006,2006-07-04,0.17,0.1165033
10,4,2006,2006-07-12,0.1,0.1851084
10,4,2006,2006-07-20,0.07,0.13282539
10,4,2006,2006-07-28,0.07,0.09383121
10,4,2006,2006-08-05,0.06,0.09285894
10,4,2006,2006-08-13,0.08,0.08675724
10,4,2006,2006-08-21,0.07,0.102600455
10,4,2006,2006-08-29,0.11,0.10082069
10,4,2006,2006-09-06,0.06,0.14721043
10,4,2006,2006-09-14,0.06,0.10254812
10,4,2006,2006-09-22,0.07,0.10104427
10,4,2006,2006-09-30,0.07,0.098672956
10,4,2006,2006-10-08,0.07,0.10589352
10,4,2006,2006-10-16,0.07,0.09893331
10,4,2006,2006-10-24,0.09,0.10264826
10,4,2006,2006-11-01,0.09,0.11873914
10,4,2006,2006-11-09,0.09,0.119408935
10,4,2006,2006-11-17,0.08,0.11774406
10,4,2006,2006-11-25,0.08,0.10491118
10,4,2006,2006-12-03,0.05,0.123087674
10,4,2006,2006-12-11,0.08,0.09241587
10,4,2006,2006-12-19,0.08,0.10964745
10,4,2006,2006-12-27,0.06,0.1058923
10,4,2007,2007-07-04,0.06,0.10329804
10,4,2007,2007-07-12,0.09,0.120854005
10,4,2007,2007-07-20,0.06,0.12323581
10,4,2007,2007-07-28,0.07,0.09155369
10,4,2007,2007-08-05,0.07,0.09662303
10,4,2007,2007-08-13,0.07,0.09519678
10,4,2007,2007-08-21,0.06,0.10404524
10,4,2007,2007-08-29,0.08,0.0918895
10,4,2007,2007-09-06,0.09,0.121274084
10,4,2007,2007-09-14,0.09,0.11322117
10,4,2007,2007-09-22,0.08,0.11386654
10,4,2007,2007-09-30,0.06,0.10492581
10,4,2007,2007-10-08,0.1,0.08986771
10,4,2007,2007-10-16,0.08,0.123934984
10,4,2007,2007-10-24,0.04,0.10837844
10,4,2007,2007-11-01,0.06,0.081336975
10,4,2007,2007-11-09,0.04,0.096343726
10,4,2007,2007-11-17,0.07,0.08226496
10,4,2007,2007-11-25,0.07,0.10592952
10,4,2007,2007-12-03,0.08,0.10429442
10,4,2007,2007-12-11,0.09,0.10395181
10,4,2007,2007-12-19,0.14,0.11956303
10,4,2007,2007-12-27,0.09,0.16221736
10,4,2008,2008-07-03,0.07,0.12298544
10,4,2008,2008-07-11,0.06,0.09822604
10,4,2008,2008-07-19,0.07,0.095798224
10,4,2008,2008-07-27,0.06,0.0949547
10,4,2008,2008-08-04,0.06,0.0930261
10,4,2008,2008-08-12,0.07,0.09228
10,4,2008,2008-08-20,0.09,0.10124847
10,4,2008,2008-08-28,0.08,0.114984915
10,4,2008,2008-09-05,0.09,0.11218527
10,4,2008,2008-09-13,0.06,0.12120944
10,4,2008,2008-09-21,0.06,0.0959492
10,4,2008,2008-09-29,0.07,0.092621624
10,4,2008,2008-10-07,0.09,0.09557438
10,4,2008,2008-10-15,0.11,0.12680277
10,4,2008,2008-10-23,0.09,0.13687
10,4,2008,2008-10-31,0.09,0.10792726
10,4,2008,2008-11-08,0.06,0.10887492
10,4,2008,2008-11-16,0.04,0.079821706
10,4,2008,2008-11-24,0.09,0.07618916
10,4,2008,2008-12-02,0.08,0.11790335
10,4,2008,2008-12-10,0.08,0.11506429
10,4,2008,2008-12-18,0.1,0.115640745
10,4,2008,2008-12-26,0.08,0.14396977
10,4,2009,2009-07-04,0.04,0.11566864
10,4,2009,2009-07-12,0.06,0.07512319
10,4,2009,2009-07-20,0.08,0.08868292
10,4,2009,2009-07-28,0.06,0.10872075
10,4,2009,2009-08-05,0.07,0.09232426
10,4,2009,2009-08-13,0.07,0.09838092
10,4,2009,2009-08-21,0.07,0.10010195
10,4,2009,2009-08-29,0.09,0.10720953
10,4,2009,2009-09-06,0.07,0.11966567
10,4,2009,2009-09-14,0.07,0.10581219
10,4,2009,2009-09-22,0.1,0.09501383
10,4,2009,2009-09-30,0.18,0.12053546
10,4,2009,2009-10-08,0.09,0.19704439
10,4,2009,2009-10-16,0.1,0.13273531
10,4,2009,2009-10-24,0.07,0.12480399
10,4,2009,2009-11-01,0.05,0.097364396
10,4,2009,2009-11-09,0.08,0.085589856
10,4,2009,2009-11-17,0.08,0.10222834
10,4,2009,2009-11-25,0.09,0.09968096
10,4,2009,2009-12-03,0.06,0.12360272
10,4,2009,2009-12-11,0.08,0.094266385
10,4,2009,2009-12-19,0.04,0.11065477
10,4,2009,2009-12-27,0.04,0.08284888
10,4,2010,2010-07-04,0.05,0.11007276
10,4,2010,2010-07-12,0.1,0.07549444
10,4,2010,2010-07-20,0.08,0.12306084
10,4,2010,2010-07-28,0.06,0.111702085
10,4,2010,2010-08-05,0.09,0.09071693
10,4,2010,2010-08-13,0.08,0.115155175
10,4,2010,2010-08-21,0.07,0.10769871
10,4,2010,2010-08-29,0.05,0.10020998
10,4,2010,2010-09-06,0.06,0.08791241
10,4,2010,2010-09-14,0.13,0.091481686
10,4,2010,2010-09-22,0.08,0.15317735
10,4,2010,2010-09-30,0.06,0.12169194
10,4,2010,2010-10-08,0.11,0.1206837
10,4,2010,2010-10-16,0.1,0.13174388
10,4,2010,2010-10-24,0.06,0.13228445
10,4,2010,2010-11-01,0.05,0.08664328
10,4,2010,2010-11-09,0.1,0.074240625
10,4,2010,2010-11-17,0.09,0.12780558
10,4,2010,2010-11-25,0.07,0.12210849
10,4,2010,2010-12-03,0.06,0.106891155
10,4,2010,2010-12-11,0.08,0.08531502
10,4,2010,2010-12-19,0.09,0.11033031
10,4,2010,2010-12-27,0.07,0.10722804
10,4,2011,2011-07-04,0.07,0.10164124
10,4,2011,2011-07-12,0.09,0.09265292
10,4,2011,2011-07-20,0.08,0.12650247
10,4,2011,2011-07-28,0.06,0.1107845
10,4,2011,2011-08-05,0.07,0.088820845
10,4,2011,2011-08-13,0.08,0.103886575
10,4,2011,2011-08-21,0.09,0.110310584
10,4,2011,2011-08-29,0.09,0.11759196
10,4,2011,2011-09-06,0.07,0.109205365
10,4,2011,2011-09-14,0.09,0.09517273
10,4,2011,2011-09-22,0.08,0.13290164
10,4,2011,2011-09-30,0.08,0.11027661
10,4,2011,2011-10-08,0.13,0.10422295
10,4,2011,2011-10-16,0.09,0.16005701
10,4,2011,2011-10-24,0.08,0.12659453
10,4,2011,2011-11-01,0.1,0.100544244
10,4,2011,2011-11-09,0.11,0.112525105
10,4,2011,2011-11-17,0.07,0.13990405
10,4,2011,2011-11-25,0.07,0.10503879
10,4,2011,2011-12-03,0.08,0.09582764
10,4,2011,2011-12-11,0.06,0.10164857
10,4,2011,2011-12-19,0.06,0.094209075
10,4,2011,2011-12-27,0.03,0.09742093
10,4,2012,2012-07-03,0.12,0.11109218
10,4,2012,2012-07-11,0.06,0.14050499
10,4,2012,2012-07-19,0.06,0.09658629
10,4,2012,2012-07-27,0.07,0.09137395
10,4,2012,2012-08-04,0.08,0.09458685
10,4,2012,2012-08-12,0.08,0.10906541
10,4,2012,2012-08-20,0.08,0.11162189
10,4,2012,2012-08-28,0.09,0.11380237
10,4,2012,2012-09-05,0.09,0.12071794
10,4,2012,2012-09-13,0.1,0.11438379
10,4,2012,2012-09-21,0.07,0.12805997
10,4,2012,2012-09-29,0.12,0.09969929
10,4,2012,2012-10-07,0.1,0.1417599
10,4,2012,2012-10-15,0.1,0.1406129
10,4,2012,2012-10-23,0.08,0.12685741
10,4,2012,2012-10-31,0.08,0.10442597
10,4,2012,2012-11-08,0.07,0.110616356
10,4,2012,2012-11-16,0.1,0.107548684
10,4,2012,2012-11-24,0.07,0.122330174
10,4,2012,2012-12-02,0.1,0.098261476
10,4,2012,2012-12-10,0.09,0.12503012
10,4,2012,2012-12-18,0.07,0.11139518
10,4,2012,2012-12-26,0.06,0.09566671
10,5,2001,2001-07-04,0.2,0.21847944
10,5,2001,2001-07-12,0.18,0.22891259
10,5,2001,2001-07-20,0.19,0.19450125
10,5,2001,2001-07-28,0.2,0.20741086
10,5,2001,2001-08-05,0.19,0.21945526
10,5,2001,2001-08-13,0.18,0.20389709
10,5,2001,2001-08-21,0.18,0.19397917
10,5,2001,2001-08-29,0.17,0.19631158
10,5,2001,2001-09-06,0.18,0.20234373
10,5,2001,2001-09-14,0.18,0.2108366
10,5,2001,2001-09-22,0.19,0.22355688
10,5,2001,2001-09-30,0.2,0.22639234
10,5,2001,2001-10-08,0.19,0.22971986
10,5,2001,2001-10-16,0.21,0.20615229
10,5,2001,2001-10-24,0.19,0.22799885
10,5,2001,2001-11-01,0.17,0.21787335
10,5,2001,2001-11-09,0.21,0.20066617
10,5,2001,2001-11-17,0.22,0.22560485
10,5,2001,2001-11-25,0.23,0.2581362
10,5,2001,2001-12-03,0.21,0.2602815
10,5,2001,2001-12-11,0.21,0.21268943
10,5,2001,2001-12-19,0.19,0.21314475
10,5,2001,2001-12-27,0.15,0.1932881
10,5,2002,2002-07-04,0.16,0.24860765
10,5,2002,2002-07-12,0.17,0.1881813
10,5,2002,2002-07-20,0.17,0.18111625
10,5,2002,2002-07-28,0.17,0.1968597
10,5,2002,2002-08-05,0.19,0.20346993
10,5,2002,2002-08-13,0.19,0.21771538
10,5,2002,2002-08-21,0.19,0.21501179
10,5,2002,2002-08-29,0.17,0.21078739
10,5,2002,2002-09-06,0.16,0.18928239
10,5,2002,2002-09-14,0.18,0.18291695
10,5,2002,2002-09-22,0.2,0.20480824
10,5,2002,2002-09-30,0.21,0.23073778
10,5,2002,2002-10-08,0.24,0.2404162
10,5,2002,2002-10-16,0.22,0.25799298
10,5,2002,2002-10-24,0.2,0.24098074
10,5,2002,2002-11-01,0.21,0.20699696
10,5,2002,2002-11-09,0.18,0.21154588
10,5,2002,2002-11-17,0.22,0.20484114
10,5,2002,2002-11-25,0.2,0.24378717
10,5,2002,2002-12-03,0.19,0.23453672
10,5,2002,2002-12-11,0.16,0.20862909
10,5,2002,2002-12-19,0.17,0.18295066
10,5,2002,2002-12-27,0.14,0.189533
10,5,2003,2003-07-04,0.2,0.20795228
10,5,2003,2003-07-12,0.17,0.21682608
10,5,2003,2003-07-20,0.17,0.1929507
10,5,2003,2003-07-28,0.2,0.18803862
10,5,2003,2003-08-05,0.18,0.22041416
10,5,2003,2003-08-13,0.18,0.21219979
10,5,2003,2003-08-21,0.19,0.204019
10,5,2003,2003-08-29,0.17,0.2137682
10,5,2003,2003-09-06,0.16,0.19174759
10,5,2003,2003-09-14,0.21,0.17701565
10,5,2003,2003-09-22,0.22,0.23286393
10,5,2003,2003-09-30,0.21,0.25568795
10,5,2003,2003-10-08,0.21,0.23738073
10,5,2003,2003-10-16,0.18,0.23567672
10,5,2003,2003-10-24,0.16,0.20328541
10,5,2003,2003-11-01,0.18,0.17757583
10,5,2003,2003-11-09,0.18,0.20533556
10,5,2003,2003-11-17,0.21,0.20519207
10,5,2003,2003-11-25,0.2,0.24365142
10,5,2003,2003-12-03,0.14,0.22851229
10,5,2003,2003-12-11,0.18,0.1650789
10,5,2003,2003-12-19,0.2,0.18760672
10,5,2003,2003-12-27,0.17,0.22483703
10,5,2004,2004-07-03,0.2,0.20149562
10,5,2004,2004-07-11,0.17,0.2248061
10,5,2004,2004-07-19,0.2,0.19358698
10,5,2004,2004-07-27,0.16,0.21325874
10,5,2004,2004-08-04,0.16,0.19375645
10,5,2004,2004-08-12,0.18,0.18248564
10,5,2004,2004-08-20,0.19,0.20482965
10,5,2004,2004-08-28,0.21,0.22133094
10,5,2004,2004-09-05,0.17,0.2305372
10,5,2004,2004-09-13,0.23,0.18879677
10,5,2004,2004-09-21,0.23,0.25219685
10,5,2004,2004-09-29,0.24,0.26610693
10,5,2004,2004-10-07,0.23,0.2555073
10,5,2004,2004-10-15,0.2,0.2388019
10,5,2004,2004-10-23,0.2,0.20106779
10,5,2004,2004-10-31,0.2,0.1968789
10,5,2004,2004-11-08,0.18,0.21357557
10,5,2004,2004-11-16,0.19,0.19993064
10,5,2004,2004-11-24,0.22,0.21623902
10,5,2004,2004-12-02,0.19,0.2450704
10,5,2004,2004-12-10,0.2,0.2002323
10,5,2004,2004-12-18,0.2,0.2102442
10,5,2004,2004-12-26,0.21,0.22534496
10,5,2005,2005-07-04,0.19,0.2165518
10,5,2005,2005-07-12,0.21,0.21605341
10,5,2005,2005-07-20,0.15,0.22229366
10,5,2005,2005-07-28,0.18,0.180633
10,5,2005,2005-08-05,0.18,0.1889664
10,5,2005,2005-08-13,0.16,0.201051
10,5,2005,2005-08-21,0.17,0.18942282
10,5,2005,2005-08-29,0.2,0.19871947
10,5,2005,2005-09-06,0.21,0.23586927
10,5,2005,2005-09-14,0.24,0.23288512
10,5,2005,2005-09-22,0.19,0.27061227
10,5,2005,2005-09-30,0.22,0.22178368
10,5,2005,2005-10-08,0.23,0.23617518
10,5,2005,2005-10-16,0.22,0.25283927
10,5,2005,2005-10-24,0.27,0.23067728
10,5,2005,2005-11-01,0.22,0.27255988
10,5,2005,2005-11-09,0.19,0.23293981
10,5,2005,2005-11-17,0.17,0.18583949
10,5,2005,2005-11-25,0.26,0.18128139
10,5,2005,2005-12-03,0.23,0.28551185
10,5,2005,2005-12-11,0.16,0.25972667
10,5,2005,2005-12-19,0.18,0.17366332
10,5,2005,2005-12-27,0.19,0.190171
10,5,2006,2006-07-04,0.23,0.21959886
10,5,2006,2006-07-12,0.17,0.25393838
10,5,2006,2006-07-20,0.18,0.20404264
10,5,2006,2006-07-28,0.17,0.18045172
10,5,2006,2006-08-05,0.17,0.1918079
10,5,2006,2006-08-13,0.18,0.19584228
10,5,2006,2006-08-21,0.17,0.2003456
10,5,2006,2006-08-29,0.22,0.19509481
10,5,2006,2006-09-06,0.16,0.24918786
10,5,2006,2006-09-14,0.17,0.20232238
10,5,2006,2006-09-22,0.19,0.2024015
10,5,2006,2006-09-30,0.21,0.2129897
10,5,2006,2006-10-08,0.22,0.24409446
10,5,2006,2006-10-16,0.19,0.2529588
10,5,2006,2006-10-24,0.18,0.21521671
10,5,2006,2006-11-01,0.22,0.21334071
10,5,2006,2006-11-09,0.2,0.24099521
10,5,2006,2006-11-17,0.21,0.2189082
10,5,2006,2006-11-25,0.19,0.21329029
10,5,2006,2006-12-03,0.16,0.22849117
10,5,2006,2006-12-11,0.18,0.19246085
10,5,2006,2006-12-19,0.17,0.18702863
10,5,2006,2006-12-27,0.15,0.1932161
10,5,2007,2007-07-04,0.16,0.22611262
10,5,2007,2007-07-12,0.2,0.19779882
10,5,2007,2007-07-20,0.18,0.21034153
10,5,2007,2007-07-28,0.16,0.2044917
10,5,2007,2007-08-05,0.15,0.17977133
10,5,2007,2007-08-13,0.17,0.17262475
10,5,2007,2007-08-21,0.16,0.19835207
10,5,2007,2007-08-29,0.19,0.19085963
10,5,2007,2007-09-06,0.18,0.23021494
10,5,2007,2007-09-14,0.21,0.20415813
10,5,2007,2007-09-22,0.18,0.22618099
10,5,2007,2007-09-30,0.2,0.2077868
10,5,2007,2007-10-08,0.21,0.22509518
10,5,2007,2007-10-16,0.2,0.24108252
10,5,2007,2007-10-24,0.15,0.21921578
10,5,2007,2007-11-01,0.22,0.16739506
10,5,2007,2007-11-09,0.18,0.24384615
10,5,2007,2007-11-17,0.19,0.21715724
10,5,2007,2007-11-25,0.18,0.21248743
10,5,2007,2007-12-03,0.18,0.20109096
10,5,2007,2007-12-11,0.17,0.19316237
10,5,2007,2007-12-19,0.18,0.19287442
10,5,2007,2007-12-27,0.14,0.20107241
10,5,2008,2008-07-03,0.17,0.21353132
10,5,2008,2008-07-11,0.19,0.18284795
10,5,2008,2008-07-19,0.17,0.21185568
10,5,2008,2008-07-27,0.18,0.1962604
10,5,2008,2008-08-04,0.17,0.19563444
10,5,2008,2008-08-12,0.17,0.18683766
10,5,2008,2008-08-20,0.19,0.19371824
10,5,2008,2008-08-28,0.2,0.21068555
10,5,2008,2008-09-05,0.19,0.23057587
10,5,2008,2008-09-13,0.16,0.21418111
10,5,2008,2008-09-21,0.19,0.19026142
10,5,2008,2008-09-29,0.19,0.20737505
10,5,2008,2008-10-07,0.19,0.22130051
10,5,2008,2008-10-15,0.22,0.22088097
10,5,2008,2008-10-23,0.22,0.2422257
10,5,2008,2008-10-31,0.23,0.2274384
10,5,2008,2008-11-08,0.16,0.25067613
10,5,2008,2008-11-16,0.17,0.17982228
10,5,2008,2008-11-24,0.21,0.18090571
10,5,2008,2008-12-02,0.18,0.23016177
10,5,2008,2008-12-10,0.19,0.20983848
10,5,2008,2008-12-18,0.18,0.20345539
10,5,2008,2008-12-26,0.18,0.20200434
10,5,2009,2009-07-04,0.16,0.20666759
10,5,2009,2009-07-12,0.16,0.17885299
10,5,2009,2009-07-20,0.18,0.1862847
10,5,2009,2009-07-28,0.15,0.20358956
10,5,2009,2009-08-05,0.17,0.18327036
10,5,2009,2009-08-13,0.17,0.19257578
10,5,2009,2009-08-21,0.17,0.19770344
10,5,2009,2009-08-29,0.19,0.20281017
10,5,2009,2009-09-06,0.18,0.22233868
10,5,2009,2009-09-14,0.16,0.21023211
10,5,2009,2009-09-22,0.18,0.17781076
10,5,2009,2009-09-30,0.19,0.20466349
10,5,2009,2009-10-08,0.2,0.22071405
10,5,2009,2009-10-16,0.22,0.22759421
10,5,2009,2009-10-24,0.2,0.25054693
10,5,2009,2009-11-01,0.17,0.22901745
10,5,2009,2009-11-09,0.2,0.19581005
10,5,2009,2009-11-17,0.2,0.20283325
10,5,2009,2009-11-25,0.19,0.21640554
10,5,2009,2009-12-03,0.18,0.2189393
10,5,2009,2009-12-11,0.16,0.19907457
10,5,2009,2009-12-19,0.13,0.18390667
10,5,2009,2009-12-27,0.13,0.1578281
10,5,2010,2010-07-04,0.15,0.19320232
10,5,2010,2010-07-12,0.18,0.17380662
10,5,2010,2010-07-20,0.2,0.20145023
10,5,2010,2010-07-28,0.17,0.23138578
10,5,2010,2010-08-05,0.24,0.1929124
10,5,2010,2010-08-13,0.17,0.2528377
10,5,2010,2010-08-21,0.16,0.20024677
10,5,2010,2010-08-29,0.16,0.17173295
10,5,2010,2010-09-06,0.2,0.18737589
10,5,2010,2010-09-14,0.2,0.22701348
10,5,2010,2010-09-22,0.18,0.22335818
10,5,2010,2010-09-30,0.18,0.20219858
10,5,2010,2010-10-08,0.19,0.20186259
10,5,2010,2010-10-16,0.26,0.21772072
10,5,2010,2010-10-24,0.17,0.29204887
10,5,2010,2010-11-01,0.17,0.20697244
10,5,2010,2010-11-09,0.2,0.16810946
10,5,2010,2010-11-17,0.23,0.22226243
10,5,2010,2010-11-25,0.19,0.2605076
10,5,2010,2010-12-03,0.14,0.21487153
10,5,2010,2010-12-11,0.18,0.15559828
10,5,2010,2010-12-19,0.19,0.18999845
10,5,2010,2010-12-27,0.23,0.20459418
10,5,2011,2011-07-04,0.17,0.20194755
10,5,2011,2011-07-12,0.19,0.18537016
10,5,2011,2011-07-20,0.19,0.21361044
10,5,2011,2011-07-28,0.17,0.2239613
10,5,2011,2011-08-05,0.18,0.19256674
10,5,2011,2011-08-13,0.18,0.21778643
10,5,2011,2011-08-21,0.18,0.20137759
10,5,2011,2011-08-29,0.17,0.1958823
10,5,2011,2011-09-06,0.16,0.18785238
10,5,2011,2011-09-14,0.19,0.19321883
10,5,2011,2011-09-22,0.2,0.22170499
10,5,2011,2011-09-30,0.19,0.22734693
10,5,2011,2011-10-08,0.21,0.21183376
10,5,2011,2011-10-16,0.19,0.22847584
10,5,2011,2011-10-24,0.2,0.23423459
10,5,2011,2011-11-01,0.23,0.20983045
10,5,2011,2011-11-09,0.21,0.23699884
10,5,2011,2011-11-17,0.19,0.23236923
10,5,2011,2011-11-25,0.17,0.21537976
10,5,2011,2011-12-03,0.18,0.18603322
10,5,2011,2011-12-11,0.19,0.18314572
10,5,2011,2011-12-19,0.15,0.21286573
10,5,2011,2011-12-27,0.13,0.18396226
10,5,2012,2012-07-03,0.22,0.20340842
10,5,2012,2012-07-11,0.17,0.23370518
10,5,2012,2012-07-19,0.17,0.19980872
10,5,2012,2012-07-27,0.15,0.18884149
10,5,2012,2012-08-04,0.18,0.1728042
10,5,2012,2012-08-12,0.18,0.20510145
10,5,2012,2012-08-20,0.19,0.21089202
10,5,2012,2012-08-28,0.2,0.21614142
10,5,2012,2012-09-05,0.18,0.21943732
10,5,2012,2012-09-13,0.21,0.19705346
10,5,2012,2012-09-21,0.22,0.22983526
10,5,2012,2012-09-29,0.21,0.24794826
10,5,2012,2012-10-07,0.23,0.22855325
10,5,2012,2012-10-15,0.25,0.24527484
10,5,2012,2012-10-23,0.21,0.26071155
10,5,2012,2012-10-31,0.19,0.2219932
10,5,2012,2012-11-08,0.17,0.2049791
10,5,2012,2012-11-16,0.2,0.1896316
10,5,2012,2012-11-24,0.2,0.21555851
10,5,2012,2012-12-02,0.18,0.2177932
10,5,2012,2012-12-10,0.18,0.19985518
10,5,2012,2012-12-18,0.16,0.20096104
10,5,2012,2012-12-26,0.16,0.17621663
10,6,2001,2001-07-04,0.1,0.12581751
10,6,2001,2001-07-12,0.07,0.13470615
10,6,2001,2001-07-20,0.07,0.097965
10,6,2001,2001-07-28,0.05,0.099119425
10,6,2001,2001-08-05,0.11,0.09222829
10,6,2001,2001-08-13,0.09,0.13717408
10,6,2001,2001-08-21,0.11,0.12397428
10,6,2001,2001-08-29,0.13,0.14666781
10,6,2001,2001-09-06,0.21,0.19524439
10,6,2001,2001-09-14,0.22,0.24149156
10,6,2001,2001-09-22,0.25,0.3060262
10,6,2001,2001-09-30,0.3,0.30073613
10,6,2001,2001-10-08,0.33,0.3238302
10,6,2001,2001-10-16,0.29,0.31662253
10,6,2001,2001-10-24,0.21,0.26862755
10,6,2001,2001-11-01,0.14,0.18205349
10,6,2001,2001-11-09,0.24,0.14771819
10,6,2001,2001-11-17,0.23,0.21347876
10,6,2001,2001-11-25,0.14,0.25106162
10,6,2001,2001-12-03,0.14,0.1591651
10,6,2001,2001-12-11,0.16,0.13998489
10,6,2001,2001-12-19,0.11,0.17042993
10,6,2001,2001-12-27,0.05,0.12128799
10,6,2002,2002-07-04,0.07,0.14504695
10,6,2002,2002-07-12,0.08,0.107283026
10,6,2002,2002-07-20,0.06,0.10860339
10,6,2002,2002-07-28,0.06,0.095871866
10,6,2002,2002-08-05,0.06,0.09184301
10,6,2002,2002-08-13,0.14,0.11061841
10,6,2002,2002-08-21,0.14,0.1712352
10,6,2002,2002-08-29,0.08,0.17993364
10,6,2002,2002-09-06,0.07,0.12935872
10,6,2002,2002-09-14,0.1,0.13667937
10,6,2002,2002-09-22,0.26,0.16639066
10,6,2002,2002-09-30,0.29,0.33231062
10,6,2002,2002-10-08,0.35,0.37881017
10,6,2002,2002-10-16,0.2,0.3913191
10,6,2002,2002-10-24,0.21,0.22947389
10,6,2002,2002-11-01,0.1,0.18529579
10,6,2002,2002-11-09,0.08,0.109059185
10,6,2002,2002-11-17,0.08,0.13259634
10,6,2002,2002-11-25,0.1,0.14542831
10,6,2002,2002-12-03,0.11,0.14226568
10,6,2002,2002-12-11,0.08,0.15072846
10,6,2002,2002-12-19,0.1,0.13144203
10,6,2002,2002-12-27,0.03,0.13383403
10,6,2003,2003-07-04,0.1,0.10430145
10,6,2003,2003-07-12,0.08,0.12943877
10,6,2003,2003-07-20,0.05,0.11374113
10,6,2003,2003-07-28,0.07,0.08656955
10,6,2003,2003-08-05,0.07,0.1029565
10,6,2003,2003-08-13,0.09,0.1033054
10,6,2003,2003-08-21,0.08,0.14518148
10,6,2003,2003-08-29,0.14,0.1338566
10,6,2003,2003-09-06,0.14,0.16511191
10,6,2003,2003-09-14,0.24,0.16042012
10,6,2003,2003-09-22,0.34,0.25811765
10,6,2003,2003-09-30,0.31,0.41243652
10,6,2003,2003-10-08,0.22,0.36120462
10,6,2003,2003-10-16,0.19,0.24192628
10,6,2003,2003-10-24,0.15,0.17858545
10,6,2003,2003-11-01,0.08,0.16113065
10,6,2003,2003-11-09,0.05,0.09607464
10,6,2003,2003-11-17,0.08,0.080862194
10,6,2003,2003-11-25,0.12,0.11223531
10,6,2003,2003-12-03,0.03,0.15553874
10,6,2003,2003-12-11,0.13,0.09085193
10,6,2003,2003-12-19,0.05,0.15658589
10,6,2003,2003-12-27,0.04,0.0992327
10,6,2004,2004-07-03,0.07,0.13931242
10,6,2004,2004-07-11,0.09,0.1128532
10,6,2004,2004-07-19,0.08,0.12314561
10,6,2004,2004-07-27,0.07,0.105826795
10,6,2004,2004-08-04,0.04,0.10478568
10,6,2004,2004-08-12,0.08,0.08156499
10,6,2004,2004-08-20,0.12,0.12178123
10,6,2004,2004-08-28,0.14,0.1509573
10,6,2004,2004-09-05,0.19,0.18809012
10,6,2004,2004-09-13,0.27,0.22659203
10,6,2004,2004-09-21,0.36,0.33202535
10,6,2004,2004-09-29,0.3,0.43701985
10,6,2004,2004-10-07,0.34,0.32937586
10,6,2004,2004-10-15,0.16,0.2960028
10,6,2004,2004-10-23,0.17,0.16554272
10,6,2004,2004-10-31,0.15,0.15130949
10,6,2004,2004-11-08,0.09,0.14770153
10,6,2004,2004-11-16,0.05,0.10237977
10,6,2004,2004-11-24,0.12,0.08510935
10,6,2004,2004-12-02,0.09,0.15913354
10,6,2004,2004-12-10,0.06,0.11363101
10,6,2004,2004-12-18,0.06,0.114978015
10,6,2004,2004-12-26,0.06,0.08771947
10,6,2005,2005-07-04,0.1,0.14953417
10,6,2005,2005-07-12,0.09,0.12398082
10,6,2005,2005-07-20,0.09,0.12212627
10,6,2005,2005-07-28,0.08,0.119610846
10,6,2005,2005-08-05,0.08,0.11126372
10,6,2005,2005-08-13,0.08,0.1029844
10,6,2005,2005-08-21,0.11,0.115802735
10,6,2005,2005-08-29,0.19,0.15255745
10,6,2005,2005-09-06,0.19,0.23101033
10,6,2005,2005-09-14,0.36,0.24728596
10,6,2005,2005-09-22,0.21,0.42196268
10,6,2005,2005-09-30,0.28,0.30306625
10,6,2005,2005-10-08,0.33,0.27250883
10,6,2005,2005-10-16,0.18,0.3541792
10,6,2005,2005-10-24,0.22,0.19229637
10,6,2005,2005-11-01,0.14,0.18796498
10,6,2005,2005-11-09,0.06,0.15247372
10,6,2005,2005-11-17,0.09,0.084270835
10,6,2005,2005-11-25,0.08,0.10639885
10,6,2005,2005-12-03,0.1,0.1249315
10,6,2005,2005-12-11,0.08,0.13439985
10,6,2005,2005-12-19,0.05,0.11017263
10,6,2005,2005-12-27,0.05,0.08508274
10,6,2006,2006-07-04,0.12,0.124385834
10,6,2006,2006-07-12,0.1,0.15288904
10,6,2006,2006-07-20,0.1,0.1311044
10,6,2006,2006-07-28,0.11,0.13121097
10,6,2006,2006-08-05,0.13,0.1357505
10,6,2006,2006-08-13,0.12,0.15400966
10,6,2006,2006-08-21,0.11,0.14562275
10,6,2006,2006-08-29,0.25,0.14398056
10,6,2006,2006-09-06,0.19,0.29730284
10,6,2006,2006-09-14,0.28,0.25414932
10,6,2006,2006-09-22,0.3,0.35157806
10,6,2006,2006-09-30,0.22,0.32217187
10,6,2006,2006-10-08,0.23,0.23397319
10,6,2006,2006-10-16,0.12,0.2547655
10,6,2006,2006-10-24,0.07,0.14333923
10,6,2006,2006-11-01,0.13,0.10741308
10,6,2006,2006-11-09,0.1,0.15590681
10,6,2006,2006-11-17,0.15,0.120754644
10,6,2006,2006-11-25,0.08,0.17060101
10,6,2006,2006-12-03,0.05,0.11354086
10,6,2006,2006-12-11,0.08,0.0940564
10,6,2006,2006-12-19,0.06,0.11343002
10,6,2006,2006-12-27,0.03,0.092384726
10,6,2007,2007-07-04,0.07,0.121197596
10,6,2007,2007-07-12,0.09,0.11797571
10,6,2007,2007-07-20,0.09,0.12728211
10,6,2007,2007-07-28,0.09,0.12866834
10,6,2007,2007-08-05,0.09,0.13064964
10,6,2007,2007-08-13,0.09,0.13573422
10,6,2007,2007-08-21,0.13,0.13240363
10,6,2007,2007-08-29,0.25,0.16289662
10,6,2007,2007-09-06,0.27,0.32324317
10,6,2007,2007-09-14,0.34,0.32513568
10,6,2007,2007-09-22,0.23,0.3741658
10,6,2007,2007-09-30,0.25,0.26505437
10,6,2007,2007-10-08,0.22,0.22719568
10,6,2007,2007-10-16,0.24,0.22501446
10,6,2007,2007-10-24,0.03,0.21900903
10,6,2007,2007-11-01,0.06,0.07017124
10,6,2007,2007-11-09,0.04,0.098049164
10,6,2007,2007-11-17,0.07,0.08988717
10,6,2007,2007-11-25,0.08,0.13376147
10,6,2007,2007-12-03,0.06,0.11536126
10,6,2007,2007-12-11,0.13,0.09375629
10,6,2007,2007-12-19,0.05,0.15750907
10,6,2007,2007-12-27,0.05,0.091720104
10,6,2008,2008-07-03,0.1,0.13303332
10,6,2008,2008-07-11,0.08,0.12792832
10,6,2008,2008-07-19,0.08,0.11748609
10,6,2008,2008-07-27,0.09,0.11591825
10,6,2008,2008-08-04,0.14,0.12540261
10,6,2008,2008-08-12,0.23,0.16809022
10,6,2008,2008-08-20,0.29,0.2513034
10,6,2008,2008-08-28,0.24,0.32316178
10,6,2008,2008-09-05,0.19,0.28951022
10,6,2008,2008-09-13,0.19,0.22010507
10,6,2008,2008-09-21,0.14,0.23808908
10,6,2008,2008-09-29,0.17,0.17447363
10,6,2008,2008-10-07,0.1,0.20362425
10,6,2008,2008-10-15,0.11,0.14969754
10,6,2008,2008-10-23,0.09,0.16391455
10,6,2008,2008-10-31,0.09,0.09698126
10,6,2008,2008-11-08,0.08,0.11210376
10,6,2008,2008-11-16,0.1,0.09883091
10,6,2008,2008-11-24,0.1,0.1300429
10,6,2008,2008-12-02,0.15,0.13184398
10,6,2008,2008-12-10,0.11,0.16802841
10,6,2008,2008-12-18,0.05,0.15439007
10,6,2008,2008-12-26,0.06,0.082265586
10,6,2009,2009-07-04,0.09,0.12648253
10,6,2009,2009-07-12,0.09,0.12675041
10,6,2009,2009-07-20,0.1,0.12141074
10,6,2009,2009-07-28,0.07,0.12982816
10,6,2009,2009-08-05,0.12,0.108813375
10,6,2009,2009-08-13,0.14,0.1655515
10,6,2009,2009-08-21,0.14,0.21123755
10,6,2009,2009-08-29,0.27,0.2271862
10,6,2009,2009-09-06,0.26,0.32268593
10,6,2009,2009-09-14,0.25,0.29741767
10,6,2009,2009-09-22,0.18,0.24976166
10,6,2009,2009-09-30,0.19,0.1767314
10,6,2009,2009-10-08,0.15,0.1940636
10,6,2009,2009-10-16,0.12,0.15882845
10,6,2009,2009-10-24,0.08,0.13783471
10,6,2009,2009-11-01,0.04,0.10687438
10,6,2009,2009-11-09,0.06,0.082184374
10,6,2009,2009-11-17,0.17,0.098950356
10,6,2009,2009-11-25,0.05,0.20184691
10,6,2009,2009-12-03,0.1,0.115060896
10,6,2009,2009-12-11,0.17,0.14981313
10,6,2009,2009-12-19,0.08,0.19820684
10,6,2009,2009-12-27,0.03,0.11935161
10,6,2010,2010-07-04,0.08,0.13044472
10,6,2010,2010-07-12,0.09,0.10831714
10,6,2010,2010-07-20,0.11,0.12100242
10,6,2010,2010-07-28,0.07,0.14373423
10,6,2010,2010-08-05,0.08,0.10487765
10,6,2010,2010-08-13,0.09,0.12563822
10,6,2010,2010-08-21,0.07,0.13880849
10,6,2010,2010-08-29,0.08,0.12486528
10,6,2010,2010-09-06,0.2,0.16960402
10,6,2010,2010-09-14,0.18,0.27261305
10,6,2010,2010-09-22,0.17,0.25871503
10,6,2010,2010-09-30,0.26,0.19909196
10,6,2010,2010-10-08,0.33,0.2775711
10,6,2010,2010-10-16,0.26,0.3464281
10,6,2010,2010-10-24,0.09,0.25331634
10,6,2010,2010-11-01,0.08,0.09782609
10,6,2010,2010-11-09,0.08,0.08697027
10,6,2010,2010-11-17,0.09,0.10865995
10,6,2010,2010-11-25,0.06,0.1507112
10,6,2010,2010-12-03,0.03,0.09465128
10,6,2010,2010-12-11,0.07,0.084371895
10,6,2010,2010-12-19,0.13,0.1343478
10,6,2010,2010-12-27,0.19,0.15994425
10,6,2011,2011-07-04,0.09,0.11376548
10,6,2011,2011-07-12,0.09,0.1179214
10,6,2011,2011-07-20,0.08,0.122528985
10,6,2011,2011-07-28,0.08,0.12244181
10,6,2011,2011-08-05,0.1,0.11107081
10,6,2011,2011-08-13,0.12,0.13105822
10,6,2011,2011-08-21,0.19,0.15035875
10,6,2011,2011-08-29,0.09,0.20614262
10,6,2011,2011-09-06,0.15,0.1297614
10,6,2011,2011-09-14,0.15,0.19931637
10,6,2011,2011-09-22,0.26,0.19923432
10,6,2011,2011-09-30,0.22,0.29705736
10,6,2011,2011-10-08,0.2,0.28326428
10,6,2011,2011-10-16,0.07,0.25438812
10,6,2011,2011-10-24,0.08,0.12949105
10,6,2011,2011-11-01,0.06,0.08721286
10,6,2011,2011-11-09,0.07,0.09135434
10,6,2011,2011-11-17,0.04,0.103625655
10,6,2011,2011-11-25,0.08,0.08757073
10,6,2011,2011-12-03,0.1,0.11232865
10,6,2011,2011-12-11,0.13,0.11927529
10,6,2011,2011-12-19,0.06,0.15689428
10,6,2011,2011-12-27,0.04,0.11548141
10,6,2012,2012-07-03,0.13,0.1262141
10,6,2012,2012-07-11,0.09,0.15958056
10,6,2012,2012-07-19,0.08,0.12509038
10,6,2012,2012-07-27,0.1,0.111632526
10,6,2012,2012-08-04,0.09,0.12865432
10,6,2012,2012-08-12,0.14,0.12834483
10,6,2012,2012-08-20,0.21,0.17646813
10,6,2012,2012-08-28,0.11,0.26360857
10,6,2012,2012-09-05,0.22,0.15876426
10,6,2012,2012-09-13,0.2,0.2348408
10,6,2012,2012-09-21,0.14,0.23438142
10,6,2012,2012-09-29,0.1,0.20151183
10,6,2012,2012-10-07,0.07,0.14672323
10,6,2012,2012-10-15,0.1,0.122873545
10,6,2012,2012-10-23,0.07,0.115816504
10,6,2012,2012-10-31,0.06,0.10255247
10,6,2012,2012-11-08,0.04,0.09059262
10,6,2012,2012-11-16,0.08,0.08229485
10,6,2012,2012-11-24,0.07,0.1067808
10,6,2012,2012-12-02,0.12,0.11114827
10,6,2012,2012-12-10,0.22,0.15784602
10,6,2012,2012-12-18,0.14,0.2577628
10,6,2012,2012-12-26,0.19,0.17722905
10,7,2001,2001-07-04,0.14,0.17483877
10,7,2001,2001-07-12,0.12,0.18262583
10,7,2001,2001-07-20,0.11,0.15608539
10,7,2001,2001-07-28,0.14,0.14639963
10,7,2001,2001-08-05,0.1,0.1788804
10,7,2001,2001-08-13,0.09,0.13495909
10,7,2001,2001-08-21,0.15,0.12667137
10,7,2001,2001-08-29,0.25,0.18718818
10,7,2001,2001-09-06,0.41,0.34974492
10,7,2001,2001-09-14,0.37,0.47734407
10,7,2001,2001-09-22,0.39,0.4148484
10,7,2001,2001-09-30,0.34,0.37783745
10,7,2001,2001-10-08,0.35,0.3482696
10,7,2001,2001-10-16,0.3,0.3095917
10,7,2001,2001-10-24,0.17,0.26582375
10,7,2001,2001-11-01,0.17,0.16724765
10,7,2001,2001-11-09,0.11,0.16963054
10,7,2001,2001-11-17,0.12,0.13484015
10,7,2001,2001-11-25,0.15,0.14930499
10,7,2001,2001-12-03,0.16,0.18095914
10,7,2001,2001-12-11,0.18,0.18683381
10,7,2001,2001-12-19,0.15,0.20083365
10,7,2001,2001-12-27,0.11,0.17146172
10,7,2002,2002-07-04,0.11,0.19083421
10,7,2002,2002-07-12,0.16,0.13407922
10,7,2002,2002-07-20,0.15,0.17998283
10,7,2002,2002-07-28,0.13,0.17833772
10,7,2002,2002-08-05,0.11,0.16874339
10,7,2002,2002-08-13,0.17,0.13943768
10,7,2002,2002-08-21,0.17,0.1885461
10,7,2002,2002-08-29,0.21,0.21102448
10,7,2002,2002-09-06,0.18,0.27433056
10,7,2002,2002-09-14,0.24,0.28828052
10,7,2002,2002-09-22,0.34,0.31337973
10,7,2002,2002-09-30,0.38,0.40625894
10,7,2002,2002-10-08,0.45,0.4062651
10,7,2002,2002-10-16,0.28,0.44177315
10,7,2002,2002-10-24,0.21,0.29702154
10,7,2002,2002-11-01,0.12,0.18369068
10,7,2002,2002-11-09,0.12,0.12315184
10,7,2002,2002-11-17,0.15,0.13312048
10,7,2002,2002-11-25,0.16,0.17755094
10,7,2002,2002-12-03,0.18,0.19970468
10,7,2002,2002-12-11,0.14,0.2191459
10,7,2002,2002-12-19,0.2,0.18747038
10,7,2002,2002-12-27,0.16,0.22368135
10,7,2003,2003-07-04,0.19,0.1697011
10,7,2003,2003-07-12,0.2,0.18357484
10,7,2003,2003-07-20,0.16,0.23013969
10,7,2003,2003-07-28,0.18,0.19494493
10,7,2003,2003-08-05,0.17,0.19681804
10,7,2003,2003-08-13,0.14,0.1883708
10,7,2003,2003-08-21,0.19,0.1803576
10,7,2003,2003-08-29,0.36,0.22373919
10,7,2003,2003-09-06,0.18,0.40534618
10,7,2003,2003-09-14,0.34,0.25601712
10,7,2003,2003-09-22,0.41,0.3319049
10,7,2003,2003-09-30,0.32,0.45730865
10,7,2003,2003-10-08,0.28,0.34937152
10,7,2003,2003-10-16,0.23,0.3096129
10,7,2003,2003-10-24,0.2,0.22774854
10,7,2003,2003-11-01,0.18,0.18755864
10,7,2003,2003-11-09,0.13,0.16667989
10,7,2003,2003-11-17,0.17,0.14601251
10,7,2003,2003-11-25,0.18,0.1967125
10,7,2003,2003-12-03,0.15,0.2180913
10,7,2003,2003-12-11,0.22,0.19601543
10,7,2003,2003-12-19,0.18,0.2381804
10,7,2003,2003-12-27,0.18,0.22736625
10,7,2004,2004-07-03,0.2,0.23287545
10,7,2004,2004-07-11,0.19,0.22346382
10,7,2004,2004-07-19,0.15,0.21514104
10,7,2004,2004-07-27,0.2,0.17656311
10,7,2004,2004-08-04,0.17,0.22611563
10,7,2004,2004-08-12,0.2,0.20757191
10,7,2004,2004-08-20,0.25,0.21780121
10,7,2004,2004-08-28,0.26,0.2823794
10,7,2004,2004-09-05,0.4,0.34253845
10,7,2004,2004-09-13,0.39,0.40085688
10,7,2004,2004-09-21,0.43,0.4108816
10,7,2004,2004-09-29,0.35,0.4442649
10,7,2004,2004-10-07,0.4,0.35392782
10,7,2004,2004-10-15,0.27,0.37045893
10,7,2004,2004-10-23,0.19,0.25817382
10,7,2004,2004-10-31,0.2,0.1813495
10,7,2004,2004-11-08,0.22,0.19263011
10,7,2004,2004-11-16,0.18,0.224509
10,7,2004,2004-11-24,0.2,0.20802253
10,7,2004,2004-12-02,0.21,0.22489072
10,7,2004,2004-12-10,0.19,0.23118806
10,7,2004,2004-12-18,0.22,0.23193698
10,7,2004,2004-12-26,0.23,0.2434957
10,7,2005,2005-07-04,0.21,0.25612617
10,7,2005,2005-07-12,0.23,0.23788266
10,7,2005,2005-07-20,0.28,0.24294586
10,7,2005,2005-07-28,0.15,0.28339788
10,7,2005,2005-08-05,0.2,0.1915437
10,7,2005,2005-08-13,0.22,0.20509334
10,7,2005,2005-08-21,0.23,0.25506666
10,7,2005,2005-08-29,0.35,0.27943337
10,7,2005,2005-09-06,0.31,0.3869912
10,7,2005,2005-09-14,0.47,0.37620202
10,7,2005,2005-09-22,0.37,0.486202
10,7,2005,2005-09-30,0.4,0.39871398
10,7,2005,2005-10-08,0.41,0.37891325
10,7,2005,2005-10-16,0.27,0.41059533
10,7,2005,2005-10-24,0.3,0.27545744
10,7,2005,2005-11-01,0.25,0.2552076
10,7,2005,2005-11-09,0.2,0.23172423
10,7,2005,2005-11-17,0.23,0.21144725
10,7,2005,2005-11-25,0.19,0.23433632
10,7,2005,2005-12-03,0.17,0.21907635
10,7,2005,2005-12-11,0.16,0.201821
10,7,2005,2005-12-19,0.19,0.19264142
10,7,2005,2005-12-27,0.18,0.23249184
10,7,2006,2006-07-04,0.22,0.25549996
10,7,2006,2006-07-12,0.24,0.24094619
10,7,2006,2006-07-20,0.2,0.26380065
10,7,2006,2006-07-28,0.18,0.24706686
10,7,2006,2006-08-05,0.21,0.18821394
10,7,2006,2006-08-13,0.23,0.23088816
10,7,2006,2006-08-21,0.24,0.26920047
10,7,2006,2006-08-29,0.35,0.27761334
10,7,2006,2006-09-06,0.32,0.40895566
10,7,2006,2006-09-14,0.41,0.35781708
10,7,2006,2006-09-22,0.42,0.44491136
10,7,2006,2006-09-30,0.33,0.43277922
10,7,2006,2006-10-08,0.35,0.33130845
10,7,2006,2006-10-16,0.18,0.35631976
10,7,2006,2006-10-24,0.17,0.19646117
10,7,2006,2006-11-01,0.23,0.18027692
10,7,2006,2006-11-09,0.19,0.2417337
10,7,2006,2006-11-17,0.21,0.22416148
10,7,2006,2006-11-25,0.19,0.23771629
10,7,2006,2006-12-03,0.18,0.21799485
10,7,2006,2006-12-11,0.2,0.20130253
10,7,2006,2006-12-19,0.24,0.21948545
10,7,2006,2006-12-27,0.16,0.2711939
10,7,2007,2007-07-04,0.19,0.23435077
10,7,2007,2007-07-12,0.21,0.2233008
10,7,2007,2007-07-20,0.19,0.24577141
10,7,2007,2007-07-28,0.16,0.2217787
10,7,2007,2007-08-05,0.16,0.1863143
10,7,2007,2007-08-13,0.22,0.19804615
10,7,2007,2007-08-21,0.19,0.26608446
10,7,2007,2007-08-29,0.36,0.2462846
10,7,2007,2007-09-06,0.4,0.42607126
10,7,2007,2007-09-14,0.34,0.44826096
10,7,2007,2007-09-22,0.26,0.35275
10,7,2007,2007-09-30,0.22,0.29323816
10,7,2007,2007-10-08,0.23,0.22883707
10,7,2007,2007-10-16,0.29,0.2495322
10,7,2007,2007-10-24,0.17,0.27792838
10,7,2007,2007-11-01,0.17,0.18362565
10,7,2007,2007-11-09,0.14,0.19007528
10,7,2007,2007-11-17,0.18,0.1776133
10,7,2007,2007-11-25,0.16,0.22149119
10,7,2007,2007-12-03,0.18,0.20364565
10,7,2007,2007-12-11,0.19,0.21369958
10,7,2007,2007-12-19,0.15,0.23011398
10,7,2007,2007-12-27,0.15,0.20654199
10,7,2008,2008-07-03,0.18,0.21615364
10,7,2008,2008-07-11,0.15,0.20330025
10,7,2008,2008-07-19,0.16,0.18941103
10,7,2008,2008-07-27,0.17,0.19559155
10,7,2008,2008-08-04,0.19,0.20082478
10,7,2008,2008-08-12,0.25,0.21977864
10,7,2008,2008-08-20,0.31,0.29439738
10,7,2008,2008-08-28,0.27,0.34028175
10,7,2008,2008-09-05,0.28,0.32959357
10,7,2008,2008-09-13,0.28,0.32746407
10,7,2008,2008-09-21,0.22,0.30463287
10,7,2008,2008-09-29,0.19,0.22420564
10,7,2008,2008-10-07,0.17,0.19045624
10,7,2008,2008-10-15,0.2,0.19499624
10,7,2008,2008-10-23,0.18,0.25419098
10,7,2008,2008-10-31,0.13,0.20985784
10,7,2008,2008-11-08,0.17,0.1592762
10,7,2008,2008-11-16,0.11,0.1885955
10,7,2008,2008-11-24,0.15,0.16171278
10,7,2008,2008-12-02,0.17,0.18610571
10,7,2008,2008-12-10,0.2,0.21496433
10,7,2008,2008-12-18,0.15,0.24432805
10,7,2008,2008-12-26,0.16,0.1864328
10,7,2009,2009-07-04,0.14,0.19401239
10,7,2009,2009-07-12,0.16,0.17363593
10,7,2009,2009-07-20,0.2,0.18574986
10,7,2009,2009-07-28,0.17,0.23122722
10,7,2009,2009-08-05,0.17,0.21051036
10,7,2009,2009-08-13,0.17,0.20689082
10,7,2009,2009-08-21,0.17,0.22620562
10,7,2009,2009-08-29,0.35,0.24410939
10,7,2009,2009-09-06,0.26,0.4002818
10,7,2009,2009-09-14,0.31,0.32051823
10,7,2009,2009-09-22,0.21,0.30581743
10,7,2009,2009-09-30,0.26,0.220115
10,7,2009,2009-10-08,0.23,0.24347912
10,7,2009,2009-10-16,0.21,0.23613948
10,7,2009,2009-10-24,0.19,0.22671415
10,7,2009,2009-11-01,0.16,0.2091943
10,7,2009,2009-11-09,0.15,0.17408311
10,7,2009,2009-11-17,0.17,0.18094109
10,7,2009,2009-11-25,0.16,0.18744515
10,7,2009,2009-12-03,0.14,0.19459029
10,7,2009,2009-12-11,0.23,0.18171829
10,7,2009,2009-12-19,0.22,0.27120265
10,7,2009,2009-12-27,0.15,0.25387657
10,7,2010,2010-07-04,0.15,0.2118857
10,7,2010,2010-07-12,0.2,0.14335334
10,7,2010,2010-07-20,0.22,0.21371523
10,7,2010,2010-07-28,0.19,0.26297235
10,7,2010,2010-08-05,0.2,0.22355363
10,7,2010,2010-08-13,0.19,0.21864419
10,7,2010,2010-08-21,0.14,0.21586287
10,7,2010,2010-08-29,0.16,0.17457667
10,7,2010,2010-09-06,0.19,0.24413726
10,7,2010,2010-09-14,0.24,0.24978185
10,7,2010,2010-09-22,0.3,0.30685335
10,7,2010,2010-09-30,0.38,0.32463354
10,7,2010,2010-10-08,0.46,0.39938772
10,7,2010,2010-10-16,0.21,0.4476862
10,7,2010,2010-10-24,0.19,0.2444344
10,7,2010,2010-11-01,0.19,0.17926021
10,7,2010,2010-11-09,0.16,0.18219364
10,7,2010,2010-11-17,0.16,0.18355268
10,7,2010,2010-11-25,0.15,0.1911669
10,7,2010,2010-12-03,0.1,0.18518712
10,7,2010,2010-12-11,0.14,0.14019597
10,7,2010,2010-12-19,0.17,0.20023552
10,7,2010,2010-12-27,0.2,0.22829589
10,7,2011,2011-07-04,0.18,0.19347611
10,7,2011,2011-07-12,0.19,0.18236977
10,7,2011,2011-07-20,0.15,0.21934173
10,7,2011,2011-07-28,0.18,0.20085727
10,7,2011,2011-08-05,0.17,0.21287638
10,7,2011,2011-08-13,0.2,0.21218766
10,7,2011,2011-08-21,0.22,0.23394366
10,7,2011,2011-08-29,0.18,0.23839743
10,7,2011,2011-09-06,0.19,0.20620096
10,7,2011,2011-09-14,0.16,0.21837495
10,7,2011,2011-09-22,0.32,0.21346188
10,7,2011,2011-09-30,0.27,0.379811
10,7,2011,2011-10-08,0.33,0.35934165
10,7,2011,2011-10-16,0.18,0.38271198
10,7,2011,2011-10-24,0.22,0.20443216
10,7,2011,2011-11-01,0.18,0.18983917
10,7,2011,2011-11-09,0.17,0.19041404
10,7,2011,2011-11-17,0.14,0.19038376
10,7,2011,2011-11-25,0.16,0.1706541
10,7,2011,2011-12-03,0.17,0.1883061
10,7,2011,2011-12-11,0.16,0.187956
10,7,2011,2011-12-19,0.16,0.19147734
10,7,2011,2011-12-27,0.12,0.19907896
10,7,2012,2012-07-03,0.18,0.20683508
10,7,2012,2012-07-11,0.2,0.21330245
10,7,2012,2012-07-19,0.16,0.23271216
10,7,2012,2012-07-27,0.16,0.1896398
10,7,2012,2012-08-04,0.16,0.19176985
10,7,2012,2012-08-12,0.18,0.19528097
10,7,2012,2012-08-20,0.2,0.2239633
10,7,2012,2012-08-28,0.18,0.24811628
10,7,2012,2012-09-05,0.31,0.21582456
10,7,2012,2012-09-13,0.32,0.33077466
10,7,2012,2012-09-21,0.19,0.34123546
10,7,2012,2012-09-29,0.15,0.2369714
10,7,2012,2012-10-07,0.16,0.18050794
10,7,2012,2012-10-15,0.18,0.21795021
10,7,2012,2012-10-23,0.15,0.20632151
10,7,2012,2012-10-31,0.16,0.19470759
10,7,2012,2012-11-08,0.12,0.19138631
10,7,2012,2012-11-16,0.21,0.16197489
10,7,2012,2012-11-24,0.13,0.23076953
10,7,2012,2012-12-02,0.17,0.17862245
10,7,2012,2012-12-10,0.29,0.20199448
10,7,2012,2012-12-18,0.16,0.31797677
10,7,2012,2012-12-26,0.29,0.21741293
11,2,2001,2001-07-04,0.01,0.03752911
11,2,2001,2001-07-12,0.0,0.042923123
11,2,2001,2001-07-20,0.01,0.032243848
11,2,2001,2001-07-28,0.01,0.055671424
11,2,2001,2001-08-05,0.06,0.07969239
11,2,2001,2001-08-13,0.06,0.15299307
11,2,2001,2001-08-21,0.21,0.12285176
11,2,2001,2001-08-29,0.27,0.23964071
11,2,2001,2001-09-06,0.42,0.30166852
11,2,2001,2001-09-14,0.27,0.41520616
11,2,2001,2001-09-22,0.23,0.269556
11,2,2001,2001-09-30,0.18,0.14012046
11,2,2001,2001-10-08,0.13,0.13515648
11,2,2001,2001-10-16,0.18,0.09867841
11,2,2001,2001-10-24,0.02,0.16132922
11,2,2001,2001-11-01,0.03,0.061137974
11,2,2001,2001-11-09,0.05,0.06325823
11,2,2001,2001-11-17,0.04,0.059493452
11,2,2001,2001-11-25,0.03,0.08785829
11,2,2001,2001-12-03,0.08,0.061023384
11,2,2001,2001-12-11,0.09,0.09328976
11,2,2001,2001-12-19,0.05,0.09893644
11,2,2001,2001-12-27,0.02,0.062472135
11,2,2002,2002-07-04,0.02,0.18814896
11,2,2002,2002-07-12,0.03,0.06495273
11,2,2002,2002-07-20,0.02,0.035733104
11,2,2002,2002-07-28,0.02,0.03962326
11,2,2002,2002-08-05,0.02,0.04789996
11,2,2002,2002-08-13,0.03,0.062190503
11,2,2002,2002-08-21,0.03,0.06932095
11,2,2002,2002-08-29,0.02,0.11403504
11,2,2002,2002-09-06,0.03,0.11751506
11,2,2002,2002-09-14,0.09,0.17046426
11,2,2002,2002-09-22,0.29,0.16441986
11,2,2002,2002-09-30,0.38,0.36358732
11,2,2002,2002-10-08,0.49,0.43869212
11,2,2002,2002-10-16,0.34,0.42757288
11,2,2002,2002-10-24,0.26,0.2933264
11,2,2002,2002-11-01,0.09,0.19109455
11,2,2002,2002-11-09,0.05,0.09410152
11,2,2002,2002-11-17,0.03,0.05846417
11,2,2002,2002-11-25,0.04,0.048947424
11,2,2002,2002-12-03,0.04,0.06100729
11,2,2002,2002-12-11,0.04,0.078018665
11,2,2002,2002-12-19,0.03,0.08162272
11,2,2002,2002-12-27,0.01,0.061700463
11,2,2003,2003-07-04,0.03,0.08310172
11,2,2003,2003-07-12,0.04,0.049859315
11,2,2003,2003-07-20,0.02,0.06524408
11,2,2003,2003-07-28,0.02,0.042339563
11,2,2003,2003-08-05,0.02,0.048989147
11,2,2003,2003-08-13,0.07,0.048614085
11,2,2003,2003-08-21,0.07,0.093764305
11,2,2003,2003-08-29,0.12,0.091962814
11,2,2003,2003-09-06,0.17,0.12799081
11,2,2003,2003-09-14,0.23,0.1725028
11,2,2003,2003-09-22,0.33,0.25036696
11,2,2003,2003-09-30,0.37,0.40778667
11,2,2003,2003-10-08,0.21,0.41345072
11,2,2003,2003-10-16,0.06,0.23982346
11,2,2003,2003-10-24,0.01,0.09059858
11,2,2003,2003-11-01,0.02,0.05310628
11,2,2003,2003-11-09,0.02,0.033920676
11,2,2003,2003-11-17,0.03,0.043429345
11,2,2003,2003-11-25,0.04,0.05179763
11,2,2003,2003-12-03,0.01,0.06822738
11,2,2003,2003-12-11,0.04,0.045574456
11,2,2003,2003-12-19,0.04,0.070474565
11,2,2003,2003-12-27,0.02,0.06537798
11,2,2004,2004-07-03,0.01,0.03590846
11,2,2004,2004-07-11,0.05,0.0447509
11,2,2004,2004-07-19,0.01,0.08218813
11,2,2004,2004-07-27,0.01,0.04413992
11,2,2004,2004-08-04,0.03,0.043112814
11,2,2004,2004-08-12,0.04,0.056806564
11,2,2004,2004-08-20,0.32,0.08140653
11,2,2004,2004-08-28,0.38,0.3473515
11,2,2004,2004-09-05,0.49,0.46681845
11,2,2004,2004-09-13,0.31,0.4602456
11,2,2004,2004-09-21,0.22,0.29059923
11,2,2004,2004-09-29,0.18,0.21664384
11,2,2004,2004-10-07,0.16,0.19573995
11,2,2004,2004-10-15,0.09,0.14053051
11,2,2004,2004-10-23,0.03,0.06159702
11,2,2004,2004-10-31,0.04,0.0244824
11,2,2004,2004-11-08,0.04,0.051576167
11,2,2004,2004-11-16,0.01,0.05793324
11,2,2004,2004-11-24,0.09,0.04332277
11,2,2004,2004-12-02,0.06,0.111815274
11,2,2004,2004-12-10,0.05,0.07858616
11,2,2004,2004-12-18,0.04,0.07462713
11,2,2004,2004-12-26,0.03,0.06175804
11,2,2005,2005-07-04,0.01,0.045306057
11,2,2005,2005-07-12,0.05,0.037881523
11,2,2005,2005-07-20,0.05,0.08293331
11,2,2005,2005-07-28,0.03,0.07079524
11,2,2005,2005-08-05,0.04,0.05400908
11,2,2005,2005-08-13,0.02,0.063948095
11,2,2005,2005-08-21,0.01,0.052333415
11,2,2005,2005-08-29,0.07,0.13119847
11,2,2005,2005-09-06,0.09,0.19486117
11,2,2005,2005-09-14,0.25,0.25575048
11,2,2005,2005-09-22,0.21,0.33015856
11,2,2005,2005-09-30,0.28,0.24996209
11,2,2005,2005-10-08,0.27,0.24271896
11,2,2005,2005-10-16,0.29,0.24064723
11,2,2005,2005-10-24,0.28,0.21734872
11,2,2005,2005-11-01,0.28,0.20237395
11,2,2005,2005-11-09,0.13,0.20555346
11,2,2005,2005-11-17,0.19,0.100057095
11,2,2005,2005-11-25,0.04,0.12825446
11,2,2005,2005-12-03,0.04,0.066179454
11,2,2005,2005-12-11,0.04,0.052423358
11,2,2005,2005-12-19,0.02,0.062064946
11,2,2005,2005-12-27,0.03,0.049198985
11,2,2006,2006-07-04,0.06,0.11279485
11,2,2006,2006-07-12,0.02,0.07700658
11,2,2006,2006-07-20,0.02,0.049465537
11,2,2006,2006-07-28,0.02,0.05120796
11,2,2006,2006-08-05,0.05,0.049951345
11,2,2006,2006-08-13,0.05,0.07875961
11,2,2006,2006-08-21,0.04,0.071192384
11,2,2006,2006-08-29,0.18,0.059906065
11,2,2006,2006-09-06,0.21,0.19791427
11,2,2006,2006-09-14,0.27,0.251131
11,2,2006,2006-09-22,0.44,0.33871433
11,2,2006,2006-09-30,0.29,0.4556578
11,2,2006,2006-10-08,0.29,0.2899517
11,2,2006,2006-10-16,0.28,0.22684291
11,2,2006,2006-10-24,0.12,0.2735241
11,2,2006,2006-11-01,0.1,0.12898606
11,2,2006,2006-11-09,0.04,0.107519925
11,2,2006,2006-11-17,0.02,0.051256
11,2,2006,2006-11-25,0.03,0.071736395
11,2,2006,2006-12-03,0.02,0.042404503
11,2,2006,2006-12-11,0.04,0.0494996
11,2,2006,2006-12-19,0.05,0.0646078
11,2,2006,2006-12-27,0.01,0.0708431
11,2,2007,2007-07-04,0.02,0.0565764
11,2,2007,2007-07-12,0.02,0.057428926
11,2,2007,2007-07-20,0.01,0.04972735
11,2,2007,2007-07-28,0.02,0.04055801
11,2,2007,2007-08-05,0.04,0.049980223
11,2,2007,2007-08-13,0.06,0.07544014
11,2,2007,2007-08-21,0.1,0.09053117
11,2,2007,2007-08-29,0.27,0.118845776
11,2,2007,2007-09-06,0.28,0.33221745
11,2,2007,2007-09-14,0.28,0.36235145
11,2,2007,2007-09-22,0.29,0.2815632
11,2,2007,2007-09-30,0.13,0.31672254
11,2,2007,2007-10-08,0.18,0.14972492
11,2,2007,2007-10-16,0.24,0.15747823
11,2,2007,2007-10-24,0.01,0.24800968
11,2,2007,2007-11-01,0.03,0.08514494
11,2,2007,2007-11-09,0.02,0.03659314
11,2,2007,2007-11-17,0.03,0.03889811
11,2,2007,2007-11-25,0.04,0.054371357
11,2,2007,2007-12-03,0.06,0.06443536
11,2,2007,2007-12-11,0.08,0.079485714
11,2,2007,2007-12-19,0.06,0.100833565
11,2,2007,2007-12-27,0.02,0.08501333
11,2,2008,2008-07-03,0.02,0.048634112
11,2,2008,2008-07-11,0.02,0.048354417
11,2,2008,2008-07-19,0.02,0.05047524
11,2,2008,2008-07-27,0.1,0.047251105
11,2,2008,2008-08-04,0.16,0.11648014
11,2,2008,2008-08-12,0.28,0.17705518
11,2,2008,2008-08-20,0.27,0.30658126
11,2,2008,2008-08-28,0.25,0.2915729
11,2,2008,2008-09-05,0.29,0.25160265
11,2,2008,2008-09-13,0.21,0.28182316
11,2,2008,2008-09-21,0.29,0.20215431
11,2,2008,2008-09-29,0.2,0.26583937
11,2,2008,2008-10-07,0.16,0.16675493
11,2,2008,2008-10-15,0.04,0.12246215
11,2,2008,2008-10-23,0.06,0.07784483
11,2,2008,2008-10-31,0.07,0.044012785
11,2,2008,2008-11-08,0.03,0.0767867
11,2,2008,2008-11-16,0.03,0.0443857
11,2,2008,2008-11-24,0.04,0.055508494
11,2,2008,2008-12-02,0.1,0.06641659
11,2,2008,2008-12-10,0.09,0.12547266
11,2,2008,2008-12-18,0.07,0.12327549
11,2,2008,2008-12-26,0.01,0.09306106
11,2,2009,2009-07-04,0.01,0.048456907
11,2,2009,2009-07-12,0.01,0.0415124
11,2,2009,2009-07-20,0.03,0.04302576
11,2,2009,2009-07-28,0.01,0.059229404
11,2,2009,2009-08-05,0.03,0.06595194
11,2,2009,2009-08-13,0.11,0.09891379
11,2,2009,2009-08-21,0.11,0.20787199
11,2,2009,2009-08-29,0.23,0.20638879
11,2,2009,2009-09-06,0.36,0.2960102
11,2,2009,2009-09-14,0.38,0.43427685
11,2,2009,2009-09-22,0.31,0.36110613
11,2,2009,2009-09-30,0.3,0.2549591
11,2,2009,2009-10-08,0.21,0.26755896
11,2,2009,2009-10-16,0.24,0.1828678
11,2,2009,2009-10-24,0.14,0.16604164
11,2,2009,2009-11-01,0.02,0.11166251
11,2,2009,2009-11-09,0.03,0.02864635
11,2,2009,2009-11-17,0.02,0.044676423
11,2,2009,2009-11-25,0.05,0.044033647
11,2,2009,2009-12-03,0.03,0.07758495
11,2,2009,2009-12-11,0.03,0.07816863
11,2,2009,2009-12-19,0.05,0.07444185
11,2,2009,2009-12-27,0.08,0.082544416
11,2,2010,2010-07-04,0.03,0.10039252
11,2,2010,2010-07-12,0.01,0.037903458
11,2,2010,2010-07-20,0.03,0.030687928
11,2,2010,2010-07-28,0.0,0.05900523
11,2,2010,2010-08-05,0.02,0.03199941
11,2,2010,2010-08-13,0.03,0.05671051
11,2,2010,2010-08-21,0.02,0.08430904
11,2,2010,2010-08-29,0.03,0.077062726
11,2,2010,2010-09-06,0.14,0.11798176
11,2,2010,2010-09-14,0.17,0.25829282
11,2,2010,2010-09-22,0.2,0.30125046
11,2,2010,2010-09-30,0.34,0.26839224
11,2,2010,2010-10-08,0.37,0.36884537
11,2,2010,2010-10-16,0.11,0.3479256
11,2,2010,2010-10-24,0.25,0.13111377
11,2,2010,2010-11-01,0.16,0.1855662
11,2,2010,2010-11-09,0.07,0.118667915
11,2,2010,2010-11-17,0.06,0.049343437
11,2,2010,2010-11-25,0.03,0.058670968
11,2,2010,2010-12-03,0.0,0.053522944
11,2,2010,2010-12-11,0.01,0.031562984
11,2,2010,2010-12-19,0.02,0.04459262
11,2,2010,2010-12-27,0.06,0.058575153
11,2,2011,2011-07-04,0.04,0.05315423
11,2,2011,2011-07-12,0.02,0.06291497
11,2,2011,2011-07-20,0.03,0.03663814
11,2,2011,2011-07-28,0.01,0.058883607
11,2,2011,2011-08-05,0.01,0.03474176
11,2,2011,2011-08-13,0.07,0.04442841
11,2,2011,2011-08-21,0.1,0.094160706
11,2,2011,2011-08-29,0.13,0.11701046
11,2,2011,2011-09-06,0.12,0.1426468
11,2,2011,2011-09-14,0.27,0.15904745
11,2,2011,2011-09-22,0.3,0.30880648
11,2,2011,2011-09-30,0.18,0.35355803
11,2,2011,2011-10-08,0.17,0.21310526
11,2,2011,2011-10-16,0.09,0.17907985
11,2,2011,2011-10-24,0.09,0.07521075
11,2,2011,2011-11-01,0.05,0.118710935
11,2,2011,2011-11-09,0.04,0.07814792
11,2,2011,2011-11-17,0.01,0.061061323
11,2,2011,2011-11-25,0.02,0.03744012
11,2,2011,2011-12-03,0.03,0.045185894
11,2,2011,2011-12-11,0.05,0.049277276
11,2,2011,2011-12-19,0.06,0.070157975
11,2,2011,2011-12-27,0.0,0.07976821
11,2,2012,2012-07-03,0.02,0.042322993
11,2,2012,2012-07-11,0.0,0.056503385
11,2,2012,2012-07-19,0.0,0.032638907
11,2,2012,2012-07-27,0.01,0.040118247
11,2,2012,2012-08-04,0.03,0.041499287
11,2,2012,2012-08-12,0.04,0.05881563
11,2,2012,2012-08-20,0.1,0.082105696
11,2,2012,2012-08-28,0.2,0.1405657
11,2,2012,2012-09-05,0.36,0.24630564
11,2,2012,2012-09-13,0.21,0.4143808
11,2,2012,2012-09-21,0.18,0.27315816
11,2,2012,2012-09-29,0.11,0.15576696
11,2,2012,2012-10-07,0.08,0.10658944
11,2,2012,2012-10-15,0.09,0.08613002
11,2,2012,2012-10-23,0.01,0.091018945
11,2,2012,2012-10-31,0.02,0.043479472
11,2,2012,2012-11-08,0.02,0.045395046
11,2,2012,2012-11-16,0.03,0.04850927
11,2,2012,2012-11-24,0.01,0.05298263
11,2,2012,2012-12-02,0.05,0.041127354
11,2,2012,2012-12-10,0.12,0.077198654
11,2,2012,2012-12-18,0.1,0.1416996
11,2,2012,2012-12-26,0.04,0.13124985
11,3,2001,2001-07-04,0.07,0.094932884
11,3,2001,2001-07-12,0.05,0.09377968
11,3,2001,2001-07-20,0.06,0.063333005
11,3,2001,2001-07-28,0.06,0.08415565
11,3,2001,2001-08-05,0.07,0.096089244
11,3,2001,2001-08-13,0.07,0.12136206
11,3,2001,2001-08-21,0.14,0.10360107
11,3,2001,2001-08-29,0.13,0.16090602
11,3,2001,2001-09-06,0.09,0.15357237
11,3,2001,2001-09-14,0.1,0.109981894
11,3,2001,2001-09-22,0.1,0.11636984
11,3,2001,2001-09-30,0.11,0.12482928
11,3,2001,2001-10-08,0.08,0.12655531
11,3,2001,2001-10-16,0.09,0.10921711
11,3,2001,2001-10-24,0.07,0.11530249
11,3,2001,2001-11-01,0.09,0.10506356
11,3,2001,2001-11-09,0.13,0.12747379
11,3,2001,2001-11-17,0.08,0.13874607
11,3,2001,2001-11-25,0.09,0.16409227
11,3,2001,2001-12-03,0.19,0.11862858
11,3,2001,2001-12-11,0.21,0.19619331
11,3,2001,2001-12-19,0.15,0.22569448
11,3,2001,2001-12-27,0.08,0.15314113
11,3,2002,2002-07-04,0.07,0.11485848
11,3,2002,2002-07-12,0.12,0.07575312
11,3,2002,2002-07-20,0.09,0.121022165
11,3,2002,2002-07-28,0.08,0.10775307
11,3,2002,2002-08-05,0.09,0.09697142
11,3,2002,2002-08-13,0.11,0.10740867
11,3,2002,2002-08-21,0.11,0.12679477
11,3,2002,2002-08-29,0.09,0.14864749
11,3,2002,2002-09-06,0.09,0.12535173
11,3,2002,2002-09-14,0.1,0.1090273
11,3,2002,2002-09-22,0.16,0.12072244
11,3,2002,2002-09-30,0.14,0.17632058
11,3,2002,2002-10-08,0.14,0.16697529
11,3,2002,2002-10-16,0.11,0.14340653
11,3,2002,2002-10-24,0.13,0.11898309
11,3,2002,2002-11-01,0.13,0.13052243
11,3,2002,2002-11-09,0.09,0.14255048
11,3,2002,2002-11-17,0.11,0.120858476
11,3,2002,2002-11-25,0.12,0.11909835
11,3,2002,2002-12-03,0.12,0.1352745
11,3,2002,2002-12-11,0.15,0.16690816
11,3,2002,2002-12-19,0.19,0.19754149
11,3,2002,2002-12-27,0.07,0.21288502
11,3,2003,2003-07-04,0.1,0.09827578
11,3,2003,2003-07-12,0.12,0.11127606
11,3,2003,2003-07-20,0.1,0.14759637
11,3,2003,2003-07-28,0.11,0.12484081
11,3,2003,2003-08-05,0.08,0.123057455
11,3,2003,2003-08-13,0.12,0.101692766
11,3,2003,2003-08-21,0.14,0.1418172
11,3,2003,2003-08-29,0.11,0.16359194
11,3,2003,2003-09-06,0.13,0.13148573
11,3,2003,2003-09-14,0.11,0.13710928
11,3,2003,2003-09-22,0.12,0.12762474
11,3,2003,2003-09-30,0.12,0.15324253
11,3,2003,2003-10-08,0.18,0.14828904
11,3,2003,2003-10-16,0.11,0.20070253
11,3,2003,2003-10-24,0.08,0.13553436
11,3,2003,2003-11-01,0.08,0.09877446
11,3,2003,2003-11-09,0.1,0.1066446
11,3,2003,2003-11-17,0.14,0.11905427
11,3,2003,2003-11-25,0.13,0.16294715
11,3,2003,2003-12-03,0.06,0.15830868
11,3,2003,2003-12-11,0.17,0.09458807
11,3,2003,2003-12-19,0.09,0.19089593
11,3,2003,2003-12-27,0.08,0.15016189
11,3,2004,2004-07-03,0.09,0.09946546
11,3,2004,2004-07-11,0.1,0.117542565
11,3,2004,2004-07-19,0.07,0.13318908
11,3,2004,2004-07-27,0.05,0.10272217
11,3,2004,2004-08-04,0.1,0.08509287
11,3,2004,2004-08-12,0.11,0.11866981
11,3,2004,2004-08-20,0.21,0.14500365
11,3,2004,2004-08-28,0.24,0.24309134
11,3,2004,2004-09-05,0.18,0.2647344
11,3,2004,2004-09-13,0.17,0.18440014
11,3,2004,2004-09-21,0.13,0.14638692
11,3,2004,2004-09-29,0.13,0.13066934
11,3,2004,2004-10-07,0.13,0.13508762
11,3,2004,2004-10-15,0.13,0.16161108
11,3,2004,2004-10-23,0.12,0.14391878
11,3,2004,2004-10-31,0.11,0.12472963
11,3,2004,2004-11-08,0.11,0.11653988
11,3,2004,2004-11-16,0.11,0.12636296
11,3,2004,2004-11-24,0.16,0.14115776
11,3,2004,2004-12-02,0.22,0.18264613
11,3,2004,2004-12-10,0.21,0.21859863
11,3,2004,2004-12-18,0.13,0.23645125
11,3,2004,2004-12-26,0.11,0.13015388
11,3,2005,2005-07-04,0.08,0.13049811
11,3,2005,2005-07-12,0.13,0.097302705
11,3,2005,2005-07-20,0.12,0.14119968
11,3,2005,2005-07-28,0.11,0.1324323
11,3,2005,2005-08-05,0.1,0.115925044
11,3,2005,2005-08-13,0.11,0.11900297
11,3,2005,2005-08-21,0.12,0.13285281
11,3,2005,2005-08-29,0.18,0.17457101
11,3,2005,2005-09-06,0.27,0.2375318
11,3,2005,2005-09-14,0.24,0.3040185
11,3,2005,2005-09-22,0.11,0.24898364
11,3,2005,2005-09-30,0.11,0.10272166
11,3,2005,2005-10-08,0.14,0.10252684
11,3,2005,2005-10-16,0.12,0.15374191
11,3,2005,2005-10-24,0.13,0.14673331
11,3,2005,2005-11-01,0.15,0.1455914
11,3,2005,2005-11-09,0.11,0.16114749
11,3,2005,2005-11-17,0.15,0.12963808
11,3,2005,2005-11-25,0.19,0.1571319
11,3,2005,2005-12-03,0.2,0.2178221
11,3,2005,2005-12-11,0.17,0.2451357
11,3,2005,2005-12-19,0.22,0.19369783
11,3,2005,2005-12-27,0.13,0.19855587
11,3,2006,2006-07-04,0.11,0.13767488
11,3,2006,2006-07-12,0.09,0.12381442
11,3,2006,2006-07-20,0.09,0.12112695
11,3,2006,2006-07-28,0.11,0.116218135
11,3,2006,2006-08-05,0.17,0.13373244
11,3,2006,2006-08-13,0.22,0.18529691
11,3,2006,2006-08-21,0.11,0.23922287
11,3,2006,2006-08-29,0.2,0.1415963
11,3,2006,2006-09-06,0.14,0.20327012
11,3,2006,2006-09-14,0.11,0.20213662
11,3,2006,2006-09-22,0.13,0.14854036
11,3,2006,2006-09-30,0.13,0.12528302
11,3,2006,2006-10-08,0.14,0.13733031
11,3,2006,2006-10-16,0.14,0.15949602
11,3,2006,2006-10-24,0.12,0.15670738
11,3,2006,2006-11-01,0.15,0.13960628
11,3,2006,2006-11-09,0.14,0.16928564
11,3,2006,2006-11-17,0.17,0.15456432
11,3,2006,2006-11-25,0.17,0.18747634
11,3,2006,2006-12-03,0.13,0.20150006
11,3,2006,2006-12-11,0.16,0.16237324
11,3,2006,2006-12-19,0.14,0.16968016
11,3,2006,2006-12-27,0.09,0.1768349
11,3,2007,2007-07-04,0.1,0.07351115
11,3,2007,2007-07-12,0.1,0.12820977
11,3,2007,2007-07-20,0.07,0.12876135
11,3,2007,2007-07-28,0.08,0.10103205
11,3,2007,2007-08-05,0.07,0.10855496
11,3,2007,2007-08-13,0.1,0.12104556
11,3,2007,2007-08-21,0.12,0.16288742
11,3,2007,2007-08-29,0.16,0.14689106
11,3,2007,2007-09-06,0.24,0.20656726
11,3,2007,2007-09-14,0.16,0.25988638
11,3,2007,2007-09-22,0.09,0.17688772
11,3,2007,2007-09-30,0.1,0.09035507
11,3,2007,2007-10-08,0.13,0.11383295
11,3,2007,2007-10-16,0.12,0.15555742
11,3,2007,2007-10-24,0.07,0.1525975
11,3,2007,2007-11-01,0.11,0.09996021
11,3,2007,2007-11-09,0.09,0.13854675
11,3,2007,2007-11-17,0.11,0.12601082
11,3,2007,2007-11-25,0.12,0.15140682
11,3,2007,2007-12-03,0.14,0.15796135
11,3,2007,2007-12-11,0.11,0.16309705
11,3,2007,2007-12-19,0.24,0.14233164
11,3,2007,2007-12-27,0.16,0.2515259
11,3,2008,2008-07-03,0.1,0.0954279
11,3,2008,2008-07-11,0.08,0.1253902
11,3,2008,2008-07-19,0.08,0.11023247
11,3,2008,2008-07-27,0.08,0.099999666
11,3,2008,2008-08-04,0.13,0.10212323
11,3,2008,2008-08-12,0.27,0.14309937
11,3,2008,2008-08-20,0.19,0.2928559
11,3,2008,2008-08-28,0.16,0.23490408
11,3,2008,2008-09-05,0.14,0.15175001
11,3,2008,2008-09-13,0.09,0.168559
11,3,2008,2008-09-21,0.1,0.113812685
11,3,2008,2008-09-29,0.12,0.102488995
11,3,2008,2008-10-07,0.12,0.13238539
11,3,2008,2008-10-15,0.12,0.14821002
11,3,2008,2008-10-23,0.12,0.14398645
11,3,2008,2008-10-31,0.12,0.12615162
11,3,2008,2008-11-08,0.11,0.13727073
11,3,2008,2008-11-16,0.12,0.124514446
11,3,2008,2008-11-24,0.17,0.1389825
11,3,2008,2008-12-02,0.22,0.18762732
11,3,2008,2008-12-10,0.16,0.24550061
11,3,2008,2008-12-18,0.15,0.17455824
11,3,2008,2008-12-26,0.09,0.17349812
11,3,2009,2009-07-04,0.08,0.11685032
11,3,2009,2009-07-12,0.07,0.10615265
11,3,2009,2009-07-20,0.1,0.09240624
11,3,2009,2009-07-28,0.07,0.11893022
11,3,2009,2009-08-05,0.1,0.09744406
11,3,2009,2009-08-13,0.15,0.13522437
11,3,2009,2009-08-21,0.15,0.22700143
11,3,2009,2009-08-29,0.28,0.20584953
11,3,2009,2009-09-06,0.19,0.29540077
11,3,2009,2009-09-14,0.14,0.20812921
11,3,2009,2009-09-22,0.14,0.107907385
11,3,2009,2009-09-30,0.12,0.13007838
11,3,2009,2009-10-08,0.12,0.13335119
11,3,2009,2009-10-16,0.13,0.13667165
11,3,2009,2009-10-24,0.11,0.14757432
11,3,2009,2009-11-01,0.07,0.13248384
11,3,2009,2009-11-09,0.1,0.09773907
11,3,2009,2009-11-17,0.11,0.120384336
11,3,2009,2009-11-25,0.13,0.13819939
11,3,2009,2009-12-03,0.14,0.17239502
11,3,2009,2009-12-11,0.19,0.19322948
11,3,2009,2009-12-19,0.22,0.21373656
11,3,2009,2009-12-27,0.13,0.23328741
11,3,2010,2010-07-04,0.09,0.12922472
11,3,2010,2010-07-12,0.08,0.096387506
11,3,2010,2010-07-20,0.12,0.091721416
11,3,2010,2010-07-28,0.05,0.1397972
11,3,2010,2010-08-05,0.08,0.082363665
11,3,2010,2010-08-13,0.08,0.10775149
11,3,2010,2010-08-21,0.09,0.1241795
11,3,2010,2010-08-29,0.11,0.1364615
11,3,2010,2010-09-06,0.26,0.19008273
11,3,2010,2010-09-14,0.21,0.3033725
11,3,2010,2010-09-22,0.26,0.24641573
11,3,2010,2010-09-30,0.15,0.22718298
11,3,2010,2010-10-08,0.19,0.1429199
11,3,2010,2010-10-16,0.1,0.1580846
11,3,2010,2010-10-24,0.13,0.11640693
11,3,2010,2010-11-01,0.11,0.12947898
11,3,2010,2010-11-09,0.13,0.11582205
11,3,2010,2010-11-17,0.12,0.14316279
11,3,2010,2010-11-25,0.08,0.14029218
11,3,2010,2010-12-03,0.06,0.112219095
11,3,2010,2010-12-11,0.1,0.09578797
11,3,2010,2010-12-19,0.12,0.14883405
11,3,2010,2010-12-27,0.2,0.18093076
11,3,2011,2011-07-04,0.11,0.11552
11,3,2011,2011-07-12,0.1,0.12697494
11,3,2011,2011-07-20,0.1,0.11643942
11,3,2011,2011-07-28,0.08,0.12759057
11,3,2011,2011-08-05,0.09,0.092547655
11,3,2011,2011-08-13,0.2,0.10920206
11,3,2011,2011-08-21,0.13,0.20897062
11,3,2011,2011-08-29,0.13,0.16688448
11,3,2011,2011-09-06,0.11,0.13720126
11,3,2011,2011-09-14,0.12,0.16880178
11,3,2011,2011-09-22,0.14,0.16410847
11,3,2011,2011-09-30,0.11,0.19614333
11,3,2011,2011-10-08,0.15,0.1357957
11,3,2011,2011-10-16,0.11,0.17560385
11,3,2011,2011-10-24,0.11,0.123020604
11,3,2011,2011-11-01,0.11,0.127337
11,3,2011,2011-11-09,0.12,0.12569925
11,3,2011,2011-11-17,0.1,0.14567736
11,3,2011,2011-11-25,0.12,0.1258318
11,3,2011,2011-12-03,0.19,0.12853207
11,3,2011,2011-12-11,0.15,0.18717389
11,3,2011,2011-12-19,0.11,0.1708587
11,3,2011,2011-12-27,0.06,0.12483266
11,3,2012,2012-07-03,0.09,0.1194856
11,3,2012,2012-07-11,0.07,0.11887927
11,3,2012,2012-07-19,0.08,0.09822306
11,3,2012,2012-07-27,0.08,0.10676584
11,3,2012,2012-08-04,0.09,0.102972865
11,3,2012,2012-08-12,0.09,0.11548093
11,3,2012,2012-08-20,0.17,0.14835994
11,3,2012,2012-08-28,0.2,0.19713888
11,3,2012,2012-09-05,0.42,0.22884448
11,3,2012,2012-09-13,0.12,0.4336133
11,3,2012,2012-09-21,0.15,0.21512145
11,3,2012,2012-09-29,0.11,0.096672684
11,3,2012,2012-10-07,0.1,0.11585611
11,3,2012,2012-10-15,0.11,0.12628654
11,3,2012,2012-10-23,0.1,0.12630802
11,3,2012,2012-10-31,0.1,0.12338637
11,3,2012,2012-11-08,0.1,0.1219617
11,3,2012,2012-11-16,0.12,0.12671699
11,3,2012,2012-11-24,0.08,0.13853537
11,3,2012,2012-12-02,0.17,0.11230925
11,3,2012,2012-12-10,0.26,0.20970318
11,3,2012,2012-12-18,0.22,0.29605854
11,3,2012,2012-12-26,0.13,0.2340115
11,4,2001,2001-07-04,0.16,0.17800188
11,4,2001,2001-07-12,0.14,0.17914806
11,4,2001,2001-07-20,0.13,0.1449377
11,4,2001,2001-07-28,0.13,0.14274311
11,4,2001,2001-08-05,0.13,0.14185688
11,4,2001,2001-08-13,0.12,0.15079671
11,4,2001,2001-08-21,0.13,0.14576417
11,4,2001,2001-08-29,0.16,0.17161262
11,4,2001,2001-09-06,0.19,0.18669003
11,4,2001,2001-09-14,0.16,0.21270032
11,4,2001,2001-09-22,0.2,0.18071145
11,4,2001,2001-09-30,0.15,0.1978781
11,4,2001,2001-10-08,0.15,0.16307637
11,4,2001,2001-10-16,0.11,0.14493814
11,4,2001,2001-10-24,0.11,0.13257892
11,4,2001,2001-11-01,0.12,0.13175355
11,4,2001,2001-11-09,0.15,0.148701
11,4,2001,2001-11-17,0.1,0.17405431
11,4,2001,2001-11-25,0.17,0.14162913
11,4,2001,2001-12-03,0.21,0.19615947
11,4,2001,2001-12-11,0.19,0.24967542
11,4,2001,2001-12-19,0.2,0.22511165
11,4,2001,2001-12-27,0.15,0.18006754
11,4,2002,2002-07-04,0.14,0.1895636
11,4,2002,2002-07-12,0.17,0.15048641
11,4,2002,2002-07-20,0.15,0.1727352
11,4,2002,2002-07-28,0.14,0.16459376
11,4,2002,2002-08-05,0.13,0.15273474
11,4,2002,2002-08-13,0.18,0.14666972
11,4,2002,2002-08-21,0.18,0.19018486
11,4,2002,2002-08-29,0.16,0.19962606
11,4,2002,2002-09-06,0.15,0.18092135
11,4,2002,2002-09-14,0.16,0.17463355
11,4,2002,2002-09-22,0.14,0.17662083
11,4,2002,2002-09-30,0.15,0.17345564
11,4,2002,2002-10-08,0.17,0.1652973
11,4,2002,2002-10-16,0.16,0.18614808
11,4,2002,2002-10-24,0.15,0.16793466
11,4,2002,2002-11-01,0.14,0.15491475
11,4,2002,2002-11-09,0.15,0.15147524
11,4,2002,2002-11-17,0.14,0.17189704
11,4,2002,2002-11-25,0.14,0.1518797
11,4,2002,2002-12-03,0.17,0.16906789
11,4,2002,2002-12-11,0.19,0.20981626
11,4,2002,2002-12-19,0.2,0.2230921
11,4,2002,2002-12-27,0.13,0.22359912
11,4,2003,2003-07-04,0.15,0.15548441
11,4,2003,2003-07-12,0.15,0.16675791
11,4,2003,2003-07-20,0.13,0.17870753
11,4,2003,2003-07-28,0.15,0.15457161
11,4,2003,2003-08-05,0.15,0.1655569
11,4,2003,2003-08-13,0.16,0.16752216
11,4,2003,2003-08-21,0.19,0.19029678
11,4,2003,2003-08-29,0.14,0.21654017
11,4,2003,2003-09-06,0.14,0.16582677
11,4,2003,2003-09-14,0.14,0.1489277
11,4,2003,2003-09-22,0.19,0.16191596
11,4,2003,2003-09-30,0.14,0.20473157
11,4,2003,2003-10-08,0.16,0.16835847
11,4,2003,2003-10-16,0.13,0.17619559
11,4,2003,2003-10-24,0.09,0.15596224
11,4,2003,2003-11-01,0.12,0.11808658
11,4,2003,2003-11-09,0.12,0.14227644
11,4,2003,2003-11-17,0.16,0.15392883
11,4,2003,2003-11-25,0.16,0.18588671
11,4,2003,2003-12-03,0.11,0.18581043
11,4,2003,2003-12-11,0.22,0.144712
11,4,2003,2003-12-19,0.16,0.24295014
11,4,2003,2003-12-27,0.14,0.20943476
11,4,2004,2004-07-03,0.16,0.1637624
11,4,2004,2004-07-11,0.15,0.17614277
11,4,2004,2004-07-19,0.12,0.16926186
11,4,2004,2004-07-27,0.14,0.13735995
11,4,2004,2004-08-04,0.14,0.15996265
11,4,2004,2004-08-12,0.14,0.16727293
11,4,2004,2004-08-20,0.18,0.16924815
11,4,2004,2004-08-28,0.21,0.21163476
11,4,2004,2004-09-05,0.19,0.22585669
11,4,2004,2004-09-13,0.17,0.19718726
11,4,2004,2004-09-21,0.17,0.16871235
11,4,2004,2004-09-29,0.19,0.18694587
11,4,2004,2004-10-07,0.18,0.19570345
11,4,2004,2004-10-15,0.17,0.19291547
11,4,2004,2004-10-23,0.16,0.17148152
11,4,2004,2004-10-31,0.16,0.15246132
11,4,2004,2004-11-08,0.16,0.16508733
11,4,2004,2004-11-16,0.15,0.17034094
11,4,2004,2004-11-24,0.19,0.17383118
11,4,2004,2004-12-02,0.19,0.20774697
11,4,2004,2004-12-10,0.24,0.19601166
11,4,2004,2004-12-18,0.23,0.26559246
11,4,2004,2004-12-26,0.21,0.23842275
11,4,2005,2005-07-04,0.15,0.16110335
11,4,2005,2005-07-12,0.17,0.16621782
11,4,2005,2005-07-20,0.16,0.18352248
11,4,2005,2005-07-28,0.15,0.16971019
11,4,2005,2005-08-05,0.14,0.16320325
11,4,2005,2005-08-13,0.14,0.15651836
11,4,2005,2005-08-21,0.17,0.1586115
11,4,2005,2005-08-29,0.26,0.19940783
11,4,2005,2005-09-06,0.24,0.29820666
11,4,2005,2005-09-14,0.23,0.26633233
11,4,2005,2005-09-22,0.15,0.20713565
11,4,2005,2005-09-30,0.15,0.14710766
11,4,2005,2005-10-08,0.16,0.15471525
11,4,2005,2005-10-16,0.14,0.17999585
11,4,2005,2005-10-24,0.15,0.16542615
11,4,2005,2005-11-01,0.16,0.16753758
11,4,2005,2005-11-09,0.16,0.1810761
11,4,2005,2005-11-17,0.15,0.18213509
11,4,2005,2005-11-25,0.24,0.16772683
11,4,2005,2005-12-03,0.22,0.2620436
11,4,2005,2005-12-11,0.19,0.25178248
11,4,2005,2005-12-19,0.15,0.20389071
11,4,2005,2005-12-27,0.17,0.16567536
11,4,2006,2006-07-04,0.16,0.15925376
11,4,2006,2006-07-12,0.15,0.17186318
11,4,2006,2006-07-20,0.14,0.17624904
11,4,2006,2006-07-28,0.14,0.16288026
11,4,2006,2006-08-05,0.14,0.1591485
11,4,2006,2006-08-13,0.19,0.15894638
11,4,2006,2006-08-21,0.17,0.20501268
11,4,2006,2006-08-29,0.2,0.20059435
11,4,2006,2006-09-06,0.15,0.24109697
11,4,2006,2006-09-14,0.14,0.1907811
11,4,2006,2006-09-22,0.13,0.16199604
11,4,2006,2006-09-30,0.15,0.1404158
11,4,2006,2006-10-08,0.14,0.16513468
11,4,2006,2006-10-16,0.13,0.16662958
11,4,2006,2006-10-24,0.14,0.15145402
11,4,2006,2006-11-01,0.16,0.16215704
11,4,2006,2006-11-09,0.16,0.1862285
11,4,2006,2006-11-17,0.16,0.18683869
11,4,2006,2006-11-25,0.17,0.17755458
11,4,2006,2006-12-03,0.14,0.21163806
11,4,2006,2006-12-11,0.21,0.17990395
11,4,2006,2006-12-19,0.24,0.22394733
11,4,2006,2006-12-27,0.16,0.24962991
11,4,2007,2007-07-04,0.15,0.14161314
11,4,2007,2007-07-12,0.18,0.17199185
11,4,2007,2007-07-20,0.14,0.2014281
11,4,2007,2007-07-28,0.12,0.16378121
11,4,2007,2007-08-05,0.09,0.13527836
11,4,2007,2007-08-13,0.15,0.1169589
11,4,2007,2007-08-21,0.16,0.1882343
11,4,2007,2007-08-29,0.18,0.19973536
11,4,2007,2007-09-06,0.2,0.21796149
11,4,2007,2007-09-14,0.18,0.21145725
11,4,2007,2007-09-22,0.16,0.18452787
11,4,2007,2007-09-30,0.15,0.15897727
11,4,2007,2007-10-08,0.17,0.16097513
11,4,2007,2007-10-16,0.16,0.18120417
11,4,2007,2007-10-24,0.14,0.17399548
11,4,2007,2007-11-01,0.12,0.15560664
11,4,2007,2007-11-09,0.1,0.14493187
11,4,2007,2007-11-17,0.14,0.13178083
11,4,2007,2007-11-25,0.15,0.16873558
11,4,2007,2007-12-03,0.17,0.18661825
11,4,2007,2007-12-11,0.13,0.19113803
11,4,2007,2007-12-19,0.19,0.17149083
11,4,2007,2007-12-27,0.19,0.227515
11,4,2008,2008-07-03,0.14,0.1565051
11,4,2008,2008-07-11,0.14,0.1565755
11,4,2008,2008-07-19,0.12,0.16943687
11,4,2008,2008-07-27,0.11,0.14410928
11,4,2008,2008-08-04,0.15,0.12825246
11,4,2008,2008-08-12,0.19,0.1565172
11,4,2008,2008-08-20,0.17,0.21863654
11,4,2008,2008-08-28,0.18,0.20275407
11,4,2008,2008-09-05,0.16,0.19780043
11,4,2008,2008-09-13,0.13,0.186241
11,4,2008,2008-09-21,0.11,0.15190631
11,4,2008,2008-09-29,0.14,0.13105783
11,4,2008,2008-10-07,0.16,0.1604176
11,4,2008,2008-10-15,0.18,0.1924258
11,4,2008,2008-10-23,0.15,0.20630637
11,4,2008,2008-10-31,0.15,0.16771932
11,4,2008,2008-11-08,0.13,0.15297994
11,4,2008,2008-11-16,0.11,0.1372667
11,4,2008,2008-11-24,0.18,0.13466823
11,4,2008,2008-12-02,0.17,0.20229532
11,4,2008,2008-12-10,0.2,0.2089792
11,4,2008,2008-12-18,0.2,0.20686582
11,4,2008,2008-12-26,0.19,0.22068721
11,4,2009,2009-07-04,0.13,0.17069882
11,4,2009,2009-07-12,0.12,0.14615831
11,4,2009,2009-07-20,0.18,0.13794036
11,4,2009,2009-07-28,0.12,0.18998763
11,4,2009,2009-08-05,0.16,0.14573856
11,4,2009,2009-08-13,0.17,0.176341
11,4,2009,2009-08-21,0.17,0.20712437
11,4,2009,2009-08-29,0.24,0.19735502
11,4,2009,2009-09-06,0.17,0.25431663
11,4,2009,2009-09-14,0.17,0.19082825
11,4,2009,2009-09-22,0.18,0.15467939
11,4,2009,2009-09-30,0.15,0.17389965
11,4,2009,2009-10-08,0.16,0.16396096
11,4,2009,2009-10-16,0.17,0.17595443
11,4,2009,2009-10-24,0.16,0.19617726
11,4,2009,2009-11-01,0.11,0.17776835
11,4,2009,2009-11-09,0.16,0.13123134
11,4,2009,2009-11-17,0.26,0.16741458
11,4,2009,2009-11-25,0.16,0.26871476
11,4,2009,2009-12-03,0.16,0.2054312
11,4,2009,2009-12-11,0.2,0.15750706
11,4,2009,2009-12-19,0.17,0.21925256
11,4,2009,2009-12-27,0.14,0.20077755
11,4,2010,2010-07-04,0.14,0.18042219
11,4,2010,2010-07-12,0.14,0.14589347
11,4,2010,2010-07-20,0.18,0.14346671
11,4,2010,2010-07-28,0.11,0.20680809
11,4,2010,2010-08-05,0.15,0.14003791
11,4,2010,2010-08-13,0.16,0.16642845
11,4,2010,2010-08-21,0.12,0.19086665
11,4,2010,2010-08-29,0.12,0.15681341
11,4,2010,2010-09-06,0.16,0.16622132
11,4,2010,2010-09-14,0.23,0.18573457
11,4,2010,2010-09-22,0.23,0.2558914
11,4,2010,2010-09-30,0.17,0.2549036
11,4,2010,2010-10-08,0.22,0.16931628
11,4,2010,2010-10-16,0.18,0.20609806
11,4,2010,2010-10-24,0.12,0.19466017
11,4,2010,2010-11-01,0.12,0.13185425
11,4,2010,2010-11-09,0.16,0.12178944
11,4,2010,2010-11-17,0.16,0.18470368
11,4,2010,2010-11-25,0.13,0.22368033
11,4,2010,2010-12-03,0.12,0.1618063
11,4,2010,2010-12-11,0.15,0.13835202
11,4,2010,2010-12-19,0.14,0.18392995
11,4,2010,2010-12-27,0.12,0.1745025
11,4,2011,2011-07-04,0.16,0.1883249
11,4,2011,2011-07-12,0.16,0.18026572
11,4,2011,2011-07-20,0.15,0.1737147
11,4,2011,2011-07-28,0.13,0.17616852
11,4,2011,2011-08-05,0.14,0.14030479
11,4,2011,2011-08-13,0.19,0.15942481
11,4,2011,2011-08-21,0.2,0.2135886
11,4,2011,2011-08-29,0.16,0.21478474
11,4,2011,2011-09-06,0.15,0.16486855
11,4,2011,2011-09-14,0.23,0.16068377
11,4,2011,2011-09-22,0.19,0.26508293
11,4,2011,2011-09-30,0.17,0.23652627
11,4,2011,2011-10-08,0.18,0.1675463
11,4,2011,2011-10-16,0.14,0.1948146
11,4,2011,2011-10-24,0.17,0.16090788
11,4,2011,2011-11-01,0.17,0.16471298
11,4,2011,2011-11-09,0.17,0.1762632
11,4,2011,2011-11-17,0.13,0.18890637
11,4,2011,2011-11-25,0.13,0.15418051
11,4,2011,2011-12-03,0.18,0.14116074
11,4,2011,2011-12-11,0.16,0.1886856
11,4,2011,2011-12-19,0.16,0.18788165
11,4,2011,2011-12-27,0.09,0.17365262
11,4,2012,2012-07-03,0.17,0.17378724
11,4,2012,2012-07-11,0.13,0.19035544
11,4,2012,2012-07-19,0.14,0.15834002
11,4,2012,2012-07-27,0.12,0.15640037
11,4,2012,2012-08-04,0.13,0.14011392
11,4,2012,2012-08-12,0.14,0.15213633
11,4,2012,2012-08-20,0.17,0.17972206
11,4,2012,2012-08-28,0.19,0.210368
11,4,2012,2012-09-05,0.27,0.21271087
11,4,2012,2012-09-13,0.23,0.27539188
11,4,2012,2012-09-21,0.19,0.2579059
11,4,2012,2012-09-29,0.17,0.18016332
11,4,2012,2012-10-07,0.18,0.16096146
11,4,2012,2012-10-15,0.15,0.1859405
11,4,2012,2012-10-23,0.15,0.15929626
11,4,2012,2012-10-31,0.16,0.16546418
11,4,2012,2012-11-08,0.13,0.18181753
11,4,2012,2012-11-16,0.13,0.15911216
11,4,2012,2012-11-24,0.12,0.14279081
11,4,2012,2012-12-02,0.17,0.1397581
11,4,2012,2012-12-10,0.22,0.20222935
11,4,2012,2012-12-18,0.2,0.2487446
11,4,2012,2012-12-26,0.21,0.22048257
11,5,2001,2001-07-04,0.24,0.23453102
11,5,2001,2001-07-12,0.17,0.24377704
11,5,2001,2001-07-20,0.21,0.17546496
11,5,2001,2001-07-28,0.18,0.19363262
11,5,2001,2001-08-05,0.17,0.20123735
11,5,2001,2001-08-13,0.19,0.17449366
11,5,2001,2001-08-21,0.19,0.19748528
11,5,2001,2001-08-29,0.2,0.22597605
11,5,2001,2001-09-06,0.29,0.24196473
11,5,2001,2001-09-14,0.3,0.30708826
11,5,2001,2001-09-22,0.29,0.32646105
11,5,2001,2001-09-30,0.27,0.26237923
11,5,2001,2001-10-08,0.21,0.23664783
11,5,2001,2001-10-16,0.22,0.17923772
11,5,2001,2001-10-24,0.14,0.19643538
11,5,2001,2001-11-01,0.11,0.14578743
11,5,2001,2001-11-09,0.16,0.12133762
11,5,2001,2001-11-17,0.14,0.17095353
11,5,2001,2001-11-25,0.14,0.16440703
11,5,2001,2001-12-03,0.17,0.16646504
11,5,2001,2001-12-11,0.21,0.2171886
11,5,2001,2001-12-19,0.23,0.264854
11,5,2001,2001-12-27,0.25,0.24531221
11,5,2002,2002-07-04,0.18,0.2438216
11,5,2002,2002-07-12,0.21,0.17062423
11,5,2002,2002-07-20,0.17,0.19386977
11,5,2002,2002-07-28,0.18,0.19088177
11,5,2002,2002-08-05,0.18,0.19020455
11,5,2002,2002-08-13,0.24,0.19532289
11,5,2002,2002-08-21,0.24,0.2575304
11,5,2002,2002-08-29,0.21,0.2604866
11,5,2002,2002-09-06,0.24,0.21459113
11,5,2002,2002-09-14,0.25,0.26393718
11,5,2002,2002-09-22,0.34,0.28256807
11,5,2002,2002-09-30,0.27,0.34659368
11,5,2002,2002-10-08,0.28,0.2693165
11,5,2002,2002-10-16,0.2,0.23532467
11,5,2002,2002-10-24,0.16,0.19836535
11,5,2002,2002-11-01,0.12,0.14278756
11,5,2002,2002-11-09,0.15,0.1211784
11,5,2002,2002-11-17,0.16,0.17263609
11,5,2002,2002-11-25,0.15,0.18685013
11,5,2002,2002-12-03,0.16,0.17599577
11,5,2002,2002-12-11,0.22,0.18756843
11,5,2002,2002-12-19,0.28,0.25681415
11,5,2002,2002-12-27,0.23,0.32009885
11,5,2003,2003-07-04,0.21,0.18246286
11,5,2003,2003-07-12,0.19,0.20386864
11,5,2003,2003-07-20,0.2,0.21351698
11,5,2003,2003-07-28,0.21,0.20590991
11,5,2003,2003-08-05,0.19,0.21983121
11,5,2003,2003-08-13,0.21,0.20365666
11,5,2003,2003-08-21,0.27,0.23452778
11,5,2003,2003-08-29,0.27,0.29560575
11,5,2003,2003-09-06,0.27,0.2760548
11,5,2003,2003-09-14,0.27,0.2596565
11,5,2003,2003-09-22,0.26,0.2657605
11,5,2003,2003-09-30,0.2,0.2790259
11,5,2003,2003-10-08,0.2,0.20664723
11,5,2003,2003-10-16,0.16,0.20416561
11,5,2003,2003-10-24,0.12,0.16754241
11,5,2003,2003-11-01,0.17,0.12974091
11,5,2003,2003-11-09,0.13,0.17221656
11,5,2003,2003-11-17,0.17,0.16221169
11,5,2003,2003-11-25,0.13,0.1937862
11,5,2003,2003-12-03,0.13,0.16311888
11,5,2003,2003-12-11,0.31,0.1573647
11,5,2003,2003-12-19,0.27,0.35038158
11,5,2003,2003-12-27,0.2,0.34343645
11,5,2004,2004-07-03,0.21,0.214149
11,5,2004,2004-07-11,0.21,0.22452165
11,5,2004,2004-07-19,0.2,0.21151634
11,5,2004,2004-07-27,0.25,0.20963115
11,5,2004,2004-08-04,0.18,0.26001742
11,5,2004,2004-08-12,0.2,0.1986696
11,5,2004,2004-08-20,0.24,0.20138037
11,5,2004,2004-08-28,0.29,0.2755652
11,5,2004,2004-09-05,0.39,0.319475
11,5,2004,2004-09-13,0.33,0.39106765
11,5,2004,2004-09-21,0.31,0.3114383
11,5,2004,2004-09-29,0.32,0.27218837
11,5,2004,2004-10-07,0.24,0.29312608
11,5,2004,2004-10-15,0.2,0.2226624
11,5,2004,2004-10-23,0.16,0.17686392
11,5,2004,2004-10-31,0.19,0.14855918
11,5,2004,2004-11-08,0.18,0.19866402
11,5,2004,2004-11-16,0.17,0.19343874
11,5,2004,2004-11-24,0.17,0.18923806
11,5,2004,2004-12-02,0.16,0.17872457
11,5,2004,2004-12-10,0.25,0.17196171
11,5,2004,2004-12-18,0.34,0.31348452
11,5,2004,2004-12-26,0.31,0.39142635
11,5,2005,2005-07-04,0.21,0.20753652
11,5,2005,2005-07-12,0.22,0.21456869
11,5,2005,2005-07-20,0.21,0.22120206
11,5,2005,2005-07-28,0.2,0.21745396
11,5,2005,2005-08-05,0.2,0.22146308
11,5,2005,2005-08-13,0.19,0.20388633
11,5,2005,2005-08-21,0.23,0.20155458
11,5,2005,2005-08-29,0.26,0.25437796
11,5,2005,2005-09-06,0.29,0.3006053
11,5,2005,2005-09-14,0.37,0.33758008
11,5,2005,2005-09-22,0.22,0.3722554
11,5,2005,2005-09-30,0.27,0.22854
11,5,2005,2005-10-08,0.25,0.2570468
11,5,2005,2005-10-16,0.21,0.24160674
11,5,2005,2005-10-24,0.24,0.18969953
11,5,2005,2005-11-01,0.2,0.21692501
11,5,2005,2005-11-09,0.16,0.20728719
11,5,2005,2005-11-17,0.17,0.16689676
11,5,2005,2005-11-25,0.2,0.17879947
11,5,2005,2005-12-03,0.23,0.21731143
11,5,2005,2005-12-11,0.26,0.24461025
11,5,2005,2005-12-19,0.23,0.2917128
11,5,2005,2005-12-27,0.22,0.27560794
11,5,2006,2006-07-04,0.24,0.19424936
11,5,2006,2006-07-12,0.23,0.23091508
11,5,2006,2006-07-20,0.21,0.24738461
11,5,2006,2006-07-28,0.21,0.21395326
11,5,2006,2006-08-05,0.21,0.21046782
11,5,2006,2006-08-13,0.24,0.21769656
11,5,2006,2006-08-21,0.22,0.24383868
11,5,2006,2006-08-29,0.3,0.2385311
11,5,2006,2006-09-06,0.24,0.31213853
11,5,2006,2006-09-14,0.26,0.26619577
11,5,2006,2006-09-22,0.24,0.2743119
11,5,2006,2006-09-30,0.18,0.2302468
11,5,2006,2006-10-08,0.22,0.1827294
11,5,2006,2006-10-16,0.2,0.22628438
11,5,2006,2006-10-24,0.15,0.21473725
11,5,2006,2006-11-01,0.18,0.17369124
11,5,2006,2006-11-09,0.18,0.19225474
11,5,2006,2006-11-17,0.18,0.1948744
11,5,2006,2006-11-25,0.16,0.19636564
11,5,2006,2006-12-03,0.18,0.18896466
11,5,2006,2006-12-11,0.27,0.21438007
11,5,2006,2006-12-19,0.25,0.31257784
11,5,2006,2006-12-27,0.2,0.27973902
11,5,2007,2007-07-04,0.21,0.20791495
11,5,2007,2007-07-12,0.21,0.2280328
11,5,2007,2007-07-20,0.2,0.22613968
11,5,2007,2007-07-28,0.18,0.21019441
11,5,2007,2007-08-05,0.17,0.19336545
11,5,2007,2007-08-13,0.19,0.18875249
11,5,2007,2007-08-21,0.22,0.22125946
11,5,2007,2007-08-29,0.24,0.2471911
11,5,2007,2007-09-06,0.3,0.2836528
11,5,2007,2007-09-14,0.3,0.3086603
11,5,2007,2007-09-22,0.21,0.29651535
11,5,2007,2007-09-30,0.24,0.20196193
11,5,2007,2007-10-08,0.2,0.21054521
11,5,2007,2007-10-16,0.21,0.2096984
11,5,2007,2007-10-24,0.13,0.21119557
11,5,2007,2007-11-01,0.16,0.14256862
11,5,2007,2007-11-09,0.11,0.17130286
11,5,2007,2007-11-17,0.16,0.14955908
11,5,2007,2007-11-25,0.14,0.18917508
11,5,2007,2007-12-03,0.15,0.17424144
11,5,2007,2007-12-11,0.16,0.18236671
11,5,2007,2007-12-19,0.19,0.21941352
11,5,2007,2007-12-27,0.2,0.23924263
11,5,2008,2008-07-03,0.2,0.22152413
11,5,2008,2008-07-11,0.16,0.20919512
11,5,2008,2008-07-19,0.19,0.17512
11,5,2008,2008-07-27,0.19,0.20235585
11,5,2008,2008-08-04,0.18,0.20956545
11,5,2008,2008-08-12,0.22,0.19410798
11,5,2008,2008-08-20,0.24,0.23460531
11,5,2008,2008-08-28,0.33,0.26759326
11,5,2008,2008-09-05,0.23,0.34521922
11,5,2008,2008-09-13,0.19,0.25792527
11,5,2008,2008-09-21,0.17,0.18860689
11,5,2008,2008-09-29,0.18,0.17022596
11,5,2008,2008-10-07,0.16,0.1990845
11,5,2008,2008-10-15,0.17,0.18432234
11,5,2008,2008-10-23,0.17,0.19474155
11,5,2008,2008-10-31,0.17,0.17786427
11,5,2008,2008-11-08,0.11,0.18660004
11,5,2008,2008-11-16,0.12,0.12830272
11,5,2008,2008-11-24,0.16,0.14760871
11,5,2008,2008-12-02,0.17,0.18578288
11,5,2008,2008-12-10,0.2,0.20267059
11,5,2008,2008-12-18,0.22,0.22380911
11,5,2008,2008-12-26,0.2,0.24687222
11,5,2009,2009-07-04,0.18,0.20893845
11,5,2009,2009-07-12,0.17,0.19806114
11,5,2009,2009-07-20,0.19,0.17826806
11,5,2009,2009-07-28,0.14,0.20828341
11,5,2009,2009-08-05,0.18,0.17282516
11,5,2009,2009-08-13,0.2,0.19609776
11,5,2009,2009-08-21,0.2,0.2379179
11,5,2009,2009-08-29,0.35,0.23922524
11,5,2009,2009-09-06,0.27,0.40020612
11,5,2009,2009-09-14,0.24,0.29290706
11,5,2009,2009-09-22,0.22,0.18752857
11,5,2009,2009-09-30,0.18,0.20175435
11,5,2009,2009-10-08,0.17,0.17986071
11,5,2009,2009-10-16,0.15,0.17245841
11,5,2009,2009-10-24,0.14,0.16880612
11,5,2009,2009-11-01,0.1,0.16485654
11,5,2009,2009-11-09,0.12,0.13658756
11,5,2009,2009-11-17,0.16,0.13691461
11,5,2009,2009-11-25,0.13,0.18114364
11,5,2009,2009-12-03,0.16,0.17134222
11,5,2009,2009-12-11,0.19,0.19120823
11,5,2009,2009-12-19,0.23,0.22937761
11,5,2009,2009-12-27,0.25,0.26880932
11,5,2010,2010-07-04,0.16,0.2611944
11,5,2010,2010-07-12,0.19,0.16428111
11,5,2010,2010-07-20,0.21,0.1797822
11,5,2010,2010-07-28,0.18,0.22954729
11,5,2010,2010-08-05,0.21,0.19068035
11,5,2010,2010-08-13,0.22,0.21699446
11,5,2010,2010-08-21,0.18,0.24316695
11,5,2010,2010-08-29,0.18,0.20021175
11,5,2010,2010-09-06,0.2,0.2343428
11,5,2010,2010-09-14,0.23,0.2363985
11,5,2010,2010-09-22,0.26,0.24819021
11,5,2010,2010-09-30,0.33,0.26774216
11,5,2010,2010-10-08,0.39,0.3144572
11,5,2010,2010-10-16,0.27,0.35756814
11,5,2010,2010-10-24,0.14,0.2351822
11,5,2010,2010-11-01,0.12,0.12837924
11,5,2010,2010-11-09,0.14,0.11837855
11,5,2010,2010-11-17,0.15,0.15627846
11,5,2010,2010-11-25,0.14,0.18517435
11,5,2010,2010-12-03,0.13,0.16784452
11,5,2010,2010-12-11,0.14,0.16157812
11,5,2010,2010-12-19,0.15,0.17934202
11,5,2010,2010-12-27,0.12,0.20244123
11,5,2011,2011-07-04,0.2,0.2112926
11,5,2011,2011-07-12,0.21,0.19601773
11,5,2011,2011-07-20,0.17,0.22036105
11,5,2011,2011-07-28,0.19,0.19547905
11,5,2011,2011-08-05,0.17,0.19764452
11,5,2011,2011-08-13,0.22,0.19827509
11,5,2011,2011-08-21,0.23,0.24426514
11,5,2011,2011-08-29,0.23,0.24606214
11,5,2011,2011-09-06,0.2,0.23035192
11,5,2011,2011-09-14,0.34,0.20686002
11,5,2011,2011-09-22,0.29,0.347382
11,5,2011,2011-09-30,0.26,0.31571227
11,5,2011,2011-10-08,0.19,0.24968511
11,5,2011,2011-10-16,0.13,0.22905649
11,5,2011,2011-10-24,0.15,0.14572796
11,5,2011,2011-11-01,0.12,0.13694578
11,5,2011,2011-11-09,0.14,0.13160379
11,5,2011,2011-11-17,0.12,0.16147031
11,5,2011,2011-11-25,0.13,0.15538195
11,5,2011,2011-12-03,0.18,0.15873444
11,5,2011,2011-12-11,0.21,0.20035274
11,5,2011,2011-12-19,0.25,0.23423657
11,5,2011,2011-12-27,0.16,0.2646307
11,5,2012,2012-07-03,0.21,0.20312898
11,5,2012,2012-07-11,0.16,0.22859724
11,5,2012,2012-07-19,0.17,0.18901429
11,5,2012,2012-07-27,0.18,0.17713873
11,5,2012,2012-08-04,0.17,0.20274024
11,5,2012,2012-08-12,0.19,0.19194388
11,5,2012,2012-08-20,0.19,0.22036311
11,5,2012,2012-08-28,0.2,0.22636598
11,5,2012,2012-09-05,0.37,0.2272233
11,5,2012,2012-09-13,0.25,0.3799551
11,5,2012,2012-09-21,0.22,0.3044398
11,5,2012,2012-09-29,0.19,0.20003712
11,5,2012,2012-10-07,0.15,0.19589542
11,5,2012,2012-10-15,0.18,0.15197833
11,5,2012,2012-10-23,0.13,0.17150454
11,5,2012,2012-10-31,0.11,0.15290035
11,5,2012,2012-11-08,0.12,0.1274972
11,5,2012,2012-11-16,0.14,0.148193
11,5,2012,2012-11-24,0.11,0.16450512
11,5,2012,2012-12-02,0.14,0.14443856
11,5,2012,2012-12-10,0.21,0.17923975
11,5,2012,2012-12-18,0.21,0.2569225
11,5,2012,2012-12-26,0.39,0.2689343
11,6,2001,2001-07-04,0.48,0.4620024
11,6,2001,2001-07-12,0.34,0.48970112
11,6,2001,2001-07-20,0.41,0.3315126
11,6,2001,2001-07-28,0.39,0.37626353
11,6,2001,2001-08-05,0.32,0.40655646
11,6,2001,2001-08-13,0.37,0.3249733
11,6,2001,2001-08-21,0.4,0.35134074
11,6,2001,2001-08-29,0.38,0.3860346
11,6,2001,2001-09-06,0.43,0.402195
11,6,2001,2001-09-14,0.46,0.4260183
11,6,2001,2001-09-22,0.47,0.47711977
11,6,2001,2001-09-30,0.45,0.49319962
11,6,2001,2001-10-08,0.48,0.45599413
11,6,2001,2001-10-16,0.39,0.45641392
11,6,2001,2001-10-24,0.29,0.39453074
11,6,2001,2001-11-01,0.3,0.28924233
11,6,2001,2001-11-09,0.36,0.28086567
11,6,2001,2001-11-17,0.34,0.3407036
11,6,2001,2001-11-25,0.35,0.31218404
11,6,2001,2001-12-03,0.35,0.31814277
11,6,2001,2001-12-11,0.36,0.3322686
11,6,2001,2001-12-19,0.31,0.33478865
11,6,2001,2001-12-27,0.4,0.2904077
11,6,2002,2002-07-04,0.42,0.55502033
11,6,2002,2002-07-12,0.49,0.45322794
11,6,2002,2002-07-20,0.44,0.43665853
11,6,2002,2002-07-28,0.41,0.4390434
11,6,2002,2002-08-05,0.42,0.42450953
11,6,2002,2002-08-13,0.52,0.40486583
11,6,2002,2002-08-21,0.52,0.5077905
11,6,2002,2002-08-29,0.43,0.5367116
11,6,2002,2002-09-06,0.42,0.44276044
11,6,2002,2002-09-14,0.45,0.42306945
11,6,2002,2002-09-22,0.54,0.46045524
11,6,2002,2002-09-30,0.53,0.5563966
11,6,2002,2002-10-08,0.62,0.54741853
11,6,2002,2002-10-16,0.47,0.6097325
11,6,2002,2002-10-24,0.42,0.48518828
11,6,2002,2002-11-01,0.34,0.38296995
11,6,2002,2002-11-09,0.37,0.29523325
11,6,2002,2002-11-17,0.42,0.36342058
11,6,2002,2002-11-25,0.4,0.42747563
11,6,2002,2002-12-03,0.35,0.39813158
11,6,2002,2002-12-11,0.36,0.35936472
11,6,2002,2002-12-19,0.37,0.36600095
11,6,2002,2002-12-27,0.39,0.36871028
11,6,2003,2003-07-04,0.48,0.39750707
11,6,2003,2003-07-12,0.5,0.4512712
11,6,2003,2003-07-20,0.47,0.51144975
11,6,2003,2003-07-28,0.48,0.49050432
11,6,2003,2003-08-05,0.45,0.47636032
11,6,2003,2003-08-13,0.41,0.45515415
11,6,2003,2003-08-21,0.47,0.44723594
11,6,2003,2003-08-29,0.45,0.49502826
11,6,2003,2003-09-06,0.4,0.46867803
11,6,2003,2003-09-14,0.48,0.41194904
11,6,2003,2003-09-22,0.58,0.4722244
11,6,2003,2003-09-30,0.47,0.6051513
11,6,2003,2003-10-08,0.48,0.5163807
11,6,2003,2003-10-16,0.42,0.51072896
11,6,2003,2003-10-24,0.42,0.42532486
11,6,2003,2003-11-01,0.39,0.40696284
11,6,2003,2003-11-09,0.32,0.36622262
11,6,2003,2003-11-17,0.3,0.330392
11,6,2003,2003-11-25,0.31,0.3227146
11,6,2003,2003-12-03,0.31,0.33329427
11,6,2003,2003-12-11,0.39,0.31606656
11,6,2003,2003-12-19,0.4,0.39394072
11,6,2003,2003-12-27,0.41,0.40998554
11,6,2004,2004-07-03,0.56,0.52595764
11,6,2004,2004-07-11,0.53,0.55601704
11,6,2004,2004-07-19,0.45,0.54796886
11,6,2004,2004-07-27,0.55,0.46168694
11,6,2004,2004-08-04,0.45,0.5242268
11,6,2004,2004-08-12,0.52,0.47233725
11,6,2004,2004-08-20,0.52,0.5019478
11,6,2004,2004-08-28,0.51,0.52260876
11,6,2004,2004-09-05,0.55,0.5255327
11,6,2004,2004-09-13,0.63,0.53399706
11,6,2004,2004-09-21,0.61,0.61487305
11,6,2004,2004-09-29,0.61,0.63123953
11,6,2004,2004-10-07,0.65,0.5975485
11,6,2004,2004-10-15,0.52,0.61099595
11,6,2004,2004-10-23,0.43,0.51070493
11,6,2004,2004-10-31,0.5,0.4164046
11,6,2004,2004-11-08,0.51,0.44189158
11,6,2004,2004-11-16,0.43,0.49007535
11,6,2004,2004-11-24,0.4,0.4244703
11,6,2004,2004-12-02,0.41,0.3849223
11,6,2004,2004-12-10,0.44,0.39530358
11,6,2004,2004-12-18,0.46,0.45549983
11,6,2004,2004-12-26,0.48,0.4795063
11,6,2005,2005-07-04,0.52,0.53686863
11,6,2005,2005-07-12,0.53,0.5500996
11,6,2005,2005-07-20,0.59,0.5353053
11,6,2005,2005-07-28,0.54,0.55797887
11,6,2005,2005-08-05,0.53,0.55775225
11,6,2005,2005-08-13,0.49,0.5273997
11,6,2005,2005-08-21,0.62,0.49424458
11,6,2005,2005-08-29,0.64,0.599422
11,6,2005,2005-09-06,0.65,0.6366589
11,6,2005,2005-09-14,0.7,0.64213514
11,6,2005,2005-09-22,0.52,0.6836903
11,6,2005,2005-09-30,0.65,0.54745054
11,6,2005,2005-10-08,0.61,0.61068976
11,6,2005,2005-10-16,0.51,0.60321057
11,6,2005,2005-10-24,0.53,0.5218888
11,6,2005,2005-11-01,0.49,0.47171205
11,6,2005,2005-11-09,0.42,0.47203788
11,6,2005,2005-11-17,0.41,0.45080477
11,6,2005,2005-11-25,0.39,0.40731585
11,6,2005,2005-12-03,0.43,0.38320196
11,6,2005,2005-12-11,0.39,0.43282804
11,6,2005,2005-12-19,0.39,0.42300254
11,6,2005,2005-12-27,0.39,0.41816297
11,6,2006,2006-07-04,0.57,0.5482774
11,6,2006,2006-07-12,0.58,0.5760758
11,6,2006,2006-07-20,0.54,0.5819684
11,6,2006,2006-07-28,0.51,0.5630862
11,6,2006,2006-08-05,0.54,0.5211521
11,6,2006,2006-08-13,0.57,0.5302709
11,6,2006,2006-08-21,0.54,0.56107974
11,6,2006,2006-08-29,0.54,0.57087976
11,6,2006,2006-09-06,0.57,0.5728326
11,6,2006,2006-09-14,0.56,0.5895826
11,6,2006,2006-09-22,0.56,0.59338975
11,6,2006,2006-09-30,0.51,0.5555663
11,6,2006,2006-10-08,0.55,0.5248814
11,6,2006,2006-10-16,0.49,0.55543953
11,6,2006,2006-10-24,0.38,0.5000639
11,6,2006,2006-11-01,0.46,0.40041342
11,6,2006,2006-11-09,0.4,0.42850494
11,6,2006,2006-11-17,0.39,0.4104328
11,6,2006,2006-11-25,0.35,0.3953334
11,6,2006,2006-12-03,0.37,0.35609975
11,6,2006,2006-12-11,0.37,0.388394
11,6,2006,2006-12-19,0.37,0.38870797
11,6,2006,2006-12-27,0.38,0.3809647
11,6,2007,2007-07-04,0.51,0.5375891
11,6,2007,2007-07-12,0.53,0.5203663
11,6,2007,2007-07-20,0.51,0.5464231
11,6,2007,2007-07-28,0.49,0.52600265
11,6,2007,2007-08-05,0.48,0.49811888
11,6,2007,2007-08-13,0.46,0.49046454
11,6,2007,2007-08-21,0.5,0.49068916
11,6,2007,2007-08-29,0.56,0.5173578
11,6,2007,2007-09-06,0.56,0.5708896
11,6,2007,2007-09-14,0.53,0.58533525
11,6,2007,2007-09-22,0.47,0.55243903
11,6,2007,2007-09-30,0.49,0.48951802
11,6,2007,2007-10-08,0.42,0.48185706
11,6,2007,2007-10-16,0.45,0.44704223
11,6,2007,2007-10-24,0.25,0.45701122
11,6,2007,2007-11-01,0.35,0.27958646
11,6,2007,2007-11-09,0.25,0.3362645
11,6,2007,2007-11-17,0.34,0.25928193
11,6,2007,2007-11-25,0.31,0.33303365
11,6,2007,2007-12-03,0.33,0.3221356
11,6,2007,2007-12-11,0.34,0.32481638
11,6,2007,2007-12-19,0.35,0.35657054
11,6,2007,2007-12-27,0.35,0.35658967
11,6,2008,2008-07-03,0.51,0.510549
11,6,2008,2008-07-11,0.43,0.5047652
11,6,2008,2008-07-19,0.5,0.45544487
11,6,2008,2008-07-27,0.51,0.4970659
11,6,2008,2008-08-04,0.45,0.5215794
11,6,2008,2008-08-12,0.5,0.47717485
11,6,2008,2008-08-20,0.54,0.4924694
11,6,2008,2008-08-28,0.54,0.5483712
11,6,2008,2008-09-05,0.39,0.5726826
11,6,2008,2008-09-13,0.43,0.44882154
11,6,2008,2008-09-21,0.41,0.42596734
11,6,2008,2008-09-29,0.35,0.40534654
11,6,2008,2008-10-07,0.31,0.38325277
11,6,2008,2008-10-15,0.35,0.32216594
11,6,2008,2008-10-23,0.34,0.3619375
11,6,2008,2008-10-31,0.32,0.32138735
11,6,2008,2008-11-08,0.23,0.3185074
11,6,2008,2008-11-16,0.22,0.23434554
11,6,2008,2008-11-24,0.32,0.23738728
11,6,2008,2008-12-02,0.28,0.33707392
11,6,2008,2008-12-10,0.34,0.30749202
11,6,2008,2008-12-18,0.3,0.33541587
11,6,2008,2008-12-26,0.35,0.31714132
11,6,2009,2009-07-04,0.47,0.5183024
11,6,2009,2009-07-12,0.5,0.48323035
11,6,2009,2009-07-20,0.55,0.48369744
11,6,2009,2009-07-28,0.48,0.5477724
11,6,2009,2009-08-05,0.49,0.518121
11,6,2009,2009-08-13,0.48,0.48966742
11,6,2009,2009-08-21,0.48,0.48455858
11,6,2009,2009-08-29,0.56,0.5096946
11,6,2009,2009-09-06,0.56,0.57322145
11,6,2009,2009-09-14,0.51,0.55154717
11,6,2009,2009-09-22,0.44,0.5048944
11,6,2009,2009-09-30,0.45,0.43718863
11,6,2009,2009-10-08,0.39,0.42360353
11,6,2009,2009-10-16,0.32,0.37602937
11,6,2009,2009-10-24,0.32,0.32853723
11,6,2009,2009-11-01,0.18,0.32107225
11,6,2009,2009-11-09,0.23,0.20995165
11,6,2009,2009-11-17,0.29,0.21287261
11,6,2009,2009-11-25,0.27,0.28974104
11,6,2009,2009-12-03,0.26,0.30688858
11,6,2009,2009-12-11,0.36,0.26358747
11,6,2009,2009-12-19,0.38,0.37479395
11,6,2009,2009-12-27,0.25,0.38098684
11,6,2010,2010-07-04,0.45,0.48478985
11,6,2010,2010-07-12,0.54,0.45865804
11,6,2010,2010-07-20,0.6,0.5212919
11,6,2010,2010-07-28,0.48,0.61921805
11,6,2010,2010-08-05,0.54,0.51200044
11,6,2010,2010-08-13,0.58,0.5201961
11,6,2010,2010-08-21,0.46,0.5618991
11,6,2010,2010-08-29,0.46,0.49121183
11,6,2010,2010-09-06,0.51,0.4738658
11,6,2010,2010-09-14,0.47,0.5193039
11,6,2010,2010-09-22,0.5,0.5012759
11,6,2010,2010-09-30,0.46,0.49247974
11,6,2010,2010-10-08,0.55,0.46427348
11,6,2010,2010-10-16,0.44,0.5281756
11,6,2010,2010-10-24,0.23,0.44068444
11,6,2010,2010-11-01,0.18,0.2558133
11,6,2010,2010-11-09,0.22,0.15698597
11,6,2010,2010-11-17,0.28,0.20440665
11,6,2010,2010-11-25,0.27,0.32480448
11,6,2010,2010-12-03,0.11,0.29756826
11,6,2010,2010-12-11,0.24,0.14909612
11,6,2010,2010-12-19,0.27,0.26919413
11,6,2010,2010-12-27,0.28,0.34688878
11,6,2011,2011-07-04,0.55,0.45832118
11,6,2011,2011-07-12,0.52,0.52605784
11,6,2011,2011-07-20,0.44,0.535229
11,6,2011,2011-07-28,0.5,0.4970045
11,6,2011,2011-08-05,0.48,0.49136007
11,6,2011,2011-08-13,0.51,0.49621952
11,6,2011,2011-08-21,0.5,0.54146755
11,6,2011,2011-08-29,0.46,0.5110614
11,6,2011,2011-09-06,0.39,0.4650159
11,6,2011,2011-09-14,0.18,0.41239768
11,6,2011,2011-09-22,0.41,0.23864569
11,6,2011,2011-09-30,0.37,0.3769865
11,6,2011,2011-10-08,0.36,0.38658476
11,6,2011,2011-10-16,0.19,0.3554164
11,6,2011,2011-10-24,0.23,0.24519931
11,6,2011,2011-11-01,0.21,0.19699663
11,6,2011,2011-11-09,0.23,0.17979136
11,6,2011,2011-11-17,0.17,0.23951845
11,6,2011,2011-11-25,0.23,0.21578747
11,6,2011,2011-12-03,0.3,0.25634187
11,6,2011,2011-12-11,0.3,0.2851923
11,6,2011,2011-12-19,0.38,0.31051272
11,6,2011,2011-12-27,0.29,0.38075483
11,6,2012,2012-07-03,0.48,0.4721771
11,6,2012,2012-07-11,0.5,0.50876826
11,6,2012,2012-07-19,0.46,0.5273751
11,6,2012,2012-07-27,0.48,0.47335944
11,6,2012,2012-08-04,0.41,0.4844429
11,6,2012,2012-08-12,0.44,0.43989873
11,6,2012,2012-08-20,0.49,0.45766073
11,6,2012,2012-08-28,0.38,0.5065893
11,6,2012,2012-09-05,0.46,0.42023456
11,6,2012,2012-09-13,0.48,0.43710083
11,6,2012,2012-09-21,0.4,0.42227337
11,6,2012,2012-09-29,0.39,0.4181264
11,6,2012,2012-10-07,0.29,0.40806603
11,6,2012,2012-10-15,0.34,0.30901718
11,6,2012,2012-10-23,0.14,0.29380697
11,6,2012,2012-10-31,0.24,0.16165099
11,6,2012,2012-11-08,0.11,0.22077371
11,6,2012,2012-11-16,0.19,0.15821292
11,6,2012,2012-11-24,0.11,0.19410865
11,6,2012,2012-12-02,0.17,0.16834944
11,6,2012,2012-12-10,0.25,0.23281704
11,6,2012,2012-12-18,0.31,0.31742808
11,6,2012,2012-12-26,0.44,0.38618854
11,7,2001,2001-07-04,0.33,0.35451502
11,7,2001,2001-07-12,0.25,0.42212835
11,7,2001,2001-07-20,0.26,0.2660817
11,7,2001,2001-07-28,0.3,0.24070475
11,7,2001,2001-08-05,0.17,0.32033822
11,7,2001,2001-08-13,0.17,0.19026907
11,7,2001,2001-08-21,0.32,0.16392028
11,7,2001,2001-08-29,0.34,0.33254233
11,7,2001,2001-09-06,0.43,0.4010769
11,7,2001,2001-09-14,0.36,0.39662322
11,7,2001,2001-09-22,0.38,0.35004964
11,7,2001,2001-09-30,0.42,0.38963705
11,7,2001,2001-10-08,0.41,0.41679412
11,7,2001,2001-10-16,0.32,0.38446772
11,7,2001,2001-10-24,0.31,0.3208914
11,7,2001,2001-11-01,0.26,0.30709594
11,7,2001,2001-11-09,0.25,0.276596
11,7,2001,2001-11-17,0.29,0.2568597
11,7,2001,2001-11-25,0.33,0.287462
11,7,2001,2001-12-03,0.34,0.3328581
11,7,2001,2001-12-11,0.33,0.32964325
11,7,2001,2001-12-19,0.3,0.31429538
11,7,2001,2001-12-27,0.36,0.29514194
11,7,2002,2002-07-04,0.3,0.40653506
11,7,2002,2002-07-12,0.37,0.32616806
11,7,2002,2002-07-20,0.34,0.33716932
11,7,2002,2002-07-28,0.29,0.33505577
11,7,2002,2002-08-05,0.3,0.29181343
11,7,2002,2002-08-13,0.37,0.273728
11,7,2002,2002-08-21,0.37,0.33961013
11,7,2002,2002-08-29,0.36,0.387493
11,7,2002,2002-09-06,0.29,0.36194837
11,7,2002,2002-09-14,0.32,0.32623494
11,7,2002,2002-09-22,0.5,0.33428004
11,7,2002,2002-09-30,0.44,0.5061494
11,7,2002,2002-10-08,0.49,0.4534086
11,7,2002,2002-10-16,0.44,0.4782662
11,7,2002,2002-10-24,0.39,0.43500382
11,7,2002,2002-11-01,0.36,0.38182327
11,7,2002,2002-11-09,0.33,0.33841023
11,7,2002,2002-11-17,0.44,0.3180518
11,7,2002,2002-11-25,0.38,0.43004495
11,7,2002,2002-12-03,0.41,0.3928134
11,7,2002,2002-12-11,0.34,0.39734253
11,7,2002,2002-12-19,0.39,0.35516608
11,7,2002,2002-12-27,0.38,0.3793029
11,7,2003,2003-07-04,0.47,0.3089031
11,7,2003,2003-07-12,0.49,0.4232304
11,7,2003,2003-07-20,0.41,0.48521048
11,7,2003,2003-07-28,0.41,0.3865298
11,7,2003,2003-08-05,0.39,0.39307114
11,7,2003,2003-08-13,0.3,0.37774262
11,7,2003,2003-08-21,0.4,0.32942864
11,7,2003,2003-08-29,0.36,0.40725675
11,7,2003,2003-09-06,0.3,0.3790403
11,7,2003,2003-09-14,0.37,0.28609103
11,7,2003,2003-09-22,0.44,0.36274263
11,7,2003,2003-09-30,0.36,0.49098828
11,7,2003,2003-10-08,0.38,0.3830928
11,7,2003,2003-10-16,0.43,0.40400502
11,7,2003,2003-10-24,0.48,0.44419485
11,7,2003,2003-11-01,0.43,0.4839551
11,7,2003,2003-11-09,0.35,0.43897885
11,7,2003,2003-11-17,0.39,0.3559338
11,7,2003,2003-11-25,0.41,0.39955983
11,7,2003,2003-12-03,0.39,0.42793104
11,7,2003,2003-12-11,0.51,0.4031628
11,7,2003,2003-12-19,0.48,0.49879962
11,7,2003,2003-12-27,0.43,0.4927501
11,7,2004,2004-07-03,0.54,0.4601375
11,7,2004,2004-07-11,0.55,0.5250544
11,7,2004,2004-07-19,0.46,0.5737022
11,7,2004,2004-07-27,0.66,0.47286204
11,7,2004,2004-08-04,0.48,0.60015935
11,7,2004,2004-08-12,0.58,0.49079275
11,7,2004,2004-08-20,0.51,0.527057
11,7,2004,2004-08-28,0.39,0.48626173
11,7,2004,2004-09-05,0.5,0.4101103
11,7,2004,2004-09-13,0.59,0.4495998
11,7,2004,2004-09-21,0.6,0.5699564
11,7,2004,2004-09-29,0.5,0.599915
11,7,2004,2004-10-07,0.67,0.5016367
11,7,2004,2004-10-15,0.6,0.6062976
11,7,2004,2004-10-23,0.47,0.5849624
11,7,2004,2004-10-31,0.59,0.49533522
11,7,2004,2004-11-08,0.59,0.5432848
11,7,2004,2004-11-16,0.58,0.55314696
11,7,2004,2004-11-24,0.48,0.5612739
11,7,2004,2004-12-02,0.56,0.48326588
11,7,2004,2004-12-10,0.5,0.52891004
11,7,2004,2004-12-18,0.53,0.5196558
11,7,2004,2004-12-26,0.59,0.5428265
11,7,2005,2005-07-04,0.56,0.56958807
11,7,2005,2005-07-12,0.56,0.5696016
11,7,2005,2005-07-20,0.65,0.568499
11,7,2005,2005-07-28,0.22,0.60575473
11,7,2005,2005-08-05,0.58,0.37049717
11,7,2005,2005-08-13,0.56,0.5000501
11,7,2005,2005-08-21,0.61,0.54213834
11,7,2005,2005-08-29,0.65,0.57993275
11,7,2005,2005-09-06,0.64,0.6046008
11,7,2005,2005-09-14,0.69,0.61675024
11,7,2005,2005-09-22,0.56,0.6728184
11,7,2005,2005-09-30,0.59,0.5774852
11,7,2005,2005-10-08,0.62,0.5596941
11,7,2005,2005-10-16,0.5,0.6074887
11,7,2005,2005-10-24,0.62,0.5404677
11,7,2005,2005-11-01,0.59,0.57539636
11,7,2005,2005-11-09,0.48,0.5811714
11,7,2005,2005-11-17,0.61,0.5248406
11,7,2005,2005-11-25,0.49,0.5887136
11,7,2005,2005-12-03,0.56,0.4946851
11,7,2005,2005-12-11,0.47,0.55607784
11,7,2005,2005-12-19,0.46,0.47826493
11,7,2005,2005-12-27,0.43,0.47767347
11,7,2006,2006-07-04,0.65,0.6556691
11,7,2006,2006-07-12,0.71,0.6406598
11,7,2006,2006-07-20,0.61,0.6699245
11,7,2006,2006-07-28,0.6,0.60816854
11,7,2006,2006-08-05,0.61,0.51129186
11,7,2006,2006-08-13,0.63,0.5656112
11,7,2006,2006-08-21,0.62,0.63097954
11,7,2006,2006-08-29,0.6,0.62557614
11,7,2006,2006-09-06,0.58,0.6093631
11,7,2006,2006-09-14,0.59,0.5874444
11,7,2006,2006-09-22,0.59,0.5997124
11,7,2006,2006-09-30,0.6,0.58082646
11,7,2006,2006-10-08,0.56,0.589362
11,7,2006,2006-10-16,0.6,0.5706713
11,7,2006,2006-10-24,0.52,0.57834446
11,7,2006,2006-11-01,0.59,0.53732276
11,7,2006,2006-11-09,0.6,0.5885683
11,7,2006,2006-11-17,0.58,0.58016825
11,7,2006,2006-11-25,0.54,0.5904715
11,7,2006,2006-12-03,0.51,0.5382886
11,7,2006,2006-12-11,0.55,0.51441073
11,7,2006,2006-12-19,0.61,0.53084457
11,7,2006,2006-12-27,0.54,0.5886864
11,7,2007,2007-07-04,0.63,0.6623645
11,7,2007,2007-07-12,0.67,0.62421083
11,7,2007,2007-07-20,0.58,0.6541953
11,7,2007,2007-07-28,0.58,0.5726556
11,7,2007,2007-08-05,0.58,0.5627618
11,7,2007,2007-08-13,0.62,0.56185913
11,7,2007,2007-08-21,0.57,0.6197048
11,7,2007,2007-08-29,0.64,0.5851044
11,7,2007,2007-09-06,0.48,0.62384766
11,7,2007,2007-09-14,0.56,0.5009536
11,7,2007,2007-09-22,0.43,0.5477156
11,7,2007,2007-09-30,0.46,0.44996873
11,7,2007,2007-10-08,0.48,0.4833382
11,7,2007,2007-10-16,0.68,0.4881254
11,7,2007,2007-10-24,0.43,0.6709424
11,7,2007,2007-11-01,0.54,0.49804515
11,7,2007,2007-11-09,0.44,0.53363395
11,7,2007,2007-11-17,0.57,0.4437123
11,7,2007,2007-11-25,0.48,0.5777517
11,7,2007,2007-12-03,0.51,0.5045735
11,7,2007,2007-12-11,0.53,0.5149129
11,7,2007,2007-12-19,0.33,0.53191096
11,7,2007,2007-12-27,0.33,0.41464573
11,7,2008,2008-07-03,0.59,0.57431996
11,7,2008,2008-07-11,0.46,0.57583094
11,7,2008,2008-07-19,0.52,0.48317087
11,7,2008,2008-07-27,0.46,0.51113236
11,7,2008,2008-08-04,0.58,0.47056705
11,7,2008,2008-08-12,0.64,0.57904613
11,7,2008,2008-08-20,0.59,0.6485711
11,7,2008,2008-08-28,0.53,0.60507375
11,7,2008,2008-09-05,0.44,0.55017316
11,7,2008,2008-09-13,0.49,0.43070933
11,7,2008,2008-09-21,0.53,0.4753869
11,7,2008,2008-09-29,0.49,0.51546216
11,7,2008,2008-10-07,0.45,0.5029469
11,7,2008,2008-10-15,0.58,0.46902275
11,7,2008,2008-10-23,0.58,0.603024
11,7,2008,2008-10-31,0.55,0.58091044
11,7,2008,2008-11-08,0.58,0.55389285
11,7,2008,2008-11-16,0.41,0.55213624
11,7,2008,2008-11-24,0.5,0.45406142
11,7,2008,2008-12-02,0.5,0.48431382
11,7,2008,2008-12-10,0.49,0.5034897
11,7,2008,2008-12-18,0.49,0.5228192
11,7,2008,2008-12-26,0.53,0.47044274
11,7,2009,2009-07-04,0.47,0.5628849
11,7,2009,2009-07-12,0.58,0.47017664
11,7,2009,2009-07-20,0.63,0.5313229
11,7,2009,2009-07-28,0.55,0.60693556
11,7,2009,2009-08-05,0.53,0.5597131
11,7,2009,2009-08-13,0.5,0.5411426
11,7,2009,2009-08-21,0.5,0.5280771
11,7,2009,2009-08-29,0.67,0.52660817
11,7,2009,2009-09-06,0.64,0.63676953
11,7,2009,2009-09-14,0.54,0.616884
11,7,2009,2009-09-22,0.48,0.5421453
11,7,2009,2009-09-30,0.59,0.4764377
11,7,2009,2009-10-08,0.66,0.5593404
11,7,2009,2009-10-16,0.6,0.63321984
11,7,2009,2009-10-24,0.59,0.614535
11,7,2009,2009-11-01,0.56,0.59649765
11,7,2009,2009-11-09,0.59,0.55394316
11,7,2009,2009-11-17,0.65,0.5817009
11,7,2009,2009-11-25,0.56,0.6054107
11,7,2009,2009-12-03,0.37,0.55592513
11,7,2009,2009-12-11,0.58,0.40570757
11,7,2009,2009-12-19,0.63,0.5259061
11,7,2009,2009-12-27,0.51,0.6148854
11,7,2010,2010-07-04,0.58,0.5886779
11,7,2010,2010-07-12,0.61,0.55237055
11,7,2010,2010-07-20,0.67,0.5738373
11,7,2010,2010-07-28,0.58,0.6622294
11,7,2010,2010-08-05,0.64,0.5865185
11,7,2010,2010-08-13,0.61,0.6042372
11,7,2010,2010-08-21,0.45,0.5772521
11,7,2010,2010-08-29,0.55,0.4694301
11,7,2010,2010-09-06,0.58,0.54615307
11,7,2010,2010-09-14,0.56,0.6000208
11,7,2010,2010-09-22,0.56,0.57118213
11,7,2010,2010-09-30,0.63,0.5387081
11,7,2010,2010-10-08,0.72,0.61273694
11,7,2010,2010-10-16,0.6,0.71125925
11,7,2010,2010-10-24,0.58,0.61255604
11,7,2010,2010-11-01,0.58,0.56608844
11,7,2010,2010-11-09,0.53,0.54363
11,7,2010,2010-11-17,0.53,0.5395802
11,7,2010,2010-11-25,0.54,0.5508359
11,7,2010,2010-12-03,0.4,0.54639655
11,7,2010,2010-12-11,0.4,0.397863
11,7,2010,2010-12-19,0.46,0.40508163
11,7,2010,2010-12-27,0.41,0.49485338
11,7,2011,2011-07-04,0.61,0.48715967
11,7,2011,2011-07-12,0.62,0.5753006
11,7,2011,2011-07-20,0.51,0.60484856
11,7,2011,2011-07-28,0.58,0.5597868
11,7,2011,2011-08-05,0.56,0.56634176
11,7,2011,2011-08-13,0.65,0.5669932
11,7,2011,2011-08-21,0.58,0.6437829
11,7,2011,2011-08-29,0.53,0.5613798
11,7,2011,2011-09-06,0.54,0.527181
11,7,2011,2011-09-14,0.45,0.53466713
11,7,2011,2011-09-22,0.65,0.4822777
11,7,2011,2011-09-30,0.62,0.6181979
11,7,2011,2011-10-08,0.59,0.63450664
11,7,2011,2011-10-16,0.58,0.6255594
11,7,2011,2011-10-24,0.54,0.5762475
11,7,2011,2011-11-01,0.62,0.5329546
11,7,2011,2011-11-09,0.56,0.5942603
11,7,2011,2011-11-17,0.52,0.56198895
11,7,2011,2011-11-25,0.49,0.5246129
11,7,2011,2011-12-03,0.53,0.48810348
11,7,2011,2011-12-11,0.5,0.5030482
11,7,2011,2011-12-19,0.47,0.4871798
11,7,2011,2011-12-27,0.38,0.48260427
11,7,2012,2012-07-03,0.65,0.6121131
11,7,2012,2012-07-11,0.61,0.6365603
11,7,2012,2012-07-19,0.61,0.61226004
11,7,2012,2012-07-27,0.59,0.58218455
11,7,2012,2012-08-04,0.54,0.57350934
11,7,2012,2012-08-12,0.57,0.5445033
11,7,2012,2012-08-20,0.57,0.57958466
11,7,2012,2012-08-28,0.42,0.57749975
11,7,2012,2012-09-05,0.53,0.45128453
11,7,2012,2012-09-13,0.64,0.5000986
11,7,2012,2012-09-21,0.54,0.6066727
11,7,2012,2012-09-29,0.45,0.5854831
11,7,2012,2012-10-07,0.55,0.5015228
11,7,2012,2012-10-15,0.65,0.5367899
11,7,2012,2012-10-23,0.53,0.6385193
11,7,2012,2012-10-31,0.47,0.5584053
11,7,2012,2012-11-08,0.38,0.4962392
11,7,2012,2012-11-16,0.57,0.38866183
11,7,2012,2012-11-24,0.44,0.5381528
11,7,2012,2012-12-02,0.45,0.4730656
11,7,2012,2012-12-10,0.4,0.47066823
11,7,2012,2012-12-18,0.56,0.41204187
11,7,2012,2012-12-26,0.62,0.55004203
12,3,2001,2001-07-04,0.15,0.14322688
12,3,2001,2001-07-12,0.13,0.14399341
12,3,2001,2001-07-20,0.14,0.12603532
12,3,2001,2001-07-28,0.15,0.15460524
12,3,2001,2001-08-05,0.14,0.17519598
12,3,2001,2001-08-13,0.15,0.16652277
12,3,2001,2001-08-21,0.19,0.17012733
12,3,2001,2001-08-29,0.21,0.21627884
12,3,2001,2001-09-06,0.21,0.22087845
12,3,2001,2001-09-14,0.26,0.1990417
12,3,2001,2001-09-22,0.19,0.2427854
12,3,2001,2001-09-30,0.18,0.1759539
12,3,2001,2001-10-08,0.15,0.1407776
12,3,2001,2001-10-16,0.17,0.14649594
12,3,2001,2001-10-24,0.12,0.16811219
12,3,2001,2001-11-01,0.15,0.13434538
12,3,2001,2001-11-09,0.17,0.15523766
12,3,2001,2001-11-17,0.16,0.1770279
12,3,2001,2001-11-25,0.16,0.1954402
12,3,2001,2001-12-03,0.18,0.1748295
12,3,2001,2001-12-11,0.23,0.18683359
12,3,2001,2001-12-19,0.2,0.24827021
12,3,2001,2001-12-27,0.22,0.19074568
12,3,2002,2002-07-04,0.16,0.16540408
12,3,2002,2002-07-12,0.17,0.15785211
12,3,2002,2002-07-20,0.17,0.1499936
12,3,2002,2002-07-28,0.15,0.16837595
12,3,2002,2002-08-05,0.15,0.1555496
12,3,2002,2002-08-13,0.17,0.15054573
12,3,2002,2002-08-21,0.17,0.17542346
12,3,2002,2002-08-29,0.16,0.19038375
12,3,2002,2002-09-06,0.2,0.18013856
12,3,2002,2002-09-14,0.22,0.20950675
12,3,2002,2002-09-22,0.31,0.24555053
12,3,2002,2002-09-30,0.29,0.2910563
12,3,2002,2002-10-08,0.19,0.2513975
12,3,2002,2002-10-16,0.16,0.14313306
12,3,2002,2002-10-24,0.19,0.14027226
12,3,2002,2002-11-01,0.17,0.16848044
12,3,2002,2002-11-09,0.15,0.17137991
12,3,2002,2002-11-17,0.16,0.15505554
12,3,2002,2002-11-25,0.16,0.1623386
12,3,2002,2002-12-03,0.16,0.1684708
12,3,2002,2002-12-11,0.21,0.17317943
12,3,2002,2002-12-19,0.26,0.23259112
12,3,2002,2002-12-27,0.15,0.26923764
12,3,2003,2003-07-04,0.17,0.12512602
12,3,2003,2003-07-12,0.15,0.14856619
12,3,2003,2003-07-20,0.16,0.15849344
12,3,2003,2003-07-28,0.16,0.16696918
12,3,2003,2003-08-05,0.12,0.16534667
12,3,2003,2003-08-13,0.19,0.13174465
12,3,2003,2003-08-21,0.21,0.19589181
12,3,2003,2003-08-29,0.19,0.23006994
12,3,2003,2003-09-06,0.22,0.18871643
12,3,2003,2003-09-14,0.18,0.21054262
12,3,2003,2003-09-22,0.2,0.1885461
12,3,2003,2003-09-30,0.17,0.2164116
12,3,2003,2003-10-08,0.2,0.19385858
12,3,2003,2003-10-16,0.12,0.17831406
12,3,2003,2003-10-24,0.12,0.11951603
12,3,2003,2003-11-01,0.13,0.12593524
12,3,2003,2003-11-09,0.14,0.14953423
12,3,2003,2003-11-17,0.15,0.1580588
12,3,2003,2003-11-25,0.18,0.16793376
12,3,2003,2003-12-03,0.22,0.1929091
12,3,2003,2003-12-11,0.36,0.22687018
12,3,2003,2003-12-19,0.16,0.37090313
12,3,2003,2003-12-27,0.14,0.20814396
12,3,2004,2004-07-03,0.15,0.14081386
12,3,2004,2004-07-11,0.16,0.16112058
12,3,2004,2004-07-19,0.14,0.16572133
12,3,2004,2004-07-27,0.11,0.15290573
12,3,2004,2004-08-04,0.15,0.12635186
12,3,2004,2004-08-12,0.16,0.15057296
12,3,2004,2004-08-20,0.32,0.19111128
12,3,2004,2004-08-28,0.32,0.34968206
12,3,2004,2004-09-05,0.3,0.32786024
12,3,2004,2004-09-13,0.25,0.23512653
12,3,2004,2004-09-21,0.2,0.21288165
12,3,2004,2004-09-29,0.16,0.17655349
12,3,2004,2004-10-07,0.18,0.14381702
12,3,2004,2004-10-15,0.18,0.1755788
12,3,2004,2004-10-23,0.17,0.1685762
12,3,2004,2004-10-31,0.18,0.15563123
12,3,2004,2004-11-08,0.18,0.17071182
12,3,2004,2004-11-16,0.19,0.17810701
12,3,2004,2004-11-24,0.27,0.18609475
12,3,2004,2004-12-02,0.28,0.2680539
12,3,2004,2004-12-10,0.28,0.28300118
12,3,2004,2004-12-18,0.18,0.27656406
12,3,2004,2004-12-26,0.17,0.15281664
12,3,2005,2005-07-04,0.14,0.17575443
12,3,2005,2005-07-12,0.17,0.13140112
12,3,2005,2005-07-20,0.17,0.16269141
12,3,2005,2005-07-28,0.15,0.174424
12,3,2005,2005-08-05,0.14,0.14462715
12,3,2005,2005-08-13,0.14,0.14512654
12,3,2005,2005-08-21,0.15,0.1546393
12,3,2005,2005-08-29,0.24,0.21401541
12,3,2005,2005-09-06,0.39,0.29673338
12,3,2005,2005-09-14,0.38,0.42285225
12,3,2005,2005-09-22,0.15,0.33546695
12,3,2005,2005-09-30,0.19,0.14091735
12,3,2005,2005-10-08,0.18,0.16727419
12,3,2005,2005-10-16,0.15,0.17535686
12,3,2005,2005-10-24,0.14,0.15555423
12,3,2005,2005-11-01,0.19,0.14286554
12,3,2005,2005-11-09,0.16,0.1981033
12,3,2005,2005-11-17,0.17,0.18108176
12,3,2005,2005-11-25,0.21,0.1738464
12,3,2005,2005-12-03,0.21,0.2406064
12,3,2005,2005-12-11,0.32,0.2399059
12,3,2005,2005-12-19,0.3,0.31732833
12,3,2005,2005-12-27,0.16,0.26172227
12,3,2006,2006-07-04,0.18,0.16809368
12,3,2006,2006-07-12,0.18,0.14106797
12,3,2006,2006-07-20,0.17,0.16882394
12,3,2006,2006-07-28,0.17,0.17063957
12,3,2006,2006-08-05,0.2,0.16426288
12,3,2006,2006-08-13,0.24,0.19038755
12,3,2006,2006-08-21,0.2,0.23040724
12,3,2006,2006-08-29,0.28,0.189174
12,3,2006,2006-09-06,0.19,0.26929158
12,3,2006,2006-09-14,0.17,0.2400873
12,3,2006,2006-09-22,0.18,0.17658328
12,3,2006,2006-09-30,0.17,0.145015
12,3,2006,2006-10-08,0.15,0.15923932
12,3,2006,2006-10-16,0.17,0.15400541
12,3,2006,2006-10-24,0.15,0.16511652
12,3,2006,2006-11-01,0.17,0.15366714
12,3,2006,2006-11-09,0.18,0.18218237
12,3,2006,2006-11-17,0.18,0.1882406
12,3,2006,2006-11-25,0.21,0.18344162
12,3,2006,2006-12-03,0.22,0.21809104
12,3,2006,2006-12-11,0.32,0.22533135
12,3,2006,2006-12-19,0.27,0.3390434
12,3,2006,2006-12-27,0.17,0.27094978
12,3,2007,2007-07-04,0.17,0.13781811
12,3,2007,2007-07-12,0.17,0.17543888
12,3,2007,2007-07-20,0.11,0.18485825
12,3,2007,2007-07-28,0.15,0.12747365
12,3,2007,2007-08-05,0.14,0.15483078
12,3,2007,2007-08-13,0.18,0.17244169
12,3,2007,2007-08-21,0.24,0.21475445
12,3,2007,2007-08-29,0.29,0.25630966
12,3,2007,2007-09-06,0.34,0.31061855
12,3,2007,2007-09-14,0.23,0.295084
12,3,2007,2007-09-22,0.15,0.1808949
12,3,2007,2007-09-30,0.14,0.12884375
12,3,2007,2007-10-08,0.16,0.13689134
12,3,2007,2007-10-16,0.16,0.16048859
12,3,2007,2007-10-24,0.13,0.175465
12,3,2007,2007-11-01,0.16,0.14195481
12,3,2007,2007-11-09,0.14,0.1684277
12,3,2007,2007-11-17,0.17,0.16459508
12,3,2007,2007-11-25,0.18,0.18258408
12,3,2007,2007-12-03,0.25,0.20403816
12,3,2007,2007-12-11,0.2,0.26372206
12,3,2007,2007-12-19,0.18,0.23676799
12,3,2007,2007-12-27,0.14,0.17185073
12,3,2008,2008-07-03,0.14,0.13802783
12,3,2008,2008-07-11,0.12,0.1554009
12,3,2008,2008-07-19,0.13,0.14331815
12,3,2008,2008-07-27,0.17,0.13280056
12,3,2008,2008-08-04,0.19,0.18368399
12,3,2008,2008-08-12,0.3,0.20388749
12,3,2008,2008-08-20,0.31,0.30769026
12,3,2008,2008-08-28,0.23,0.31973484
12,3,2008,2008-09-05,0.18,0.20797071
12,3,2008,2008-09-13,0.14,0.18289512
12,3,2008,2008-09-21,0.14,0.13744278
12,3,2008,2008-09-29,0.17,0.12275416
12,3,2008,2008-10-07,0.15,0.16552244
12,3,2008,2008-10-15,0.18,0.16571032
12,3,2008,2008-10-23,0.16,0.1838226
12,3,2008,2008-10-31,0.16,0.16253148
12,3,2008,2008-11-08,0.15,0.1616266
12,3,2008,2008-11-16,0.23,0.15332119
12,3,2008,2008-11-24,0.31,0.23367643
12,3,2008,2008-12-02,0.32,0.32336748
12,3,2008,2008-12-10,0.21,0.30716646
12,3,2008,2008-12-18,0.24,0.17596245
12,3,2008,2008-12-26,0.17,0.1942767
12,3,2009,2009-07-04,0.15,0.14855772
12,3,2009,2009-07-12,0.16,0.15151876
12,3,2009,2009-07-20,0.16,0.15652116
12,3,2009,2009-07-28,0.15,0.16304383
12,3,2009,2009-08-05,0.17,0.16525613
12,3,2009,2009-08-13,0.18,0.18638383
12,3,2009,2009-08-21,0.18,0.2295244
12,3,2009,2009-08-29,0.28,0.22145385
12,3,2009,2009-09-06,0.3,0.2733649
12,3,2009,2009-09-14,0.24,0.27420408
12,3,2009,2009-09-22,0.18,0.18049173
12,3,2009,2009-09-30,0.16,0.14172383
12,3,2009,2009-10-08,0.16,0.1492614
12,3,2009,2009-10-16,0.18,0.15530649
12,3,2009,2009-10-24,0.16,0.18810888
12,3,2009,2009-11-01,0.14,0.16869456
12,3,2009,2009-11-09,0.15,0.14299385
12,3,2009,2009-11-17,0.31,0.15295835
12,3,2009,2009-11-25,0.19,0.340368
12,3,2009,2009-12-03,0.22,0.25984216
12,3,2009,2009-12-11,0.3,0.19613011
12,3,2009,2009-12-19,0.34,0.27613556
12,3,2009,2009-12-27,0.14,0.30932918
12,3,2010,2010-07-04,0.23,0.23075867
12,3,2010,2010-07-12,0.17,0.16920972
12,3,2010,2010-07-20,0.15,0.1500259
12,3,2010,2010-07-28,0.11,0.13615127
12,3,2010,2010-08-05,0.15,0.117311984
12,3,2010,2010-08-13,0.16,0.16223164
12,3,2010,2010-08-21,0.13,0.18741697
12,3,2010,2010-08-29,0.13,0.15583885
12,3,2010,2010-09-06,0.17,0.17405236
12,3,2010,2010-09-14,0.27,0.22179613
12,3,2010,2010-09-22,0.29,0.29722902
12,3,2010,2010-09-30,0.28,0.27707535
12,3,2010,2010-10-08,0.35,0.21826364
12,3,2010,2010-10-16,0.18,0.29293597
12,3,2010,2010-10-24,0.16,0.1692312
12,3,2010,2010-11-01,0.13,0.12105824
12,3,2010,2010-11-09,0.15,0.12860781
12,3,2010,2010-11-17,0.14,0.15322259
12,3,2010,2010-11-25,0.14,0.20381261
12,3,2010,2010-12-03,0.12,0.16539593
12,3,2010,2010-12-11,0.18,0.14646986
12,3,2010,2010-12-19,0.18,0.22806495
12,3,2010,2010-12-27,0.18,0.24839322
12,3,2011,2011-07-04,0.14,0.14863494
12,3,2011,2011-07-12,0.15,0.16358566
12,3,2011,2011-07-20,0.15,0.16477004
12,3,2011,2011-07-28,0.13,0.15870197
12,3,2011,2011-08-05,0.14,0.130135
12,3,2011,2011-08-13,0.32,0.15047629
12,3,2011,2011-08-21,0.28,0.33392298
12,3,2011,2011-08-29,0.27,0.29469067
12,3,2011,2011-09-06,0.23,0.19402531
12,3,2011,2011-09-14,0.16,0.20176691
12,3,2011,2011-09-22,0.26,0.16321419
12,3,2011,2011-09-30,0.15,0.26373085
12,3,2011,2011-10-08,0.17,0.18495189
12,3,2011,2011-10-16,0.14,0.17880538
12,3,2011,2011-10-24,0.16,0.13801229
12,3,2011,2011-11-01,0.16,0.14813751
12,3,2011,2011-11-09,0.16,0.15762961
12,3,2011,2011-11-17,0.16,0.16546571
12,3,2011,2011-11-25,0.19,0.16315395
12,3,2011,2011-12-03,0.32,0.18832694
12,3,2011,2011-12-11,0.23,0.3089606
12,3,2011,2011-12-19,0.15,0.2366989
12,3,2011,2011-12-27,0.14,0.11903989
12,3,2012,2012-07-03,0.15,0.14773788
12,3,2012,2012-07-11,0.13,0.15778008
12,3,2012,2012-07-19,0.11,0.14575009
12,3,2012,2012-07-27,0.15,0.12749222
12,3,2012,2012-08-04,0.17,0.15739673
12,3,2012,2012-08-12,0.15,0.18639459
12,3,2012,2012-08-20,0.28,0.21687515
12,3,2012,2012-08-28,0.29,0.31266952
12,3,2012,2012-09-05,0.43,0.30720237
12,3,2012,2012-09-13,0.19,0.3723678
12,3,2012,2012-09-21,0.19,0.19934069
12,3,2012,2012-09-29,0.14,0.16403776
12,3,2012,2012-10-07,0.14,0.12694767
12,3,2012,2012-10-15,0.17,0.13481048
12,3,2012,2012-10-23,0.14,0.17090088
12,3,2012,2012-10-31,0.15,0.1582723
12,3,2012,2012-11-08,0.15,0.15730944
12,3,2012,2012-11-16,0.16,0.16316494
12,3,2012,2012-11-24,0.15,0.17103481
12,3,2012,2012-12-02,0.26,0.17079043
12,3,2012,2012-12-10,0.37,0.31254056
12,3,2012,2012-12-18,0.36,0.38987094
12,3,2012,2012-12-26,0.2,0.2862569
12,4,2001,2001-07-04,0.43,0.38169593
12,4,2001,2001-07-12,0.34,0.43020344
12,4,2001,2001-07-20,0.39,0.30490014
12,4,2001,2001-07-28,0.36,0.37183172
12,4,2001,2001-08-05,0.34,0.3683352
12,4,2001,2001-08-13,0.3,0.34434524
12,4,2001,2001-08-21,0.34,0.3051849
12,4,2001,2001-08-29,0.32,0.32319406
12,4,2001,2001-09-06,0.36,0.31523755
12,4,2001,2001-09-14,0.34,0.33308238
12,4,2001,2001-09-22,0.34,0.32946992
12,4,2001,2001-09-30,0.33,0.32246935
12,4,2001,2001-10-08,0.27,0.32135284
12,4,2001,2001-10-16,0.39,0.25870773
12,4,2001,2001-10-24,0.27,0.3717533
12,4,2001,2001-11-01,0.24,0.2693022
12,4,2001,2001-11-09,0.27,0.20231795
12,4,2001,2001-11-17,0.26,0.26048368
12,4,2001,2001-11-25,0.39,0.25322625
12,4,2001,2001-12-03,0.41,0.3623581
12,4,2001,2001-12-11,0.41,0.41394225
12,4,2001,2001-12-19,0.34,0.3920466
12,4,2001,2001-12-27,0.34,0.3325957
12,4,2002,2002-07-04,0.42,0.5209483
12,4,2002,2002-07-12,0.53,0.45520484
12,4,2002,2002-07-20,0.41,0.4929422
12,4,2002,2002-07-28,0.42,0.4454886
12,4,2002,2002-08-05,0.45,0.4182432
12,4,2002,2002-08-13,0.47,0.43588558
12,4,2002,2002-08-21,0.47,0.46877223
12,4,2002,2002-08-29,0.41,0.4777454
12,4,2002,2002-09-06,0.44,0.4280439
12,4,2002,2002-09-14,0.35,0.43783808
12,4,2002,2002-09-22,0.43,0.37954998
12,4,2002,2002-09-30,0.45,0.41595283
12,4,2002,2002-10-08,0.46,0.4611143
12,4,2002,2002-10-16,0.36,0.44111252
12,4,2002,2002-10-24,0.35,0.39664784
12,4,2002,2002-11-01,0.33,0.34247375
12,4,2002,2002-11-09,0.33,0.310113
12,4,2002,2002-11-17,0.34,0.32403046
12,4,2002,2002-11-25,0.37,0.32899484
12,4,2002,2002-12-03,0.36,0.38297233
12,4,2002,2002-12-11,0.43,0.3796942
12,4,2002,2002-12-19,0.43,0.43437427
12,4,2002,2002-12-27,0.39,0.44343176
12,4,2003,2003-07-04,0.47,0.40501752
12,4,2003,2003-07-12,0.44,0.4626111
12,4,2003,2003-07-20,0.4,0.4949066
12,4,2003,2003-07-28,0.47,0.43050468
12,4,2003,2003-08-05,0.4,0.4562629
12,4,2003,2003-08-13,0.39,0.4460408
12,4,2003,2003-08-21,0.44,0.42061904
12,4,2003,2003-08-29,0.38,0.45589793
12,4,2003,2003-09-06,0.41,0.4174423
12,4,2003,2003-09-14,0.38,0.42117435
12,4,2003,2003-09-22,0.43,0.39372742
12,4,2003,2003-09-30,0.33,0.44202578
12,4,2003,2003-10-08,0.4,0.39190453
12,4,2003,2003-10-16,0.36,0.41440487
12,4,2003,2003-10-24,0.34,0.3803763
12,4,2003,2003-11-01,0.33,0.33793157
12,4,2003,2003-11-09,0.28,0.33243144
12,4,2003,2003-11-17,0.31,0.29301894
12,4,2003,2003-11-25,0.34,0.31326073
12,4,2003,2003-12-03,0.32,0.35531095
12,4,2003,2003-12-11,0.51,0.3105651
12,4,2003,2003-12-19,0.4,0.5172534
12,4,2003,2003-12-27,0.36,0.4395041
12,4,2004,2004-07-03,0.49,0.48461062
12,4,2004,2004-07-11,0.49,0.510841
12,4,2004,2004-07-19,0.47,0.5132542
12,4,2004,2004-07-27,0.53,0.478847
12,4,2004,2004-08-04,0.44,0.5293416
12,4,2004,2004-08-12,0.43,0.4784133
12,4,2004,2004-08-20,0.47,0.42698064
12,4,2004,2004-08-28,0.47,0.46324304
12,4,2004,2004-09-05,0.56,0.49132067
12,4,2004,2004-09-13,0.56,0.55378497
12,4,2004,2004-09-21,0.58,0.57197833
12,4,2004,2004-09-29,0.57,0.5786252
12,4,2004,2004-10-07,0.55,0.5562128
12,4,2004,2004-10-15,0.51,0.540292
12,4,2004,2004-10-23,0.48,0.5080644
12,4,2004,2004-10-31,0.5,0.46909082
12,4,2004,2004-11-08,0.49,0.4778501
12,4,2004,2004-11-16,0.41,0.47933477
12,4,2004,2004-11-24,0.51,0.41959327
12,4,2004,2004-12-02,0.48,0.48396617
12,4,2004,2004-12-10,0.54,0.49745482
12,4,2004,2004-12-18,0.51,0.56112707
12,4,2004,2004-12-26,0.49,0.5415298
12,4,2005,2005-07-04,0.48,0.51326305
12,4,2005,2005-07-12,0.51,0.5041242
12,4,2005,2005-07-20,0.5,0.51148915
12,4,2005,2005-07-28,0.49,0.51617056
12,4,2005,2005-08-05,0.47,0.51872605
12,4,2005,2005-08-13,0.46,0.4865861
12,4,2005,2005-08-21,0.43,0.4622444
12,4,2005,2005-08-29,0.55,0.4513533
12,4,2005,2005-09-06,0.57,0.5466927
12,4,2005,2005-09-14,0.59,0.6114337
12,4,2005,2005-09-22,0.49,0.61577344
12,4,2005,2005-09-30,0.49,0.53502816
12,4,2005,2005-10-08,0.52,0.49787867
12,4,2005,2005-10-16,0.41,0.5181997
12,4,2005,2005-10-24,0.35,0.4569048
12,4,2005,2005-11-01,0.43,0.36222583
12,4,2005,2005-11-09,0.47,0.40416753
12,4,2005,2005-11-17,0.44,0.50901604
12,4,2005,2005-11-25,0.39,0.46222624
12,4,2005,2005-12-03,0.45,0.4274334
12,4,2005,2005-12-11,0.51,0.46189776
12,4,2005,2005-12-19,0.44,0.5469811
12,4,2005,2005-12-27,0.43,0.4985962
12,4,2006,2006-07-04,0.53,0.54628146
12,4,2006,2006-07-12,0.54,0.5360239
12,4,2006,2006-07-20,0.51,0.54433954
12,4,2006,2006-07-28,0.46,0.5310781
12,4,2006,2006-08-05,0.54,0.48195454
12,4,2006,2006-08-13,0.52,0.52051115
12,4,2006,2006-08-21,0.53,0.54110134
12,4,2006,2006-08-29,0.47,0.53389734
12,4,2006,2006-09-06,0.47,0.50782084
12,4,2006,2006-09-14,0.48,0.50680655
12,4,2006,2006-09-22,0.51,0.51605487
12,4,2006,2006-09-30,0.51,0.5253288
12,4,2006,2006-10-08,0.49,0.5229081
12,4,2006,2006-10-16,0.44,0.51658285
12,4,2006,2006-10-24,0.45,0.45397696
12,4,2006,2006-11-01,0.51,0.4234961
12,4,2006,2006-11-09,0.5,0.49994108
12,4,2006,2006-11-17,0.49,0.54272264
12,4,2006,2006-11-25,0.47,0.5114856
12,4,2006,2006-12-03,0.54,0.4731874
12,4,2006,2006-12-11,0.51,0.53030443
12,4,2006,2006-12-19,0.57,0.55433995
12,4,2006,2006-12-27,0.51,0.5690918
12,4,2007,2007-07-04,0.5,0.44282132
12,4,2007,2007-07-12,0.5,0.47535166
12,4,2007,2007-07-20,0.44,0.5347177
12,4,2007,2007-07-28,0.42,0.4836007
12,4,2007,2007-08-05,0.38,0.42634127
12,4,2007,2007-08-13,0.44,0.40745568
12,4,2007,2007-08-21,0.46,0.46394166
12,4,2007,2007-08-29,0.48,0.5049361
12,4,2007,2007-09-06,0.5,0.50827885
12,4,2007,2007-09-14,0.48,0.51610905
12,4,2007,2007-09-22,0.43,0.50870675
12,4,2007,2007-09-30,0.47,0.4685358
12,4,2007,2007-10-08,0.48,0.48281685
12,4,2007,2007-10-16,0.49,0.5066278
12,4,2007,2007-10-24,0.43,0.5058065
12,4,2007,2007-11-01,0.47,0.45716864
12,4,2007,2007-11-09,0.33,0.48306963
12,4,2007,2007-11-17,0.4,0.39866346
12,4,2007,2007-11-25,0.47,0.4014751
12,4,2007,2007-12-03,0.47,0.47982788
12,4,2007,2007-12-11,0.44,0.5186158
12,4,2007,2007-12-19,0.43,0.48753792
12,4,2007,2007-12-27,0.44,0.46857995
12,4,2008,2008-07-03,0.46,0.4416708
12,4,2008,2008-07-11,0.39,0.4653834
12,4,2008,2008-07-19,0.43,0.44472048
12,4,2008,2008-07-27,0.41,0.43426144
12,4,2008,2008-08-04,0.47,0.42585903
12,4,2008,2008-08-12,0.5,0.46966964
12,4,2008,2008-08-20,0.48,0.5234785
12,4,2008,2008-08-28,0.49,0.5184883
12,4,2008,2008-09-05,0.38,0.51387894
12,4,2008,2008-09-13,0.38,0.4337951
12,4,2008,2008-09-21,0.4,0.39189196
12,4,2008,2008-09-29,0.47,0.39880332
12,4,2008,2008-10-07,0.4,0.4922221
12,4,2008,2008-10-15,0.48,0.45920712
12,4,2008,2008-10-23,0.4,0.49413955
12,4,2008,2008-10-31,0.4,0.44145915
12,4,2008,2008-11-08,0.37,0.41802138
12,4,2008,2008-11-16,0.43,0.3661186
12,4,2008,2008-11-24,0.43,0.42690212
12,4,2008,2008-12-02,0.47,0.47989005
12,4,2008,2008-12-10,0.47,0.49868917
12,4,2008,2008-12-18,0.51,0.49850285
12,4,2008,2008-12-26,0.49,0.51824635
12,4,2009,2009-07-04,0.45,0.4861668
12,4,2009,2009-07-12,0.5,0.47061116
12,4,2009,2009-07-20,0.52,0.4904197
12,4,2009,2009-07-28,0.36,0.5269961
12,4,2009,2009-08-05,0.45,0.4151421
12,4,2009,2009-08-13,0.45,0.43537498
12,4,2009,2009-08-21,0.45,0.4850668
12,4,2009,2009-08-29,0.51,0.4805147
12,4,2009,2009-09-06,0.46,0.52457774
12,4,2009,2009-09-14,0.45,0.4829842
12,4,2009,2009-09-22,0.48,0.44494534
12,4,2009,2009-09-30,0.49,0.47280777
12,4,2009,2009-10-08,0.44,0.5223466
12,4,2009,2009-10-16,0.46,0.47008187
12,4,2009,2009-10-24,0.45,0.4724485
12,4,2009,2009-11-01,0.38,0.4674148
12,4,2009,2009-11-09,0.37,0.40271094
12,4,2009,2009-11-17,0.41,0.36712742
12,4,2009,2009-11-25,0.44,0.42162025
12,4,2009,2009-12-03,0.5,0.474532
12,4,2009,2009-12-11,0.48,0.5270254
12,4,2009,2009-12-19,0.49,0.5218457
12,4,2009,2009-12-27,0.44,0.51858366
12,4,2010,2010-07-04,0.44,0.5200118
12,4,2010,2010-07-12,0.45,0.4644562
12,4,2010,2010-07-20,0.49,0.4538331
12,4,2010,2010-07-28,0.38,0.5143976
12,4,2010,2010-08-05,0.47,0.41260585
12,4,2010,2010-08-13,0.44,0.4463715
12,4,2010,2010-08-21,0.37,0.47466856
12,4,2010,2010-08-29,0.4,0.40189123
12,4,2010,2010-09-06,0.46,0.4171118
12,4,2010,2010-09-14,0.41,0.48428088
12,4,2010,2010-09-22,0.5,0.4485438
12,4,2010,2010-09-30,0.49,0.5079605
12,4,2010,2010-10-08,0.58,0.532629
12,4,2010,2010-10-16,0.42,0.57729155
12,4,2010,2010-10-24,0.41,0.47407076
12,4,2010,2010-11-01,0.35,0.41196215
12,4,2010,2010-11-09,0.37,0.3391235
12,4,2010,2010-11-17,0.38,0.36371842
12,4,2010,2010-11-25,0.39,0.40175223
12,4,2010,2010-12-03,0.31,0.4229505
12,4,2010,2010-12-11,0.4,0.36909276
12,4,2010,2010-12-19,0.36,0.42013356
12,4,2010,2010-12-27,0.27,0.41374972
12,4,2011,2011-07-04,0.44,0.3966844
12,4,2011,2011-07-12,0.38,0.41259018
12,4,2011,2011-07-20,0.37,0.42116722
12,4,2011,2011-07-28,0.4,0.40564936
12,4,2011,2011-08-05,0.42,0.4046682
12,4,2011,2011-08-13,0.51,0.45026147
12,4,2011,2011-08-21,0.48,0.5342409
12,4,2011,2011-08-29,0.46,0.49784654
12,4,2011,2011-09-06,0.43,0.46919283
12,4,2011,2011-09-14,0.47,0.45495707
12,4,2011,2011-09-22,0.45,0.47863504
12,4,2011,2011-09-30,0.44,0.48978597
12,4,2011,2011-10-08,0.44,0.48063737
12,4,2011,2011-10-16,0.37,0.4864958
12,4,2011,2011-10-24,0.44,0.4058361
12,4,2011,2011-11-01,0.34,0.41719735
12,4,2011,2011-11-09,0.42,0.36158335
12,4,2011,2011-11-17,0.4,0.40761217
12,4,2011,2011-11-25,0.4,0.42655462
12,4,2011,2011-12-03,0.52,0.40833467
12,4,2011,2011-12-11,0.42,0.50193155
12,4,2011,2011-12-19,0.4,0.4620666
12,4,2011,2011-12-27,0.37,0.4100629
12,4,2012,2012-07-03,0.46,0.44954515
12,4,2012,2012-07-11,0.4,0.47571754
12,4,2012,2012-07-19,0.44,0.43785197
12,4,2012,2012-07-27,0.39,0.43494362
12,4,2012,2012-08-04,0.37,0.41789326
12,4,2012,2012-08-12,0.41,0.39728737
12,4,2012,2012-08-20,0.44,0.4458887
12,4,2012,2012-08-28,0.41,0.485242
12,4,2012,2012-09-05,0.57,0.44475856
12,4,2012,2012-09-13,0.45,0.55123526
12,4,2012,2012-09-21,0.34,0.5100196
12,4,2012,2012-09-29,0.45,0.3749915
12,4,2012,2012-10-07,0.45,0.40254685
12,4,2012,2012-10-15,0.37,0.4815626
12,4,2012,2012-10-23,0.37,0.38590893
12,4,2012,2012-10-31,0.41,0.37864208
12,4,2012,2012-11-08,0.34,0.40595922
12,4,2012,2012-11-16,0.35,0.37405965
12,4,2012,2012-11-24,0.33,0.3699135
12,4,2012,2012-12-02,0.44,0.35557616
12,4,2012,2012-12-10,0.5,0.47796863
12,4,2012,2012-12-18,0.48,0.52562976
12,4,2012,2012-12-26,0.45,0.47644156
