x_coord,y_coord,year,date_time,actual,predicted
0,3,2001,2001-07-04,0.45,0.36493063
0,3,2001,2001-07-12,0.32,0.42699274
0,3,2001,2001-07-20,0.15,0.3930809
0,3,2001,2001-07-28,0.2,0.24043116
0,3,2001,2001-08-05,0.25,0.20550798
0,3,2001,2001-08-13,0.31,0.23038691
0,3,2001,2001-08-21,0.41,0.30622503
0,3,2001,2001-08-29,0.45,0.3938312
0,3,2001,2001-09-06,0.57,0.49028224
0,3,2001,2001-09-14,0.78,0.57068
0,3,2001,2001-09-22,0.77,0.7365995
0,3,2001,2001-09-30,0.73,0.7681192
0,3,2001,2001-10-08,0.73,0.74336696
0,3,2001,2001-10-16,0.81,0.71187115
0,3,2001,2001-10-24,0.8,0.77352214
0,3,2001,2001-11-01,0.75,0.7742733
0,3,2001,2001-11-09,0.7,0.734319
0,3,2001,2001-11-17,0.63,0.65122783
0,3,2001,2001-11-25,0.5,0.58512646
0,3,2001,2001-12-03,0.36,0.4604733
0,3,2001,2001-12-11,0.3,0.32071194
0,3,2001,2001-12-19,0.2,0.2513597
0,3,2001,2001-12-27,0.17,0.19885448
0,3,2002,2002-07-04,0.24,0.2143412
0,3,2002,2002-07-12,0.23,0.29273248
0,3,2002,2002-07-20,0.2,0.266625
0,3,2002,2002-07-28,0.15,0.18704234
0,3,2002,2002-08-05,0.33,0.15270746
0,3,2002,2002-08-13,0.46,0.2945447
0,3,2002,2002-08-21,0.46,0.44273832
0,3,2002,2002-08-29,0.58,0.4846076
0,3,2002,2002-09-06,0.66,0.5547581
0,3,2002,2002-09-14,0.78,0.6384058
0,3,2002,2002-09-22,0.76,0.7714907
0,3,2002,2002-09-30,0.76,0.7504907
0,3,2002,2002-10-08,0.84,0.71991336
0,3,2002,2002-10-16,0.78,0.78001595
0,3,2002,2002-10-24,0.71,0.751252
0,3,2002,2002-11-01,0.64,0.6692411
0,3,2002,2002-11-09,0.58,0.5545008
0,3,2002,2002-11-17,0.45,0.48022297
0,3,2002,2002-11-25,0.45,0.3578264
0,3,2002,2002-12-03,0.39,0.3325532
0,3,2002,2002-12-11,0.18,0.28957078
0,3,2002,2002-12-19,0.25,0.16541871
0,3,2002,2002-12-27,0.21,0.17511685
0,3,2003,2003-07-04,0.19,0.20452213
0,3,2003,2003-07-12,0.35,0.22695142
0,3,2003,2003-07-20,0.52,0.33220363
0,3,2003,2003-07-28,0.55,0.4685778
0,3,2003,2003-08-05,0.52,0.5078012
0,3,2003,2003-08-13,0.32,0.51065874
0,3,2003,2003-08-21,0.26,0.36978352
0,3,2003,2003-08-29,0.28,0.26596087
0,3,2003,2003-09-06,0.23,0.28299555
0,3,2003,2003-09-14,0.32,0.29256347
0,3,2003,2003-09-22,0.31,0.37469196
0,3,2003,2003-09-30,0.4,0.36560273
0,3,2003,2003-10-08,0.46,0.42229167
0,3,2003,2003-10-16,0.5,0.48624352
0,3,2003,2003-10-24,0.66,0.513349
0,3,2003,2003-11-01,0.47,0.62378645
0,3,2003,2003-11-09,0.37,0.46845385
0,3,2003,2003-11-17,0.28,0.31912202
0,3,2003,2003-11-25,0.33,0.1952902
0,3,2003,2003-12-03,0.27,0.2714758
0,3,2003,2003-12-11,0.28,0.26104274
0,3,2003,2003-12-19,0.17,0.23575522
0,3,2003,2003-12-27,0.25,0.17639302
0,3,2004,2004-07-03,0.21,0.20807123
0,3,2004,2004-07-11,0.17,0.20895064
0,3,2004,2004-07-19,0.29,0.22468688
0,3,2004,2004-07-27,0.35,0.3359632
0,3,2004,2004-08-04,0.29,0.39866507
0,3,2004,2004-08-12,0.33,0.34421876
0,3,2004,2004-08-20,0.21,0.28468874
0,3,2004,2004-08-28,0.42,0.19344527
0,3,2004,2004-09-05,0.25,0.34707344
0,3,2004,2004-09-13,0.44,0.27340442
0,3,2004,2004-09-21,0.57,0.4025364
0,3,2004,2004-09-29,0.74,0.50784457
0,3,2004,2004-10-07,0.66,0.6841871
0,3,2004,2004-10-15,0.55,0.64895904
0,3,2004,2004-10-23,0.5,0.5369473
0,3,2004,2004-10-31,0.43,0.47046047
0,3,2004,2004-11-08,0.32,0.36780584
0,3,2004,2004-11-16,0.3,0.25644872
0,3,2004,2004-11-24,0.28,0.218524
0,3,2004,2004-12-02,0.3,0.24882102
0,3,2004,2004-12-10,0.27,0.2773555
0,3,2004,2004-12-18,0.26,0.2684973
0,3,2004,2004-12-26,0.24,0.23721322
0,3,2005,2005-07-04,0.33,0.29496932
0,3,2005,2005-07-12,0.32,0.30849883
0,3,2005,2005-07-20,0.35,0.31055498
0,3,2005,2005-07-28,0.48,0.33999947
0,3,2005,2005-08-05,0.35,0.45343244
0,3,2005,2005-08-13,0.24,0.37777793
0,3,2005,2005-08-21,0.27,0.25907844
0,3,2005,2005-08-29,0.27,0.21803646
0,3,2005,2005-09-06,0.31,0.286335
0,3,2005,2005-09-14,0.47,0.30208385
0,3,2005,2005-09-22,0.6,0.45439273
0,3,2005,2005-09-30,0.59,0.59401685
0,3,2005,2005-10-08,0.69,0.6325483
0,3,2005,2005-10-16,0.75,0.6650703
0,3,2005,2005-10-24,0.77,0.68433094
0,3,2005,2005-11-01,0.74,0.69737864
0,3,2005,2005-11-09,0.61,0.6579884
0,3,2005,2005-11-17,0.52,0.51781976
0,3,2005,2005-11-25,0.44,0.4146584
0,3,2005,2005-12-03,0.32,0.3519877
0,3,2005,2005-12-11,0.34,0.28825414
0,3,2005,2005-12-19,0.29,0.2892414
0,3,2005,2005-12-27,0.27,0.2719318
0,3,2006,2006-07-04,0.39,0.38277495
0,3,2006,2006-07-12,0.42,0.39982203
0,3,2006,2006-07-20,0.39,0.4101947
0,3,2006,2006-07-28,0.28,0.38433802
0,3,2006,2006-08-05,0.38,0.32863072
0,3,2006,2006-08-13,0.37,0.3434836
0,3,2006,2006-08-21,0.36,0.33290258
0,3,2006,2006-08-29,0.36,0.34110945
0,3,2006,2006-09-06,0.4,0.34008706
0,3,2006,2006-09-14,0.37,0.3819335
0,3,2006,2006-09-22,0.5,0.4005809
0,3,2006,2006-09-30,0.51,0.51129985
0,3,2006,2006-10-08,0.62,0.5285207
0,3,2006,2006-10-16,0.54,0.6185545
0,3,2006,2006-10-24,0.6,0.570652
0,3,2006,2006-11-01,0.67,0.5978453
0,3,2006,2006-11-09,0.58,0.6403096
0,3,2006,2006-11-17,0.46,0.556168
0,3,2006,2006-11-25,0.32,0.40380195
0,3,2006,2006-12-03,0.18,0.25374052
0,3,2006,2006-12-11,0.23,0.15650481
0,3,2006,2006-12-19,0.28,0.19642776
0,3,2006,2006-12-27,0.22,0.26127708
0,3,2007,2007-07-04,0.46,0.41560292
0,3,2007,2007-07-12,0.38,0.46956962
0,3,2007,2007-07-20,0.41,0.41817096
0,3,2007,2007-07-28,0.52,0.39423877
0,3,2007,2007-08-05,0.54,0.4491733
0,3,2007,2007-08-13,0.53,0.5132415
0,3,2007,2007-08-21,0.43,0.51613337
0,3,2007,2007-08-29,0.38,0.43474522
0,3,2007,2007-09-06,0.32,0.3659592
0,3,2007,2007-09-14,0.36,0.32324246
0,3,2007,2007-09-22,0.36,0.34488803
0,3,2007,2007-09-30,0.74,0.38158268
0,3,2007,2007-10-08,0.5,0.65356183
0,3,2007,2007-10-16,0.53,0.5815137
0,3,2007,2007-10-24,0.58,0.526188
0,3,2007,2007-11-01,0.58,0.5313139
0,3,2007,2007-11-09,0.62,0.5837307
0,3,2007,2007-11-17,0.69,0.59472966
0,3,2007,2007-11-25,0.55,0.620847
0,3,2007,2007-12-03,0.52,0.50585485
0,3,2007,2007-12-11,0.35,0.4262641
0,3,2007,2007-12-19,0.33,0.31566617
0,3,2007,2007-12-27,0.26,0.3109635
0,3,2008,2008-07-03,0.29,0.3629614
0,3,2008,2008-07-11,0.29,0.32275647
0,3,2008,2008-07-19,0.27,0.30173197
0,3,2008,2008-07-27,0.3,0.28680736
0,3,2008,2008-08-04,0.54,0.32505608
0,3,2008,2008-08-12,0.45,0.49077645
0,3,2008,2008-08-20,0.32,0.48390436
0,3,2008,2008-08-28,0.31,0.3598655
0,3,2008,2008-09-05,0.4,0.27594227
0,3,2008,2008-09-13,0.41,0.33483338
0,3,2008,2008-09-21,0.45,0.39116794
0,3,2008,2008-09-29,0.37,0.4273608
0,3,2008,2008-10-07,0.47,0.44413993
0,3,2008,2008-10-15,0.49,0.4529224
0,3,2008,2008-10-23,0.52,0.46802163
0,3,2008,2008-10-31,0.58,0.5014086
0,3,2008,2008-11-08,0.56,0.55006087
0,3,2008,2008-11-16,0.57,0.5519746
0,3,2008,2008-11-24,0.49,0.5627091
0,3,2008,2008-12-02,0.5,0.4768633
0,3,2008,2008-12-10,0.39,0.45248124
0,3,2008,2008-12-18,0.35,0.35079503
0,3,2008,2008-12-26,0.25,0.31597784
0,3,2009,2009-07-04,0.29,0.3361893
0,3,2009,2009-07-12,0.36,0.30721757
0,3,2009,2009-07-20,0.43,0.34851375
0,3,2009,2009-07-28,0.38,0.4036157
0,3,2009,2009-08-05,0.4,0.4048048
0,3,2009,2009-08-13,0.34,0.44207788
0,3,2009,2009-08-21,0.34,0.39663726
0,3,2009,2009-08-29,0.43,0.35146743
0,3,2009,2009-09-06,0.45,0.38537046
0,3,2009,2009-09-14,0.49,0.44930997
0,3,2009,2009-09-22,0.5,0.49323478
0,3,2009,2009-09-30,0.63,0.5075704
0,3,2009,2009-10-08,0.59,0.57471126
0,3,2009,2009-10-16,0.64,0.58914983
0,3,2009,2009-10-24,0.6,0.6225852
0,3,2009,2009-11-01,0.62,0.6033493
0,3,2009,2009-11-09,0.52,0.6179192
0,3,2009,2009-11-17,0.51,0.54601884
0,3,2009,2009-11-25,0.35,0.51633185
0,3,2009,2009-12-03,0.31,0.38563132
0,3,2009,2009-12-11,0.19,0.33286646
0,3,2009,2009-12-19,0.27,0.23595288
0,3,2009,2009-12-27,0.27,0.26718315
0,3,2010,2010-07-04,0.31,0.34765938
0,3,2010,2010-07-12,0.45,0.29888356
0,3,2010,2010-07-20,0.45,0.3948025
0,3,2010,2010-07-28,0.32,0.4588168
0,3,2010,2010-08-05,0.37,0.35499412
0,3,2010,2010-08-13,0.47,0.33429384
0,3,2010,2010-08-21,0.32,0.40940195
0,3,2010,2010-08-29,0.23,0.3443873
0,3,2010,2010-09-06,0.23,0.25564462
0,3,2010,2010-09-14,0.34,0.23421687
0,3,2010,2010-09-22,0.36,0.340632
0,3,2010,2010-09-30,0.4,0.38511923
0,3,2010,2010-10-08,0.51,0.43742454
0,3,2010,2010-10-16,0.47,0.50242454
0,3,2010,2010-10-24,0.59,0.49155477
0,3,2010,2010-11-01,0.45,0.55702925
0,3,2010,2010-11-09,0.49,0.45826703
0,3,2010,2010-11-17,0.55,0.4369256
0,3,2010,2010-11-25,0.49,0.4825387
0,3,2010,2010-12-03,0.47,0.44083816
0,3,2010,2010-12-11,0.35,0.40195578
0,3,2010,2010-12-19,0.33,0.2885205
0,3,2010,2010-12-27,0.36,0.2881446
0,3,2011,2011-07-04,0.38,0.44057485
0,3,2011,2011-07-12,0.36,0.4183524
0,3,2011,2011-07-20,0.43,0.40557465
0,3,2011,2011-07-28,0.5,0.43824744
0,3,2011,2011-08-05,0.38,0.47813225
0,3,2011,2011-08-13,0.43,0.42932293
0,3,2011,2011-08-21,0.29,0.44704282
0,3,2011,2011-08-29,0.46,0.35341042
0,3,2011,2011-09-06,0.57,0.40242934
0,3,2011,2011-09-14,0.69,0.49139005
0,3,2011,2011-09-22,0.58,0.6265002
0,3,2011,2011-09-30,0.68,0.60304904
0,3,2011,2011-10-08,0.7,0.64317703
0,3,2011,2011-10-16,0.79,0.67700475
0,3,2011,2011-10-24,0.81,0.73643005
0,3,2011,2011-11-01,0.83,0.7775754
0,3,2011,2011-11-09,0.75,0.7770846
0,3,2011,2011-11-17,0.75,0.73364556
0,3,2011,2011-11-25,0.65,0.7274883
0,3,2011,2011-12-03,0.58,0.65291077
0,3,2011,2011-12-11,0.48,0.5828004
0,3,2011,2011-12-19,0.25,0.4729475
0,3,2011,2011-12-27,0.36,0.3184206
0,3,2012,2012-07-03,0.31,0.33368066
0,3,2012,2012-07-11,0.48,0.32334492
0,3,2012,2012-07-19,0.34,0.4400537
0,3,2012,2012-07-27,0.25,0.40264204
0,3,2012,2012-08-04,0.4,0.3335554
0,3,2012,2012-08-12,0.3,0.36080334
0,3,2012,2012-08-20,0.31,0.34828377
0,3,2012,2012-08-28,0.27,0.3218601
0,3,2012,2012-09-05,0.28,0.3100512
0,3,2012,2012-09-13,0.32,0.3443915
0,3,2012,2012-09-21,0.45,0.39386317
0,3,2012,2012-09-29,0.51,0.46053687
0,3,2012,2012-10-07,0.54,0.5329757
0,3,2012,2012-10-15,0.55,0.5683595
0,3,2012,2012-10-23,0.57,0.58889186
0,3,2012,2012-10-31,0.53,0.5984949
0,3,2012,2012-11-08,0.38,0.5693433
0,3,2012,2012-11-16,0.42,0.42658347
0,3,2012,2012-11-24,0.42,0.4093033
0,3,2012,2012-12-02,0.36,0.41100347
0,3,2012,2012-12-10,0.36,0.38684043
0,3,2012,2012-12-18,0.27,0.35153893
0,3,2012,2012-12-26,0.38,0.26548815
1,3,2001,2001-07-04,0.06,0.06304142
1,3,2001,2001-07-12,0.01,0.07135835
1,3,2001,2001-07-20,0.01,0.042838216
1,3,2001,2001-07-28,0.0,0.034720182
1,3,2001,2001-08-05,0.07,0.039994836
1,3,2001,2001-08-13,0.04,0.12812544
1,3,2001,2001-08-21,0.03,0.15927619
1,3,2001,2001-08-29,0.51,0.18727076
1,3,2001,2001-09-06,0.91,0.7451074
1,3,2001,2001-09-14,0.98,0.9077499
1,3,2001,2001-09-22,0.98,0.93742526
1,3,2001,2001-09-30,0.93,0.9708278
1,3,2001,2001-10-08,0.87,0.8849621
1,3,2001,2001-10-16,0.93,0.76136637
1,3,2001,2001-10-24,0.92,0.86432457
1,3,2001,2001-11-01,0.84,0.8534113
1,3,2001,2001-11-09,0.73,0.7579303
1,3,2001,2001-11-17,0.71,0.5306974
1,3,2001,2001-11-25,0.58,0.525859
1,3,2001,2001-12-03,0.2,0.38271314
1,3,2001,2001-12-11,0.06,0.057970673
1,3,2001,2001-12-19,0.0,0.020103544
1,3,2001,2001-12-27,0.0,-0.0021531284
1,3,2002,2002-07-04,0.05,0.036300868
1,3,2002,2002-07-12,0.0,0.07626197
1,3,2002,2002-07-20,0.0,0.028194338
1,3,2002,2002-07-28,0.01,0.02268979
1,3,2002,2002-08-05,0.02,0.02407384
1,3,2002,2002-08-13,0.46,0.055172056
1,3,2002,2002-08-21,0.46,0.46330312
1,3,2002,2002-08-29,0.65,0.46895418
1,3,2002,2002-09-06,0.95,0.72561264
1,3,2002,2002-09-14,0.99,0.9473976
1,3,2002,2002-09-22,0.99,0.94508386
1,3,2002,2002-09-30,0.99,0.96829677
1,3,2002,2002-10-08,0.99,0.9430958
1,3,2002,2002-10-16,0.97,0.9191997
1,3,2002,2002-10-24,0.91,0.92278945
1,3,2002,2002-11-01,0.84,0.8385828
1,3,2002,2002-11-09,0.77,0.71680653
1,3,2002,2002-11-17,0.65,0.59009314
1,3,2002,2002-11-25,0.57,0.46897557
1,3,2002,2002-12-03,0.28,0.3742288
1,3,2002,2002-12-11,0.08,0.09538892
1,3,2002,2002-12-19,0.05,0.02856031
1,3,2002,2002-12-27,0.01,0.020192891
1,3,2003,2003-07-04,0.0,0.005979985
1,3,2003,2003-07-12,0.01,0.022506624
1,3,2003,2003-07-20,0.11,0.015459657
1,3,2003,2003-07-28,0.12,0.12017386
1,3,2003,2003-08-05,0.13,0.13092512
1,3,2003,2003-08-13,0.01,0.14591204
1,3,2003,2003-08-21,0.01,0.14447969
1,3,2003,2003-08-29,0.01,0.117835045
1,3,2003,2003-09-06,0.0,0.15021443
1,3,2003,2003-09-14,0.01,0.2138316
1,3,2003,2003-09-22,0.18,0.19814764
1,3,2003,2003-09-30,0.29,0.3343856
1,3,2003,2003-10-08,0.45,0.42638397
1,3,2003,2003-10-16,0.62,0.56404084
1,3,2003,2003-10-24,0.77,0.6918409
1,3,2003,2003-11-01,0.46,0.7987082
1,3,2003,2003-11-09,0.26,0.4050602
1,3,2003,2003-11-17,0.06,0.09276584
1,3,2003,2003-11-25,0.02,0.011457235
1,3,2003,2003-12-03,0.02,0.014918596
1,3,2003,2003-12-11,0.01,-0.0009110868
1,3,2003,2003-12-19,0.01,-0.009971619
1,3,2003,2003-12-27,0.0,0.004541725
1,3,2004,2004-07-03,0.0,0.025928497
1,3,2004,2004-07-11,0.01,0.024551868
1,3,2004,2004-07-19,0.01,0.03347519
1,3,2004,2004-07-27,0.02,0.06339452
1,3,2004,2004-08-04,0.01,0.07375422
1,3,2004,2004-08-12,0.03,0.06425187
1,3,2004,2004-08-20,0.06,0.045382112
1,3,2004,2004-08-28,0.12,0.072062284
1,3,2004,2004-09-05,0.22,0.13124412
1,3,2004,2004-09-13,0.53,0.23048566
1,3,2004,2004-09-21,0.8,0.5445839
1,3,2004,2004-09-29,0.9,0.79615617
1,3,2004,2004-10-07,0.87,0.8547168
1,3,2004,2004-10-15,0.7,0.8382102
1,3,2004,2004-10-23,0.57,0.66541034
1,3,2004,2004-10-31,0.37,0.47680265
1,3,2004,2004-11-08,0.08,0.15337649
1,3,2004,2004-11-16,0.07,0.009659439
1,3,2004,2004-11-24,0.02,0.023339212
1,3,2004,2004-12-02,0.03,-0.00035366416
1,3,2004,2004-12-10,0.02,0.040180117
1,3,2004,2004-12-18,0.01,0.03848061
1,3,2004,2004-12-26,0.01,0.035328805
1,3,2005,2005-07-04,0.0,0.021813363
1,3,2005,2005-07-12,0.03,0.019963741
1,3,2005,2005-07-20,0.01,0.04865524
1,3,2005,2005-07-28,0.02,0.034529716
1,3,2005,2005-08-05,0.03,0.046185464
1,3,2005,2005-08-13,0.01,0.04932472
1,3,2005,2005-08-21,0.03,0.038914472
1,3,2005,2005-08-29,0.33,0.06399748
1,3,2005,2005-09-06,0.49,0.3953261
1,3,2005,2005-09-14,0.72,0.5592326
1,3,2005,2005-09-22,0.84,0.80709267
1,3,2005,2005-09-30,0.86,0.87245715
1,3,2005,2005-10-08,0.9,0.86746967
1,3,2005,2005-10-16,0.92,0.87329483
1,3,2005,2005-10-24,0.89,0.8093134
1,3,2005,2005-11-01,0.86,0.7254946
1,3,2005,2005-11-09,0.67,0.6306226
1,3,2005,2005-11-17,0.46,0.35268763
1,3,2005,2005-11-25,0.3,0.20073232
1,3,2005,2005-12-03,0.04,0.123900354
1,3,2005,2005-12-11,0.03,0.0086992085
1,3,2005,2005-12-19,0.0,0.011631519
1,3,2005,2005-12-27,0.02,-0.0008735359
1,3,2006,2006-07-04,0.05,0.07276812
1,3,2006,2006-07-12,0.02,0.074899286
1,3,2006,2006-07-20,0.03,0.05668673
1,3,2006,2006-07-28,0.03,0.056198567
1,3,2006,2006-08-05,0.08,0.05838594
1,3,2006,2006-08-13,0.08,0.10856637
1,3,2006,2006-08-21,0.09,0.10645133
1,3,2006,2006-08-29,0.32,0.120972365
1,3,2006,2006-09-06,0.37,0.43498796
1,3,2006,2006-09-14,0.42,0.5090428
1,3,2006,2006-09-22,0.67,0.5617765
1,3,2006,2006-09-30,0.72,0.7648457
1,3,2006,2006-10-08,0.85,0.7744485
1,3,2006,2006-10-16,0.86,0.88040507
1,3,2006,2006-10-24,0.85,0.8636472
1,3,2006,2006-11-01,0.89,0.81672853
1,3,2006,2006-11-09,0.79,0.833967
1,3,2006,2006-11-17,0.6,0.6301267
1,3,2006,2006-11-25,0.23,0.33107764
1,3,2006,2006-12-03,0.01,0.060048163
1,3,2006,2006-12-11,0.01,0.033966005
1,3,2006,2006-12-19,0.02,0.010608226
1,3,2006,2006-12-27,0.01,0.013931066
1,3,2007,2007-07-04,0.05,0.083725244
1,3,2007,2007-07-12,0.04,0.09549521
1,3,2007,2007-07-20,0.15,0.07560423
1,3,2007,2007-07-28,0.26,0.1769666
1,3,2007,2007-08-05,0.23,0.29024947
1,3,2007,2007-08-13,0.23,0.29255342
1,3,2007,2007-08-21,0.09,0.27026567
1,3,2007,2007-08-29,0.04,0.13768204
1,3,2007,2007-09-06,0.02,0.13193682
1,3,2007,2007-09-14,0.04,0.123037905
1,3,2007,2007-09-22,0.06,0.15861437
1,3,2007,2007-09-30,0.41,0.23665363
1,3,2007,2007-10-08,0.3,0.5706505
1,3,2007,2007-10-16,0.47,0.5071345
1,3,2007,2007-10-24,0.8,0.5744472
1,3,2007,2007-11-01,0.85,0.86582494
1,3,2007,2007-11-09,0.8,0.88586545
1,3,2007,2007-11-17,0.86,0.7984972
1,3,2007,2007-11-25,0.45,0.7538768
1,3,2007,2007-12-03,0.35,0.2239116
1,3,2007,2007-12-11,0.12,0.11724311
1,3,2007,2007-12-19,0.02,0.04769191
1,3,2007,2007-12-27,0.01,0.025638193
1,3,2008,2008-07-03,0.01,0.056907564
1,3,2008,2008-07-11,0.02,0.04935637
1,3,2008,2008-07-19,0.0,0.05485186
1,3,2008,2008-07-27,0.06,0.06951487
1,3,2008,2008-08-04,0.2,0.14818846
1,3,2008,2008-08-12,0.06,0.26723295
1,3,2008,2008-08-20,0.05,0.16662739
1,3,2008,2008-08-28,0.12,0.08616483
1,3,2008,2008-09-05,0.32,0.11374205
1,3,2008,2008-09-13,0.48,0.31350845
1,3,2008,2008-09-21,0.49,0.49414292
1,3,2008,2008-09-29,0.38,0.5190629
1,3,2008,2008-10-07,0.62,0.48019582
1,3,2008,2008-10-15,0.73,0.6135807
1,3,2008,2008-10-23,0.81,0.7449755
1,3,2008,2008-10-31,0.79,0.8543011
1,3,2008,2008-11-08,0.79,0.82839465
1,3,2008,2008-11-16,0.67,0.7796291
1,3,2008,2008-11-24,0.61,0.6260425
1,3,2008,2008-12-02,0.45,0.42107812
1,3,2008,2008-12-10,0.13,0.26188052
1,3,2008,2008-12-18,0.06,0.064137936
1,3,2008,2008-12-26,0.02,0.032792717
1,3,2009,2009-07-04,0.01,0.060165673
1,3,2009,2009-07-12,0.01,0.043488234
1,3,2009,2009-07-20,0.04,0.04850331
1,3,2009,2009-07-28,0.03,0.06889412
1,3,2009,2009-08-05,0.03,0.08062285
1,3,2009,2009-08-13,0.07,0.120759174
1,3,2009,2009-08-21,0.07,0.11431323
1,3,2009,2009-08-29,0.07,0.10978389
1,3,2009,2009-09-06,0.16,0.12743625
1,3,2009,2009-09-14,0.27,0.27490503
1,3,2009,2009-09-22,0.53,0.42281726
1,3,2009,2009-09-30,0.63,0.64782274
1,3,2009,2009-10-08,0.75,0.6817175
1,3,2009,2009-10-16,0.85,0.81476223
1,3,2009,2009-10-24,0.91,0.8928174
1,3,2009,2009-11-01,0.9,0.93829393
1,3,2009,2009-11-09,0.83,0.88915765
1,3,2009,2009-11-17,0.59,0.76116645
1,3,2009,2009-11-25,0.17,0.36906675
1,3,2009,2009-12-03,0.07,0.04256019
1,3,2009,2009-12-11,0.02,0.046209782
1,3,2009,2009-12-19,0.02,-0.008705109
1,3,2009,2009-12-27,0.01,0.016567856
1,3,2010,2010-07-04,0.01,0.04206279
1,3,2010,2010-07-12,0.01,0.037975878
1,3,2010,2010-07-20,0.01,0.027989775
1,3,2010,2010-07-28,0.0,0.044599682
1,3,2010,2010-08-05,0.01,0.031262994
1,3,2010,2010-08-13,0.02,0.04147029
1,3,2010,2010-08-21,0.02,0.06294224
1,3,2010,2010-08-29,0.04,0.06412938
1,3,2010,2010-09-06,0.04,0.08398554
1,3,2010,2010-09-14,0.03,0.110073924
1,3,2010,2010-09-22,0.05,0.1319144
1,3,2010,2010-09-30,0.17,0.22450458
1,3,2010,2010-10-08,0.28,0.3590789
1,3,2010,2010-10-16,0.24,0.47796106
1,3,2010,2010-10-24,0.57,0.42042184
1,3,2010,2010-11-01,0.46,0.7385814
1,3,2010,2010-11-09,0.53,0.5770485
1,3,2010,2010-11-17,0.53,0.54841197
1,3,2010,2010-11-25,0.27,0.42598796
1,3,2010,2010-12-03,0.13,0.111262456
1,3,2010,2010-12-11,0.08,0.031225711
1,3,2010,2010-12-19,0.02,0.025865823
1,3,2010,2010-12-27,0.02,0.018755108
1,3,2011,2011-07-04,0.0,0.048188478
1,3,2011,2011-07-12,0.01,0.02813381
1,3,2011,2011-07-20,0.0,0.038606524
1,3,2011,2011-07-28,0.01,0.029321969
1,3,2011,2011-08-05,0.01,0.038273305
1,3,2011,2011-08-13,0.07,0.04021564
1,3,2011,2011-08-21,0.02,0.10752028
1,3,2011,2011-08-29,0.43,0.058707446
1,3,2011,2011-09-06,0.68,0.5419767
1,3,2011,2011-09-14,0.78,0.7186568
1,3,2011,2011-09-22,0.9,0.7929433
1,3,2011,2011-09-30,0.93,0.87284815
1,3,2011,2011-10-08,0.94,0.90808237
1,3,2011,2011-10-16,0.94,0.92103565
1,3,2011,2011-10-24,0.93,0.88606
1,3,2011,2011-11-01,0.95,0.95030665
1,3,2011,2011-11-09,0.92,0.9067844
1,3,2011,2011-11-17,0.92,0.88268614
1,3,2011,2011-11-25,0.89,0.8606832
1,3,2011,2011-12-03,0.8,0.74037516
1,3,2011,2011-12-11,0.22,0.6004666
1,3,2011,2011-12-19,0.05,0.104909495
1,3,2011,2011-12-27,0.07,0.047957987
1,3,2012,2012-07-03,0.03,0.056344807
1,3,2012,2012-07-11,0.02,0.06806904
1,3,2012,2012-07-19,0.01,0.06582305
1,3,2012,2012-07-27,0.03,0.05334279
1,3,2012,2012-08-04,0.0,0.07252249
1,3,2012,2012-08-12,0.0,0.046456337
1,3,2012,2012-08-20,0.01,0.06308517
1,3,2012,2012-08-28,0.0,0.054437727
1,3,2012,2012-09-05,0.04,0.16763355
1,3,2012,2012-09-13,0.05,0.26830867
1,3,2012,2012-09-21,0.19,0.28472298
1,3,2012,2012-09-29,0.32,0.41142485
1,3,2012,2012-10-07,0.44,0.51616246
1,3,2012,2012-10-15,0.52,0.6028229
1,3,2012,2012-10-23,0.55,0.6376858
1,3,2012,2012-10-31,0.43,0.6240486
1,3,2012,2012-11-08,0.37,0.44386637
1,3,2012,2012-11-16,0.3,0.30633584
1,3,2012,2012-11-24,0.25,0.23926607
1,3,2012,2012-12-02,0.08,0.23218115
1,3,2012,2012-12-10,0.04,0.08354917
1,3,2012,2012-12-18,0.02,-0.019942284
1,3,2012,2012-12-26,0.02,-0.008190155
1,4,2001,2001-07-04,0.06,0.06398147
1,4,2001,2001-07-12,0.03,0.10204941
1,4,2001,2001-07-20,0.02,0.07080212
1,4,2001,2001-07-28,0.02,0.056010574
1,4,2001,2001-08-05,0.15,0.045663774
1,4,2001,2001-08-13,0.07,0.1544432
1,4,2001,2001-08-21,0.06,0.10677132
1,4,2001,2001-08-29,0.08,0.12349585
1,4,2001,2001-09-06,0.32,0.16498312
1,4,2001,2001-09-14,0.61,0.3848229
1,4,2001,2001-09-22,0.62,0.6822189
1,4,2001,2001-09-30,0.56,0.69596136
1,4,2001,2001-10-08,0.48,0.5844801
1,4,2001,2001-10-16,0.65,0.3854035
1,4,2001,2001-10-24,0.52,0.557042
1,4,2001,2001-11-01,0.4,0.42630473
1,4,2001,2001-11-09,0.3,0.31551594
1,4,2001,2001-11-17,0.17,0.13445109
1,4,2001,2001-11-25,0.13,0.082380086
1,4,2001,2001-12-03,0.06,0.059473395
1,4,2001,2001-12-11,0.05,0.045703858
1,4,2001,2001-12-19,0.03,0.04987672
1,4,2001,2001-12-27,0.03,0.043262005
1,4,2002,2002-07-04,0.17,0.11776489
1,4,2002,2002-07-12,0.14,0.1712884
1,4,2002,2002-07-20,0.1,0.14960024
1,4,2002,2002-07-28,0.16,0.110171944
1,4,2002,2002-08-05,0.15,0.1430406
1,4,2002,2002-08-13,0.17,0.17706597
1,4,2002,2002-08-21,0.17,0.17716998
1,4,2002,2002-08-29,0.24,0.164942
1,4,2002,2002-09-06,0.53,0.22062087
1,4,2002,2002-09-14,0.61,0.5297934
1,4,2002,2002-09-22,0.61,0.6542109
1,4,2002,2002-09-30,0.73,0.62913203
1,4,2002,2002-10-08,0.76,0.6702291
1,4,2002,2002-10-16,0.64,0.6694099
1,4,2002,2002-10-24,0.5,0.5989269
1,4,2002,2002-11-01,0.48,0.3863747
1,4,2002,2002-11-09,0.45,0.310333
1,4,2002,2002-11-17,0.24,0.3032676
1,4,2002,2002-11-25,0.23,0.16562708
1,4,2002,2002-12-03,0.16,0.14388633
1,4,2002,2002-12-11,0.1,0.11197309
1,4,2002,2002-12-19,0.14,0.09643282
1,4,2002,2002-12-27,0.1,0.11995721
1,4,2003,2003-07-04,0.13,0.11661808
1,4,2003,2003-07-12,0.18,0.15949932
1,4,2003,2003-07-20,0.19,0.1895521
1,4,2003,2003-07-28,0.18,0.19294351
1,4,2003,2003-08-05,0.18,0.19311842
1,4,2003,2003-08-13,0.16,0.18611425
1,4,2003,2003-08-21,0.14,0.17303003
1,4,2003,2003-08-29,0.17,0.15410101
1,4,2003,2003-09-06,0.19,0.19138098
1,4,2003,2003-09-14,0.17,0.2815721
1,4,2003,2003-09-22,0.22,0.27806008
1,4,2003,2003-09-30,0.22,0.28070974
1,4,2003,2003-10-08,0.31,0.29188752
1,4,2003,2003-10-16,0.42,0.36666694
1,4,2003,2003-10-24,0.42,0.42533436
1,4,2003,2003-11-01,0.19,0.39002886
1,4,2003,2003-11-09,0.18,0.17960024
1,4,2003,2003-11-17,0.15,0.13549235
1,4,2003,2003-11-25,0.17,0.10158011
1,4,2003,2003-12-03,0.13,0.15285322
1,4,2003,2003-12-11,0.15,0.12758566
1,4,2003,2003-12-19,0.09,0.13855372
1,4,2003,2003-12-27,0.1,0.1090973
1,4,2004,2004-07-03,0.09,0.14869845
1,4,2004,2004-07-11,0.12,0.11670676
1,4,2004,2004-07-19,0.23,0.1486347
1,4,2004,2004-07-27,0.23,0.23234108
1,4,2004,2004-08-04,0.18,0.24818131
1,4,2004,2004-08-12,0.22,0.19859421
1,4,2004,2004-08-20,0.14,0.20187847
1,4,2004,2004-08-28,0.23,0.15012047
1,4,2004,2004-09-05,0.16,0.21577126
1,4,2004,2004-09-13,0.31,0.1818648
1,4,2004,2004-09-21,0.43,0.28643024
1,4,2004,2004-09-29,0.49,0.40118125
1,4,2004,2004-10-07,0.48,0.46934262
1,4,2004,2004-10-15,0.35,0.4622475
1,4,2004,2004-10-23,0.44,0.35497332
1,4,2004,2004-10-31,0.31,0.38793865
1,4,2004,2004-11-08,0.27,0.2460078
1,4,2004,2004-11-16,0.22,0.19934654
1,4,2004,2004-11-24,0.15,0.16429652
1,4,2004,2004-12-02,0.17,0.1477735
1,4,2004,2004-12-10,0.16,0.15327242
1,4,2004,2004-12-18,0.12,0.1628439
1,4,2004,2004-12-26,0.1,0.13019225
1,4,2005,2005-07-04,0.2,0.19160163
1,4,2005,2005-07-12,0.18,0.18811569
1,4,2005,2005-07-20,0.16,0.1808789
1,4,2005,2005-07-28,0.12,0.18979259
1,4,2005,2005-08-05,0.11,0.15729624
1,4,2005,2005-08-13,0.1,0.12993582
1,4,2005,2005-08-21,0.15,0.1298592
1,4,2005,2005-08-29,0.18,0.1549849
1,4,2005,2005-09-06,0.19,0.20588127
1,4,2005,2005-09-14,0.32,0.2032241
1,4,2005,2005-09-22,0.4,0.33379155
1,4,2005,2005-09-30,0.47,0.43231615
1,4,2005,2005-10-08,0.58,0.49475604
1,4,2005,2005-10-16,0.61,0.5545579
1,4,2005,2005-10-24,0.59,0.5389349
1,4,2005,2005-11-01,0.54,0.5303317
1,4,2005,2005-11-09,0.38,0.43650132
1,4,2005,2005-11-17,0.36,0.28101245
1,4,2005,2005-11-25,0.24,0.24052949
1,4,2005,2005-12-03,0.12,0.17017335
1,4,2005,2005-12-11,0.16,0.10948861
1,4,2005,2005-12-19,0.1,0.13512129
1,4,2005,2005-12-27,0.12,0.11327399
1,4,2006,2006-07-04,0.22,0.24435186
1,4,2006,2006-07-12,0.27,0.23385136
1,4,2006,2006-07-20,0.25,0.25231868
1,4,2006,2006-07-28,0.16,0.2419939
1,4,2006,2006-08-05,0.17,0.16632813
1,4,2006,2006-08-13,0.15,0.15341803
1,4,2006,2006-08-21,0.15,0.1473962
1,4,2006,2006-08-29,0.14,0.16719706
1,4,2006,2006-09-06,0.25,0.16709888
1,4,2006,2006-09-14,0.19,0.24873114
1,4,2006,2006-09-22,0.45,0.24520329
1,4,2006,2006-09-30,0.45,0.45493078
1,4,2006,2006-10-08,0.48,0.479387
1,4,2006,2006-10-16,0.43,0.50623685
1,4,2006,2006-10-24,0.39,0.43152866
1,4,2006,2006-11-01,0.52,0.36461768
1,4,2006,2006-11-09,0.34,0.45273587
1,4,2006,2006-11-17,0.26,0.3015113
1,4,2006,2006-11-25,0.17,0.20214921
1,4,2006,2006-12-03,0.06,0.11619595
1,4,2006,2006-12-11,0.09,0.061269403
1,4,2006,2006-12-19,0.1,0.09172419
1,4,2006,2006-12-27,0.09,0.10980904
1,4,2007,2007-07-04,0.3,0.2449398
1,4,2007,2007-07-12,0.19,0.31053305
1,4,2007,2007-07-20,0.22,0.24710545
1,4,2007,2007-07-28,0.32,0.23421872
1,4,2007,2007-08-05,0.26,0.28124338
1,4,2007,2007-08-13,0.24,0.27180302
1,4,2007,2007-08-21,0.23,0.2411946
1,4,2007,2007-08-29,0.17,0.22348733
1,4,2007,2007-09-06,0.14,0.18823203
1,4,2007,2007-09-14,0.16,0.18204783
1,4,2007,2007-09-22,0.17,0.18249504
1,4,2007,2007-09-30,0.24,0.24765368
1,4,2007,2007-10-08,0.21,0.30270246
1,4,2007,2007-10-16,0.35,0.28596598
1,4,2007,2007-10-24,0.5,0.35349274
1,4,2007,2007-11-01,0.5,0.47329122
1,4,2007,2007-11-09,0.38,0.52557313
1,4,2007,2007-11-17,0.53,0.38306063
1,4,2007,2007-11-25,0.32,0.42640784
1,4,2007,2007-12-03,0.24,0.2875609
1,4,2007,2007-12-11,0.16,0.19710016
1,4,2007,2007-12-19,0.12,0.13355161
1,4,2007,2007-12-27,0.11,0.1331063
1,4,2008,2008-07-03,0.15,0.1970557
1,4,2008,2008-07-11,0.1,0.19617844
1,4,2008,2008-07-19,0.13,0.15380675
1,4,2008,2008-07-27,0.12,0.16017677
1,4,2008,2008-08-04,0.12,0.1773366
1,4,2008,2008-08-12,0.18,0.17700353
1,4,2008,2008-08-20,0.13,0.19962093
1,4,2008,2008-08-28,0.17,0.1776027
1,4,2008,2008-09-05,0.16,0.18410128
1,4,2008,2008-09-13,0.14,0.17407902
1,4,2008,2008-09-21,0.34,0.17068058
1,4,2008,2008-09-29,0.19,0.2955354
1,4,2008,2008-10-07,0.32,0.25636795
1,4,2008,2008-10-15,0.48,0.30158588
1,4,2008,2008-10-23,0.54,0.43587974
1,4,2008,2008-10-31,0.42,0.54545856
1,4,2008,2008-11-08,0.45,0.4677717
1,4,2008,2008-11-16,0.41,0.40006608
1,4,2008,2008-11-24,0.39,0.39089173
1,4,2008,2008-12-02,0.31,0.35482386
1,4,2008,2008-12-10,0.2,0.27465487
1,4,2008,2008-12-18,0.13,0.18392402
1,4,2008,2008-12-26,0.07,0.13520172
1,4,2009,2009-07-04,0.14,0.2176663
1,4,2009,2009-07-12,0.17,0.1802255
1,4,2009,2009-07-20,0.18,0.18264762
1,4,2009,2009-07-28,0.23,0.19208854
1,4,2009,2009-08-05,0.16,0.23837346
1,4,2009,2009-08-13,0.16,0.19914716
1,4,2009,2009-08-21,0.16,0.19487324
1,4,2009,2009-08-29,0.12,0.18181346
1,4,2009,2009-09-06,0.13,0.16740268
1,4,2009,2009-09-14,0.2,0.16467367
1,4,2009,2009-09-22,0.43,0.2096265
1,4,2009,2009-09-30,0.43,0.4345137
1,4,2009,2009-10-08,0.37,0.4469324
1,4,2009,2009-10-16,0.46,0.40460128
1,4,2009,2009-10-24,0.49,0.4658791
1,4,2009,2009-11-01,0.56,0.5183012
1,4,2009,2009-11-09,0.52,0.54202855
1,4,2009,2009-11-17,0.47,0.5067618
1,4,2009,2009-11-25,0.17,0.44690278
1,4,2009,2009-12-03,0.11,0.21100605
1,4,2009,2009-12-11,0.05,0.111432925
1,4,2009,2009-12-19,0.12,0.06982407
1,4,2009,2009-12-27,0.11,0.12437132
1,4,2010,2010-07-04,0.14,0.23593925
1,4,2010,2010-07-12,0.22,0.1607633
1,4,2010,2010-07-20,0.22,0.21691266
1,4,2010,2010-07-28,0.11,0.23735109
1,4,2010,2010-08-05,0.21,0.16486308
1,4,2010,2010-08-13,0.17,0.20153031
1,4,2010,2010-08-21,0.12,0.18463427
1,4,2010,2010-08-29,0.13,0.15078631
1,4,2010,2010-09-06,0.1,0.13654767
1,4,2010,2010-09-14,0.11,0.12473053
1,4,2010,2010-09-22,0.15,0.15410486
1,4,2010,2010-09-30,0.23,0.24655452
1,4,2010,2010-10-08,0.32,0.31395054
1,4,2010,2010-10-16,0.27,0.36082813
1,4,2010,2010-10-24,0.5,0.32415292
1,4,2010,2010-11-01,0.46,0.5194917
1,4,2010,2010-11-09,0.45,0.50065964
1,4,2010,2010-11-17,0.45,0.44551522
1,4,2010,2010-11-25,0.22,0.38873127
1,4,2010,2010-12-03,0.2,0.13905194
1,4,2010,2010-12-11,0.1,0.10496554
1,4,2010,2010-12-19,0.11,0.061564475
1,4,2010,2010-12-27,0.1,0.12123555
1,4,2011,2011-07-04,0.18,0.16009125
1,4,2011,2011-07-12,0.11,0.18384975
1,4,2011,2011-07-20,0.15,0.16163447
1,4,2011,2011-07-28,0.12,0.19064736
1,4,2011,2011-08-05,0.14,0.14191814
1,4,2011,2011-08-13,0.15,0.1799145
1,4,2011,2011-08-21,0.1,0.181116
1,4,2011,2011-08-29,0.13,0.13606061
1,4,2011,2011-09-06,0.28,0.14948453
1,4,2011,2011-09-14,0.31,0.27358514
1,4,2011,2011-09-22,0.64,0.3284682
1,4,2011,2011-09-30,0.65,0.62776715
1,4,2011,2011-10-08,0.66,0.65237534
1,4,2011,2011-10-16,0.73,0.6643983
1,4,2011,2011-10-24,0.72,0.68273735
1,4,2011,2011-11-01,0.76,0.7235305
1,4,2011,2011-11-09,0.62,0.735618
1,4,2011,2011-11-17,0.62,0.59916043
1,4,2011,2011-11-25,0.48,0.560576
1,4,2011,2011-12-03,0.42,0.3797059
1,4,2011,2011-12-11,0.24,0.33093828
1,4,2011,2011-12-19,0.05,0.18378906
1,4,2011,2011-12-27,0.12,0.07140079
1,4,2012,2012-07-03,0.15,0.17402661
1,4,2012,2012-07-11,0.15,0.19639322
1,4,2012,2012-07-19,0.09,0.1933549
1,4,2012,2012-07-27,0.15,0.15057892
1,4,2012,2012-08-04,0.12,0.17973319
1,4,2012,2012-08-12,0.08,0.17367832
1,4,2012,2012-08-20,0.12,0.14755735
1,4,2012,2012-08-28,0.07,0.15348177
1,4,2012,2012-09-05,0.11,0.13131654
1,4,2012,2012-09-13,0.17,0.19212753
1,4,2012,2012-09-21,0.35,0.25054666
1,4,2012,2012-09-29,0.3,0.4789117
1,4,2012,2012-10-07,0.4,0.45495313
1,4,2012,2012-10-15,0.48,0.47640473
1,4,2012,2012-10-23,0.57,0.53690207
1,4,2012,2012-10-31,0.49,0.6205988
1,4,2012,2012-11-08,0.48,0.545925
1,4,2012,2012-11-16,0.41,0.45147842
1,4,2012,2012-11-24,0.35,0.3680423
1,4,2012,2012-12-02,0.17,0.3013932
1,4,2012,2012-12-10,0.15,0.16154435
1,4,2012,2012-12-18,0.07,0.116720706
1,4,2012,2012-12-26,0.1,0.06342068
2,3,2001,2001-07-04,0.05,0.06682676
2,3,2001,2001-07-12,0.01,0.07853961
2,3,2001,2001-07-20,0.04,0.060184985
2,3,2001,2001-07-28,0.0,0.07350847
2,3,2001,2001-08-05,0.03,0.12207967
2,3,2001,2001-08-13,0.18,0.16245031
2,3,2001,2001-08-21,0.19,0.32150313
2,3,2001,2001-08-29,0.64,0.32985908
2,3,2001,2001-09-06,0.72,0.75998586
2,3,2001,2001-09-14,0.7,0.7580191
2,3,2001,2001-09-22,0.71,0.7142122
2,3,2001,2001-09-30,0.66,0.68405944
2,3,2001,2001-10-08,0.67,0.5882877
2,3,2001,2001-10-16,0.69,0.5724662
2,3,2001,2001-10-24,0.67,0.62663245
2,3,2001,2001-11-01,0.67,0.6054882
2,3,2001,2001-11-09,0.58,0.6077843
2,3,2001,2001-11-17,0.62,0.48114535
2,3,2001,2001-11-25,0.58,0.5316054
2,3,2001,2001-12-03,0.5,0.50112605
2,3,2001,2001-12-11,0.36,0.414187
2,3,2001,2001-12-19,0.02,0.2439557
2,3,2001,2001-12-27,0.01,-0.0017347038
2,3,2002,2002-07-04,0.04,0.034141034
2,3,2002,2002-07-12,0.01,0.070436925
2,3,2002,2002-07-20,0.0,0.034823716
2,3,2002,2002-07-28,0.05,0.03167942
2,3,2002,2002-08-05,0.03,0.06104347
2,3,2002,2002-08-13,0.59,0.057753533
2,3,2002,2002-08-21,0.59,0.7013775
2,3,2002,2002-08-29,0.63,0.63246644
2,3,2002,2002-09-06,0.62,0.706512
2,3,2002,2002-09-14,0.73,0.6616396
2,3,2002,2002-09-22,0.72,0.72701097
2,3,2002,2002-09-30,0.71,0.6924974
2,3,2002,2002-10-08,0.68,0.6513101
2,3,2002,2002-10-16,0.65,0.6009935
2,3,2002,2002-10-24,0.64,0.5763345
2,3,2002,2002-11-01,0.64,0.5641639
2,3,2002,2002-11-09,0.63,0.5744459
2,3,2002,2002-11-17,0.58,0.54340094
2,3,2002,2002-11-25,0.57,0.50891477
2,3,2002,2002-12-03,0.45,0.48893586
2,3,2002,2002-12-11,0.26,0.3506991
2,3,2002,2002-12-19,0.09,0.14481199
2,3,2002,2002-12-27,0.02,0.0054211915
2,3,2003,2003-07-04,0.0,0.024490535
2,3,2003,2003-07-12,0.02,0.035772234
2,3,2003,2003-07-20,0.09,0.045033276
2,3,2003,2003-07-28,0.06,0.11022535
2,3,2003,2003-08-05,0.11,0.0990655
2,3,2003,2003-08-13,0.04,0.1382922
2,3,2003,2003-08-21,0.01,0.22602603
2,3,2003,2003-08-29,0.04,0.17773046
2,3,2003,2003-09-06,0.04,0.16705036
2,3,2003,2003-09-14,0.05,0.15588859
2,3,2003,2003-09-22,0.36,0.19353235
2,3,2003,2003-09-30,0.63,0.49517336
2,3,2003,2003-10-08,0.63,0.71620905
2,3,2003,2003-10-16,0.62,0.6843233
2,3,2003,2003-10-24,0.62,0.6025833
2,3,2003,2003-11-01,0.46,0.5540905
2,3,2003,2003-11-09,0.37,0.37790784
2,3,2003,2003-11-17,0.13,0.26267064
2,3,2003,2003-11-25,0.02,0.062580794
2,3,2003,2003-12-03,0.02,0.020126492
2,3,2003,2003-12-11,0.01,0.033557028
2,3,2003,2003-12-19,0.01,0.032773226
2,3,2003,2003-12-27,0.0,0.018752009
2,3,2004,2004-07-03,0.01,0.023977458
2,3,2004,2004-07-11,0.01,0.03198555
2,3,2004,2004-07-19,0.03,0.03892404
2,3,2004,2004-07-27,0.01,0.0778375
2,3,2004,2004-08-04,0.01,0.04985544
2,3,2004,2004-08-12,0.11,0.060420185
2,3,2004,2004-08-20,0.18,0.12872706
2,3,2004,2004-08-28,0.41,0.19612691
2,3,2004,2004-09-05,0.63,0.4458388
2,3,2004,2004-09-13,0.73,0.63905776
2,3,2004,2004-09-21,0.69,0.7083527
2,3,2004,2004-09-29,0.76,0.7109959
2,3,2004,2004-10-07,0.7,0.79620856
2,3,2004,2004-10-15,0.64,0.6917504
2,3,2004,2004-10-23,0.65,0.5698248
2,3,2004,2004-10-31,0.53,0.54806376
2,3,2004,2004-11-08,0.27,0.38640654
2,3,2004,2004-11-16,0.05,0.13013953
2,3,2004,2004-11-24,0.02,8.21054e-05
2,3,2004,2004-12-02,0.04,-0.0048838854
2,3,2004,2004-12-10,0.01,0.02467361
2,3,2004,2004-12-18,0.0,0.029048353
2,3,2004,2004-12-26,0.0,0.025847584
2,3,2005,2005-07-04,0.0,0.036092967
2,3,2005,2005-07-12,0.03,0.031895846
2,3,2005,2005-07-20,0.06,0.058507174
2,3,2005,2005-07-28,0.01,0.09178311
2,3,2005,2005-08-05,0.01,0.04585135
2,3,2005,2005-08-13,0.1,0.03944549
2,3,2005,2005-08-21,0.35,0.14548431
2,3,2005,2005-08-29,0.68,0.42209634
2,3,2005,2005-09-06,0.67,0.76486135
2,3,2005,2005-09-14,0.71,0.75195163
2,3,2005,2005-09-22,0.72,0.74319404
2,3,2005,2005-09-30,0.7,0.69459915
2,3,2005,2005-10-08,0.73,0.6688323
2,3,2005,2005-10-16,0.73,0.6646763
2,3,2005,2005-10-24,0.7,0.64895356
2,3,2005,2005-11-01,0.71,0.62183917
2,3,2005,2005-11-09,0.67,0.5963955
2,3,2005,2005-11-17,0.62,0.4877103
2,3,2005,2005-11-25,0.57,0.40078232
2,3,2005,2005-12-03,0.09,0.395445
2,3,2005,2005-12-11,0.05,0.075764984
2,3,2005,2005-12-19,0.01,0.024432272
2,3,2005,2005-12-27,0.02,-0.002770692
2,3,2006,2006-07-04,0.03,0.05912605
2,3,2006,2006-07-12,0.04,0.058990985
2,3,2006,2006-07-20,0.02,0.07586256
2,3,2006,2006-07-28,0.02,0.0650045
2,3,2006,2006-08-05,0.05,0.04984328
2,3,2006,2006-08-13,0.12,0.07350981
2,3,2006,2006-08-21,0.16,0.16747397
2,3,2006,2006-08-29,0.56,0.28256437
2,3,2006,2006-09-06,0.64,0.73755455
2,3,2006,2006-09-14,0.64,0.72968686
2,3,2006,2006-09-22,0.74,0.6715832
2,3,2006,2006-09-30,0.66,0.7349596
2,3,2006,2006-10-08,0.7,0.61954373
2,3,2006,2006-10-16,0.71,0.65396047
2,3,2006,2006-10-24,0.67,0.6546513
2,3,2006,2006-11-01,0.7,0.6085477
2,3,2006,2006-11-09,0.66,0.6357672
2,3,2006,2006-11-17,0.61,0.58000994
2,3,2006,2006-11-25,0.45,0.5111778
2,3,2006,2006-12-03,0.02,0.3124046
2,3,2006,2006-12-11,0.01,-0.011129737
2,3,2006,2006-12-19,0.01,0.023907632
2,3,2006,2006-12-27,0.0,-0.006574005
2,3,2007,2007-07-04,0.02,0.053672284
2,3,2007,2007-07-12,0.03,0.065089375
2,3,2007,2007-07-20,0.09,0.07600653
2,3,2007,2007-07-28,0.21,0.12489843
2,3,2007,2007-08-05,0.15,0.2426375
2,3,2007,2007-08-13,0.15,0.20740949
2,3,2007,2007-08-21,0.19,0.20728326
2,3,2007,2007-08-29,0.08,0.23962395
2,3,2007,2007-09-06,0.05,0.25173363
2,3,2007,2007-09-14,0.11,0.21405908
2,3,2007,2007-09-22,0.18,0.23148972
2,3,2007,2007-09-30,0.51,0.32545498
2,3,2007,2007-10-08,0.57,0.6194287
2,3,2007,2007-10-16,0.63,0.6648197
2,3,2007,2007-10-24,0.7,0.6812002
2,3,2007,2007-11-01,0.68,0.6995896
2,3,2007,2007-11-09,0.67,0.6690638
2,3,2007,2007-11-17,0.69,0.61961067
2,3,2007,2007-11-25,0.6,0.6153424
2,3,2007,2007-12-03,0.57,0.4743324
2,3,2007,2007-12-11,0.06,0.32285357
2,3,2007,2007-12-19,0.01,0.018591404
2,3,2007,2007-12-27,0.01,0.015459627
2,3,2008,2008-07-03,0.01,0.043773264
2,3,2008,2008-07-11,0.01,0.046864003
2,3,2008,2008-07-19,0.0,0.04921511
2,3,2008,2008-07-27,0.01,0.056634635
2,3,2008,2008-08-04,0.12,0.09735711
2,3,2008,2008-08-12,0.05,0.18114556
2,3,2008,2008-08-20,0.15,0.12252912
2,3,2008,2008-08-28,0.4,0.21272984
2,3,2008,2008-09-05,0.54,0.4191757
2,3,2008,2008-09-13,0.58,0.5646745
2,3,2008,2008-09-21,0.67,0.60323274
2,3,2008,2008-09-29,0.65,0.6704862
2,3,2008,2008-10-07,0.68,0.7089479
2,3,2008,2008-10-15,0.67,0.7123412
2,3,2008,2008-10-23,0.68,0.67703927
2,3,2008,2008-10-31,0.69,0.67572296
2,3,2008,2008-11-08,0.67,0.6596693
2,3,2008,2008-11-16,0.68,0.62313455
2,3,2008,2008-11-24,0.67,0.63332105
2,3,2008,2008-12-02,0.63,0.5943529
2,3,2008,2008-12-10,0.13,0.54642063
2,3,2008,2008-12-18,0.1,0.034550637
2,3,2008,2008-12-26,0.04,0.044095367
2,3,2009,2009-07-04,0.01,0.056230098
2,3,2009,2009-07-12,0.02,0.049465984
2,3,2009,2009-07-20,0.02,0.05661425
2,3,2009,2009-07-28,0.02,0.053818375
2,3,2009,2009-08-05,0.03,0.057487696
2,3,2009,2009-08-13,0.07,0.09469721
2,3,2009,2009-08-21,0.07,0.11246316
2,3,2009,2009-08-29,0.14,0.13973811
2,3,2009,2009-09-06,0.28,0.2676775
2,3,2009,2009-09-14,0.43,0.42741048
2,3,2009,2009-09-22,0.59,0.55219424
2,3,2009,2009-09-30,0.68,0.67881715
2,3,2009,2009-10-08,0.69,0.7208285
2,3,2009,2009-10-16,0.71,0.7060108
2,3,2009,2009-10-24,0.72,0.6854775
2,3,2009,2009-11-01,0.7,0.6801961
2,3,2009,2009-11-09,0.68,0.6517271
2,3,2009,2009-11-17,0.62,0.6110821
2,3,2009,2009-11-25,0.11,0.5385413
2,3,2009,2009-12-03,0.1,0.064288795
2,3,2009,2009-12-11,0.03,0.04076168
2,3,2009,2009-12-19,0.01,-0.02120176
2,3,2009,2009-12-27,0.01,0.014107376
2,3,2010,2010-07-04,0.05,0.051362604
2,3,2010,2010-07-12,0.02,0.08678004
2,3,2010,2010-07-20,0.01,0.06488854
2,3,2010,2010-07-28,0.01,0.054255396
2,3,2010,2010-08-05,0.0,0.049604177
2,3,2010,2010-08-13,0.02,0.04521042
2,3,2010,2010-08-21,0.03,0.073711395
2,3,2010,2010-08-29,0.07,0.08373132
2,3,2010,2010-09-06,0.09,0.14090416
2,3,2010,2010-09-14,0.05,0.19734213
2,3,2010,2010-09-22,0.1,0.19695227
2,3,2010,2010-09-30,0.18,0.26087797
2,3,2010,2010-10-08,0.25,0.3421314
2,3,2010,2010-10-16,0.31,0.39519244
2,3,2010,2010-10-24,0.52,0.4257273
2,3,2010,2010-11-01,0.57,0.6122664
2,3,2010,2010-11-09,0.56,0.63743603
2,3,2010,2010-11-17,0.58,0.5866502
2,3,2010,2010-11-25,0.18,0.541114
2,3,2010,2010-12-03,0.08,0.067270845
2,3,2010,2010-12-11,0.04,0.028651536
2,3,2010,2010-12-19,0.01,0.013341874
2,3,2010,2010-12-27,0.01,0.032559544
2,3,2011,2011-07-04,0.01,0.06991795
2,3,2011,2011-07-12,0.02,0.064905226
2,3,2011,2011-07-20,0.0,0.0642806
2,3,2011,2011-07-28,0.03,0.04231733
2,3,2011,2011-08-05,0.02,0.06732145
2,3,2011,2011-08-13,0.05,0.058116794
2,3,2011,2011-08-21,0.08,0.092695385
2,3,2011,2011-08-29,0.54,0.12259582
2,3,2011,2011-09-06,0.6,0.60728
2,3,2011,2011-09-14,0.6,0.64381313
2,3,2011,2011-09-22,0.66,0.6060136
2,3,2011,2011-09-30,0.7,0.63208485
2,3,2011,2011-10-08,0.71,0.6847466
2,3,2011,2011-10-16,0.72,0.70347416
2,3,2011,2011-10-24,0.71,0.7046549
2,3,2011,2011-11-01,0.72,0.7282717
2,3,2011,2011-11-09,0.72,0.72402394
2,3,2011,2011-11-17,0.72,0.69396716
2,3,2011,2011-11-25,0.7,0.679651
2,3,2011,2011-12-03,0.68,0.52588487
2,3,2011,2011-12-11,0.06,0.49419963
2,3,2011,2011-12-19,0.08,0.047776252
2,3,2011,2011-12-27,0.13,0.043524414
2,3,2012,2012-07-03,0.02,0.03568074
2,3,2012,2012-07-11,0.02,0.046816856
2,3,2012,2012-07-19,0.0,0.051399738
2,3,2012,2012-07-27,0.05,0.029003263
2,3,2012,2012-08-04,0.01,0.078505576
2,3,2012,2012-08-12,0.0,0.043799073
2,3,2012,2012-08-20,0.01,0.041920632
2,3,2012,2012-08-28,0.02,0.05220613
2,3,2012,2012-09-05,0.15,0.19231711
2,3,2012,2012-09-13,0.06,0.31476933
2,3,2012,2012-09-21,0.23,0.20686267
2,3,2012,2012-09-29,0.42,0.32521
2,3,2012,2012-10-07,0.47,0.50471175
2,3,2012,2012-10-15,0.5,0.5518435
2,3,2012,2012-10-23,0.43,0.5255026
2,3,2012,2012-10-31,0.25,0.4049908
2,3,2012,2012-11-08,0.17,0.19725214
2,3,2012,2012-11-16,0.15,0.1138379
2,3,2012,2012-11-24,0.03,0.13694364
2,3,2012,2012-12-02,0.04,0.07875094
2,3,2012,2012-12-10,0.02,0.0939253
2,3,2012,2012-12-18,0.01,-0.024738193
2,3,2012,2012-12-26,0.01,0.009106129
2,4,2001,2001-07-04,0.08,0.088139415
2,4,2001,2001-07-12,0.02,0.12261896
2,4,2001,2001-07-20,0.02,0.053011626
2,4,2001,2001-07-28,0.01,0.042740762
2,4,2001,2001-08-05,0.08,0.039287716
2,4,2001,2001-08-13,0.08,0.1019499
2,4,2001,2001-08-21,0.03,0.13000211
2,4,2001,2001-08-29,0.2,0.11001283
2,4,2001,2001-09-06,0.43,0.31692964
2,4,2001,2001-09-14,0.7,0.5351439
2,4,2001,2001-09-22,0.74,0.7917916
2,4,2001,2001-09-30,0.74,0.7890873
2,4,2001,2001-10-08,0.78,0.7548279
2,4,2001,2001-10-16,0.73,0.7354114
2,4,2001,2001-10-24,0.67,0.64459205
2,4,2001,2001-11-01,0.63,0.5508707
2,4,2001,2001-11-09,0.4,0.5328747
2,4,2001,2001-11-17,0.48,0.24995278
2,4,2001,2001-11-25,0.45,0.3356548
2,4,2001,2001-12-03,0.29,0.35099417
2,4,2001,2001-12-11,0.16,0.21705127
2,4,2001,2001-12-19,0.06,0.088437974
2,4,2001,2001-12-27,0.03,0.034171402
2,4,2002,2002-07-04,0.21,0.07042387
2,4,2002,2002-07-12,0.12,0.22859585
2,4,2002,2002-07-20,0.02,0.14772475
2,4,2002,2002-07-28,0.06,0.055411905
2,4,2002,2002-08-05,0.06,0.062468827
2,4,2002,2002-08-13,0.15,0.091558605
2,4,2002,2002-08-21,0.15,0.17788976
2,4,2002,2002-08-29,0.19,0.16800374
2,4,2002,2002-09-06,0.5,0.24157566
2,4,2002,2002-09-14,0.67,0.5745421
2,4,2002,2002-09-22,0.82,0.74012643
2,4,2002,2002-09-30,0.87,0.8211858
2,4,2002,2002-10-08,0.9,0.8474432
2,4,2002,2002-10-16,0.84,0.8711469
2,4,2002,2002-10-24,0.74,0.7666894
2,4,2002,2002-11-01,0.65,0.6096475
2,4,2002,2002-11-09,0.63,0.47810566
2,4,2002,2002-11-17,0.46,0.42104894
2,4,2002,2002-11-25,0.41,0.33354852
2,4,2002,2002-12-03,0.26,0.3042069
2,4,2002,2002-12-11,0.17,0.17034361
2,4,2002,2002-12-19,0.11,0.099591374
2,4,2002,2002-12-27,0.03,0.06491184
2,4,2003,2003-07-04,0.02,0.05065617
2,4,2003,2003-07-12,0.02,0.10249139
2,4,2003,2003-07-20,0.08,0.072702914
2,4,2003,2003-07-28,0.04,0.097485274
2,4,2003,2003-08-05,0.05,0.07344785
2,4,2003,2003-08-13,0.03,0.086011946
2,4,2003,2003-08-21,0.03,0.09021133
2,4,2003,2003-08-29,0.1,0.08981377
2,4,2003,2003-09-06,0.05,0.16074137
2,4,2003,2003-09-14,0.14,0.19984394
2,4,2003,2003-09-22,0.12,0.31268492
2,4,2003,2003-09-30,0.43,0.2986502
2,4,2003,2003-10-08,0.47,0.58111227
2,4,2003,2003-10-16,0.65,0.5782666
2,4,2003,2003-10-24,0.66,0.6906314
2,4,2003,2003-11-01,0.54,0.63360345
2,4,2003,2003-11-09,0.34,0.44695893
2,4,2003,2003-11-17,0.2,0.18911047
2,4,2003,2003-11-25,0.14,0.06878373
2,4,2003,2003-12-03,0.05,0.074312955
2,4,2003,2003-12-11,0.05,0.03567162
2,4,2003,2003-12-19,0.01,0.05288008
2,4,2003,2003-12-27,0.0,0.031497717
2,4,2004,2004-07-03,0.02,0.04263431
2,4,2004,2004-07-11,0.05,0.042328328
2,4,2004,2004-07-19,0.05,0.06825629
2,4,2004,2004-07-27,0.07,0.08720228
2,4,2004,2004-08-04,0.02,0.09310278
2,4,2004,2004-08-12,0.05,0.05189985
2,4,2004,2004-08-20,0.05,0.06661025
2,4,2004,2004-08-28,0.11,0.06816751
2,4,2004,2004-09-05,0.28,0.14347635
2,4,2004,2004-09-13,0.4,0.28563026
2,4,2004,2004-09-21,0.57,0.4277768
2,4,2004,2004-09-29,0.74,0.562428
2,4,2004,2004-10-07,0.7,0.7562134
2,4,2004,2004-10-15,0.57,0.6954644
2,4,2004,2004-10-23,0.66,0.5576495
2,4,2004,2004-10-31,0.52,0.5915522
2,4,2004,2004-11-08,0.42,0.41118544
2,4,2004,2004-11-16,0.25,0.24415632
2,4,2004,2004-11-24,0.08,0.09578782
2,4,2004,2004-12-02,0.05,0.028619498
2,4,2004,2004-12-10,0.01,0.02019754
2,4,2004,2004-12-18,0.02,0.01703909
2,4,2004,2004-12-26,0.01,0.032342732
2,4,2005,2005-07-04,0.03,0.08643007
2,4,2005,2005-07-12,0.04,0.05428198
2,4,2005,2005-07-20,0.03,0.07593891
2,4,2005,2005-07-28,0.03,0.064530045
2,4,2005,2005-08-05,0.05,0.07252148
2,4,2005,2005-08-13,0.01,0.0742946
2,4,2005,2005-08-21,0.02,0.04896912
2,4,2005,2005-08-29,0.22,0.056817263
2,4,2005,2005-09-06,0.29,0.27388656
2,4,2005,2005-09-14,0.59,0.38490403
2,4,2005,2005-09-22,0.66,0.68548584
2,4,2005,2005-09-30,0.7,0.70247936
2,4,2005,2005-10-08,0.71,0.7145804
2,4,2005,2005-10-16,0.7,0.65590376
2,4,2005,2005-10-24,0.69,0.5666733
2,4,2005,2005-11-01,0.71,0.5861833
2,4,2005,2005-11-09,0.58,0.5679528
2,4,2005,2005-11-17,0.59,0.40205765
2,4,2005,2005-11-25,0.32,0.3694108
2,4,2005,2005-12-03,0.19,0.13450554
2,4,2005,2005-12-11,0.04,0.07510316
2,4,2005,2005-12-19,0.01,0.005764514
2,4,2005,2005-12-27,0.03,0.011212438
2,4,2006,2006-07-04,0.04,0.07084605
2,4,2006,2006-07-12,0.06,0.061421216
2,4,2006,2006-07-20,0.04,0.08164221
2,4,2006,2006-07-28,0.04,0.06507099
2,4,2006,2006-08-05,0.04,0.06469867
2,4,2006,2006-08-13,0.12,0.06787565
2,4,2006,2006-08-21,0.06,0.12743348
2,4,2006,2006-08-29,0.16,0.085879415
2,4,2006,2006-09-06,0.15,0.2227172
2,4,2006,2006-09-14,0.35,0.22709271
2,4,2006,2006-09-22,0.62,0.48236692
2,4,2006,2006-09-30,0.59,0.68688107
2,4,2006,2006-10-08,0.7,0.6458069
2,4,2006,2006-10-16,0.69,0.6887988
2,4,2006,2006-10-24,0.65,0.6419697
2,4,2006,2006-11-01,0.74,0.58209544
2,4,2006,2006-11-09,0.64,0.6764755
2,4,2006,2006-11-17,0.6,0.5297954
2,4,2006,2006-11-25,0.39,0.47915897
2,4,2006,2006-12-03,0.15,0.1937226
2,4,2006,2006-12-11,0.01,0.045205623
2,4,2006,2006-12-19,0.04,-0.0029234886
2,4,2006,2006-12-27,0.02,0.017614573
2,4,2007,2007-07-04,0.12,0.21537898
2,4,2007,2007-07-12,0.09,0.1616961
2,4,2007,2007-07-20,0.06,0.12539312
2,4,2007,2007-07-28,0.12,0.08165279
2,4,2007,2007-08-05,0.12,0.13836509
2,4,2007,2007-08-13,0.12,0.14637604
2,4,2007,2007-08-21,0.14,0.17192735
2,4,2007,2007-08-29,0.03,0.16679676
2,4,2007,2007-09-06,0.04,0.097948566
2,4,2007,2007-09-14,0.1,0.08988884
2,4,2007,2007-09-22,0.16,0.19436309
2,4,2007,2007-09-30,0.42,0.33113712
2,4,2007,2007-10-08,0.34,0.54505646
2,4,2007,2007-10-16,0.45,0.4805974
2,4,2007,2007-10-24,0.71,0.5084393
2,4,2007,2007-11-01,0.69,0.73542017
2,4,2007,2007-11-09,0.63,0.73101115
2,4,2007,2007-11-17,0.72,0.6048098
2,4,2007,2007-11-25,0.58,0.6410234
2,4,2007,2007-12-03,0.57,0.44600418
2,4,2007,2007-12-11,0.31,0.3741741
2,4,2007,2007-12-19,0.08,0.1449905
2,4,2007,2007-12-27,0.07,0.043442726
2,4,2008,2008-07-03,0.05,0.16832641
2,4,2008,2008-07-11,0.04,0.11560531
2,4,2008,2008-07-19,0.02,0.089310676
2,4,2008,2008-07-27,0.01,0.06057754
2,4,2008,2008-08-04,0.02,0.07241246
2,4,2008,2008-08-12,0.05,0.08211097
2,4,2008,2008-08-20,0.08,0.10955627
2,4,2008,2008-08-28,0.13,0.14189309
2,4,2008,2008-09-05,0.27,0.15940188
2,4,2008,2008-09-13,0.38,0.28977793
2,4,2008,2008-09-21,0.47,0.41736585
2,4,2008,2008-09-29,0.45,0.5175481
2,4,2008,2008-10-07,0.58,0.54195046
2,4,2008,2008-10-15,0.7,0.5997454
2,4,2008,2008-10-23,0.68,0.71840733
2,4,2008,2008-10-31,0.71,0.74495506
2,4,2008,2008-11-08,0.69,0.72608864
2,4,2008,2008-11-16,0.68,0.6448485
2,4,2008,2008-11-24,0.65,0.6433728
2,4,2008,2008-12-02,0.54,0.55943483
2,4,2008,2008-12-10,0.35,0.4396227
2,4,2008,2008-12-18,0.07,0.18406153
2,4,2008,2008-12-26,0.02,0.014451832
2,4,2009,2009-07-04,0.04,0.13225615
2,4,2009,2009-07-12,0.04,0.078366965
2,4,2009,2009-07-20,0.04,0.07391879
2,4,2009,2009-07-28,0.08,0.067198634
2,4,2009,2009-08-05,0.04,0.10702866
2,4,2009,2009-08-13,0.03,0.07995227
2,4,2009,2009-08-21,0.03,0.07713756
2,4,2009,2009-08-29,0.08,0.080038816
2,4,2009,2009-09-06,0.11,0.13946235
2,4,2009,2009-09-14,0.25,0.2076138
2,4,2009,2009-09-22,0.51,0.36648798
2,4,2009,2009-09-30,0.48,0.6139077
2,4,2009,2009-10-08,0.63,0.57479143
2,4,2009,2009-10-16,0.7,0.68253595
2,4,2009,2009-10-24,0.73,0.74590063
2,4,2009,2009-11-01,0.75,0.7475859
2,4,2009,2009-11-09,0.7,0.73872906
2,4,2009,2009-11-17,0.69,0.6472379
2,4,2009,2009-11-25,0.47,0.6159686
2,4,2009,2009-12-03,0.1,0.35009778
2,4,2009,2009-12-11,0.07,0.030617833
2,4,2009,2009-12-19,0.06,0.026886553
2,4,2009,2009-12-27,0.02,0.009853214
2,4,2010,2010-07-04,0.03,0.07430354
2,4,2010,2010-07-12,0.04,0.059621245
2,4,2010,2010-07-20,0.04,0.07143709
2,4,2010,2010-07-28,0.02,0.07693127
2,4,2010,2010-08-05,0.03,0.07334104
2,4,2010,2010-08-13,0.04,0.06883019
2,4,2010,2010-08-21,0.1,0.07450947
2,4,2010,2010-08-29,0.01,0.13031727
2,4,2010,2010-09-06,0.01,0.071178466
2,4,2010,2010-09-14,0.04,0.06981525
2,4,2010,2010-09-22,0.04,0.12595123
2,4,2010,2010-09-30,0.25,0.20350675
2,4,2010,2010-10-08,0.45,0.3814463
2,4,2010,2010-10-16,0.5,0.58735704
2,4,2010,2010-10-24,0.66,0.61974597
2,4,2010,2010-11-01,0.68,0.71722496
2,4,2010,2010-11-09,0.72,0.7062664
2,4,2010,2010-11-17,0.73,0.7020749
2,4,2010,2010-11-25,0.54,0.68044996
2,4,2010,2010-12-03,0.46,0.3856343
2,4,2010,2010-12-11,0.07,0.18597522
2,4,2010,2010-12-19,0.07,0.012877196
2,4,2010,2010-12-27,0.07,0.03775707
2,4,2011,2011-07-04,0.03,0.04657635
2,4,2011,2011-07-12,0.03,0.038290113
2,4,2011,2011-07-20,0.02,0.04013595
2,4,2011,2011-07-28,0.01,0.034113288
2,4,2011,2011-08-05,0.05,0.019475847
2,4,2011,2011-08-13,0.03,0.06396055
2,4,2011,2011-08-21,0.01,0.045769453
2,4,2011,2011-08-29,0.25,0.047689974
2,4,2011,2011-09-06,0.37,0.2789358
2,4,2011,2011-09-14,0.51,0.4005319
2,4,2011,2011-09-22,0.77,0.5601746
2,4,2011,2011-09-30,0.81,0.7748492
2,4,2011,2011-10-08,0.77,0.814546
2,4,2011,2011-10-16,0.78,0.7900423
2,4,2011,2011-10-24,0.77,0.7695009
2,4,2011,2011-11-01,0.8,0.77446914
2,4,2011,2011-11-09,0.78,0.78961265
2,4,2011,2011-11-17,0.77,0.7603649
2,4,2011,2011-11-25,0.65,0.7344154
2,4,2011,2011-12-03,0.73,0.5139718
2,4,2011,2011-12-11,0.35,0.5997294
2,4,2011,2011-12-19,0.06,0.16058245
2,4,2011,2011-12-27,0.12,0.019959658
2,4,2012,2012-07-03,0.04,0.09242296
2,4,2012,2012-07-11,0.05,0.081747144
2,4,2012,2012-07-19,0.05,0.09408671
2,4,2012,2012-07-27,0.17,0.09229326
2,4,2012,2012-08-04,0.01,0.20024115
2,4,2012,2012-08-12,0.01,0.08793989
2,4,2012,2012-08-20,0.15,0.06091547
2,4,2012,2012-08-28,0.06,0.16242926
2,4,2012,2012-09-05,0.2,0.17598009
2,4,2012,2012-09-13,0.29,0.33115107
2,4,2012,2012-09-21,0.37,0.43365586
2,4,2012,2012-09-29,0.56,0.55646676
2,4,2012,2012-10-07,0.6,0.6867595
2,4,2012,2012-10-15,0.64,0.6817708
2,4,2012,2012-10-23,0.69,0.67882854
2,4,2012,2012-10-31,0.64,0.69402766
2,4,2012,2012-11-08,0.61,0.6334678
2,4,2012,2012-11-16,0.62,0.56154305
2,4,2012,2012-11-24,0.45,0.55975825
2,4,2012,2012-12-02,0.21,0.34945148
2,4,2012,2012-12-10,0.1,0.12923843
2,4,2012,2012-12-18,0.0,0.014807135
2,4,2012,2012-12-26,0.01,-0.021385282
2,7,2001,2001-07-04,0.3,0.23698291
2,7,2001,2001-07-12,0.18,0.27917945
2,7,2001,2001-07-20,0.19,0.18831253
2,7,2001,2001-07-28,0.13,0.175922
2,7,2001,2001-08-05,0.15,0.15276556
2,7,2001,2001-08-13,0.18,0.1616576
2,7,2001,2001-08-21,0.33,0.20508493
2,7,2001,2001-08-29,0.34,0.32633546
2,7,2001,2001-09-06,0.3,0.3460755
2,7,2001,2001-09-14,0.33,0.28644264
2,7,2001,2001-09-22,0.29,0.28122237
2,7,2001,2001-09-30,0.31,0.2710077
2,7,2001,2001-10-08,0.25,0.26828554
2,7,2001,2001-10-16,0.29,0.24053487
2,7,2001,2001-10-24,0.18,0.24576458
2,7,2001,2001-11-01,0.05,0.15329897
2,7,2001,2001-11-09,0.13,0.077265054
2,7,2001,2001-11-17,0.03,0.0988989
2,7,2001,2001-11-25,0.11,0.06803456
2,7,2001,2001-12-03,0.1,0.12213361
2,7,2001,2001-12-11,0.12,0.108585745
2,7,2001,2001-12-19,0.13,0.12520128
2,7,2001,2001-12-27,0.11,0.13389862
2,7,2002,2002-07-04,0.33,0.38813758
2,7,2002,2002-07-12,0.33,0.34259135
2,7,2002,2002-07-20,0.19,0.2878864
2,7,2002,2002-07-28,0.18,0.18570466
2,7,2002,2002-08-05,0.23,0.15858878
2,7,2002,2002-08-13,0.37,0.20523208
2,7,2002,2002-08-21,0.37,0.34169918
2,7,2002,2002-08-29,0.33,0.39380252
2,7,2002,2002-09-06,0.26,0.35274723
2,7,2002,2002-09-14,0.42,0.25870782
2,7,2002,2002-09-22,0.44,0.371123
2,7,2002,2002-09-30,0.38,0.4078427
2,7,2002,2002-10-08,0.38,0.372262
2,7,2002,2002-10-16,0.34,0.3280759
2,7,2002,2002-10-24,0.16,0.30861259
2,7,2002,2002-11-01,0.2,0.16823708
2,7,2002,2002-11-09,0.16,0.14349549
2,7,2002,2002-11-17,0.14,0.15015101
2,7,2002,2002-11-25,0.13,0.14004968
2,7,2002,2002-12-03,0.1,0.14518076
2,7,2002,2002-12-11,0.06,0.12638827
2,7,2002,2002-12-19,0.11,0.103129566
2,7,2002,2002-12-27,0.13,0.13206089
2,7,2003,2003-07-04,0.32,0.40106487
2,7,2003,2003-07-12,0.47,0.33608475
2,7,2003,2003-07-20,0.48,0.3829214
2,7,2003,2003-07-28,0.55,0.4072155
2,7,2003,2003-08-05,0.41,0.4537252
2,7,2003,2003-08-13,0.37,0.39593285
2,7,2003,2003-08-21,0.42,0.37435803
2,7,2003,2003-08-29,0.4,0.38515344
2,7,2003,2003-09-06,0.4,0.3823176
2,7,2003,2003-09-14,0.47,0.36440706
2,7,2003,2003-09-22,0.45,0.42228633
2,7,2003,2003-09-30,0.46,0.43842593
2,7,2003,2003-10-08,0.4,0.4323691
2,7,2003,2003-10-16,0.35,0.38688496
2,7,2003,2003-10-24,0.38,0.34316358
2,7,2003,2003-11-01,0.23,0.31862125
2,7,2003,2003-11-09,0.12,0.25332057
2,7,2003,2003-11-17,0.18,0.17706934
2,7,2003,2003-11-25,0.21,0.17669067
2,7,2003,2003-12-03,0.25,0.20227161
2,7,2003,2003-12-11,0.14,0.23309875
2,7,2003,2003-12-19,0.14,0.1805
2,7,2003,2003-12-27,0.11,0.16583693
2,7,2004,2004-07-03,0.41,0.4566629
2,7,2004,2004-07-11,0.5,0.380607
2,7,2004,2004-07-19,0.48,0.44054317
2,7,2004,2004-07-27,0.48,0.45977885
2,7,2004,2004-08-04,0.45,0.47528425
2,7,2004,2004-08-12,0.4,0.42470902
2,7,2004,2004-08-20,0.35,0.37834275
2,7,2004,2004-08-28,0.51,0.34610268
2,7,2004,2004-09-05,0.47,0.43327767
2,7,2004,2004-09-13,0.49,0.44616875
2,7,2004,2004-09-21,0.39,0.4666334
2,7,2004,2004-09-29,0.38,0.4029039
2,7,2004,2004-10-07,0.34,0.37682375
2,7,2004,2004-10-15,0.32,0.3355859
2,7,2004,2004-10-23,0.27,0.31615815
2,7,2004,2004-10-31,0.29,0.2894604
2,7,2004,2004-11-08,0.09,0.2744218
2,7,2004,2004-11-16,0.25,0.16581385
2,7,2004,2004-11-24,0.16,0.21189594
2,7,2004,2004-12-02,0.11,0.20247233
2,7,2004,2004-12-10,0.11,0.18819924
2,7,2004,2004-12-18,0.29,0.15115875
2,7,2004,2004-12-26,0.22,0.23531571
2,7,2005,2005-07-04,0.6,0.43158013
2,7,2005,2005-07-12,0.48,0.4906427
2,7,2005,2005-07-20,0.59,0.47814953
2,7,2005,2005-07-28,0.58,0.5213698
2,7,2005,2005-08-05,0.61,0.52546006
2,7,2005,2005-08-13,0.38,0.5446458
2,7,2005,2005-08-21,0.41,0.40891325
2,7,2005,2005-08-29,0.46,0.36309168
2,7,2005,2005-09-06,0.45,0.41549236
2,7,2005,2005-09-14,0.54,0.4423287
2,7,2005,2005-09-22,0.57,0.48913804
2,7,2005,2005-09-30,0.42,0.5007103
2,7,2005,2005-10-08,0.43,0.42677495
2,7,2005,2005-10-16,0.46,0.38574898
2,7,2005,2005-10-24,0.39,0.39757943
2,7,2005,2005-11-01,0.27,0.373195
2,7,2005,2005-11-09,0.27,0.29923683
2,7,2005,2005-11-17,0.33,0.24124125
2,7,2005,2005-11-25,0.23,0.29070953
2,7,2005,2005-12-03,0.11,0.25870308
2,7,2005,2005-12-11,0.17,0.17855468
2,7,2005,2005-12-19,0.17,0.16820985
2,7,2005,2005-12-27,0.27,0.20850646
2,7,2006,2006-07-04,0.58,0.41108125
2,7,2006,2006-07-12,0.45,0.52968866
2,7,2006,2006-07-20,0.48,0.45733833
2,7,2006,2006-07-28,0.4,0.45810035
2,7,2006,2006-08-05,0.52,0.39273584
2,7,2006,2006-08-13,0.51,0.4775064
2,7,2006,2006-08-21,0.46,0.44538006
2,7,2006,2006-08-29,0.4,0.42092597
2,7,2006,2006-09-06,0.37,0.37679043
2,7,2006,2006-09-14,0.49,0.3572425
2,7,2006,2006-09-22,0.46,0.4455858
2,7,2006,2006-09-30,0.29,0.4591121
2,7,2006,2006-10-08,0.39,0.32751107
2,7,2006,2006-10-16,0.29,0.32812977
2,7,2006,2006-10-24,0.16,0.30127192
2,7,2006,2006-11-01,0.2,0.22377062
2,7,2006,2006-11-09,0.12,0.1863034
2,7,2006,2006-11-17,0.14,0.15893304
2,7,2006,2006-11-25,0.12,0.18289597
2,7,2006,2006-12-03,0.1,0.16230112
2,7,2006,2006-12-11,0.13,0.13109764
2,7,2006,2006-12-19,0.17,0.14688674
2,7,2006,2006-12-27,0.37,0.18184444
2,7,2007,2007-07-04,0.66,0.56610376
2,7,2007,2007-07-12,0.55,0.60558116
2,7,2007,2007-07-20,0.49,0.52895516
2,7,2007,2007-07-28,0.67,0.45882937
2,7,2007,2007-08-05,0.68,0.535963
2,7,2007,2007-08-13,0.66,0.5997133
2,7,2007,2007-08-21,0.53,0.60218704
2,7,2007,2007-08-29,0.5,0.5094081
2,7,2007,2007-09-06,0.42,0.44412345
2,7,2007,2007-09-14,0.56,0.38502148
2,7,2007,2007-09-22,0.48,0.4826924
2,7,2007,2007-09-30,0.45,0.4671758
2,7,2007,2007-10-08,0.46,0.41513187
2,7,2007,2007-10-16,0.39,0.40571904
2,7,2007,2007-10-24,0.37,0.36957648
2,7,2007,2007-11-01,0.41,0.3276705
2,7,2007,2007-11-09,0.21,0.34040082
2,7,2007,2007-11-17,0.11,0.25118273
2,7,2007,2007-11-25,0.12,0.1694155
2,7,2007,2007-12-03,0.31,0.14141354
2,7,2007,2007-12-11,0.22,0.23864117
2,7,2007,2007-12-19,0.16,0.23892245
2,7,2007,2007-12-27,0.13,0.2077797
2,7,2008,2008-07-03,0.62,0.64933217
2,7,2008,2008-07-11,0.59,0.610671
2,7,2008,2008-07-19,0.6,0.55812347
2,7,2008,2008-07-27,0.48,0.5331413
2,7,2008,2008-08-04,0.57,0.49787784
2,7,2008,2008-08-12,0.69,0.55188656
2,7,2008,2008-08-20,0.5,0.6391008
2,7,2008,2008-08-28,0.54,0.5191076
2,7,2008,2008-09-05,0.57,0.48762664
2,7,2008,2008-09-13,0.5,0.49210688
2,7,2008,2008-09-21,0.49,0.5056105
2,7,2008,2008-09-29,0.39,0.47361463
2,7,2008,2008-10-07,0.39,0.39373574
2,7,2008,2008-10-15,0.32,0.37634224
2,7,2008,2008-10-23,0.37,0.325922
2,7,2008,2008-10-31,0.24,0.34976348
2,7,2008,2008-11-08,0.27,0.2886757
2,7,2008,2008-11-16,0.15,0.25731003
2,7,2008,2008-11-24,0.2,0.1680258
2,7,2008,2008-12-02,0.21,0.1867003
2,7,2008,2008-12-10,0.21,0.23902531
2,7,2008,2008-12-18,0.24,0.24588025
2,7,2008,2008-12-26,0.41,0.24144922
2,7,2009,2009-07-04,0.59,0.50590646
2,7,2009,2009-07-12,0.84,0.5577509
2,7,2009,2009-07-20,0.68,0.7651851
2,7,2009,2009-07-28,0.48,0.68376684
2,7,2009,2009-08-05,0.48,0.4819306
2,7,2009,2009-08-13,0.52,0.4180464
2,7,2009,2009-08-21,0.52,0.5148603
2,7,2009,2009-08-29,0.56,0.5113806
2,7,2009,2009-09-06,0.59,0.53824747
2,7,2009,2009-09-14,0.53,0.57145834
2,7,2009,2009-09-22,0.54,0.5270996
2,7,2009,2009-09-30,0.54,0.5120891
2,7,2009,2009-10-08,0.49,0.49181357
2,7,2009,2009-10-16,0.48,0.46700412
2,7,2009,2009-10-24,0.36,0.43992525
2,7,2009,2009-11-01,0.24,0.36795384
2,7,2009,2009-11-09,0.19,0.24934888
2,7,2009,2009-11-17,0.17,0.20071433
2,7,2009,2009-11-25,0.16,0.17451972
2,7,2009,2009-12-03,0.16,0.18771204
2,7,2009,2009-12-11,0.17,0.19522606
2,7,2009,2009-12-19,0.25,0.20701483
2,7,2009,2009-12-27,0.23,0.2651162
2,7,2010,2010-07-04,0.66,0.7035682
2,7,2010,2010-07-12,0.7,0.65336096
2,7,2010,2010-07-20,0.77,0.6818999
2,7,2010,2010-07-28,0.75,0.6987431
2,7,2010,2010-08-05,0.82,0.6741085
2,7,2010,2010-08-13,0.72,0.7028546
2,7,2010,2010-08-21,0.68,0.67232704
2,7,2010,2010-08-29,0.62,0.6442909
2,7,2010,2010-09-06,0.51,0.60216546
2,7,2010,2010-09-14,0.53,0.5394078
2,7,2010,2010-09-22,0.5,0.51476824
2,7,2010,2010-09-30,0.64,0.49700627
2,7,2010,2010-10-08,0.81,0.5657614
2,7,2010,2010-10-16,0.71,0.665766
2,7,2010,2010-10-24,0.59,0.65828645
2,7,2010,2010-11-01,0.48,0.5790721
2,7,2010,2010-11-09,0.44,0.46273032
2,7,2010,2010-11-17,0.41,0.40622553
2,7,2010,2010-11-25,0.32,0.38295838
2,7,2010,2010-12-03,0.32,0.34033453
2,7,2010,2010-12-11,0.22,0.31999984
2,7,2010,2010-12-19,0.25,0.2737797
2,7,2010,2010-12-27,0.36,0.27803954
2,7,2011,2011-07-04,0.59,0.7130748
2,7,2011,2011-07-12,0.62,0.60375226
2,7,2011,2011-07-20,0.62,0.5819539
2,7,2011,2011-07-28,0.61,0.5999743
2,7,2011,2011-08-05,0.61,0.6068398
2,7,2011,2011-08-13,0.71,0.6107647
2,7,2011,2011-08-21,0.53,0.6539568
2,7,2011,2011-08-29,0.68,0.5600446
2,7,2011,2011-09-06,0.58,0.60831225
2,7,2011,2011-09-14,0.62,0.54871976
2,7,2011,2011-09-22,0.55,0.5749159
2,7,2011,2011-09-30,0.55,0.52860713
2,7,2011,2011-10-08,0.48,0.5476834
2,7,2011,2011-10-16,0.42,0.530052
2,7,2011,2011-10-24,0.29,0.47237048
2,7,2011,2011-11-01,0.33,0.34794164
2,7,2011,2011-11-09,0.33,0.31821066
2,7,2011,2011-11-17,0.27,0.32879105
2,7,2011,2011-11-25,0.2,0.31330246
2,7,2011,2011-12-03,0.25,0.25315768
2,7,2011,2011-12-11,0.27,0.25936997
2,7,2011,2011-12-19,0.24,0.26883152
2,7,2011,2011-12-27,0.34,0.26855496
2,7,2012,2012-07-03,0.79,0.6491481
2,7,2012,2012-07-11,0.73,0.7119932
2,7,2012,2012-07-19,0.68,0.69729036
2,7,2012,2012-07-27,0.66,0.66358924
2,7,2012,2012-08-04,0.71,0.6356974
2,7,2012,2012-08-12,0.63,0.66519976
2,7,2012,2012-08-20,0.7,0.6414914
2,7,2012,2012-08-28,0.63,0.64672303
2,7,2012,2012-09-05,0.63,0.6290257
2,7,2012,2012-09-13,0.64,0.61047065
2,7,2012,2012-09-21,0.52,0.6179219
2,7,2012,2012-09-29,0.58,0.53665113
2,7,2012,2012-10-07,0.52,0.5512632
2,7,2012,2012-10-15,0.51,0.5089098
2,7,2012,2012-10-23,0.43,0.49428266
2,7,2012,2012-10-31,0.22,0.41588098
2,7,2012,2012-11-08,0.22,0.2921294
2,7,2012,2012-11-16,0.25,0.24944702
2,7,2012,2012-11-24,0.23,0.2583165
2,7,2012,2012-12-02,0.24,0.25426504
2,7,2012,2012-12-10,0.26,0.2630136
2,7,2012,2012-12-18,0.24,0.28194147
2,7,2012,2012-12-26,0.42,0.2749353
2,8,2001,2001-07-04,0.14,0.12755921
2,8,2001,2001-07-12,0.1,0.15853646
2,8,2001,2001-07-20,0.1,0.12715451
2,8,2001,2001-07-28,0.08,0.123873144
2,8,2001,2001-08-05,0.11,0.119629726
2,8,2001,2001-08-13,0.12,0.12851001
2,8,2001,2001-08-21,0.18,0.1466133
2,8,2001,2001-08-29,0.19,0.19526672
2,8,2001,2001-09-06,0.18,0.20505959
2,8,2001,2001-09-14,0.16,0.18049201
2,8,2001,2001-09-22,0.18,0.16400675
2,8,2001,2001-09-30,0.22,0.18724424
2,8,2001,2001-10-08,0.22,0.21266878
2,8,2001,2001-10-16,0.22,0.22849192
2,8,2001,2001-10-24,0.16,0.22306302
2,8,2001,2001-11-01,0.08,0.15732953
2,8,2001,2001-11-09,0.11,0.084288985
2,8,2001,2001-11-17,0.06,0.098265916
2,8,2001,2001-11-25,0.11,0.08601156
2,8,2001,2001-12-03,0.07,0.118597
2,8,2001,2001-12-11,0.07,0.087970346
2,8,2001,2001-12-19,0.05,0.08320016
2,8,2001,2001-12-27,0.03,0.07479507
2,8,2002,2002-07-04,0.12,0.23020333
2,8,2002,2002-07-12,0.12,0.15919432
2,8,2002,2002-07-20,0.1,0.12364997
2,8,2002,2002-07-28,0.06,0.10516618
2,8,2002,2002-08-05,0.12,0.082754105
2,8,2002,2002-08-13,0.24,0.12982202
2,8,2002,2002-08-21,0.24,0.23082334
2,8,2002,2002-08-29,0.21,0.25859368
2,8,2002,2002-09-06,0.15,0.22278675
2,8,2002,2002-09-14,0.23,0.15500495
2,8,2002,2002-09-22,0.25,0.20293196
2,8,2002,2002-09-30,0.24,0.23787269
2,8,2002,2002-10-08,0.19,0.24599466
2,8,2002,2002-10-16,0.24,0.19446984
2,8,2002,2002-10-24,0.14,0.22158587
2,8,2002,2002-11-01,0.17,0.14412561
2,8,2002,2002-11-09,0.13,0.1401584
2,8,2002,2002-11-17,0.11,0.1254302
2,8,2002,2002-11-25,0.09,0.11209895
2,8,2002,2002-12-03,0.09,0.107655555
2,8,2002,2002-12-11,0.03,0.101831704
2,8,2002,2002-12-19,0.09,0.06361833
2,8,2002,2002-12-27,0.07,0.096484184
2,8,2003,2003-07-04,0.1,0.1830925
2,8,2003,2003-07-12,0.25,0.13597724
2,8,2003,2003-07-20,0.29,0.21034987
2,8,2003,2003-07-28,0.31,0.25371665
2,8,2003,2003-08-05,0.28,0.2754183
2,8,2003,2003-08-13,0.18,0.25858033
2,8,2003,2003-08-21,0.22,0.2142207
2,8,2003,2003-08-29,0.22,0.22081754
2,8,2003,2003-09-06,0.21,0.21877599
2,8,2003,2003-09-14,0.27,0.20504218
2,8,2003,2003-09-22,0.24,0.25164878
2,8,2003,2003-09-30,0.24,0.2521833
2,8,2003,2003-10-08,0.22,0.2447214
2,8,2003,2003-10-16,0.29,0.21336499
2,8,2003,2003-10-24,0.2,0.26463568
2,8,2003,2003-11-01,0.14,0.20789427
2,8,2003,2003-11-09,0.11,0.16066885
2,8,2003,2003-11-17,0.14,0.12476249
2,8,2003,2003-11-25,0.14,0.1426971
2,8,2003,2003-12-03,0.11,0.14724629
2,8,2003,2003-12-11,0.12,0.1339439
2,8,2003,2003-12-19,0.05,0.12381755
2,8,2003,2003-12-27,0.04,0.0958918
2,8,2004,2004-07-03,0.17,0.22953224
2,8,2004,2004-07-11,0.25,0.16972789
2,8,2004,2004-07-19,0.31,0.23844618
2,8,2004,2004-07-27,0.31,0.30066308
2,8,2004,2004-08-04,0.24,0.32100806
2,8,2004,2004-08-12,0.18,0.2539111
2,8,2004,2004-08-20,0.18,0.17758709
2,8,2004,2004-08-28,0.32,0.17482986
2,8,2004,2004-09-05,0.25,0.27534795
2,8,2004,2004-09-13,0.28,0.26336303
2,8,2004,2004-09-21,0.28,0.27557266
2,8,2004,2004-09-29,0.21,0.26367635
2,8,2004,2004-10-07,0.25,0.22513458
2,8,2004,2004-10-15,0.22,0.22839986
2,8,2004,2004-10-23,0.19,0.2320453
2,8,2004,2004-10-31,0.17,0.20168442
2,8,2004,2004-11-08,0.06,0.1672819
2,8,2004,2004-11-16,0.18,0.10250743
2,8,2004,2004-11-24,0.12,0.16447535
2,8,2004,2004-12-02,0.08,0.15201055
2,8,2004,2004-12-10,0.06,0.12376398
2,8,2004,2004-12-18,0.15,0.099653766
2,8,2004,2004-12-26,0.15,0.13844717
2,8,2005,2005-07-04,0.31,0.3427747
2,8,2005,2005-07-12,0.3,0.29786366
2,8,2005,2005-07-20,0.27,0.29391107
2,8,2005,2005-07-28,0.36,0.27357972
2,8,2005,2005-08-05,0.33,0.33502796
2,8,2005,2005-08-13,0.24,0.3160305
2,8,2005,2005-08-21,0.18,0.24316224
2,8,2005,2005-08-29,0.16,0.18435225
2,8,2005,2005-09-06,0.26,0.19463941
2,8,2005,2005-09-14,0.31,0.25184605
2,8,2005,2005-09-22,0.3,0.30474898
2,8,2005,2005-09-30,0.24,0.3069298
2,8,2005,2005-10-08,0.29,0.2489017
2,8,2005,2005-10-16,0.36,0.26602414
2,8,2005,2005-10-24,0.25,0.31779438
2,8,2005,2005-11-01,0.24,0.2677624
2,8,2005,2005-11-09,0.23,0.22908951
2,8,2005,2005-11-17,0.2,0.19845614
2,8,2005,2005-11-25,0.22,0.2096754
2,8,2005,2005-12-03,0.1,0.2137456
2,8,2005,2005-12-11,0.1,0.1455585
2,8,2005,2005-12-19,0.15,0.12080851
2,8,2005,2005-12-27,0.16,0.16085735
2,8,2006,2006-07-04,0.33,0.25877404
2,8,2006,2006-07-12,0.3,0.2991696
2,8,2006,2006-07-20,0.33,0.2870924
2,8,2006,2006-07-28,0.22,0.29722962
2,8,2006,2006-08-05,0.3,0.24095601
2,8,2006,2006-08-13,0.28,0.27316156
2,8,2006,2006-08-21,0.27,0.25327677
2,8,2006,2006-08-29,0.25,0.23801953
2,8,2006,2006-09-06,0.24,0.21681422
2,8,2006,2006-09-14,0.29,0.23553704
2,8,2006,2006-09-22,0.28,0.28276628
2,8,2006,2006-09-30,0.25,0.2820645
2,8,2006,2006-10-08,0.26,0.24149537
2,8,2006,2006-10-16,0.22,0.24429546
2,8,2006,2006-10-24,0.18,0.23967989
2,8,2006,2006-11-01,0.14,0.19218689
2,8,2006,2006-11-09,0.11,0.15313254
2,8,2006,2006-11-17,0.12,0.13434187
2,8,2006,2006-11-25,0.09,0.13936155
2,8,2006,2006-12-03,0.01,0.1307091
2,8,2006,2006-12-11,0.03,0.066617996
2,8,2006,2006-12-19,0.06,0.064560324
2,8,2006,2006-12-27,0.24,0.09305695
2,8,2007,2007-07-04,0.32,0.31530082
2,8,2007,2007-07-12,0.27,0.31800354
2,8,2007,2007-07-20,0.36,0.2771246
2,8,2007,2007-07-28,0.4,0.323009
2,8,2007,2007-08-05,0.4,0.34568235
2,8,2007,2007-08-13,0.3,0.37081125
2,8,2007,2007-08-21,0.26,0.30164877
2,8,2007,2007-08-29,0.25,0.2521593
2,8,2007,2007-09-06,0.21,0.23244044
2,8,2007,2007-09-14,0.31,0.21787214
2,8,2007,2007-09-22,0.25,0.28418082
2,8,2007,2007-09-30,0.25,0.26861587
2,8,2007,2007-10-08,0.25,0.252698
2,8,2007,2007-10-16,0.23,0.24244742
2,8,2007,2007-10-24,0.23,0.23197468
2,8,2007,2007-11-01,0.25,0.22133672
2,8,2007,2007-11-09,0.16,0.22591783
2,8,2007,2007-11-17,0.18,0.17837994
2,8,2007,2007-11-25,0.04,0.17708111
2,8,2007,2007-12-03,0.21,0.10388425
2,8,2007,2007-12-11,0.12,0.1636208
2,8,2007,2007-12-19,0.04,0.13747628
2,8,2007,2007-12-27,0.03,0.10120207
2,8,2008,2008-07-03,0.32,0.33466733
2,8,2008,2008-07-11,0.28,0.30448857
2,8,2008,2008-07-19,0.32,0.25811073
2,8,2008,2008-07-27,0.27,0.29307252
2,8,2008,2008-08-04,0.3,0.2852384
2,8,2008,2008-08-12,0.36,0.2977884
2,8,2008,2008-08-20,0.27,0.31449825
2,8,2008,2008-08-28,0.3,0.25939375
2,8,2008,2008-09-05,0.32,0.26026496
2,8,2008,2008-09-13,0.43,0.2736765
2,8,2008,2008-09-21,0.26,0.38731802
2,8,2008,2008-09-29,0.18,0.28092816
2,8,2008,2008-10-07,0.19,0.18523213
2,8,2008,2008-10-15,0.2,0.1704562
2,8,2008,2008-10-23,0.21,0.19805297
2,8,2008,2008-10-31,0.07,0.21392122
2,8,2008,2008-11-08,0.18,0.13388763
2,8,2008,2008-11-16,0.06,0.16219592
2,8,2008,2008-11-24,0.05,0.10869224
2,8,2008,2008-12-02,0.06,0.074780375
2,8,2008,2008-12-10,0.1,0.101695
2,8,2008,2008-12-18,0.14,0.1225802
2,8,2008,2008-12-26,0.18,0.13698056
2,8,2009,2009-07-04,0.34,0.2978411
2,8,2009,2009-07-12,0.54,0.3140982
2,8,2009,2009-07-20,0.37,0.4678505
2,8,2009,2009-07-28,0.36,0.3825349
2,8,2009,2009-08-05,0.31,0.3169093
2,8,2009,2009-08-13,0.3,0.2667681
2,8,2009,2009-08-21,0.3,0.29068786
2,8,2009,2009-08-29,0.33,0.2750926
2,8,2009,2009-09-06,0.36,0.30582577
2,8,2009,2009-09-14,0.29,0.340494
2,8,2009,2009-09-22,0.33,0.31840318
2,8,2009,2009-09-30,0.33,0.2908613
2,8,2009,2009-10-08,0.29,0.27286148
2,8,2009,2009-10-16,0.27,0.25843453
2,8,2009,2009-10-24,0.17,0.24876614
2,8,2009,2009-11-01,0.15,0.18534619
2,8,2009,2009-11-09,0.09,0.1357368
2,8,2009,2009-11-17,0.14,0.11962691
2,8,2009,2009-11-25,0.13,0.13539055
2,8,2009,2009-12-03,0.05,0.13582301
2,8,2009,2009-12-11,0.06,0.090857685
2,8,2009,2009-12-19,0.11,0.09590493
2,8,2009,2009-12-27,0.09,0.13670906
2,8,2010,2010-07-04,0.34,0.37312543
2,8,2010,2010-07-12,0.32,0.3271222
2,8,2010,2010-07-20,0.36,0.34019658
2,8,2010,2010-07-28,0.32,0.33751494
2,8,2010,2010-08-05,0.45,0.30981907
2,8,2010,2010-08-13,0.38,0.37773037
2,8,2010,2010-08-21,0.4,0.35990766
2,8,2010,2010-08-29,0.31,0.36386013
2,8,2010,2010-09-06,0.37,0.3051883
2,8,2010,2010-09-14,0.31,0.34032837
2,8,2010,2010-09-22,0.27,0.29916912
2,8,2010,2010-09-30,0.31,0.27412415
2,8,2010,2010-10-08,0.4,0.28783894
2,8,2010,2010-10-16,0.43,0.35508442
2,8,2010,2010-10-24,0.32,0.38900638
2,8,2010,2010-11-01,0.17,0.3050946
2,8,2010,2010-11-09,0.17,0.18256325
2,8,2010,2010-11-17,0.21,0.14897674
2,8,2010,2010-11-25,0.14,0.19241291
2,8,2010,2010-12-03,0.16,0.17461593
2,8,2010,2010-12-11,0.18,0.16096793
2,8,2010,2010-12-19,0.09,0.16949517
2,8,2010,2010-12-27,0.22,0.13966392
2,8,2011,2011-07-04,0.31,0.36859754
2,8,2011,2011-07-12,0.29,0.31189257
2,8,2011,2011-07-20,0.29,0.27758855
2,8,2011,2011-07-28,0.3,0.28510958
2,8,2011,2011-08-05,0.34,0.2963317
2,8,2011,2011-08-13,0.36,0.34550765
2,8,2011,2011-08-21,0.25,0.35610977
2,8,2011,2011-08-29,0.32,0.29305
2,8,2011,2011-09-06,0.33,0.28784078
2,8,2011,2011-09-14,0.35,0.31679377
2,8,2011,2011-09-22,0.3,0.33618096
2,8,2011,2011-09-30,0.28,0.2979287
2,8,2011,2011-10-08,0.21,0.27990907
2,8,2011,2011-10-16,0.26,0.25409964
2,8,2011,2011-10-24,0.19,0.2816347
2,8,2011,2011-11-01,0.21,0.23128177
2,8,2011,2011-11-09,0.22,0.20196077
2,8,2011,2011-11-17,0.21,0.2043024
2,8,2011,2011-11-25,0.13,0.22299181
2,8,2011,2011-12-03,0.21,0.17363128
2,8,2011,2011-12-11,0.13,0.20075251
2,8,2011,2011-12-19,0.08,0.1749736
2,8,2011,2011-12-27,0.17,0.13114482
2,8,2012,2012-07-03,0.4,0.3221663
2,8,2012,2012-07-11,0.37,0.36100352
2,8,2012,2012-07-19,0.4,0.34984913
2,8,2012,2012-07-27,0.35,0.36517435
2,8,2012,2012-08-04,0.37,0.33992833
2,8,2012,2012-08-12,0.29,0.35304627
2,8,2012,2012-08-20,0.29,0.30992725
2,8,2012,2012-08-28,0.32,0.27758607
2,8,2012,2012-09-05,0.41,0.2997167
2,8,2012,2012-09-13,0.31,0.37499648
2,8,2012,2012-09-21,0.31,0.34049177
2,8,2012,2012-09-29,0.41,0.3041858
2,8,2012,2012-10-07,0.46,0.3498886
2,8,2012,2012-10-15,0.32,0.39837968
2,8,2012,2012-10-23,0.29,0.33658212
2,8,2012,2012-10-31,0.19,0.27237225
2,8,2012,2012-11-08,0.17,0.20757788
2,8,2012,2012-11-16,0.2,0.19229932
2,8,2012,2012-11-24,0.15,0.20708291
2,8,2012,2012-12-02,0.15,0.17913699
2,8,2012,2012-12-10,0.15,0.18214399
2,8,2012,2012-12-18,0.05,0.17082
2,8,2012,2012-12-26,0.3,0.11470398
2,9,2001,2001-07-04,0.11,0.109181255
2,9,2001,2001-07-12,0.05,0.12921885
2,9,2001,2001-07-20,0.04,0.07586765
2,9,2001,2001-07-28,0.04,0.07309911
2,9,2001,2001-08-05,0.05,0.08085069
2,9,2001,2001-08-13,0.04,0.074766666
2,9,2001,2001-08-21,0.1,0.083835036
2,9,2001,2001-08-29,0.18,0.14006516
2,9,2001,2001-09-06,0.14,0.21166281
2,9,2001,2001-09-14,0.09,0.16321641
2,9,2001,2001-09-22,0.14,0.11181906
2,9,2001,2001-09-30,0.21,0.14347094
2,9,2001,2001-10-08,0.18,0.20873378
2,9,2001,2001-10-16,0.14,0.19654396
2,9,2001,2001-10-24,0.11,0.16858995
2,9,2001,2001-11-01,0.08,0.1254964
2,9,2001,2001-11-09,0.07,0.08861622
2,9,2001,2001-11-17,0.02,0.06990981
2,9,2001,2001-11-25,0.12,0.05235809
2,9,2001,2001-12-03,0.03,0.12524337
2,9,2001,2001-12-11,0.06,0.058838397
2,9,2001,2001-12-19,0.03,0.07575002
2,9,2001,2001-12-27,0.03,0.052582413
2,9,2002,2002-07-04,0.21,0.27498212
2,9,2002,2002-07-12,0.2,0.21472628
2,9,2002,2002-07-20,0.1,0.1688399
2,9,2002,2002-07-28,0.09,0.0947319
2,9,2002,2002-08-05,0.12,0.08853325
2,9,2002,2002-08-13,0.26,0.11611174
2,9,2002,2002-08-21,0.26,0.23380488
2,9,2002,2002-08-29,0.17,0.25847322
2,9,2002,2002-09-06,0.1,0.1977853
2,9,2002,2002-09-14,0.19,0.11150181
2,9,2002,2002-09-22,0.19,0.1595802
2,9,2002,2002-09-30,0.2,0.18881406
2,9,2002,2002-10-08,0.19,0.22117011
2,9,2002,2002-10-16,0.21,0.19590431
2,9,2002,2002-10-24,0.16,0.19459598
2,9,2002,2002-11-01,0.18,0.15141264
2,9,2002,2002-11-09,0.12,0.1587209
2,9,2002,2002-11-17,0.16,0.118666634
2,9,2002,2002-11-25,0.08,0.1380875
2,9,2002,2002-12-03,0.07,0.10739395
2,9,2002,2002-12-11,0.04,0.08060196
2,9,2002,2002-12-19,0.07,0.06374553
2,9,2002,2002-12-27,0.05,0.08020294
2,9,2003,2003-07-04,0.13,0.14766802
2,9,2003,2003-07-12,0.15,0.15690158
2,9,2003,2003-07-20,0.2,0.16483942
2,9,2003,2003-07-28,0.2,0.18505684
2,9,2003,2003-08-05,0.19,0.18631732
2,9,2003,2003-08-13,0.09,0.18675753
2,9,2003,2003-08-21,0.1,0.14318117
2,9,2003,2003-08-29,0.15,0.13851637
2,9,2003,2003-09-06,0.2,0.15357776
2,9,2003,2003-09-14,0.28,0.18440562
2,9,2003,2003-09-22,0.24,0.274512
2,9,2003,2003-09-30,0.24,0.2505933
2,9,2003,2003-10-08,0.23,0.23493674
2,9,2003,2003-10-16,0.22,0.21440558
2,9,2003,2003-10-24,0.17,0.21473604
2,9,2003,2003-11-01,0.12,0.1666938
2,9,2003,2003-11-09,0.05,0.13172328
2,9,2003,2003-11-17,0.12,0.073625684
2,9,2003,2003-11-25,0.06,0.13082445
2,9,2003,2003-12-03,0.05,0.084183514
2,9,2003,2003-12-11,0.05,0.074919134
2,9,2003,2003-12-19,0.03,0.064546496
2,9,2003,2003-12-27,0.05,0.06320903
2,9,2004,2004-07-03,0.14,0.11955136
2,9,2004,2004-07-11,0.14,0.13618878
2,9,2004,2004-07-19,0.25,0.1543104
2,9,2004,2004-07-27,0.24,0.24545547
2,9,2004,2004-08-04,0.11,0.24740994
2,9,2004,2004-08-12,0.11,0.14967197
2,9,2004,2004-08-20,0.12,0.10283324
2,9,2004,2004-08-28,0.16,0.115685225
2,9,2004,2004-09-05,0.18,0.16777751
2,9,2004,2004-09-13,0.21,0.20030914
2,9,2004,2004-09-21,0.22,0.23669624
2,9,2004,2004-09-29,0.19,0.23019558
2,9,2004,2004-10-07,0.22,0.20038918
2,9,2004,2004-10-15,0.19,0.20953062
2,9,2004,2004-10-23,0.14,0.19320679
2,9,2004,2004-10-31,0.1,0.14900573
2,9,2004,2004-11-08,0.03,0.10801792
2,9,2004,2004-11-16,0.12,0.057454914
2,9,2004,2004-11-24,0.05,0.124394715
2,9,2004,2004-12-02,0.03,0.084658176
2,9,2004,2004-12-10,0.03,0.06705126
2,9,2004,2004-12-18,0.05,0.05959353
2,9,2004,2004-12-26,0.05,0.07261887
2,9,2005,2005-07-04,0.23,0.16689092
2,9,2005,2005-07-12,0.16,0.20924866
2,9,2005,2005-07-20,0.15,0.18404943
2,9,2005,2005-07-28,0.21,0.18361838
2,9,2005,2005-08-05,0.2,0.21612394
2,9,2005,2005-08-13,0.14,0.1950976
2,9,2005,2005-08-21,0.06,0.14874801
2,9,2005,2005-08-29,0.09,0.09619664
2,9,2005,2005-09-06,0.17,0.11803047
2,9,2005,2005-09-14,0.19,0.18140092
2,9,2005,2005-09-22,0.25,0.21649401
2,9,2005,2005-09-30,0.2,0.25618657
2,9,2005,2005-10-08,0.22,0.21440741
2,9,2005,2005-10-16,0.27,0.2192184
2,9,2005,2005-10-24,0.25,0.24644743
2,9,2005,2005-11-01,0.3,0.23509626
2,9,2005,2005-11-09,0.2,0.25349462
2,9,2005,2005-11-17,0.18,0.18065831
2,9,2005,2005-11-25,0.14,0.17381287
2,9,2005,2005-12-03,0.11,0.13626477
2,9,2005,2005-12-11,0.05,0.1168538
2,9,2005,2005-12-19,0.08,0.07917914
2,9,2005,2005-12-27,0.1,0.098451704
2,9,2006,2006-07-04,0.14,0.2268931
2,9,2006,2006-07-12,0.14,0.1819452
2,9,2006,2006-07-20,0.21,0.148282
2,9,2006,2006-07-28,0.09,0.18526745
2,9,2006,2006-08-05,0.12,0.1325368
2,9,2006,2006-08-13,0.16,0.13719028
2,9,2006,2006-08-21,0.18,0.15115918
2,9,2006,2006-08-29,0.18,0.16154796
2,9,2006,2006-09-06,0.2,0.16892807
2,9,2006,2006-09-14,0.21,0.20201845
2,9,2006,2006-09-22,0.28,0.21542665
2,9,2006,2006-09-30,0.14,0.27652323
2,9,2006,2006-10-08,0.23,0.16623332
2,9,2006,2006-10-16,0.18,0.20561212
2,9,2006,2006-10-24,0.13,0.189268
2,9,2006,2006-11-01,0.1,0.15677552
2,9,2006,2006-11-09,0.05,0.13148102
2,9,2006,2006-11-17,0.08,0.08371815
2,9,2006,2006-11-25,0.04,0.09962484
2,9,2006,2006-12-03,0.01,0.0742622
2,9,2006,2006-12-11,0.02,0.05367568
2,9,2006,2006-12-19,0.03,0.046103686
2,9,2006,2006-12-27,0.11,0.06183213
2,9,2007,2007-07-04,0.25,0.2406828
2,9,2007,2007-07-12,0.13,0.24163474
2,9,2007,2007-07-20,0.22,0.15907663
2,9,2007,2007-07-28,0.23,0.20265616
2,9,2007,2007-08-05,0.23,0.20468403
2,9,2007,2007-08-13,0.28,0.21633828
2,9,2007,2007-08-21,0.13,0.2485782
2,9,2007,2007-08-29,0.13,0.17715076
2,9,2007,2007-09-06,0.14,0.14866737
2,9,2007,2007-09-14,0.16,0.15253301
2,9,2007,2007-09-22,0.2,0.17944482
2,9,2007,2007-09-30,0.2,0.21868959
2,9,2007,2007-10-08,0.22,0.19942085
2,9,2007,2007-10-16,0.22,0.21914256
2,9,2007,2007-10-24,0.26,0.21364045
2,9,2007,2007-11-01,0.23,0.2298919
2,9,2007,2007-11-09,0.08,0.20839767
2,9,2007,2007-11-17,0.26,0.11599715
2,9,2007,2007-11-25,0.04,0.19850302
2,9,2007,2007-12-03,0.18,0.10188246
2,9,2007,2007-12-11,0.08,0.14812523
2,9,2007,2007-12-19,0.05,0.100519136
2,9,2007,2007-12-27,0.06,0.08850047
2,9,2008,2008-07-03,0.14,0.23098087
2,9,2008,2008-07-11,0.13,0.15800822
2,9,2008,2008-07-19,0.13,0.12149626
2,9,2008,2008-07-27,0.14,0.14042468
2,9,2008,2008-08-04,0.15,0.16239555
2,9,2008,2008-08-12,0.2,0.1723644
2,9,2008,2008-08-20,0.18,0.2156363
2,9,2008,2008-08-28,0.21,0.17376292
2,9,2008,2008-09-05,0.25,0.18593967
2,9,2008,2008-09-13,0.23,0.22056843
2,9,2008,2008-09-21,0.24,0.22317924
2,9,2008,2008-09-29,0.15,0.23086509
2,9,2008,2008-10-07,0.19,0.1644145
2,9,2008,2008-10-15,0.22,0.18351994
2,9,2008,2008-10-23,0.18,0.21053737
2,9,2008,2008-10-31,0.1,0.20172766
2,9,2008,2008-11-08,0.12,0.12971637
2,9,2008,2008-11-16,0.05,0.10213125
2,9,2008,2008-11-24,0.07,0.10076985
2,9,2008,2008-12-02,0.05,0.07667193
2,9,2008,2008-12-10,0.04,0.09140578
2,9,2008,2008-12-18,0.05,0.06852397
2,9,2008,2008-12-26,0.06,0.06943107
2,9,2009,2009-07-04,0.1,0.13787255
2,9,2009,2009-07-12,0.17,0.10822694
2,9,2009,2009-07-20,0.18,0.1583956
2,9,2009,2009-07-28,0.26,0.177089
2,9,2009,2009-08-05,0.14,0.24754333
2,9,2009,2009-08-13,0.18,0.1605063
2,9,2009,2009-08-21,0.18,0.1806669
2,9,2009,2009-08-29,0.17,0.17596948
2,9,2009,2009-09-06,0.26,0.1842641
2,9,2009,2009-09-14,0.22,0.25662836
2,9,2009,2009-09-22,0.24,0.22851275
2,9,2009,2009-09-30,0.24,0.23203911
2,9,2009,2009-10-08,0.25,0.20495607
2,9,2009,2009-10-16,0.25,0.22746706
2,9,2009,2009-10-24,0.16,0.23709813
2,9,2009,2009-11-01,0.13,0.16233413
2,9,2009,2009-11-09,0.09,0.11181305
2,9,2009,2009-11-17,0.07,0.094148904
2,9,2009,2009-11-25,0.12,0.077319354
2,9,2009,2009-12-03,0.01,0.119791836
2,9,2009,2009-12-11,0.02,0.05027607
2,9,2009,2009-12-19,0.04,0.049183577
2,9,2009,2009-12-27,0.04,0.06085795
2,9,2010,2010-07-04,0.19,0.21557954
2,9,2010,2010-07-12,0.25,0.17069393
2,9,2010,2010-07-20,0.16,0.22256091
2,9,2010,2010-07-28,0.11,0.18460001
2,9,2010,2010-08-05,0.4,0.15350375
2,9,2010,2010-08-13,0.18,0.32039627
2,9,2010,2010-08-21,0.2,0.22264671
2,9,2010,2010-08-29,0.14,0.19306463
2,9,2010,2010-09-06,0.17,0.13998297
2,9,2010,2010-09-14,0.24,0.18981117
2,9,2010,2010-09-22,0.19,0.2335842
2,9,2010,2010-09-30,0.26,0.21498513
2,9,2010,2010-10-08,0.3,0.24837445
2,9,2010,2010-10-16,0.24,0.2830738
2,9,2010,2010-10-24,0.26,0.24946752
2,9,2010,2010-11-01,0.17,0.224541
2,9,2010,2010-11-09,0.16,0.16043511
2,9,2010,2010-11-17,0.15,0.1438065
2,9,2010,2010-11-25,0.08,0.1373238
2,9,2010,2010-12-03,0.18,0.11229789
2,9,2010,2010-12-11,0.06,0.14891936
2,9,2010,2010-12-19,0.01,0.087322265
2,9,2010,2010-12-27,0.08,0.053759873
2,9,2011,2011-07-04,0.13,0.20287314
2,9,2011,2011-07-12,0.13,0.14237429
2,9,2011,2011-07-20,0.14,0.14727412
2,9,2011,2011-07-28,0.12,0.14697525
2,9,2011,2011-08-05,0.14,0.12996471
2,9,2011,2011-08-13,0.14,0.19830269
2,9,2011,2011-08-21,0.14,0.16566421
2,9,2011,2011-08-29,0.15,0.15666087
2,9,2011,2011-09-06,0.23,0.14766932
2,9,2011,2011-09-14,0.25,0.21553499
2,9,2011,2011-09-22,0.29,0.2553745
2,9,2011,2011-09-30,0.29,0.27422875
2,9,2011,2011-10-08,0.16,0.27990127
2,9,2011,2011-10-16,0.22,0.196763
2,9,2011,2011-10-24,0.12,0.1978586
2,9,2011,2011-11-01,0.12,0.14733706
2,9,2011,2011-11-09,0.14,0.12978268
2,9,2011,2011-11-17,0.05,0.13894817
2,9,2011,2011-11-25,0.13,0.09700698
2,9,2011,2011-12-03,0.13,0.124247134
2,9,2011,2011-12-11,0.06,0.15133074
2,9,2011,2011-12-19,0.02,0.09691922
2,9,2011,2011-12-27,0.06,0.050799668
2,9,2012,2012-07-03,0.21,0.13270232
2,9,2012,2012-07-11,0.2,0.1901724
2,9,2012,2012-07-19,0.18,0.19780307
2,9,2012,2012-07-27,0.17,0.18904132
2,9,2012,2012-08-04,0.17,0.16939712
2,9,2012,2012-08-12,0.13,0.17291662
2,9,2012,2012-08-20,0.14,0.14974162
2,9,2012,2012-08-28,0.18,0.15186188
2,9,2012,2012-09-05,0.25,0.18128932
2,9,2012,2012-09-13,0.24,0.25526822
2,9,2012,2012-09-21,0.24,0.26007578
2,9,2012,2012-09-29,0.32,0.25541046
2,9,2012,2012-10-07,0.27,0.30061942
2,9,2012,2012-10-15,0.21,0.24868487
2,9,2012,2012-10-23,0.24,0.2045403
2,9,2012,2012-10-31,0.12,0.19659957
2,9,2012,2012-11-08,0.14,0.13527815
2,9,2012,2012-11-16,0.16,0.14235693
2,9,2012,2012-11-24,0.1,0.14353104
2,9,2012,2012-12-02,0.07,0.13182886
2,9,2012,2012-12-10,0.04,0.107428715
2,9,2012,2012-12-18,0.02,0.07341212
2,9,2012,2012-12-26,0.08,0.052134305
2,10,2001,2001-07-04,0.13,0.12505317
2,10,2001,2001-07-12,0.06,0.13953272
2,10,2001,2001-07-20,0.07,0.091401756
2,10,2001,2001-07-28,0.05,0.09861173
2,10,2001,2001-08-05,0.08,0.09357631
2,10,2001,2001-08-13,0.06,0.10839605
2,10,2001,2001-08-21,0.07,0.09274477
2,10,2001,2001-08-29,0.09,0.10484342
2,10,2001,2001-09-06,0.14,0.14496663
2,10,2001,2001-09-14,0.17,0.1655715
2,10,2001,2001-09-22,0.22,0.21830806
2,10,2001,2001-09-30,0.23,0.26225966
2,10,2001,2001-10-08,0.32,0.25809574
2,10,2001,2001-10-16,0.4,0.34930283
2,10,2001,2001-10-24,0.28,0.4162858
2,10,2001,2001-11-01,0.35,0.31889203
2,10,2001,2001-11-09,0.25,0.31650376
2,10,2001,2001-11-17,0.25,0.23102127
2,10,2001,2001-11-25,0.34,0.23343861
2,10,2001,2001-12-03,0.23,0.31474593
2,10,2001,2001-12-11,0.24,0.2198368
2,10,2001,2001-12-19,0.16,0.1992847
2,10,2001,2001-12-27,0.12,0.15161845
2,10,2002,2002-07-04,0.25,0.47228965
2,10,2002,2002-07-12,0.23,0.25043976
2,10,2002,2002-07-20,0.12,0.14940968
2,10,2002,2002-07-28,0.1,0.09925276
2,10,2002,2002-08-05,0.16,0.100420415
2,10,2002,2002-08-13,0.13,0.15301293
2,10,2002,2002-08-21,0.13,0.1426582
2,10,2002,2002-08-29,0.09,0.1421535
2,10,2002,2002-09-06,0.06,0.114023924
2,10,2002,2002-09-14,0.09,0.103038475
2,10,2002,2002-09-22,0.12,0.12704384
2,10,2002,2002-09-30,0.23,0.16321683
2,10,2002,2002-10-08,0.3,0.25120696
2,10,2002,2002-10-16,0.34,0.32937762
2,10,2002,2002-10-24,0.3,0.37385947
2,10,2002,2002-11-01,0.38,0.2924166
2,10,2002,2002-11-09,0.33,0.34754127
2,10,2002,2002-11-17,0.33,0.29279166
2,10,2002,2002-11-25,0.18,0.28736567
2,10,2002,2002-12-03,0.23,0.19089873
2,10,2002,2002-12-11,0.15,0.1961776
2,10,2002,2002-12-19,0.14,0.15438169
2,10,2002,2002-12-27,0.08,0.1399318
2,10,2003,2003-07-04,0.21,0.30673125
2,10,2003,2003-07-12,0.17,0.19273542
2,10,2003,2003-07-20,0.13,0.14652239
2,10,2003,2003-07-28,0.15,0.123285234
2,10,2003,2003-08-05,0.11,0.14301725
2,10,2003,2003-08-13,0.11,0.13884988
2,10,2003,2003-08-21,0.08,0.13685496
2,10,2003,2003-08-29,0.1,0.11305915
2,10,2003,2003-09-06,0.2,0.11867224
2,10,2003,2003-09-14,0.32,0.1910739
2,10,2003,2003-09-22,0.23,0.30765602
2,10,2003,2003-09-30,0.33,0.25244004
2,10,2003,2003-10-08,0.34,0.33473867
2,10,2003,2003-10-16,0.33,0.3514824
2,10,2003,2003-10-24,0.21,0.34927619
2,10,2003,2003-11-01,0.27,0.2179935
2,10,2003,2003-11-09,0.23,0.26507458
2,10,2003,2003-11-17,0.33,0.23651838
2,10,2003,2003-11-25,0.24,0.32600334
2,10,2003,2003-12-03,0.19,0.22367017
2,10,2003,2003-12-11,0.12,0.1862931
2,10,2003,2003-12-19,0.1,0.11774421
2,10,2003,2003-12-27,0.07,0.11337744
2,10,2004,2004-07-03,0.11,0.122293964
2,10,2004,2004-07-11,0.12,0.1215449
2,10,2004,2004-07-19,0.28,0.13578567
2,10,2004,2004-07-27,0.26,0.25385714
2,10,2004,2004-08-04,0.1,0.26189864
2,10,2004,2004-08-12,0.1,0.14103892
2,10,2004,2004-08-20,0.12,0.107850626
2,10,2004,2004-08-28,0.22,0.11988543
2,10,2004,2004-09-05,0.32,0.2101886
2,10,2004,2004-09-13,0.36,0.31803373
2,10,2004,2004-09-21,0.27,0.38414836
2,10,2004,2004-09-29,0.33,0.28452328
2,10,2004,2004-10-07,0.47,0.3090592
2,10,2004,2004-10-15,0.3,0.42689112
2,10,2004,2004-10-23,0.34,0.32526523
2,10,2004,2004-10-31,0.38,0.27080214
2,10,2004,2004-11-08,0.11,0.31700912
2,10,2004,2004-11-16,0.37,0.15918982
2,10,2004,2004-11-24,0.22,0.3246685
2,10,2004,2004-12-02,0.15,0.23117726
2,10,2004,2004-12-10,0.12,0.16174039
2,10,2004,2004-12-18,0.14,0.10630447
2,10,2004,2004-12-26,0.12,0.1354844
2,10,2005,2005-07-04,0.21,0.16367121
2,10,2005,2005-07-12,0.14,0.15707001
2,10,2005,2005-07-20,0.11,0.14692366
2,10,2005,2005-07-28,0.15,0.16265401
2,10,2005,2005-08-05,0.15,0.18627806
2,10,2005,2005-08-13,0.11,0.155377
2,10,2005,2005-08-21,0.1,0.124415144
2,10,2005,2005-08-29,0.09,0.12285671
2,10,2005,2005-09-06,0.16,0.1436527
2,10,2005,2005-09-14,0.24,0.22149137
2,10,2005,2005-09-22,0.38,0.2936918
2,10,2005,2005-09-30,0.29,0.37966713
2,10,2005,2005-10-08,0.36,0.31086427
2,10,2005,2005-10-16,0.37,0.3710933
2,10,2005,2005-10-24,0.44,0.32763788
2,10,2005,2005-11-01,0.35,0.3954103
2,10,2005,2005-11-09,0.38,0.32799098
2,10,2005,2005-11-17,0.36,0.27237585
2,10,2005,2005-11-25,0.36,0.32883337
2,10,2005,2005-12-03,0.21,0.31062782
2,10,2005,2005-12-11,0.15,0.17558482
2,10,2005,2005-12-19,0.25,0.11739649
2,10,2005,2005-12-27,0.21,0.21308094
2,10,2006,2006-07-04,0.13,0.12993576
2,10,2006,2006-07-12,0.1,0.1443344
2,10,2006,2006-07-20,0.11,0.13010973
2,10,2006,2006-07-28,0.08,0.12680274
2,10,2006,2006-08-05,0.11,0.1172418
2,10,2006,2006-08-13,0.16,0.14005677
2,10,2006,2006-08-21,0.23,0.16829774
2,10,2006,2006-08-29,0.29,0.2220045
2,10,2006,2006-09-06,0.38,0.26953
2,10,2006,2006-09-14,0.36,0.3563738
2,10,2006,2006-09-22,0.48,0.35989735
2,10,2006,2006-09-30,0.46,0.468853
2,10,2006,2006-10-08,0.46,0.42618835
2,10,2006,2006-10-16,0.41,0.41897193
2,10,2006,2006-10-24,0.33,0.36290348
2,10,2006,2006-11-01,0.37,0.31016198
2,10,2006,2006-11-09,0.34,0.30798605
2,10,2006,2006-11-17,0.27,0.30799675
2,10,2006,2006-11-25,0.16,0.25715244
2,10,2006,2006-12-03,0.08,0.16899039
2,10,2006,2006-12-11,0.12,0.08848673
2,10,2006,2006-12-19,0.14,0.11106582
2,10,2006,2006-12-27,0.19,0.16747165
2,10,2007,2007-07-04,0.2,0.20935673
2,10,2007,2007-07-12,0.13,0.19682316
2,10,2007,2007-07-20,0.26,0.14287251
2,10,2007,2007-07-28,0.15,0.22680327
2,10,2007,2007-08-05,0.15,0.17257297
2,10,2007,2007-08-13,0.12,0.16510428
2,10,2007,2007-08-21,0.12,0.14830364
2,10,2007,2007-08-29,0.16,0.16658771
2,10,2007,2007-09-06,0.24,0.20167631
2,10,2007,2007-09-14,0.35,0.27677196
2,10,2007,2007-09-22,0.25,0.35470057
2,10,2007,2007-09-30,0.44,0.31611136
2,10,2007,2007-10-08,0.47,0.4134374
2,10,2007,2007-10-16,0.46,0.44704694
2,10,2007,2007-10-24,0.48,0.43503422
2,10,2007,2007-11-01,0.51,0.40757474
2,10,2007,2007-11-09,0.34,0.44187945
2,10,2007,2007-11-17,0.5,0.33013275
2,10,2007,2007-11-25,0.31,0.39637357
2,10,2007,2007-12-03,0.41,0.2738284
2,10,2007,2007-12-11,0.29,0.3090025
2,10,2007,2007-12-19,0.12,0.24920642
2,10,2007,2007-12-27,0.13,0.1591802
2,10,2008,2008-07-03,0.12,0.31071228
2,10,2008,2008-07-11,0.1,0.13821468
2,10,2008,2008-07-19,0.12,0.10293877
2,10,2008,2008-07-27,0.17,0.14295848
2,10,2008,2008-08-04,0.1,0.18385771
2,10,2008,2008-08-12,0.13,0.1413469
2,10,2008,2008-08-20,0.16,0.14307925
2,10,2008,2008-08-28,0.18,0.16707343
2,10,2008,2008-09-05,0.47,0.20017523
2,10,2008,2008-09-13,0.39,0.44451088
2,10,2008,2008-09-21,0.38,0.42945862
2,10,2008,2008-09-29,0.4,0.36479428
2,10,2008,2008-10-07,0.48,0.38425326
2,10,2008,2008-10-15,0.49,0.46656698
2,10,2008,2008-10-23,0.49,0.47516453
2,10,2008,2008-10-31,0.41,0.45993996
2,10,2008,2008-11-08,0.44,0.3855015
2,10,2008,2008-11-16,0.26,0.35405743
2,10,2008,2008-11-24,0.25,0.25972804
2,10,2008,2008-12-02,0.26,0.20461464
2,10,2008,2008-12-10,0.17,0.24527705
2,10,2008,2008-12-18,0.11,0.1884048
2,10,2008,2008-12-26,0.1,0.10900259
2,10,2009,2009-07-04,0.08,0.14080451
2,10,2009,2009-07-12,0.13,0.08168644
2,10,2009,2009-07-20,0.21,0.12658174
2,10,2009,2009-07-28,0.12,0.2017262
2,10,2009,2009-08-05,0.13,0.17445204
2,10,2009,2009-08-13,0.14,0.14989783
2,10,2009,2009-08-21,0.14,0.15573859
2,10,2009,2009-08-29,0.12,0.17164841
2,10,2009,2009-09-06,0.19,0.16320553
2,10,2009,2009-09-14,0.27,0.2726947
2,10,2009,2009-09-22,0.32,0.32125488
2,10,2009,2009-09-30,0.42,0.35126746
2,10,2009,2009-10-08,0.48,0.4192168
2,10,2009,2009-10-16,0.48,0.48761216
2,10,2009,2009-10-24,0.47,0.48290452
2,10,2009,2009-11-01,0.35,0.44880804
2,10,2009,2009-11-09,0.45,0.31402326
2,10,2009,2009-11-17,0.46,0.38943508
2,10,2009,2009-11-25,0.36,0.38481674
2,10,2009,2009-12-03,0.21,0.3227196
2,10,2009,2009-12-11,0.21,0.19323951
2,10,2009,2009-12-19,0.13,0.17089203
2,10,2009,2009-12-27,0.09,0.12785406
2,10,2010,2010-07-04,0.13,0.29346254
2,10,2010,2010-07-12,0.18,0.12300421
2,10,2010,2010-07-20,0.15,0.15805835
2,10,2010,2010-07-28,0.12,0.18140346
2,10,2010,2010-08-05,0.18,0.15396062
2,10,2010,2010-08-13,0.12,0.18806253
2,10,2010,2010-08-21,0.1,0.15538141
2,10,2010,2010-08-29,0.09,0.13918823
2,10,2010,2010-09-06,0.17,0.12088099
2,10,2010,2010-09-14,0.22,0.20003632
2,10,2010,2010-09-22,0.24,0.26740378
2,10,2010,2010-09-30,0.45,0.29930776
2,10,2010,2010-10-08,0.54,0.48365125
2,10,2010,2010-10-16,0.5,0.5656703
2,10,2010,2010-10-24,0.56,0.52142245
2,10,2010,2010-11-01,0.45,0.52343714
2,10,2010,2010-11-09,0.53,0.38906306
2,10,2010,2010-11-17,0.43,0.47921547
2,10,2010,2010-11-25,0.42,0.40597984
2,10,2010,2010-12-03,0.39,0.36927685
2,10,2010,2010-12-11,0.17,0.29730228
2,10,2010,2010-12-19,0.14,0.15774828
2,10,2010,2010-12-27,0.14,0.11465882
2,10,2011,2011-07-04,0.11,0.2962744
2,10,2011,2011-07-12,0.16,0.08868164
2,10,2011,2011-07-20,0.11,0.13029724
2,10,2011,2011-07-28,0.1,0.12142533
2,10,2011,2011-08-05,0.13,0.1286327
2,10,2011,2011-08-13,0.13,0.16065307
2,10,2011,2011-08-21,0.15,0.1556966
2,10,2011,2011-08-29,0.14,0.16569668
2,10,2011,2011-09-06,0.11,0.15484737
2,10,2011,2011-09-14,0.41,0.15234898
2,10,2011,2011-09-22,0.47,0.414935
2,10,2011,2011-09-30,0.54,0.47217983
2,10,2011,2011-10-08,0.46,0.5677851
2,10,2011,2011-10-16,0.53,0.48261732
2,10,2011,2011-10-24,0.45,0.49044508
2,10,2011,2011-11-01,0.38,0.42049965
2,10,2011,2011-11-09,0.39,0.32315922
2,10,2011,2011-11-17,0.23,0.3440526
2,10,2011,2011-11-25,0.26,0.21531807
2,10,2011,2011-12-03,0.12,0.2300177
2,10,2011,2011-12-11,0.12,0.14079908
2,10,2011,2011-12-19,0.08,0.108859956
2,10,2011,2011-12-27,0.09,0.08828935
2,10,2012,2012-07-03,0.09,0.093073696
2,10,2012,2012-07-11,0.12,0.074091524
2,10,2012,2012-07-19,0.1,0.13151804
2,10,2012,2012-07-27,0.18,0.12701812
2,10,2012,2012-08-04,0.12,0.19120876
2,10,2012,2012-08-12,0.09,0.15479109
2,10,2012,2012-08-20,0.09,0.12951034
2,10,2012,2012-08-28,0.12,0.12546565
2,10,2012,2012-09-05,0.24,0.14993274
2,10,2012,2012-09-13,0.35,0.24379176
2,10,2012,2012-09-21,0.42,0.41965532
2,10,2012,2012-09-29,0.53,0.4872928
2,10,2012,2012-10-07,0.55,0.56534886
2,10,2012,2012-10-15,0.54,0.5357163
2,10,2012,2012-10-23,0.55,0.5211278
2,10,2012,2012-10-31,0.51,0.48944762
2,10,2012,2012-11-08,0.48,0.43554214
2,10,2012,2012-11-16,0.42,0.41171056
2,10,2012,2012-11-24,0.37,0.3289604
2,10,2012,2012-12-02,0.25,0.3051207
2,10,2012,2012-12-10,0.17,0.19426675
2,10,2012,2012-12-18,0.09,0.14385524
2,10,2012,2012-12-26,0.07,0.091216
2,11,2001,2001-07-04,0.34,0.2848176
2,11,2001,2001-07-12,0.22,0.3188254
2,11,2001,2001-07-20,0.39,0.2838555
2,11,2001,2001-07-28,0.34,0.32526043
2,11,2001,2001-08-05,0.42,0.35135055
2,11,2001,2001-08-13,0.34,0.38094884
2,11,2001,2001-08-21,0.36,0.3548002
2,11,2001,2001-08-29,0.27,0.34401014
2,11,2001,2001-09-06,0.31,0.32008815
2,11,2001,2001-09-14,0.41,0.30936342
2,11,2001,2001-09-22,0.39,0.35279816
2,11,2001,2001-09-30,0.41,0.36963397
2,11,2001,2001-10-08,0.44,0.38028896
2,11,2001,2001-10-16,0.5,0.3918828
2,11,2001,2001-10-24,0.39,0.42647952
2,11,2001,2001-11-01,0.44,0.4048005
2,11,2001,2001-11-09,0.3,0.40065968
2,11,2001,2001-11-17,0.5,0.3439905
2,11,2001,2001-11-25,0.48,0.40236756
2,11,2001,2001-12-03,0.53,0.43418074
2,11,2001,2001-12-11,0.48,0.4502396
2,11,2001,2001-12-19,0.57,0.43829858
2,11,2001,2001-12-27,0.58,0.47331637
2,11,2002,2002-07-04,0.68,0.7027538
2,11,2002,2002-07-12,0.68,0.66134477
2,11,2002,2002-07-20,0.65,0.62165916
2,11,2002,2002-07-28,0.47,0.6113037
2,11,2002,2002-08-05,0.6,0.5292127
2,11,2002,2002-08-13,0.6,0.55557907
2,11,2002,2002-08-21,0.6,0.55653065
2,11,2002,2002-08-29,0.63,0.5685514
2,11,2002,2002-09-06,0.53,0.570016
2,11,2002,2002-09-14,0.65,0.53547883
2,11,2002,2002-09-22,0.63,0.5833311
2,11,2002,2002-09-30,0.63,0.59235835
2,11,2002,2002-10-08,0.66,0.5992914
2,11,2002,2002-10-16,0.64,0.6133778
2,11,2002,2002-10-24,0.6,0.6184013
2,11,2002,2002-11-01,0.63,0.58916885
2,11,2002,2002-11-09,0.6,0.5937296
2,11,2002,2002-11-17,0.59,0.56766444
2,11,2002,2002-11-25,0.61,0.58022785
2,11,2002,2002-12-03,0.59,0.5882414
2,11,2002,2002-12-11,0.53,0.5901514
2,11,2002,2002-12-19,0.57,0.5538374
2,11,2002,2002-12-27,0.59,0.56653315
2,11,2003,2003-07-04,0.77,0.6771127
2,11,2003,2003-07-12,0.73,0.70687675
2,11,2003,2003-07-20,0.85,0.7007842
2,11,2003,2003-07-28,0.83,0.7521688
2,11,2003,2003-08-05,0.72,0.74083436
2,11,2003,2003-08-13,0.72,0.70709866
2,11,2003,2003-08-21,0.55,0.6911088
2,11,2003,2003-08-29,0.62,0.60828316
2,11,2003,2003-09-06,0.62,0.6097474
2,11,2003,2003-09-14,0.74,0.59890497
2,11,2003,2003-09-22,0.63,0.669644
2,11,2003,2003-09-30,0.6,0.6444876
2,11,2003,2003-10-08,0.64,0.6202992
2,11,2003,2003-10-16,0.66,0.62474823
2,11,2003,2003-10-24,0.68,0.63858104
2,11,2003,2003-11-01,0.57,0.6490358
2,11,2003,2003-11-09,0.54,0.60702085
2,11,2003,2003-11-17,0.64,0.57024616
2,11,2003,2003-11-25,0.6,0.600844
2,11,2003,2003-12-03,0.63,0.60204434
2,11,2003,2003-12-11,0.65,0.61437905
2,11,2003,2003-12-19,0.62,0.6182316
2,11,2003,2003-12-27,0.56,0.6135868
2,11,2004,2004-07-03,0.7,0.679574
2,11,2004,2004-07-11,0.68,0.68920326
2,11,2004,2004-07-19,0.81,0.67633235
2,11,2004,2004-07-27,0.8,0.7456975
2,11,2004,2004-08-04,0.6,0.7569624
2,11,2004,2004-08-12,0.68,0.6661675
2,11,2004,2004-08-20,0.61,0.6596159
2,11,2004,2004-08-28,0.69,0.6059907
2,11,2004,2004-09-05,0.77,0.6466007
2,11,2004,2004-09-13,0.71,0.69321537
2,11,2004,2004-09-21,0.56,0.6989014
2,11,2004,2004-09-29,0.64,0.62123835
2,11,2004,2004-10-07,0.7,0.61520314
2,11,2004,2004-10-15,0.6,0.65044177
2,11,2004,2004-10-23,0.59,0.62836576
2,11,2004,2004-10-31,0.67,0.61214614
2,11,2004,2004-11-08,0.61,0.62570643
2,11,2004,2004-11-16,0.73,0.6066875
2,11,2004,2004-11-24,0.78,0.6664046
2,11,2004,2004-12-02,0.75,0.7029829
2,11,2004,2004-12-10,0.68,0.70869184
2,11,2004,2004-12-18,0.73,0.6806735
2,11,2004,2004-12-26,0.74,0.686967
2,11,2005,2005-07-04,0.87,0.73396546
2,11,2005,2005-07-12,0.78,0.7790849
2,11,2005,2005-07-20,0.75,0.74771893
2,11,2005,2005-07-28,0.72,0.7411895
2,11,2005,2005-08-05,0.71,0.71839964
2,11,2005,2005-08-13,0.7,0.68354976
2,11,2005,2005-08-21,0.62,0.67796177
2,11,2005,2005-08-29,0.61,0.63318133
2,11,2005,2005-09-06,0.71,0.6239321
2,11,2005,2005-09-14,0.62,0.6732065
2,11,2005,2005-09-22,0.71,0.6458405
2,11,2005,2005-09-30,0.66,0.6570615
2,11,2005,2005-10-08,0.65,0.6472032
2,11,2005,2005-10-16,0.71,0.6510888
2,11,2005,2005-10-24,0.74,0.6651063
2,11,2005,2005-11-01,0.7,0.6832633
2,11,2005,2005-11-09,0.66,0.6827438
2,11,2005,2005-11-17,0.69,0.65734965
2,11,2005,2005-11-25,0.71,0.6731963
2,11,2005,2005-12-03,0.69,0.69125164
2,11,2005,2005-12-11,0.59,0.6859725
2,11,2005,2005-12-19,0.66,0.6280985
2,11,2005,2005-12-27,0.64,0.64429486
2,11,2006,2006-07-04,0.73,0.65642846
2,11,2006,2006-07-12,0.69,0.7018132
2,11,2006,2006-07-20,0.63,0.69236124
2,11,2006,2006-07-28,0.6,0.6567946
2,11,2006,2006-08-05,0.63,0.6213671
2,11,2006,2006-08-13,0.61,0.62743133
2,11,2006,2006-08-21,0.57,0.6216863
2,11,2006,2006-08-29,0.61,0.59330475
2,11,2006,2006-09-06,0.6,0.5983597
2,11,2006,2006-09-14,0.62,0.6106659
2,11,2006,2006-09-22,0.7,0.6153592
2,11,2006,2006-09-30,0.68,0.6618024
2,11,2006,2006-10-08,0.63,0.66376245
2,11,2006,2006-10-16,0.59,0.642921
2,11,2006,2006-10-24,0.58,0.6179879
2,11,2006,2006-11-01,0.6,0.6086768
2,11,2006,2006-11-09,0.61,0.6097338
2,11,2006,2006-11-17,0.59,0.61063814
2,11,2006,2006-11-25,0.51,0.6068964
2,11,2006,2006-12-03,0.53,0.5714908
2,11,2006,2006-12-11,0.6,0.56145036
2,11,2006,2006-12-19,0.69,0.5786687
2,11,2006,2006-12-27,0.76,0.6396439
2,11,2007,2007-07-04,0.68,0.66025615
2,11,2007,2007-07-12,0.54,0.67066455
2,11,2007,2007-07-20,0.65,0.60412204
2,11,2007,2007-07-28,0.67,0.6204014
2,11,2007,2007-08-05,0.67,0.63289523
2,11,2007,2007-08-13,0.56,0.64827555
2,11,2007,2007-08-21,0.56,0.6008768
2,11,2007,2007-08-29,0.57,0.5730359
2,11,2007,2007-09-06,0.57,0.5719601
2,11,2007,2007-09-14,0.63,0.57656837
2,11,2007,2007-09-22,0.54,0.60677665
2,11,2007,2007-09-30,0.63,0.58764017
2,11,2007,2007-10-08,0.59,0.61535954
2,11,2007,2007-10-16,0.68,0.6002872
2,11,2007,2007-10-24,0.6,0.6331718
2,11,2007,2007-11-01,0.63,0.608907
2,11,2007,2007-11-09,0.61,0.617167
2,11,2007,2007-11-17,0.6,0.6094903
2,11,2007,2007-11-25,0.56,0.602339
2,11,2007,2007-12-03,0.63,0.56997854
2,11,2007,2007-12-11,0.6,0.5929139
2,11,2007,2007-12-19,0.54,0.59912765
2,11,2007,2007-12-27,0.62,0.58674586
2,11,2008,2008-07-03,0.6,0.66351104
2,11,2008,2008-07-11,0.59,0.62406194
2,11,2008,2008-07-19,0.64,0.58624
2,11,2008,2008-07-27,0.6,0.6113534
2,11,2008,2008-08-04,0.55,0.608269
2,11,2008,2008-08-12,0.64,0.5854848
2,11,2008,2008-08-20,0.56,0.59727323
2,11,2008,2008-08-28,0.57,0.57168496
2,11,2008,2008-09-05,0.55,0.56931615
2,11,2008,2008-09-13,0.54,0.55750346
2,11,2008,2008-09-21,0.52,0.5579909
2,11,2008,2008-09-29,0.55,0.5369205
2,11,2008,2008-10-07,0.56,0.5527101
2,11,2008,2008-10-15,0.6,0.55919254
2,11,2008,2008-10-23,0.66,0.5916916
2,11,2008,2008-10-31,0.54,0.6185399
2,11,2008,2008-11-08,0.57,0.582644
2,11,2008,2008-11-16,0.44,0.5726787
2,11,2008,2008-11-24,0.54,0.5093945
2,11,2008,2008-12-02,0.58,0.52665037
2,11,2008,2008-12-10,0.56,0.56159055
2,11,2008,2008-12-18,0.57,0.5693441
2,11,2008,2008-12-26,0.53,0.5647932
2,11,2009,2009-07-04,0.51,0.6240021
2,11,2009,2009-07-12,0.59,0.576584
2,11,2009,2009-07-20,0.63,0.5830279
2,11,2009,2009-07-28,0.56,0.6074194
2,11,2009,2009-08-05,0.55,0.59330064
2,11,2009,2009-08-13,0.56,0.5743587
2,11,2009,2009-08-21,0.56,0.576035
2,11,2009,2009-08-29,0.45,0.5723249
2,11,2009,2009-09-06,0.54,0.530713
2,11,2009,2009-09-14,0.48,0.5388391
2,11,2009,2009-09-22,0.46,0.52331424
2,11,2009,2009-09-30,0.55,0.5086886
2,11,2009,2009-10-08,0.57,0.5359427
2,11,2009,2009-10-16,0.54,0.5611507
2,11,2009,2009-10-24,0.55,0.56702435
2,11,2009,2009-11-01,0.5,0.57506734
2,11,2009,2009-11-09,0.51,0.5465775
2,11,2009,2009-11-17,0.56,0.5383208
2,11,2009,2009-11-25,0.54,0.54134405
2,11,2009,2009-12-03,0.49,0.55092
2,11,2009,2009-12-11,0.49,0.5399952
2,11,2009,2009-12-19,0.55,0.5303974
2,11,2009,2009-12-27,0.53,0.5471104
2,11,2010,2010-07-04,0.63,0.74476695
2,11,2010,2010-07-12,0.79,0.6588597
2,11,2010,2010-07-20,0.73,0.7053616
2,11,2010,2010-07-28,0.69,0.69610465
2,11,2010,2010-08-05,0.77,0.6736637
2,11,2010,2010-08-13,0.63,0.6958444
2,11,2010,2010-08-21,0.58,0.6435492
2,11,2010,2010-08-29,0.53,0.6017169
2,11,2010,2010-09-06,0.57,0.54144615
2,11,2010,2010-09-14,0.62,0.55699706
2,11,2010,2010-09-22,0.59,0.5806843
2,11,2010,2010-09-30,0.67,0.5787134
2,11,2010,2010-10-08,0.65,0.620317
2,11,2010,2010-10-16,0.61,0.62980807
2,11,2010,2010-10-24,0.65,0.61263466
2,11,2010,2010-11-01,0.57,0.6194736
2,11,2010,2010-11-09,0.61,0.58243084
2,11,2010,2010-11-17,0.52,0.58811945
2,11,2010,2010-11-25,0.57,0.55461866
2,11,2010,2010-12-03,0.57,0.56368756
2,11,2010,2010-12-11,0.53,0.5590251
2,11,2010,2010-12-19,0.46,0.5437131
2,11,2010,2010-12-27,0.6,0.51072025
2,11,2011,2011-07-04,0.6,0.7087803
2,11,2011,2011-07-12,0.66,0.64534414
2,11,2011,2011-07-20,0.65,0.655594
2,11,2011,2011-07-28,0.59,0.6522156
2,11,2011,2011-08-05,0.64,0.6280247
2,11,2011,2011-08-13,0.63,0.6408001
2,11,2011,2011-08-21,0.52,0.63016653
2,11,2011,2011-08-29,0.52,0.5815309
2,11,2011,2011-09-06,0.52,0.54903984
2,11,2011,2011-09-14,0.58,0.5429827
2,11,2011,2011-09-22,0.58,0.5717304
2,11,2011,2011-09-30,0.64,0.58342624
2,11,2011,2011-10-08,0.53,0.6174998
2,11,2011,2011-10-16,0.58,0.59024465
2,11,2011,2011-10-24,0.53,0.58905303
2,11,2011,2011-11-01,0.56,0.5710972
2,11,2011,2011-11-09,0.63,0.5701435
2,11,2011,2011-11-17,0.58,0.60020006
2,11,2011,2011-11-25,0.64,0.5892067
2,11,2011,2011-12-03,0.61,0.61132896
2,11,2011,2011-12-11,0.67,0.60885835
2,11,2011,2011-12-19,0.57,0.62735724
2,11,2011,2011-12-27,0.55,0.5918356
2,11,2012,2012-07-03,0.76,0.60083735
2,11,2012,2012-07-11,0.72,0.66022515
2,11,2012,2012-07-19,0.65,0.6774932
2,11,2012,2012-07-27,0.69,0.6624011
2,11,2012,2012-08-04,0.67,0.6616992
2,11,2012,2012-08-12,0.57,0.656517
2,11,2012,2012-08-20,0.6,0.61823463
2,11,2012,2012-08-28,0.56,0.59878886
2,11,2012,2012-09-05,0.66,0.5746741
2,11,2012,2012-09-13,0.63,0.6063211
2,11,2012,2012-09-21,0.59,0.6172849
2,11,2012,2012-09-29,0.67,0.60781705
2,11,2012,2012-10-07,0.67,0.6355233
2,11,2012,2012-10-15,0.58,0.63718426
2,11,2012,2012-10-23,0.65,0.6117368
2,11,2012,2012-10-31,0.57,0.6179967
2,11,2012,2012-11-08,0.56,0.5952027
2,11,2012,2012-11-16,0.56,0.58805466
2,11,2012,2012-11-24,0.64,0.578023
2,11,2012,2012-12-02,0.58,0.6101656
2,11,2012,2012-12-10,0.62,0.6013353
2,11,2012,2012-12-18,0.52,0.6174395
2,11,2012,2012-12-26,0.56,0.57535577
2,12,2001,2001-07-04,0.52,0.4810798
2,12,2001,2001-07-12,0.4,0.5053743
2,12,2001,2001-07-20,0.52,0.46869332
2,12,2001,2001-07-28,0.52,0.4854768
2,12,2001,2001-08-05,0.5,0.5105485
2,12,2001,2001-08-13,0.45,0.51179284
2,12,2001,2001-08-21,0.52,0.47873652
2,12,2001,2001-08-29,0.44,0.4769068
2,12,2001,2001-09-06,0.47,0.46787322
2,12,2001,2001-09-14,0.44,0.46768212
2,12,2001,2001-09-22,0.55,0.45714974
2,12,2001,2001-09-30,0.49,0.51213425
2,12,2001,2001-10-08,0.42,0.5069587
2,12,2001,2001-10-16,0.61,0.47883996
2,12,2001,2001-10-24,0.5,0.539194
2,12,2001,2001-11-01,0.56,0.5265082
2,12,2001,2001-11-09,0.56,0.5398118
2,12,2001,2001-11-17,0.62,0.53770757
2,12,2001,2001-11-25,0.58,0.5675386
2,12,2001,2001-12-03,0.61,0.5657183
2,12,2001,2001-12-11,0.59,0.5701134
2,12,2001,2001-12-19,0.64,0.5640825
2,12,2001,2001-12-27,0.64,0.59235096
2,12,2002,2002-07-04,0.66,0.64613163
2,12,2002,2002-07-12,0.66,0.63148844
2,12,2002,2002-07-20,0.67,0.6092117
2,12,2002,2002-07-28,0.54,0.62202144
2,12,2002,2002-08-05,0.54,0.5667802
2,12,2002,2002-08-13,0.57,0.5397608
2,12,2002,2002-08-21,0.57,0.5341319
2,12,2002,2002-08-29,0.56,0.5522481
2,12,2002,2002-09-06,0.6,0.54286027
2,12,2002,2002-09-14,0.67,0.5610458
2,12,2002,2002-09-22,0.67,0.5975182
2,12,2002,2002-09-30,0.57,0.6271143
2,12,2002,2002-10-08,0.64,0.5813757
2,12,2002,2002-10-16,0.56,0.5821892
2,12,2002,2002-10-24,0.59,0.56974673
2,12,2002,2002-11-01,0.63,0.57006
2,12,2002,2002-11-09,0.58,0.5929044
2,12,2002,2002-11-17,0.61,0.5784063
2,12,2002,2002-11-25,0.65,0.5949341
2,12,2002,2002-12-03,0.6,0.61107373
2,12,2002,2002-12-11,0.63,0.5996334
2,12,2002,2002-12-19,0.64,0.6039071
2,12,2002,2002-12-27,0.66,0.6168871
2,12,2003,2003-07-04,0.67,0.6399553
2,12,2003,2003-07-12,0.6,0.64056253
2,12,2003,2003-07-20,0.62,0.6058855
2,12,2003,2003-07-28,0.65,0.60438836
2,12,2003,2003-08-05,0.65,0.60261965
2,12,2003,2003-08-13,0.56,0.60733604
2,12,2003,2003-08-21,0.53,0.5711198
2,12,2003,2003-08-29,0.5,0.54224104
2,12,2003,2003-09-06,0.57,0.5137401
2,12,2003,2003-09-14,0.6,0.54574406
2,12,2003,2003-09-22,0.58,0.5815363
2,12,2003,2003-09-30,0.63,0.5856548
2,12,2003,2003-10-08,0.59,0.59261024
2,12,2003,2003-10-16,0.55,0.58534646
2,12,2003,2003-10-24,0.53,0.5557281
2,12,2003,2003-11-01,0.54,0.5368679
2,12,2003,2003-11-09,0.55,0.5409725
2,12,2003,2003-11-17,0.61,0.5444981
2,12,2003,2003-11-25,0.59,0.5767281
2,12,2003,2003-12-03,0.59,0.5845582
2,12,2003,2003-12-11,0.67,0.5808507
2,12,2003,2003-12-19,0.62,0.61770326
2,12,2003,2003-12-27,0.59,0.6106019
2,12,2004,2004-07-03,0.69,0.63822067
2,12,2004,2004-07-11,0.65,0.65581286
2,12,2004,2004-07-19,0.68,0.63010883
2,12,2004,2004-07-27,0.62,0.6413715
2,12,2004,2004-08-04,0.51,0.6194024
2,12,2004,2004-08-12,0.58,0.561136
2,12,2004,2004-08-20,0.52,0.55470717
2,12,2004,2004-08-28,0.67,0.52693605
2,12,2004,2004-09-05,0.71,0.5903573
2,12,2004,2004-09-13,0.68,0.6397721
2,12,2004,2004-09-21,0.52,0.6497036
2,12,2004,2004-09-29,0.55,0.57332414
2,12,2004,2004-10-07,0.72,0.5543914
2,12,2004,2004-10-15,0.63,0.6293595
2,12,2004,2004-10-23,0.63,0.6161543
2,12,2004,2004-10-31,0.71,0.60622
2,12,2004,2004-11-08,0.73,0.63762105
2,12,2004,2004-11-16,0.72,0.66297257
2,12,2004,2004-11-24,0.73,0.6747197
2,12,2004,2004-12-02,0.69,0.67838365
2,12,2004,2004-12-10,0.7,0.6600071
2,12,2004,2004-12-18,0.72,0.66731954
2,12,2004,2004-12-26,0.74,0.6717857
2,12,2005,2005-07-04,0.73,0.6787938
2,12,2005,2005-07-12,0.68,0.6895014
2,12,2005,2005-07-20,0.66,0.6636443
2,12,2005,2005-07-28,0.7,0.65008307
2,12,2005,2005-08-05,0.62,0.6551105
2,12,2005,2005-08-13,0.66,0.6096034
2,12,2005,2005-08-21,0.59,0.6219559
2,12,2005,2005-08-29,0.66,0.5865468
2,12,2005,2005-09-06,0.62,0.6288239
2,12,2005,2005-09-14,0.53,0.62509406
2,12,2005,2005-09-22,0.64,0.5805342
2,12,2005,2005-09-30,0.64,0.58545923
2,12,2005,2005-10-08,0.66,0.59961843
2,12,2005,2005-10-16,0.73,0.63983005
2,12,2005,2005-10-24,0.73,0.67111623
2,12,2005,2005-11-01,0.7,0.68161786
2,12,2005,2005-11-09,0.64,0.6799295
2,12,2005,2005-11-17,0.7,0.65204895
2,12,2005,2005-11-25,0.68,0.6673914
2,12,2005,2005-12-03,0.74,0.6635802
2,12,2005,2005-12-11,0.63,0.68798566
2,12,2005,2005-12-19,0.68,0.645197
2,12,2005,2005-12-27,0.66,0.65671253
2,12,2006,2006-07-04,0.61,0.5967971
2,12,2006,2006-07-12,0.67,0.6048281
2,12,2006,2006-07-20,0.59,0.63347876
2,12,2006,2006-07-28,0.71,0.60505307
2,12,2006,2006-08-05,0.67,0.65709096
2,12,2006,2006-08-13,0.63,0.64436424
2,12,2006,2006-08-21,0.56,0.6298591
2,12,2006,2006-08-29,0.58,0.57429427
2,12,2006,2006-09-06,0.57,0.57820344
2,12,2006,2006-09-14,0.46,0.57014203
2,12,2006,2006-09-22,0.67,0.50847626
2,12,2006,2006-09-30,0.65,0.59871566
2,12,2006,2006-10-08,0.62,0.6219305
2,12,2006,2006-10-16,0.59,0.6231135
2,12,2006,2006-10-24,0.55,0.60654885
2,12,2006,2006-11-01,0.56,0.58154464
2,12,2006,2006-11-09,0.64,0.5723078
2,12,2006,2006-11-17,0.64,0.6016849
2,12,2006,2006-11-25,0.62,0.6236831
2,12,2006,2006-12-03,0.57,0.61961585
2,12,2006,2006-12-11,0.65,0.5980896
2,12,2006,2006-12-19,0.72,0.61301076
2,12,2006,2006-12-27,0.81,0.6620922
2,12,2007,2007-07-04,0.66,0.60793734
2,12,2007,2007-07-12,0.5,0.6238984
2,12,2007,2007-07-20,0.64,0.564977
2,12,2007,2007-07-28,0.64,0.5960485
2,12,2007,2007-08-05,0.64,0.6209848
2,12,2007,2007-08-13,0.5,0.629678
2,12,2007,2007-08-21,0.51,0.5598506
2,12,2007,2007-08-29,0.55,0.5207925
2,12,2007,2007-09-06,0.51,0.53445727
2,12,2007,2007-09-14,0.57,0.5301237
2,12,2007,2007-09-22,0.51,0.5397694
2,12,2007,2007-09-30,0.6,0.5417919
2,12,2007,2007-10-08,0.56,0.5813734
2,12,2007,2007-10-16,0.65,0.57323754
2,12,2007,2007-10-24,0.58,0.6050515
2,12,2007,2007-11-01,0.63,0.5809966
2,12,2007,2007-11-09,0.59,0.5981857
2,12,2007,2007-11-17,0.59,0.59353447
2,12,2007,2007-11-25,0.59,0.5937606
2,12,2007,2007-12-03,0.68,0.5871533
2,12,2007,2007-12-11,0.65,0.6213372
2,12,2007,2007-12-19,0.59,0.631758
2,12,2007,2007-12-27,0.66,0.61654305
2,12,2008,2008-07-03,0.65,0.64769757
2,12,2008,2008-07-11,0.6,0.6383903
2,12,2008,2008-07-19,0.66,0.59467506
2,12,2008,2008-07-27,0.6,0.62275064
2,12,2008,2008-08-04,0.6,0.6062124
2,12,2008,2008-08-12,0.55,0.60220534
2,12,2008,2008-08-20,0.57,0.55260926
2,12,2008,2008-08-28,0.59,0.55014396
2,12,2008,2008-09-05,0.59,0.56625277
2,12,2008,2008-09-13,0.54,0.5722705
2,12,2008,2008-09-21,0.43,0.5561879
2,12,2008,2008-09-29,0.53,0.48932207
2,12,2008,2008-10-07,0.59,0.5187117
2,12,2008,2008-10-15,0.66,0.5562094
2,12,2008,2008-10-23,0.64,0.61689174
2,12,2008,2008-10-31,0.57,0.6188526
2,12,2008,2008-11-08,0.58,0.591993
2,12,2008,2008-11-16,0.64,0.57475615
2,12,2008,2008-11-24,0.61,0.60099566
2,12,2008,2008-12-02,0.65,0.5992643
2,12,2008,2008-12-10,0.66,0.6276225
2,12,2008,2008-12-18,0.61,0.6357825
2,12,2008,2008-12-26,0.6,0.60965097
2,12,2009,2009-07-04,0.54,0.6192262
2,12,2009,2009-07-12,0.62,0.58488226
2,12,2009,2009-07-20,0.7,0.5975642
2,12,2009,2009-07-28,0.61,0.64233756
2,12,2009,2009-08-05,0.58,0.6225178
2,12,2009,2009-08-13,0.59,0.59890926
2,12,2009,2009-08-21,0.59,0.5826778
2,12,2009,2009-08-29,0.5,0.5839673
2,12,2009,2009-09-06,0.53,0.55104053
2,12,2009,2009-09-14,0.47,0.5465627
2,12,2009,2009-09-22,0.55,0.5143187
2,12,2009,2009-09-30,0.56,0.5234344
2,12,2009,2009-10-08,0.63,0.54475987
2,12,2009,2009-10-16,0.58,0.5918454
2,12,2009,2009-10-24,0.62,0.598299
2,12,2009,2009-11-01,0.63,0.6103273
2,12,2009,2009-11-09,0.62,0.6097567
2,12,2009,2009-11-17,0.68,0.60831213
2,12,2009,2009-11-25,0.66,0.6389202
2,12,2009,2009-12-03,0.66,0.6403611
2,12,2009,2009-12-11,0.62,0.6447648
2,12,2009,2009-12-19,0.63,0.62887657
2,12,2009,2009-12-27,0.68,0.6210424
2,12,2010,2010-07-04,0.6,0.64906394
2,12,2010,2010-07-12,0.71,0.6032577
2,12,2010,2010-07-20,0.7,0.646855
2,12,2010,2010-07-28,0.64,0.6656157
2,12,2010,2010-08-05,0.66,0.6379225
2,12,2010,2010-08-13,0.59,0.62620354
2,12,2010,2010-08-21,0.49,0.5915189
2,12,2010,2010-08-29,0.52,0.5365107
2,12,2010,2010-09-06,0.58,0.5128388
2,12,2010,2010-09-14,0.61,0.5433835
2,12,2010,2010-09-22,0.56,0.567307
2,12,2010,2010-09-30,0.64,0.5641143
2,12,2010,2010-10-08,0.63,0.595806
2,12,2010,2010-10-16,0.58,0.6115589
2,12,2010,2010-10-24,0.64,0.5885055
2,12,2010,2010-11-01,0.57,0.6076751
2,12,2010,2010-11-09,0.6,0.58409035
2,12,2010,2010-11-17,0.49,0.5894797
2,12,2010,2010-11-25,0.56,0.5435928
2,12,2010,2010-12-03,0.52,0.5577222
2,12,2010,2010-12-11,0.51,0.5434288
2,12,2010,2010-12-19,0.4,0.5321865
2,12,2010,2010-12-27,0.55,0.4739703
2,12,2011,2011-07-04,0.59,0.63327783
2,12,2011,2011-07-12,0.55,0.6020001
2,12,2011,2011-07-20,0.49,0.5818524
2,12,2011,2011-07-28,0.52,0.5462323
2,12,2011,2011-08-05,0.63,0.53854334
2,12,2011,2011-08-13,0.6,0.5835707
2,12,2011,2011-08-21,0.41,0.5879699
2,12,2011,2011-08-29,0.5,0.504687
2,12,2011,2011-09-06,0.47,0.4945658
2,12,2011,2011-09-14,0.59,0.49440616
2,12,2011,2011-09-22,0.5,0.5522208
2,12,2011,2011-09-30,0.66,0.5347457
2,12,2011,2011-10-08,0.54,0.5966692
2,12,2011,2011-10-16,0.6,0.5737055
2,12,2011,2011-10-24,0.55,0.58233654
2,12,2011,2011-11-01,0.59,0.56660414
2,12,2011,2011-11-09,0.62,0.5733409
2,12,2011,2011-11-17,0.62,0.5907232
2,12,2011,2011-11-25,0.65,0.5882443
2,12,2011,2011-12-03,0.63,0.6074901
2,12,2011,2011-12-11,0.66,0.6028579
2,12,2011,2011-12-19,0.55,0.6127813
2,12,2011,2011-12-27,0.46,0.56038433
2,12,2012,2012-07-03,0.71,0.564281
2,12,2012,2012-07-11,0.63,0.62253654
2,12,2012,2012-07-19,0.56,0.613978
2,12,2012,2012-07-27,0.6,0.5778178
2,12,2012,2012-08-04,0.6,0.5750371
2,12,2012,2012-08-12,0.52,0.5901405
2,12,2012,2012-08-20,0.53,0.56382215
2,12,2012,2012-08-28,0.48,0.5293345
2,12,2012,2012-09-05,0.6,0.50317436
2,12,2012,2012-09-13,0.57,0.5444229
2,12,2012,2012-09-21,0.49,0.5662498
2,12,2012,2012-09-29,0.65,0.53426045
2,12,2012,2012-10-07,0.64,0.5953649
2,12,2012,2012-10-15,0.55,0.6048471
2,12,2012,2012-10-23,0.59,0.5840078
2,12,2012,2012-10-31,0.51,0.5758602
2,12,2012,2012-11-08,0.5,0.54809064
2,12,2012,2012-11-16,0.56,0.53526825
2,12,2012,2012-11-24,0.55,0.5528253
2,12,2012,2012-12-02,0.57,0.56234765
2,12,2012,2012-12-10,0.59,0.57203007
2,12,2012,2012-12-18,0.5,0.5857886
2,12,2012,2012-12-26,0.57,0.5446181
2,13,2001,2001-07-04,0.31,0.30749887
2,13,2001,2001-07-12,0.23,0.3259806
2,13,2001,2001-07-20,0.32,0.30456495
2,13,2001,2001-07-28,0.38,0.3147079
2,13,2001,2001-08-05,0.28,0.3552134
2,13,2001,2001-08-13,0.25,0.3360243
2,13,2001,2001-08-21,0.32,0.2898889
2,13,2001,2001-08-29,0.22,0.28502452
2,13,2001,2001-09-06,0.28,0.28469804
2,13,2001,2001-09-14,0.28,0.31793922
2,13,2001,2001-09-22,0.32,0.3168512
2,13,2001,2001-09-30,0.21,0.33683014
2,13,2001,2001-10-08,0.42,0.29976684
2,13,2001,2001-10-16,0.42,0.37346
2,13,2001,2001-10-24,0.38,0.40593067
2,13,2001,2001-11-01,0.36,0.41928995
2,13,2001,2001-11-09,0.31,0.38756317
2,13,2001,2001-11-17,0.35,0.34925425
2,13,2001,2001-11-25,0.37,0.34928173
2,13,2001,2001-12-03,0.38,0.37143463
2,13,2001,2001-12-11,0.39,0.37971324
2,13,2001,2001-12-19,0.39,0.38889635
2,13,2001,2001-12-27,0.39,0.39332885
2,13,2002,2002-07-04,0.39,0.39165634
2,13,2002,2002-07-12,0.39,0.38319942
2,13,2002,2002-07-20,0.37,0.36136666
2,13,2002,2002-07-28,0.29,0.36171272
2,13,2002,2002-08-05,0.37,0.32971704
2,13,2002,2002-08-13,0.39,0.34409225
2,13,2002,2002-08-21,0.39,0.3571645
2,13,2002,2002-08-29,0.34,0.3799345
2,13,2002,2002-09-06,0.43,0.33854088
2,13,2002,2002-09-14,0.45,0.38366187
2,13,2002,2002-09-22,0.41,0.41184473
2,13,2002,2002-09-30,0.32,0.40868783
2,13,2002,2002-10-08,0.42,0.3259339
2,13,2002,2002-10-16,0.38,0.3931019
2,13,2002,2002-10-24,0.41,0.39631855
2,13,2002,2002-11-01,0.42,0.4063631
2,13,2002,2002-11-09,0.35,0.39602333
2,13,2002,2002-11-17,0.4,0.35501933
2,13,2002,2002-11-25,0.43,0.37437513
2,13,2002,2002-12-03,0.39,0.40576527
2,13,2002,2002-12-11,0.43,0.3991526
2,13,2002,2002-12-19,0.42,0.41048563
2,13,2002,2002-12-27,0.44,0.40835404
2,13,2003,2003-07-04,0.29,0.36331826
2,13,2003,2003-07-12,0.38,0.32491368
2,13,2003,2003-07-20,0.31,0.3550292
2,13,2003,2003-07-28,0.31,0.33109826
2,13,2003,2003-08-05,0.4,0.31231597
2,13,2003,2003-08-13,0.29,0.36607796
2,13,2003,2003-08-21,0.28,0.3375363
2,13,2003,2003-08-29,0.28,0.31202748
2,13,2003,2003-09-06,0.25,0.28827858
2,13,2003,2003-09-14,0.24,0.29356816
2,13,2003,2003-09-22,0.32,0.2906626
2,13,2003,2003-09-30,0.4,0.32594392
2,13,2003,2003-10-08,0.35,0.36797994
2,13,2003,2003-10-16,0.37,0.37169588
2,13,2003,2003-10-24,0.36,0.36921304
2,13,2003,2003-11-01,0.33,0.36473095
2,13,2003,2003-11-09,0.34,0.34954122
2,13,2003,2003-11-17,0.39,0.33687365
2,13,2003,2003-11-25,0.37,0.37241003
2,13,2003,2003-12-03,0.39,0.3815494
2,13,2003,2003-12-11,0.4,0.38497138
2,13,2003,2003-12-19,0.36,0.39249778
2,13,2003,2003-12-27,0.34,0.37312406
2,13,2004,2004-07-03,0.42,0.41068694
2,13,2004,2004-07-11,0.41,0.3924452
2,13,2004,2004-07-19,0.42,0.3946355
2,13,2004,2004-07-27,0.36,0.39390886
2,13,2004,2004-08-04,0.27,0.3606318
2,13,2004,2004-08-12,0.37,0.31148434
2,13,2004,2004-08-20,0.23,0.3351339
2,13,2004,2004-08-28,0.42,0.2756736
2,13,2004,2004-09-05,0.38,0.3609712
2,13,2004,2004-09-13,0.38,0.36252698
2,13,2004,2004-09-21,0.35,0.3672889
2,13,2004,2004-09-29,0.33,0.34965226
2,13,2004,2004-10-07,0.46,0.35272008
2,13,2004,2004-10-15,0.41,0.41477898
2,13,2004,2004-10-23,0.42,0.40958554
2,13,2004,2004-10-31,0.45,0.40651345
2,13,2004,2004-11-08,0.46,0.4109367
2,13,2004,2004-11-16,0.46,0.4272807
2,13,2004,2004-11-24,0.46,0.43907094
2,13,2004,2004-12-02,0.43,0.43616164
2,13,2004,2004-12-10,0.44,0.41863796
2,13,2004,2004-12-18,0.47,0.4188769
2,13,2004,2004-12-26,0.44,0.43179813
2,13,2005,2005-07-04,0.34,0.39164847
2,13,2005,2005-07-12,0.43,0.35042948
2,13,2005,2005-07-20,0.37,0.39725494
2,13,2005,2005-07-28,0.45,0.38095617
2,13,2005,2005-08-05,0.39,0.41270474
2,13,2005,2005-08-13,0.37,0.3690287
2,13,2005,2005-08-21,0.32,0.36702034
2,13,2005,2005-08-29,0.35,0.31282198
2,13,2005,2005-09-06,0.37,0.3527894
2,13,2005,2005-09-14,0.31,0.36863565
2,13,2005,2005-09-22,0.39,0.34323198
2,13,2005,2005-09-30,0.33,0.36208075
2,13,2005,2005-10-08,0.38,0.3389884
2,13,2005,2005-10-16,0.45,0.38382483
2,13,2005,2005-10-24,0.42,0.4233551
2,13,2005,2005-11-01,0.42,0.42289886
2,13,2005,2005-11-09,0.4,0.41516054
2,13,2005,2005-11-17,0.42,0.40116695
2,13,2005,2005-11-25,0.42,0.4104439
2,13,2005,2005-12-03,0.4,0.41234443
2,13,2005,2005-12-11,0.38,0.3971632
2,13,2005,2005-12-19,0.4,0.38023484
2,13,2005,2005-12-27,0.37,0.3941922
2,13,2006,2006-07-04,0.37,0.4149102
2,13,2006,2006-07-12,0.43,0.36729375
2,13,2006,2006-07-20,0.39,0.40900165
2,13,2006,2006-07-28,0.45,0.39139545
2,13,2006,2006-08-05,0.44,0.4354968
2,13,2006,2006-08-13,0.42,0.42598408
2,13,2006,2006-08-21,0.34,0.4122617
2,13,2006,2006-08-29,0.38,0.34658802
2,13,2006,2006-09-06,0.37,0.3601557
2,13,2006,2006-09-14,0.28,0.36888474
2,13,2006,2006-09-22,0.44,0.318109
2,13,2006,2006-09-30,0.43,0.39664286
2,13,2006,2006-10-08,0.34,0.4121508
2,13,2006,2006-10-16,0.38,0.37733382
2,13,2006,2006-10-24,0.44,0.38000733
2,13,2006,2006-11-01,0.42,0.4195583
2,13,2006,2006-11-09,0.43,0.4231439
2,13,2006,2006-11-17,0.42,0.417579
2,13,2006,2006-11-25,0.42,0.4124786
2,13,2006,2006-12-03,0.4,0.41355276
2,13,2006,2006-12-11,0.46,0.39795816
2,13,2006,2006-12-19,0.49,0.4249763
2,13,2006,2006-12-27,0.6,0.4571314
2,13,2007,2007-07-04,0.42,0.40259945
2,13,2007,2007-07-12,0.41,0.3961923
2,13,2007,2007-07-20,0.42,0.40135404
2,13,2007,2007-07-28,0.37,0.40452653
2,13,2007,2007-08-05,0.37,0.386214
2,13,2007,2007-08-13,0.2,0.37540478
2,13,2007,2007-08-21,0.32,0.27662688
2,13,2007,2007-08-29,0.33,0.29572168
2,13,2007,2007-09-06,0.29,0.32665375
2,13,2007,2007-09-14,0.23,0.32670668
2,13,2007,2007-09-22,0.2,0.2654018
2,13,2007,2007-09-30,0.41,0.25655505
2,13,2007,2007-10-08,0.29,0.37630513
2,13,2007,2007-10-16,0.37,0.34026417
2,13,2007,2007-10-24,0.35,0.36190155
2,13,2007,2007-11-01,0.36,0.36071587
2,13,2007,2007-11-09,0.32,0.37566453
2,13,2007,2007-11-17,0.36,0.34567395
2,13,2007,2007-11-25,0.35,0.358643
2,13,2007,2007-12-03,0.42,0.35972393
2,13,2007,2007-12-11,0.4,0.3987304
2,13,2007,2007-12-19,0.39,0.40716758
2,13,2007,2007-12-27,0.4,0.4068343
2,13,2008,2008-07-03,0.44,0.4080128
2,13,2008,2008-07-11,0.33,0.42870235
2,13,2008,2008-07-19,0.29,0.36050197
2,13,2008,2008-07-27,0.35,0.31384608
2,13,2008,2008-08-04,0.36,0.3285932
2,13,2008,2008-08-12,0.21,0.35387307
2,13,2008,2008-08-20,0.32,0.25779647
2,13,2008,2008-08-28,0.42,0.29585803
2,13,2008,2008-09-05,0.38,0.37465912
2,13,2008,2008-09-13,0.3,0.38466758
2,13,2008,2008-09-21,0.28,0.3133415
2,13,2008,2008-09-29,0.33,0.27141368
2,13,2008,2008-10-07,0.37,0.33166075
2,13,2008,2008-10-15,0.38,0.35922593
2,13,2008,2008-10-23,0.42,0.3799024
2,13,2008,2008-10-31,0.4,0.39559144
2,13,2008,2008-11-08,0.36,0.39367962
2,13,2008,2008-11-16,0.41,0.35855958
2,13,2008,2008-11-24,0.4,0.38074875
2,13,2008,2008-12-02,0.39,0.38585636
2,13,2008,2008-12-10,0.46,0.39409843
2,13,2008,2008-12-18,0.42,0.42539528
2,13,2008,2008-12-26,0.35,0.41341645
2,13,2009,2009-07-04,0.36,0.49310768
2,13,2009,2009-07-12,0.51,0.44648492
2,13,2009,2009-07-20,0.51,0.46694806
2,13,2009,2009-07-28,0.44,0.47042817
2,13,2009,2009-08-05,0.39,0.4612575
2,13,2009,2009-08-13,0.38,0.42774636
2,13,2009,2009-08-21,0.38,0.38959312
2,13,2009,2009-08-29,0.32,0.39034992
2,13,2009,2009-09-06,0.39,0.3828204
2,13,2009,2009-09-14,0.35,0.40410066
2,13,2009,2009-09-22,0.43,0.3825645
2,13,2009,2009-09-30,0.43,0.40631104
2,13,2009,2009-10-08,0.44,0.42489535
2,13,2009,2009-10-16,0.43,0.4457066
2,13,2009,2009-10-24,0.45,0.4456238
2,13,2009,2009-11-01,0.47,0.457048
2,13,2009,2009-11-09,0.42,0.46741512
2,13,2009,2009-11-17,0.49,0.445441
2,13,2009,2009-11-25,0.45,0.47037125
2,13,2009,2009-12-03,0.45,0.4645961
2,13,2009,2009-12-11,0.43,0.4617265
2,13,2009,2009-12-19,0.44,0.4548199
2,13,2009,2009-12-27,0.46,0.454561
2,13,2010,2010-07-04,0.37,0.44035447
2,13,2010,2010-07-12,0.36,0.37682623
2,13,2010,2010-07-20,0.43,0.36530316
2,13,2010,2010-07-28,0.34,0.41564482
2,13,2010,2010-08-05,0.44,0.37354904
2,13,2010,2010-08-13,0.4,0.39806405
2,13,2010,2010-08-21,0.32,0.38535315
2,13,2010,2010-08-29,0.39,0.34569654
2,13,2010,2010-09-06,0.36,0.35297698
2,13,2010,2010-09-14,0.41,0.36240152
2,13,2010,2010-09-22,0.38,0.3909653
2,13,2010,2010-09-30,0.42,0.38980153
2,13,2010,2010-10-08,0.46,0.41110176
2,13,2010,2010-10-16,0.45,0.43907353
2,13,2010,2010-10-24,0.4,0.439051
2,13,2010,2010-11-01,0.39,0.40705582
2,13,2010,2010-11-09,0.39,0.39053652
2,13,2010,2010-11-17,0.36,0.38069344
2,13,2010,2010-11-25,0.39,0.37650916
2,13,2010,2010-12-03,0.41,0.38509423
2,13,2010,2010-12-11,0.37,0.40167302
2,13,2010,2010-12-19,0.31,0.37986195
2,13,2010,2010-12-27,0.4,0.33692312
2,13,2011,2011-07-04,0.33,0.41965938
2,13,2011,2011-07-12,0.32,0.3840049
2,13,2011,2011-07-20,0.21,0.35757354
2,13,2011,2011-07-28,0.3,0.3135532
2,13,2011,2011-08-05,0.4,0.32323033
2,13,2011,2011-08-13,0.36,0.38454318
2,13,2011,2011-08-21,0.21,0.3963852
2,13,2011,2011-08-29,0.34,0.3230654
2,13,2011,2011-09-06,0.29,0.34000832
2,13,2011,2011-09-14,0.34,0.33768702
2,13,2011,2011-09-22,0.25,0.36782515
2,13,2011,2011-09-30,0.37,0.3314987
2,13,2011,2011-10-08,0.37,0.37166193
2,13,2011,2011-10-16,0.43,0.3939286
2,13,2011,2011-10-24,0.38,0.43171585
2,13,2011,2011-11-01,0.4,0.41297907
2,13,2011,2011-11-09,0.38,0.41036734
2,13,2011,2011-11-17,0.4,0.4005249
2,13,2011,2011-11-25,0.35,0.4056367
2,13,2011,2011-12-03,0.41,0.38912848
2,13,2011,2011-12-11,0.4,0.41013965
2,13,2011,2011-12-19,0.36,0.4111386
2,13,2011,2011-12-27,0.27,0.38785398
2,13,2012,2012-07-03,0.41,0.39321405
2,13,2012,2012-07-11,0.35,0.4002427
2,13,2012,2012-07-19,0.37,0.37812173
2,13,2012,2012-07-27,0.37,0.36352962
2,13,2012,2012-08-04,0.36,0.3702256
2,13,2012,2012-08-12,0.3,0.3864504
2,13,2012,2012-08-20,0.36,0.36149415
2,13,2012,2012-08-28,0.3,0.34947342
2,13,2012,2012-09-05,0.44,0.33867866
2,13,2012,2012-09-13,0.28,0.39410472
2,13,2012,2012-09-21,0.24,0.35800257
2,13,2012,2012-09-29,0.39,0.30648646
2,13,2012,2012-10-07,0.4,0.35810772
2,13,2012,2012-10-15,0.33,0.39903128
2,13,2012,2012-10-23,0.38,0.392722
2,13,2012,2012-10-31,0.28,0.38927865
2,13,2012,2012-11-08,0.32,0.35177463
2,13,2012,2012-11-16,0.34,0.34995198
2,13,2012,2012-11-24,0.36,0.36124343
2,13,2012,2012-12-02,0.36,0.37446296
2,13,2012,2012-12-10,0.38,0.38446903
2,13,2012,2012-12-18,0.32,0.39517236
2,13,2012,2012-12-26,0.31,0.3691108
3,1,2001,2001-07-04,0.21,0.25991237
3,1,2001,2001-07-12,0.22,0.3130356
3,1,2001,2001-07-20,0.24,0.36618292
3,1,2001,2001-07-28,0.43,0.38192227
3,1,2001,2001-08-05,0.47,0.5469114
3,1,2001,2001-08-13,0.51,0.57932544
3,1,2001,2001-08-21,0.7,0.60026395
3,1,2001,2001-08-29,0.89,0.7735617
3,1,2001,2001-09-06,0.86,0.9343382
3,1,2001,2001-09-14,0.84,0.8982693
3,1,2001,2001-09-22,0.86,0.85366917
3,1,2001,2001-09-30,0.84,0.8477638
3,1,2001,2001-10-08,0.85,0.8100116
3,1,2001,2001-10-16,0.85,0.82277036
3,1,2001,2001-10-24,0.84,0.8159737
3,1,2001,2001-11-01,0.84,0.80206126
3,1,2001,2001-11-09,0.84,0.7919706
3,1,2001,2001-11-17,0.83,0.7973716
3,1,2001,2001-11-25,0.84,0.79650664
3,1,2001,2001-12-03,0.85,0.8030734
3,1,2001,2001-12-11,0.83,0.80473715
3,1,2001,2001-12-19,0.76,0.764542
3,1,2001,2001-12-27,0.71,0.6655569
3,1,2002,2002-07-04,0.08,0.1837751
3,1,2002,2002-07-12,0.23,0.18784538
3,1,2002,2002-07-20,0.26,0.3242185
3,1,2002,2002-07-28,0.3,0.35600936
3,1,2002,2002-08-05,0.48,0.43418956
3,1,2002,2002-08-13,0.75,0.5818438
3,1,2002,2002-08-21,0.75,0.8066731
3,1,2002,2002-08-29,0.84,0.8242667
3,1,2002,2002-09-06,0.88,0.907308
3,1,2002,2002-09-14,0.86,0.9056157
3,1,2002,2002-09-22,0.86,0.84864163
3,1,2002,2002-09-30,0.85,0.8200481
3,1,2002,2002-10-08,0.85,0.7929412
3,1,2002,2002-10-16,0.83,0.8051523
3,1,2002,2002-10-24,0.83,0.7774059
3,1,2002,2002-11-01,0.84,0.7776401
3,1,2002,2002-11-09,0.85,0.7955116
3,1,2002,2002-11-17,0.86,0.81618553
3,1,2002,2002-11-25,0.83,0.82561123
3,1,2002,2002-12-03,0.81,0.7847265
3,1,2002,2002-12-11,0.79,0.75472295
3,1,2002,2002-12-19,0.68,0.7192055
3,1,2002,2002-12-27,0.28,0.5556145
3,1,2003,2003-07-04,0.11,0.08866006
3,1,2003,2003-07-12,0.21,0.16242662
3,1,2003,2003-07-20,0.14,0.30257767
3,1,2003,2003-07-28,0.18,0.25628996
3,1,2003,2003-08-05,0.27,0.25951886
3,1,2003,2003-08-13,0.27,0.37408692
3,1,2003,2003-08-21,0.48,0.4492941
3,1,2003,2003-08-29,0.68,0.59527755
3,1,2003,2003-09-06,0.66,0.7644825
3,1,2003,2003-09-14,0.72,0.7365675
3,1,2003,2003-09-22,0.72,0.7412381
3,1,2003,2003-09-30,0.76,0.70483685
3,1,2003,2003-10-08,0.7,0.746012
3,1,2003,2003-10-16,0.74,0.661052
3,1,2003,2003-10-24,0.72,0.69611037
3,1,2003,2003-11-01,0.69,0.6736822
3,1,2003,2003-11-09,0.68,0.65112996
3,1,2003,2003-11-17,0.61,0.6314374
3,1,2003,2003-11-25,0.48,0.55448794
3,1,2003,2003-12-03,0.32,0.38645738
3,1,2003,2003-12-11,0.26,0.20165652
3,1,2003,2003-12-19,0.12,0.16704828
3,1,2003,2003-12-27,0.07,0.08586094
3,1,2004,2004-07-03,0.08,0.080111414
3,1,2004,2004-07-11,0.06,0.1385372
3,1,2004,2004-07-19,0.21,0.15267275
3,1,2004,2004-07-27,0.53,0.2633553
3,1,2004,2004-08-04,0.51,0.5811701
3,1,2004,2004-08-12,0.59,0.59204847
3,1,2004,2004-08-20,0.59,0.6066098
3,1,2004,2004-08-28,0.7,0.62694216
3,1,2004,2004-09-05,0.7,0.7576115
3,1,2004,2004-09-13,0.74,0.72252226
3,1,2004,2004-09-21,0.74,0.74555683
3,1,2004,2004-09-29,0.71,0.71389043
3,1,2004,2004-10-07,0.72,0.6805873
3,1,2004,2004-10-15,0.7,0.6522238
3,1,2004,2004-10-23,0.71,0.64734876
3,1,2004,2004-10-31,0.78,0.65763474
3,1,2004,2004-11-08,0.65,0.7400615
3,1,2004,2004-11-16,0.58,0.5894835
3,1,2004,2004-11-24,0.36,0.45608342
3,1,2004,2004-12-02,0.33,0.18568492
3,1,2004,2004-12-10,0.14,0.16000913
3,1,2004,2004-12-18,0.08,0.06780854
3,1,2004,2004-12-26,0.07,0.04447314
3,1,2005,2005-07-04,0.2,0.08080387
3,1,2005,2005-07-12,0.24,0.2550521
3,1,2005,2005-07-20,0.11,0.30053973
3,1,2005,2005-07-28,0.54,0.21828827
3,1,2005,2005-08-05,0.51,0.6879282
3,1,2005,2005-08-13,0.61,0.6358758
3,1,2005,2005-08-21,0.65,0.6588757
3,1,2005,2005-08-29,0.72,0.6684886
3,1,2005,2005-09-06,0.71,0.7591424
3,1,2005,2005-09-14,0.71,0.7218112
3,1,2005,2005-09-22,0.72,0.7065152
3,1,2005,2005-09-30,0.7,0.69166803
3,1,2005,2005-10-08,0.72,0.65660566
3,1,2005,2005-10-16,0.69,0.68081605
3,1,2005,2005-10-24,0.7,0.64118135
3,1,2005,2005-11-01,0.73,0.66069555
3,1,2005,2005-11-09,0.73,0.72096384
3,1,2005,2005-11-17,0.72,0.6815982
3,1,2005,2005-11-25,0.7,0.6430062
3,1,2005,2005-12-03,0.62,0.5518405
3,1,2005,2005-12-11,0.58,0.49019942
3,1,2005,2005-12-19,0.37,0.42262813
3,1,2005,2005-12-27,0.25,0.25514054
3,1,2006,2006-07-04,0.08,0.0864107
3,1,2006,2006-07-12,0.17,0.17150235
3,1,2006,2006-07-20,0.18,0.26738444
3,1,2006,2006-07-28,0.16,0.24130827
3,1,2006,2006-08-05,0.44,0.31578335
3,1,2006,2006-08-13,0.7,0.5450857
3,1,2006,2006-08-21,0.74,0.77234733
3,1,2006,2006-08-29,0.78,0.7878419
3,1,2006,2006-09-06,0.81,0.8055142
3,1,2006,2006-09-14,0.78,0.79834723
3,1,2006,2006-09-22,0.82,0.7442949
3,1,2006,2006-09-30,0.76,0.7792445
3,1,2006,2006-10-08,0.82,0.69388855
3,1,2006,2006-10-16,0.82,0.7786146
3,1,2006,2006-10-24,0.82,0.7666812
3,1,2006,2006-11-01,0.81,0.77867377
3,1,2006,2006-11-09,0.8,0.7621032
3,1,2006,2006-11-17,0.81,0.747357
3,1,2006,2006-11-25,0.72,0.75425315
3,1,2006,2006-12-03,0.61,0.63457596
3,1,2006,2006-12-11,0.25,0.46217245
3,1,2006,2006-12-19,0.29,0.104866594
3,1,2006,2006-12-27,0.16,0.106695205
3,1,2007,2007-07-04,0.06,0.06908998
3,1,2007,2007-07-12,0.08,0.11708398
3,1,2007,2007-07-20,0.31,0.1627743
3,1,2007,2007-07-28,0.5,0.38679394
3,1,2007,2007-08-05,0.54,0.55644566
3,1,2007,2007-08-13,0.55,0.64544106
3,1,2007,2007-08-21,0.6,0.66647935
3,1,2007,2007-08-29,0.62,0.6682298
3,1,2007,2007-09-06,0.65,0.6582655
3,1,2007,2007-09-14,0.71,0.66934955
3,1,2007,2007-09-22,0.58,0.70914376
3,1,2007,2007-09-30,0.66,0.5608579
3,1,2007,2007-10-08,0.64,0.60168743
3,1,2007,2007-10-16,0.65,0.6117029
3,1,2007,2007-10-24,0.67,0.6432749
3,1,2007,2007-11-01,0.66,0.649563
3,1,2007,2007-11-09,0.65,0.6334224
3,1,2007,2007-11-17,0.66,0.61165345
3,1,2007,2007-11-25,0.66,0.62490785
3,1,2007,2007-12-03,0.64,0.602311
3,1,2007,2007-12-11,0.59,0.55206084
3,1,2007,2007-12-19,0.37,0.39656267
3,1,2007,2007-12-27,0.16,0.22876735
3,1,2008,2008-07-03,0.07,0.09723541
3,1,2008,2008-07-11,0.05,0.120743126
3,1,2008,2008-07-19,0.14,0.10821003
3,1,2008,2008-07-27,0.35,0.249157
3,1,2008,2008-08-04,0.52,0.49228057
3,1,2008,2008-08-12,0.68,0.6333301
3,1,2008,2008-08-20,0.73,0.7293143
3,1,2008,2008-08-28,0.69,0.75996536
3,1,2008,2008-09-05,0.73,0.69935274
3,1,2008,2008-09-13,0.59,0.70974284
3,1,2008,2008-09-21,0.58,0.5564078
3,1,2008,2008-09-29,0.58,0.47850657
3,1,2008,2008-10-07,0.61,0.5140741
3,1,2008,2008-10-15,0.57,0.58813035
3,1,2008,2008-10-23,0.61,0.5567692
3,1,2008,2008-10-31,0.6,0.59313375
3,1,2008,2008-11-08,0.6,0.5798334
3,1,2008,2008-11-16,0.65,0.57781327
3,1,2008,2008-11-24,0.73,0.63001657
3,1,2008,2008-12-02,0.61,0.72541
3,1,2008,2008-12-10,0.6,0.59126186
3,1,2008,2008-12-18,0.57,0.52066433
3,1,2008,2008-12-26,0.46,0.41739982
3,1,2009,2009-07-04,0.06,0.076738924
3,1,2009,2009-07-12,0.06,0.10488574
3,1,2009,2009-07-20,0.21,0.10071868
3,1,2009,2009-07-28,0.37,0.26684448
3,1,2009,2009-08-05,0.48,0.47672856
3,1,2009,2009-08-13,0.6,0.6011374
3,1,2009,2009-08-21,0.6,0.68901366
3,1,2009,2009-08-29,0.69,0.66243637
3,1,2009,2009-09-06,0.6,0.69480723
3,1,2009,2009-09-14,0.61,0.5839442
3,1,2009,2009-09-22,0.62,0.52518785
3,1,2009,2009-09-30,0.59,0.5355827
3,1,2009,2009-10-08,0.6,0.53976566
3,1,2009,2009-10-16,0.59,0.56638205
3,1,2009,2009-10-24,0.56,0.5447085
3,1,2009,2009-11-01,0.59,0.52774644
3,1,2009,2009-11-09,0.59,0.5527753
3,1,2009,2009-11-17,0.56,0.5621786
3,1,2009,2009-11-25,0.48,0.54435927
3,1,2009,2009-12-03,0.49,0.46519673
3,1,2009,2009-12-11,0.33,0.42160827
3,1,2009,2009-12-19,0.2,0.26908457
3,1,2009,2009-12-27,0.1,0.14582801
3,1,2010,2010-07-04,0.08,0.0807237
3,1,2010,2010-07-12,0.1,0.12720902
3,1,2010,2010-07-20,0.19,0.14875142
3,1,2010,2010-07-28,0.03,0.27404886
3,1,2010,2010-08-05,0.05,0.17584607
3,1,2010,2010-08-13,0.28,0.16995317
3,1,2010,2010-08-21,0.29,0.4005503
3,1,2010,2010-08-29,0.39,0.43555883
3,1,2010,2010-09-06,0.49,0.49765986
3,1,2010,2010-09-14,0.52,0.5343578
3,1,2010,2010-09-22,0.51,0.55867064
3,1,2010,2010-09-30,0.62,0.526281
3,1,2010,2010-10-08,0.45,0.61444783
3,1,2010,2010-10-16,0.56,0.4490447
3,1,2010,2010-10-24,0.57,0.5241368
3,1,2010,2010-11-01,0.54,0.5366001
3,1,2010,2010-11-09,0.54,0.543273
3,1,2010,2010-11-17,0.59,0.51474774
3,1,2010,2010-11-25,0.52,0.5623831
3,1,2010,2010-12-03,0.5,0.47882605
3,1,2010,2010-12-11,0.27,0.44943452
3,1,2010,2010-12-19,0.24,0.1937046
3,1,2010,2010-12-27,0.27,0.13409355
3,1,2011,2011-07-04,0.23,0.10955022
3,1,2011,2011-07-12,0.15,0.27872288
3,1,2011,2011-07-20,0.17,0.22521824
3,1,2011,2011-07-28,0.52,0.23154436
3,1,2011,2011-08-05,0.47,0.50331616
3,1,2011,2011-08-13,0.55,0.5036881
3,1,2011,2011-08-21,0.66,0.59330636
3,1,2011,2011-08-29,0.53,0.661325
3,1,2011,2011-09-06,0.56,0.5664325
3,1,2011,2011-09-14,0.5,0.5559845
3,1,2011,2011-09-22,0.5,0.48134413
3,1,2011,2011-09-30,0.48,0.47513574
3,1,2011,2011-10-08,0.49,0.47552776
3,1,2011,2011-10-16,0.51,0.44247594
3,1,2011,2011-10-24,0.52,0.49849296
3,1,2011,2011-11-01,0.53,0.5185819
3,1,2011,2011-11-09,0.55,0.51771665
3,1,2011,2011-11-17,0.59,0.5270574
3,1,2011,2011-11-25,0.64,0.58504164
3,1,2011,2011-12-03,0.58,0.61581326
3,1,2011,2011-12-11,0.51,0.5437309
3,1,2011,2011-12-19,0.4,0.38414857
3,1,2011,2011-12-27,0.47,0.27038622
3,1,2012,2012-07-03,0.1,0.06386003
3,1,2012,2012-07-11,0.25,0.16966236
3,1,2012,2012-07-19,0.24,0.2852075
3,1,2012,2012-07-27,0.07,0.2803375
3,1,2012,2012-08-04,0.17,0.18677773
3,1,2012,2012-08-12,0.16,0.20896736
3,1,2012,2012-08-20,0.3,0.22357866
3,1,2012,2012-08-28,0.48,0.38638783
3,1,2012,2012-09-05,0.47,0.5031348
3,1,2012,2012-09-13,0.45,0.49320164
3,1,2012,2012-09-21,0.45,0.41583866
3,1,2012,2012-09-29,0.47,0.39032304
3,1,2012,2012-10-07,0.46,0.414652
3,1,2012,2012-10-15,0.51,0.41863182
3,1,2012,2012-10-23,0.49,0.47368824
3,1,2012,2012-10-31,0.45,0.45674083
3,1,2012,2012-11-08,0.39,0.40823913
3,1,2012,2012-11-16,0.29,0.33710033
3,1,2012,2012-11-24,0.21,0.2489788
3,1,2012,2012-12-02,0.15,0.18655732
3,1,2012,2012-12-10,0.12,0.12891194
3,1,2012,2012-12-18,0.11,0.10796693
3,1,2012,2012-12-26,0.05,0.10021317
3,2,2001,2001-07-04,0.22,0.25576675
3,2,2001,2001-07-12,0.28,0.28255448
3,2,2001,2001-07-20,0.39,0.39606628
3,2,2001,2001-07-28,0.56,0.4950733
3,2,2001,2001-08-05,0.62,0.67915034
3,2,2001,2001-08-13,0.62,0.710907
3,2,2001,2001-08-21,0.74,0.69420266
3,2,2001,2001-08-29,0.78,0.7852973
3,2,2001,2001-09-06,0.75,0.8062409
3,2,2001,2001-09-14,0.74,0.7486466
3,2,2001,2001-09-22,0.75,0.70498335
3,2,2001,2001-09-30,0.75,0.7033869
3,2,2001,2001-10-08,0.77,0.7156526
3,2,2001,2001-10-16,0.79,0.7367743
3,2,2001,2001-10-24,0.77,0.76168835
3,2,2001,2001-11-01,0.77,0.72279507
3,2,2001,2001-11-09,0.74,0.7168774
3,2,2001,2001-11-17,0.74,0.67761886
3,2,2001,2001-11-25,0.75,0.68582916
3,2,2001,2001-12-03,0.75,0.7046505
3,2,2001,2001-12-11,0.75,0.7105342
3,2,2001,2001-12-19,0.72,0.70319307
3,2,2001,2001-12-27,0.68,0.66118836
3,2,2002,2002-07-04,0.03,0.10791133
3,2,2002,2002-07-12,0.12,0.1362462
3,2,2002,2002-07-20,0.25,0.23315945
3,2,2002,2002-07-28,0.46,0.38213533
3,2,2002,2002-08-05,0.59,0.6100086
3,2,2002,2002-08-13,0.71,0.70214534
3,2,2002,2002-08-21,0.71,0.7658689
3,2,2002,2002-08-29,0.75,0.7663224
3,2,2002,2002-09-06,0.76,0.778895
3,2,2002,2002-09-14,0.76,0.74763405
3,2,2002,2002-09-22,0.8,0.7276422
3,2,2002,2002-09-30,0.77,0.7713641
3,2,2002,2002-10-08,0.77,0.7335337
3,2,2002,2002-10-16,0.75,0.73224694
3,2,2002,2002-10-24,0.75,0.7030164
3,2,2002,2002-11-01,0.74,0.6999179
3,2,2002,2002-11-09,0.76,0.6879301
3,2,2002,2002-11-17,0.76,0.710062
3,2,2002,2002-11-25,0.75,0.7179074
3,2,2002,2002-12-03,0.75,0.7112092
3,2,2002,2002-12-11,0.75,0.7069324
3,2,2002,2002-12-19,0.69,0.7075137
3,2,2002,2002-12-27,0.46,0.62258106
3,2,2003,2003-07-04,0.02,0.043594748
3,2,2003,2003-07-12,0.08,0.06964183
3,2,2003,2003-07-20,0.15,0.15265852
3,2,2003,2003-07-28,0.22,0.26111713
3,2,2003,2003-08-05,0.46,0.38090384
3,2,2003,2003-08-13,0.45,0.6088772
3,2,2003,2003-08-21,0.6,0.60196745
3,2,2003,2003-08-29,0.71,0.67415774
3,2,2003,2003-09-06,0.67,0.76158106
3,2,2003,2003-09-14,0.7,0.7044503
3,2,2003,2003-09-22,0.75,0.687968
3,2,2003,2003-09-30,0.77,0.7413616
3,2,2003,2003-10-08,0.75,0.75529444
3,2,2003,2003-10-16,0.75,0.7158247
3,2,2003,2003-10-24,0.75,0.6907643
3,2,2003,2003-11-01,0.73,0.6937375
3,2,2003,2003-11-09,0.72,0.6726173
3,2,2003,2003-11-17,0.73,0.66845226
3,2,2003,2003-11-25,0.64,0.683705
3,2,2003,2003-12-03,0.33,0.5732868
3,2,2003,2003-12-11,0.17,0.21121842
3,2,2003,2003-12-19,0.06,0.0578835
3,2,2003,2003-12-27,0.03,0.022000104
3,2,2004,2004-07-03,0.08,0.052947372
3,2,2004,2004-07-11,0.08,0.12286577
3,2,2004,2004-07-19,0.34,0.1471214
3,2,2004,2004-07-27,0.63,0.42180753
3,2,2004,2004-08-04,0.67,0.6855123
3,2,2004,2004-08-12,0.67,0.7508267
3,2,2004,2004-08-20,0.67,0.7083738
3,2,2004,2004-08-28,0.72,0.6946667
3,2,2004,2004-09-05,0.7,0.7471615
3,2,2004,2004-09-13,0.75,0.69489217
3,2,2004,2004-09-21,0.75,0.73498297
3,2,2004,2004-09-29,0.76,0.7360792
3,2,2004,2004-10-07,0.69,0.74687827
3,2,2004,2004-10-15,0.69,0.6318351
3,2,2004,2004-10-23,0.7,0.6166575
3,2,2004,2004-10-31,0.71,0.64056706
3,2,2004,2004-11-08,0.68,0.6708988
3,2,2004,2004-11-16,0.68,0.6312028
3,2,2004,2004-11-24,0.58,0.63072735
3,2,2004,2004-12-02,0.33,0.48385566
3,2,2004,2004-12-10,0.19,0.1515734
3,2,2004,2004-12-18,0.02,0.04994315
3,2,2004,2004-12-26,0.02,-0.0075873435
3,2,2005,2005-07-04,0.11,0.048086733
3,2,2005,2005-07-12,0.04,0.17005393
3,2,2005,2005-07-20,0.05,0.11829899
3,2,2005,2005-07-28,0.44,0.18524785
3,2,2005,2005-08-05,0.6,0.6191896
3,2,2005,2005-08-13,0.69,0.724344
3,2,2005,2005-08-21,0.7,0.7469091
3,2,2005,2005-08-29,0.72,0.7249136
3,2,2005,2005-09-06,0.71,0.7233647
3,2,2005,2005-09-14,0.73,0.68067276
3,2,2005,2005-09-22,0.73,0.7113308
3,2,2005,2005-09-30,0.71,0.7010193
3,2,2005,2005-10-08,0.73,0.67491674
3,2,2005,2005-10-16,0.72,0.6641129
3,2,2005,2005-10-24,0.71,0.6623124
3,2,2005,2005-11-01,0.71,0.6622077
3,2,2005,2005-11-09,0.71,0.6668372
3,2,2005,2005-11-17,0.69,0.65946376
3,2,2005,2005-11-25,0.7,0.63821876
3,2,2005,2005-12-03,0.7,0.6190461
3,2,2005,2005-12-11,0.65,0.5556543
3,2,2005,2005-12-19,0.47,0.491511
3,2,2005,2005-12-27,0.11,0.3003072
3,2,2006,2006-07-04,0.06,0.095737144
3,2,2006,2006-07-12,0.14,0.1319713
3,2,2006,2006-07-20,0.09,0.18807006
3,2,2006,2006-07-28,0.18,0.1455635
3,2,2006,2006-08-05,0.56,0.32906616
3,2,2006,2006-08-13,0.66,0.69203675
3,2,2006,2006-08-21,0.68,0.75860465
3,2,2006,2006-08-29,0.71,0.7306696
3,2,2006,2006-09-06,0.74,0.71878624
3,2,2006,2006-09-14,0.71,0.72196954
3,2,2006,2006-09-22,0.74,0.6828269
3,2,2006,2006-09-30,0.7,0.7033137
3,2,2006,2006-10-08,0.72,0.6437745
3,2,2006,2006-10-16,0.72,0.67636824
3,2,2006,2006-10-24,0.71,0.6725429
3,2,2006,2006-11-01,0.72,0.665524
3,2,2006,2006-11-09,0.71,0.6721183
3,2,2006,2006-11-17,0.71,0.6639427
3,2,2006,2006-11-25,0.68,0.65898144
3,2,2006,2006-12-03,0.66,0.62562144
3,2,2006,2006-12-11,0.33,0.6026732
3,2,2006,2006-12-19,0.37,0.23097605
3,2,2006,2006-12-27,0.2,0.17970791
3,2,2007,2007-07-04,0.0,0.05818376
3,2,2007,2007-07-12,0.04,0.058487475
3,2,2007,2007-07-20,0.25,0.1153339
3,2,2007,2007-07-28,0.61,0.30257475
3,2,2007,2007-08-05,0.68,0.674129
3,2,2007,2007-08-13,0.68,0.77474046
3,2,2007,2007-08-21,0.74,0.7471775
3,2,2007,2007-08-29,0.66,0.7566986
3,2,2007,2007-09-06,0.67,0.6397542
3,2,2007,2007-09-14,0.69,0.62995696
3,2,2007,2007-09-22,0.62,0.6344272
3,2,2007,2007-09-30,0.6,0.5777083
3,2,2007,2007-10-08,0.62,0.5234989
3,2,2007,2007-10-16,0.62,0.56418777
3,2,2007,2007-10-24,0.61,0.59032905
3,2,2007,2007-11-01,0.62,0.5786784
3,2,2007,2007-11-09,0.6,0.58657974
3,2,2007,2007-11-17,0.63,0.56225365
3,2,2007,2007-11-25,0.63,0.5985389
3,2,2007,2007-12-03,0.62,0.5921724
3,2,2007,2007-12-11,0.64,0.5781689
3,2,2007,2007-12-19,0.27,0.49489242
3,2,2007,2007-12-27,0.2,0.17255045
3,2,2008,2008-07-03,0.0,0.08338782
3,2,2008,2008-07-11,0.03,0.0455738
3,2,2008,2008-07-19,0.32,0.07759768
3,2,2008,2008-07-27,0.41,0.4145053
3,2,2008,2008-08-04,0.65,0.58095765
3,2,2008,2008-08-12,0.7,0.744583
3,2,2008,2008-08-20,0.65,0.74833894
3,2,2008,2008-08-28,0.63,0.6764957
3,2,2008,2008-09-05,0.65,0.56510437
3,2,2008,2008-09-13,0.59,0.5846627
3,2,2008,2008-09-21,0.6,0.5418148
3,2,2008,2008-09-29,0.57,0.532646
3,2,2008,2008-10-07,0.58,0.49940163
3,2,2008,2008-10-15,0.57,0.53870237
3,2,2008,2008-10-23,0.58,0.5376702
3,2,2008,2008-10-31,0.57,0.55062175
3,2,2008,2008-11-08,0.55,0.5414899
3,2,2008,2008-11-16,0.59,0.51368165
3,2,2008,2008-11-24,0.6,0.5661412
3,2,2008,2008-12-02,0.57,0.5847583
3,2,2008,2008-12-10,0.6,0.54735297
3,2,2008,2008-12-18,0.61,0.5705066
3,2,2008,2008-12-26,0.41,0.47816968
3,2,2009,2009-07-04,0.0,0.049358875
3,2,2009,2009-07-12,0.01,0.036590457
3,2,2009,2009-07-20,0.15,0.051855266
3,2,2009,2009-07-28,0.17,0.26406837
3,2,2009,2009-08-05,0.52,0.31355423
3,2,2009,2009-08-13,0.6,0.6736151
3,2,2009,2009-08-21,0.6,0.6968155
3,2,2009,2009-08-29,0.56,0.63698566
3,2,2009,2009-09-06,0.54,0.5257194
3,2,2009,2009-09-14,0.58,0.48570886
3,2,2009,2009-09-22,0.54,0.52396756
3,2,2009,2009-09-30,0.53,0.50481504
3,2,2009,2009-10-08,0.56,0.48356766
3,2,2009,2009-10-16,0.56,0.5215094
3,2,2009,2009-10-24,0.56,0.5348033
3,2,2009,2009-11-01,0.56,0.5376823
3,2,2009,2009-11-09,0.57,0.52719
3,2,2009,2009-11-17,0.55,0.5328147
3,2,2009,2009-11-25,0.54,0.52540207
3,2,2009,2009-12-03,0.42,0.51374435
3,2,2009,2009-12-11,0.23,0.3738416
3,2,2009,2009-12-19,0.19,0.18060875
3,2,2009,2009-12-27,0.03,0.14371143
3,2,2010,2010-07-04,0.07,0.04296395
3,2,2010,2010-07-12,0.07,0.09656042
3,2,2010,2010-07-20,0.07,0.10516596
3,2,2010,2010-07-28,0.04,0.14224914
3,2,2010,2010-08-05,0.13,0.113880366
3,2,2010,2010-08-13,0.38,0.2808199
3,2,2010,2010-08-21,0.4,0.5159015
3,2,2010,2010-08-29,0.45,0.52213544
3,2,2010,2010-09-06,0.46,0.48997724
3,2,2010,2010-09-14,0.45,0.4549955
3,2,2010,2010-09-22,0.47,0.45075533
3,2,2010,2010-09-30,0.43,0.44903362
3,2,2010,2010-10-08,0.42,0.4067254
3,2,2010,2010-10-16,0.43,0.4003478
3,2,2010,2010-10-24,0.44,0.41327173
3,2,2010,2010-11-01,0.44,0.43313125
3,2,2010,2010-11-09,0.43,0.43287808
3,2,2010,2010-11-17,0.46,0.4215573
3,2,2010,2010-11-25,0.45,0.44278032
3,2,2010,2010-12-03,0.42,0.4351346
3,2,2010,2010-12-11,0.22,0.37099743
3,2,2010,2010-12-19,0.19,0.14499667
3,2,2010,2010-12-27,0.31,0.1111595
3,2,2011,2011-07-04,0.04,0.031889886
3,2,2011,2011-07-12,0.11,0.07575691
3,2,2011,2011-07-20,0.07,0.14653657
3,2,2011,2011-07-28,0.46,0.11565833
3,2,2011,2011-08-05,0.41,0.47167876
3,2,2011,2011-08-13,0.48,0.45409474
3,2,2011,2011-08-21,0.47,0.5396793
3,2,2011,2011-08-29,0.46,0.4899176
3,2,2011,2011-09-06,0.42,0.46187544
3,2,2011,2011-09-14,0.32,0.39376408
3,2,2011,2011-09-22,0.31,0.28592476
3,2,2011,2011-09-30,0.31,0.26930803
3,2,2011,2011-10-08,0.31,0.2796676
3,2,2011,2011-10-16,0.29,0.30057335
3,2,2011,2011-10-24,0.31,0.28995794
3,2,2011,2011-11-01,0.31,0.31162786
3,2,2011,2011-11-09,0.32,0.3161835
3,2,2011,2011-11-17,0.3,0.3224377
3,2,2011,2011-11-25,0.34,0.30880088
3,2,2011,2011-12-03,0.35,0.3393406
3,2,2011,2011-12-11,0.41,0.3450663
3,2,2011,2011-12-19,0.39,0.3500134
3,2,2011,2011-12-27,0.36,0.3355777
3,2,2012,2012-07-03,0.01,0.021409422
3,2,2012,2012-07-11,0.01,0.04076287
3,2,2012,2012-07-19,0.0,0.06182915
3,2,2012,2012-07-27,0.01,0.04156834
3,2,2012,2012-08-04,0.05,0.14816764
3,2,2012,2012-08-12,0.06,0.16158147
3,2,2012,2012-08-20,0.29,0.16847317
3,2,2012,2012-08-28,0.32,0.35962468
3,2,2012,2012-09-05,0.49,0.38869277
3,2,2012,2012-09-13,0.24,0.50678277
3,2,2012,2012-09-21,0.28,0.25103056
3,2,2012,2012-09-29,0.32,0.21017084
3,2,2012,2012-10-07,0.3,0.2636689
3,2,2012,2012-10-15,0.29,0.30378205
3,2,2012,2012-10-23,0.3,0.27499652
3,2,2012,2012-10-31,0.27,0.28403932
3,2,2012,2012-11-08,0.27,0.2643573
3,2,2012,2012-11-16,0.23,0.26245582
3,2,2012,2012-11-24,0.07,0.22253379
3,2,2012,2012-12-02,0.11,0.10061665
3,2,2012,2012-12-10,0.08,0.119874775
3,2,2012,2012-12-18,0.07,0.13200596
3,2,2012,2012-12-26,0.09,0.13382328
3,3,2001,2001-07-04,0.13,0.16121826
3,3,2001,2001-07-12,0.12,0.19746387
3,3,2001,2001-07-20,0.29,0.22850809
3,3,2001,2001-07-28,0.35,0.38827083
3,3,2001,2001-08-05,0.4,0.49197048
3,3,2001,2001-08-13,0.59,0.53829217
3,3,2001,2001-08-21,0.68,0.6867197
3,3,2001,2001-08-29,0.83,0.7549732
3,3,2001,2001-09-06,0.85,0.8658699
3,3,2001,2001-09-14,0.83,0.8613707
3,3,2001,2001-09-22,0.84,0.83139896
3,3,2001,2001-09-30,0.8,0.8077861
3,3,2001,2001-10-08,0.8,0.7492629
3,3,2001,2001-10-16,0.81,0.73499155
3,3,2001,2001-10-24,0.79,0.7552266
3,3,2001,2001-11-01,0.8,0.7406763
3,3,2001,2001-11-09,0.76,0.7586763
3,3,2001,2001-11-17,0.78,0.7014041
3,3,2001,2001-11-25,0.78,0.7278517
3,3,2001,2001-12-03,0.77,0.73433566
3,3,2001,2001-12-11,0.77,0.72632045
3,3,2001,2001-12-19,0.68,0.72330314
3,3,2001,2001-12-27,0.63,0.6119672
3,3,2002,2002-07-04,0.06,0.08637777
3,3,2002,2002-07-12,0.09,0.13253492
3,3,2002,2002-07-20,0.13,0.16108973
3,3,2002,2002-07-28,0.42,0.24097463
3,3,2002,2002-08-05,0.55,0.5265929
3,3,2002,2002-08-13,0.77,0.64224446
3,3,2002,2002-08-21,0.77,0.82684267
3,3,2002,2002-08-29,0.82,0.8199631
3,3,2002,2002-09-06,0.8,0.86360836
3,3,2002,2002-09-14,0.86,0.806558
3,3,2002,2002-09-22,0.85,0.847306
3,3,2002,2002-09-30,0.85,0.8189279
3,3,2002,2002-10-08,0.84,0.80119765
3,3,2002,2002-10-16,0.82,0.7791985
3,3,2002,2002-10-24,0.81,0.76154464
3,3,2002,2002-11-01,0.79,0.7453873
3,3,2002,2002-11-09,0.81,0.7291379
3,3,2002,2002-11-17,0.8,0.7490305
3,3,2002,2002-11-25,0.79,0.754491
3,3,2002,2002-12-03,0.75,0.7447015
3,3,2002,2002-12-11,0.7,0.6870532
3,3,2002,2002-12-19,0.53,0.62243605
3,3,2002,2002-12-27,0.25,0.38956696
3,3,2003,2003-07-04,0.02,0.053881675
3,3,2003,2003-07-12,0.1,0.07678187
3,3,2003,2003-07-20,0.17,0.15862592
3,3,2003,2003-07-28,0.2,0.24148965
3,3,2003,2003-08-05,0.34,0.35061428
3,3,2003,2003-08-13,0.16,0.49222857
3,3,2003,2003-08-21,0.27,0.3683182
3,3,2003,2003-08-29,0.54,0.37237048
3,3,2003,2003-09-06,0.55,0.6473705
3,3,2003,2003-09-14,0.64,0.65515804
3,3,2003,2003-09-22,0.72,0.70482904
3,3,2003,2003-09-30,0.78,0.7496762
3,3,2003,2003-10-08,0.78,0.8004025
3,3,2003,2003-10-16,0.77,0.7698306
3,3,2003,2003-10-24,0.77,0.7255652
3,3,2003,2003-11-01,0.73,0.70816386
3,3,2003,2003-11-09,0.7,0.65395236
3,3,2003,2003-11-17,0.68,0.62730896
3,3,2003,2003-11-25,0.48,0.6044519
3,3,2003,2003-12-03,0.18,0.37334988
3,3,2003,2003-12-11,0.06,0.0685913
3,3,2003,2003-12-19,0.03,0.015329987
3,3,2003,2003-12-27,0.0,0.019596487
3,3,2004,2004-07-03,0.07,0.04565364
3,3,2004,2004-07-11,0.1,0.10826969
3,3,2004,2004-07-19,0.24,0.16432905
3,3,2004,2004-07-27,0.36,0.31992006
3,3,2004,2004-08-04,0.32,0.4368819
3,3,2004,2004-08-12,0.53,0.43020117
3,3,2004,2004-08-20,0.61,0.5329443
3,3,2004,2004-08-28,0.68,0.6313962
3,3,2004,2004-09-05,0.66,0.74568415
3,3,2004,2004-09-13,0.75,0.6997326
3,3,2004,2004-09-21,0.7,0.76738524
3,3,2004,2004-09-29,0.76,0.70875525
3,3,2004,2004-10-07,0.72,0.76843274
3,3,2004,2004-10-15,0.73,0.69206154
3,3,2004,2004-10-23,0.77,0.6885079
3,3,2004,2004-10-31,0.78,0.72700465
3,3,2004,2004-11-08,0.76,0.73651177
3,3,2004,2004-11-16,0.63,0.6988187
3,3,2004,2004-11-24,0.42,0.52212834
3,3,2004,2004-12-02,0.2,0.22308981
3,3,2004,2004-12-10,0.05,0.044347197
3,3,2004,2004-12-18,0.0,0.008480996
3,3,2004,2004-12-26,0.0,-0.0021050572
3,3,2005,2005-07-04,0.0,0.041744083
3,3,2005,2005-07-12,0.02,0.060828835
3,3,2005,2005-07-20,0.09,0.08736965
3,3,2005,2005-07-28,0.32,0.19127816
3,3,2005,2005-08-05,0.37,0.4441141
3,3,2005,2005-08-13,0.61,0.47973728
3,3,2005,2005-08-21,0.7,0.7085812
3,3,2005,2005-08-29,0.75,0.76086795
3,3,2005,2005-09-06,0.75,0.78835523
3,3,2005,2005-09-14,0.74,0.74563193
3,3,2005,2005-09-22,0.74,0.7286574
3,3,2005,2005-09-30,0.72,0.6882159
3,3,2005,2005-10-08,0.72,0.68114316
3,3,2005,2005-10-16,0.74,0.66038036
3,3,2005,2005-10-24,0.72,0.69495773
3,3,2005,2005-11-01,0.74,0.68653667
3,3,2005,2005-11-09,0.75,0.7093462
3,3,2005,2005-11-17,0.75,0.7077087
3,3,2005,2005-11-25,0.79,0.66486084
3,3,2005,2005-12-03,0.74,0.6520214
3,3,2005,2005-12-11,0.62,0.55788493
3,3,2005,2005-12-19,0.24,0.42346758
3,3,2005,2005-12-27,0.05,0.122192144
3,3,2006,2006-07-04,0.01,0.053237587
3,3,2006,2006-07-12,0.03,0.054657966
3,3,2006,2006-07-20,0.04,0.07802737
3,3,2006,2006-07-28,0.09,0.10731912
3,3,2006,2006-08-05,0.33,0.21882564
3,3,2006,2006-08-13,0.68,0.45573485
3,3,2006,2006-08-21,0.67,0.7901763
3,3,2006,2006-08-29,0.76,0.7689831
3,3,2006,2006-09-06,0.8,0.79762816
3,3,2006,2006-09-14,0.79,0.80599684
3,3,2006,2006-09-22,0.83,0.7733915
3,3,2006,2006-09-30,0.79,0.7959355
3,3,2006,2006-10-08,0.82,0.73120475
3,3,2006,2006-10-16,0.81,0.76831204
3,3,2006,2006-10-24,0.82,0.76014054
3,3,2006,2006-11-01,0.82,0.7718687
3,3,2006,2006-11-09,0.79,0.77270925
3,3,2006,2006-11-17,0.8,0.73622143
3,3,2006,2006-11-25,0.76,0.7442533
3,3,2006,2006-12-03,0.71,0.707324
3,3,2006,2006-12-11,0.19,0.624907
3,3,2006,2006-12-19,0.27,0.07683787
3,3,2006,2006-12-27,0.11,0.06950709
3,3,2007,2007-07-04,0.0,0.04785195
3,3,2007,2007-07-12,0.03,0.048647135
3,3,2007,2007-07-20,0.15,0.0803009
3,3,2007,2007-07-28,0.46,0.19690523
3,3,2007,2007-08-05,0.54,0.52319884
3,3,2007,2007-08-13,0.53,0.64528954
3,3,2007,2007-08-21,0.69,0.67586064
3,3,2007,2007-08-29,0.66,0.7542205
3,3,2007,2007-09-06,0.72,0.71839416
3,3,2007,2007-09-14,0.67,0.74955606
3,3,2007,2007-09-22,0.7,0.65164673
3,3,2007,2007-09-30,0.82,0.6837706
3,3,2007,2007-10-08,0.76,0.8125578
3,3,2007,2007-10-16,0.78,0.7526326
3,3,2007,2007-10-24,0.79,0.7452434
3,3,2007,2007-11-01,0.77,0.7418886
3,3,2007,2007-11-09,0.75,0.7262653
3,3,2007,2007-11-17,0.77,0.6805539
3,3,2007,2007-11-25,0.76,0.71339995
3,3,2007,2007-12-03,0.76,0.69891644
3,3,2007,2007-12-11,0.7,0.69041026
3,3,2007,2007-12-19,0.16,0.4498042
3,3,2007,2007-12-27,0.18,0.059240818
3,3,2008,2008-07-03,0.01,0.052473933
3,3,2008,2008-07-11,0.01,0.05387354
3,3,2008,2008-07-19,0.11,0.062464148
3,3,2008,2008-07-27,0.19,0.18776447
3,3,2008,2008-08-04,0.56,0.35483998
3,3,2008,2008-08-12,0.6,0.6974316
3,3,2008,2008-08-20,0.76,0.6984875
3,3,2008,2008-08-28,0.79,0.8156898
3,3,2008,2008-09-05,0.77,0.80931604
3,3,2008,2008-09-13,0.74,0.7782287
3,3,2008,2008-09-21,0.77,0.6789206
3,3,2008,2008-09-29,0.76,0.7213
3,3,2008,2008-10-07,0.77,0.75497293
3,3,2008,2008-10-15,0.77,0.7396528
3,3,2008,2008-10-23,0.77,0.7312652
3,3,2008,2008-10-31,0.78,0.7285621
3,3,2008,2008-11-08,0.77,0.7346109
3,3,2008,2008-11-16,0.79,0.7142461
3,3,2008,2008-11-24,0.79,0.7488557
3,3,2008,2008-12-02,0.78,0.7463436
3,3,2008,2008-12-10,0.76,0.73380125
3,3,2008,2008-12-18,0.69,0.6803435
3,3,2008,2008-12-26,0.46,0.42577726
3,3,2009,2009-07-04,0.01,0.047899514
3,3,2009,2009-07-12,0.04,0.056589335
3,3,2009,2009-07-20,0.13,0.083664745
3,3,2009,2009-07-28,0.23,0.1971817
3,3,2009,2009-08-05,0.46,0.32120407
3,3,2009,2009-08-13,0.62,0.62600374
3,3,2009,2009-08-21,0.62,0.72419846
3,3,2009,2009-08-29,0.64,0.7193302
3,3,2009,2009-09-06,0.72,0.691952
3,3,2009,2009-09-14,0.78,0.730361
3,3,2009,2009-09-22,0.79,0.77760845
3,3,2009,2009-09-30,0.78,0.7868383
3,3,2009,2009-10-08,0.79,0.7487129
3,3,2009,2009-10-16,0.79,0.74839354
3,3,2009,2009-10-24,0.78,0.7446002
3,3,2009,2009-11-01,0.77,0.73266876
3,3,2009,2009-11-09,0.76,0.7187524
3,3,2009,2009-11-17,0.75,0.7024015
3,3,2009,2009-11-25,0.68,0.7003581
3,3,2009,2009-12-03,0.41,0.611797
3,3,2009,2009-12-11,0.16,0.28318226
3,3,2009,2009-12-19,0.06,0.048777312
3,3,2009,2009-12-27,0.02,0.01802048
3,3,2010,2010-07-04,0.09,0.063269556
3,3,2010,2010-07-12,0.2,0.13086657
3,3,2010,2010-07-20,0.05,0.25050884
3,3,2010,2010-07-28,0.06,0.1543697
3,3,2010,2010-08-05,0.11,0.15295026
3,3,2010,2010-08-13,0.17,0.24505523
3,3,2010,2010-08-21,0.22,0.35588717
3,3,2010,2010-08-29,0.27,0.37947628
3,3,2010,2010-09-06,0.35,0.39482498
3,3,2010,2010-09-14,0.45,0.46949458
3,3,2010,2010-09-22,0.55,0.5655506
3,3,2010,2010-09-30,0.68,0.64056855
3,3,2010,2010-10-08,0.69,0.7385464
3,3,2010,2010-10-16,0.71,0.7273388
3,3,2010,2010-10-24,0.75,0.7153361
3,3,2010,2010-11-01,0.76,0.7315185
3,3,2010,2010-11-09,0.74,0.73593414
3,3,2010,2010-11-17,0.76,0.6987015
3,3,2010,2010-11-25,0.74,0.710393
3,3,2010,2010-12-03,0.67,0.6658463
3,3,2010,2010-12-11,0.19,0.50165737
3,3,2010,2010-12-19,0.12,0.057647765
3,3,2010,2010-12-27,0.09,0.047493637
3,3,2011,2011-07-04,0.0,0.051805645
3,3,2011,2011-07-12,0.03,0.06267604
3,3,2011,2011-07-20,0.07,0.11739479
3,3,2011,2011-07-28,0.42,0.11262035
3,3,2011,2011-08-05,0.38,0.45395803
3,3,2011,2011-08-13,0.6,0.4408567
3,3,2011,2011-08-21,0.71,0.62591255
3,3,2011,2011-08-29,0.76,0.70521736
3,3,2011,2011-09-06,0.72,0.74927986
3,3,2011,2011-09-14,0.62,0.70667577
3,3,2011,2011-09-22,0.57,0.5969944
3,3,2011,2011-09-30,0.57,0.53164697
3,3,2011,2011-10-08,0.6,0.5627287
3,3,2011,2011-10-16,0.59,0.59978056
3,3,2011,2011-10-24,0.61,0.58582175
3,3,2011,2011-11-01,0.6,0.6017803
3,3,2011,2011-11-09,0.61,0.5823042
3,3,2011,2011-11-17,0.62,0.578938
3,3,2011,2011-11-25,0.62,0.59143865
3,3,2011,2011-12-03,0.65,0.58643585
3,3,2011,2011-12-11,0.57,0.5972669
3,3,2011,2011-12-19,0.39,0.3747786
3,3,2011,2011-12-27,0.35,0.20273216
3,3,2012,2012-07-03,0.02,0.03233412
3,3,2012,2012-07-11,0.01,0.046254903
3,3,2012,2012-07-19,0.01,0.047183365
3,3,2012,2012-07-27,0.06,0.05668065
3,3,2012,2012-08-04,0.05,0.19151573
3,3,2012,2012-08-12,0.05,0.17102136
3,3,2012,2012-08-20,0.12,0.1961859
3,3,2012,2012-08-28,0.29,0.2612709
3,3,2012,2012-09-05,0.37,0.41888866
3,3,2012,2012-09-13,0.44,0.46280646
3,3,2012,2012-09-21,0.48,0.46553296
3,3,2012,2012-09-29,0.5,0.4648021
3,3,2012,2012-10-07,0.4,0.47984105
3,3,2012,2012-10-15,0.45,0.38230807
3,3,2012,2012-10-23,0.45,0.4060313
3,3,2012,2012-10-31,0.41,0.42510113
3,3,2012,2012-11-08,0.4,0.39487174
3,3,2012,2012-11-16,0.28,0.369662
3,3,2012,2012-11-24,0.13,0.25963387
3,3,2012,2012-12-02,0.12,0.1216563
3,3,2012,2012-12-10,0.07,0.12213388
3,3,2012,2012-12-18,0.05,0.10319273
3,3,2012,2012-12-26,0.03,0.07231474
3,4,2001,2001-07-04,0.03,0.076646596
3,4,2001,2001-07-12,0.02,0.0862281
3,4,2001,2001-07-20,0.06,0.081151575
3,4,2001,2001-07-28,0.09,0.11617009
3,4,2001,2001-08-05,0.22,0.19632562
3,4,2001,2001-08-13,0.39,0.3426125
3,4,2001,2001-08-21,0.37,0.5611925
3,4,2001,2001-08-29,0.79,0.5887162
3,4,2001,2001-09-06,0.93,0.9169258
3,4,2001,2001-09-14,0.98,0.9609251
3,4,2001,2001-09-22,0.98,0.99405885
3,4,2001,2001-09-30,0.98,0.98786855
3,4,2001,2001-10-08,0.98,0.9535506
3,4,2001,2001-10-16,0.99,0.93290627
3,4,2001,2001-10-24,0.96,0.94819856
3,4,2001,2001-11-01,0.96,0.90356946
3,4,2001,2001-11-09,0.94,0.904263
3,4,2001,2001-11-17,0.94,0.86793196
3,4,2001,2001-11-25,0.94,0.88536847
3,4,2001,2001-12-03,0.92,0.878093
3,4,2001,2001-12-11,0.86,0.8526783
3,4,2001,2001-12-19,0.73,0.7601205
3,4,2001,2001-12-27,0.48,0.55918497
3,4,2002,2002-07-04,0.02,0.06289807
3,4,2002,2002-07-12,0.04,0.07866177
3,4,2002,2002-07-20,0.03,0.092938304
3,4,2002,2002-07-28,0.1,0.09936753
3,4,2002,2002-08-05,0.3,0.17061894
3,4,2002,2002-08-13,0.65,0.4032194
3,4,2002,2002-08-21,0.65,0.7494874
3,4,2002,2002-08-29,0.68,0.73999465
3,4,2002,2002-09-06,0.9,0.79859424
3,4,2002,2002-09-14,0.96,0.9849895
3,4,2002,2002-09-22,0.97,1.0011946
3,4,2002,2002-09-30,0.97,0.9893637
3,4,2002,2002-10-08,0.98,0.9491751
3,4,2002,2002-10-16,0.98,0.9429271
3,4,2002,2002-10-24,0.97,0.9432012
3,4,2002,2002-11-01,0.95,0.9140253
3,4,2002,2002-11-09,0.96,0.88418126
3,4,2002,2002-11-17,0.9,0.8958522
3,4,2002,2002-11-25,0.91,0.818856
3,4,2002,2002-12-03,0.9,0.8412824
3,4,2002,2002-12-11,0.83,0.82894623
3,4,2002,2002-12-19,0.66,0.7269635
3,4,2002,2002-12-27,0.13,0.44091505
3,4,2003,2003-07-04,0.0,0.048923194
3,4,2003,2003-07-12,0.01,0.054602146
3,4,2003,2003-07-20,0.23,0.06841043
3,4,2003,2003-07-28,0.23,0.27616256
3,4,2003,2003-08-05,0.28,0.31427506
3,4,2003,2003-08-13,0.08,0.4135675
3,4,2003,2003-08-21,0.1,0.30521214
3,4,2003,2003-08-29,0.42,0.25536194
3,4,2003,2003-09-06,0.26,0.5547696
3,4,2003,2003-09-14,0.5,0.49992114
3,4,2003,2003-09-22,0.65,0.65380144
3,4,2003,2003-09-30,0.93,0.7627187
3,4,2003,2003-10-08,0.96,0.9873929
3,4,2003,2003-10-16,0.97,0.98807466
3,4,2003,2003-10-24,0.96,0.97874546
3,4,2003,2003-11-01,0.92,0.91762817
3,4,2003,2003-11-09,0.88,0.84114206
3,4,2003,2003-11-17,0.8,0.7857993
3,4,2003,2003-11-25,0.46,0.65384483
3,4,2003,2003-12-03,0.1,0.2430156
3,4,2003,2003-12-11,0.1,0.01995334
3,4,2003,2003-12-19,0.01,0.04074219
3,4,2003,2003-12-27,0.0,0.020782858
3,4,2004,2004-07-03,0.03,0.05249539
3,4,2004,2004-07-11,0.17,0.0676277
3,4,2004,2004-07-19,0.2,0.20246892
3,4,2004,2004-07-27,0.19,0.30342296
3,4,2004,2004-08-04,0.08,0.29649198
3,4,2004,2004-08-12,0.23,0.1809579
3,4,2004,2004-08-20,0.27,0.22928755
3,4,2004,2004-08-28,0.49,0.29415742
3,4,2004,2004-09-05,0.61,0.6070955
3,4,2004,2004-09-13,0.78,0.6554469
3,4,2004,2004-09-21,0.83,0.81843174
3,4,2004,2004-09-29,0.89,0.8619007
3,4,2004,2004-10-07,0.93,0.9438609
3,4,2004,2004-10-15,0.95,0.9535142
3,4,2004,2004-10-23,0.95,0.9496181
3,4,2004,2004-10-31,0.9,0.9131838
3,4,2004,2004-11-08,0.89,0.8133006
3,4,2004,2004-11-16,0.56,0.7813582
3,4,2004,2004-11-24,0.21,0.3310032
3,4,2004,2004-12-02,0.07,0.046850175
3,4,2004,2004-12-10,0.0,0.07149494
3,4,2004,2004-12-18,0.0,0.005754262
3,4,2004,2004-12-26,0.0,0.01082328
3,4,2005,2005-07-04,0.0,0.04918453
3,4,2005,2005-07-12,0.01,0.05451545
3,4,2005,2005-07-20,0.04,0.101355955
3,4,2005,2005-07-28,0.14,0.13883059
3,4,2005,2005-08-05,0.17,0.22791964
3,4,2005,2005-08-13,0.13,0.22807917
3,4,2005,2005-08-21,0.31,0.22798446
3,4,2005,2005-08-29,0.7,0.39468798
3,4,2005,2005-09-06,0.82,0.7904849
3,4,2005,2005-09-14,0.88,0.8541771
3,4,2005,2005-09-22,0.9,0.9009243
3,4,2005,2005-09-30,0.9,0.9161799
3,4,2005,2005-10-08,0.9,0.89831746
3,4,2005,2005-10-16,0.92,0.8770994
3,4,2005,2005-10-24,0.95,0.8929179
3,4,2005,2005-11-01,0.96,0.9222897
3,4,2005,2005-11-09,0.96,0.9080539
3,4,2005,2005-11-17,0.97,0.8996489
3,4,2005,2005-11-25,0.95,0.7864685
3,4,2005,2005-12-03,0.78,0.6682278
3,4,2005,2005-12-11,0.33,0.47441393
3,4,2005,2005-12-19,0.04,0.13839182
3,4,2005,2005-12-27,0.06,0.042190194
3,4,2006,2006-07-04,0.01,0.060118407
3,4,2006,2006-07-12,0.03,0.061513364
3,4,2006,2006-07-20,0.07,0.08200809
3,4,2006,2006-07-28,0.16,0.1281853
3,4,2006,2006-08-05,0.25,0.24616821
3,4,2006,2006-08-13,0.42,0.34730503
3,4,2006,2006-08-21,0.36,0.49418706
3,4,2006,2006-08-29,0.57,0.48615864
3,4,2006,2006-09-06,0.69,0.73013246
3,4,2006,2006-09-14,0.9,0.8058641
3,4,2006,2006-09-22,0.96,0.94585764
3,4,2006,2006-09-30,0.97,0.988297
3,4,2006,2006-10-08,0.98,0.97695446
3,4,2006,2006-10-16,0.98,0.95364165
3,4,2006,2006-10-24,0.98,0.9433775
3,4,2006,2006-11-01,0.98,0.94762826
3,4,2006,2006-11-09,0.98,0.9431443
3,4,2006,2006-11-17,0.96,0.9372672
3,4,2006,2006-11-25,0.91,0.9075149
3,4,2006,2006-12-03,0.78,0.8230748
3,4,2006,2006-12-11,0.11,0.56601447
3,4,2006,2006-12-19,0.2,0.04178545
3,4,2006,2006-12-27,0.03,0.11004792
3,4,2007,2007-07-04,0.0,0.062063992
3,4,2007,2007-07-12,0.02,0.054869264
3,4,2007,2007-07-20,0.09,0.07703462
3,4,2007,2007-07-28,0.35,0.15253429
3,4,2007,2007-08-05,0.35,0.43878758
3,4,2007,2007-08-13,0.35,0.47845426
3,4,2007,2007-08-21,0.58,0.4933519
3,4,2007,2007-08-29,0.41,0.6465995
3,4,2007,2007-09-06,0.46,0.5595162
3,4,2007,2007-09-14,0.47,0.5656244
3,4,2007,2007-09-22,0.59,0.59139466
3,4,2007,2007-09-30,0.88,0.71652144
3,4,2007,2007-10-08,0.89,0.971156
3,4,2007,2007-10-16,0.94,0.9389647
3,4,2007,2007-10-24,0.97,0.963966
3,4,2007,2007-11-01,0.96,0.9616188
3,4,2007,2007-11-09,0.96,0.93464994
3,4,2007,2007-11-17,0.96,0.91784465
3,4,2007,2007-11-25,0.96,0.9029895
3,4,2007,2007-12-03,0.95,0.8895682
3,4,2007,2007-12-11,0.81,0.8330307
3,4,2007,2007-12-19,0.03,0.42559746
3,4,2007,2007-12-27,0.07,0.05893317
3,4,2008,2008-07-03,0.0,0.050889283
3,4,2008,2008-07-11,0.02,0.049460143
3,4,2008,2008-07-19,0.06,0.0723353
3,4,2008,2008-07-27,0.02,0.12967831
3,4,2008,2008-08-04,0.44,0.17115222
3,4,2008,2008-08-12,0.33,0.5695805
3,4,2008,2008-08-20,0.49,0.49014026
3,4,2008,2008-08-28,0.66,0.61850333
3,4,2008,2008-09-05,0.83,0.69850385
3,4,2008,2008-09-13,0.86,0.85344064
3,4,2008,2008-09-21,0.87,0.8681712
3,4,2008,2008-09-29,0.87,0.88385916
3,4,2008,2008-10-07,0.89,0.92688835
3,4,2008,2008-10-15,0.89,0.91164565
3,4,2008,2008-10-23,0.9,0.8955351
3,4,2008,2008-10-31,0.91,0.88638186
3,4,2008,2008-11-08,0.91,0.88170946
3,4,2008,2008-11-16,0.94,0.8729533
3,4,2008,2008-11-24,0.96,0.90969646
3,4,2008,2008-12-02,0.95,0.93434334
3,4,2008,2008-12-10,0.84,0.9104812
3,4,2008,2008-12-18,0.56,0.6888088
3,4,2008,2008-12-26,0.23,0.1548228
3,4,2009,2009-07-04,0.0,0.046460837
3,4,2009,2009-07-12,0.03,0.04954645
3,4,2009,2009-07-20,0.07,0.081083685
3,4,2009,2009-07-28,0.19,0.13146025
3,4,2009,2009-08-05,0.3,0.23912358
3,4,2009,2009-08-13,0.38,0.4653423
3,4,2009,2009-08-21,0.38,0.5084716
3,4,2009,2009-08-29,0.48,0.51033556
3,4,2009,2009-09-06,0.63,0.6067495
3,4,2009,2009-09-14,0.76,0.75699186
3,4,2009,2009-09-22,0.86,0.84317064
3,4,2009,2009-09-30,0.86,0.90820336
3,4,2009,2009-10-08,0.89,0.87906957
3,4,2009,2009-10-16,0.89,0.8869872
3,4,2009,2009-10-24,0.89,0.8604293
3,4,2009,2009-11-01,0.89,0.85718787
3,4,2009,2009-11-09,0.9,0.8491316
3,4,2009,2009-11-17,0.89,0.8609377
3,4,2009,2009-11-25,0.78,0.85525
3,4,2009,2009-12-03,0.28,0.7009239
3,4,2009,2009-12-11,0.11,0.11158997
3,4,2009,2009-12-19,0.04,0.040943712
3,4,2009,2009-12-27,0.01,0.021787494
3,4,2010,2010-07-04,0.01,0.056330174
3,4,2010,2010-07-12,0.07,0.056633174
3,4,2010,2010-07-20,0.06,0.120855674
3,4,2010,2010-07-28,0.06,0.12912919
3,4,2010,2010-08-05,0.05,0.16334957
3,4,2010,2010-08-13,0.15,0.17677814
3,4,2010,2010-08-21,0.28,0.28407717
3,4,2010,2010-08-29,0.2,0.4028462
3,4,2010,2010-09-06,0.14,0.36192122
3,4,2010,2010-09-14,0.21,0.29622084
3,4,2010,2010-09-22,0.25,0.359624
3,4,2010,2010-09-30,0.49,0.43004274
3,4,2010,2010-10-08,0.61,0.6402492
3,4,2010,2010-10-16,0.83,0.73141587
3,4,2010,2010-10-24,0.86,0.8979907
3,4,2010,2010-11-01,0.85,0.8996991
3,4,2010,2010-11-09,0.86,0.8586048
3,4,2010,2010-11-17,0.87,0.82732284
3,4,2010,2010-11-25,0.88,0.82929385
3,4,2010,2010-12-03,0.82,0.8054334
3,4,2010,2010-12-11,0.16,0.5577664
3,4,2010,2010-12-19,0.11,0.053356588
3,4,2010,2010-12-27,0.07,0.080302924
3,4,2011,2011-07-04,0.01,0.0492447
3,4,2011,2011-07-12,0.01,0.057216853
3,4,2011,2011-07-20,0.02,0.07485768
3,4,2011,2011-07-28,0.09,0.08287513
3,4,2011,2011-08-05,0.11,0.14605342
3,4,2011,2011-08-13,0.31,0.16701783
3,4,2011,2011-08-21,0.36,0.39327425
3,4,2011,2011-08-29,0.73,0.47533333
3,4,2011,2011-09-06,0.7,0.76556075
3,4,2011,2011-09-14,0.7,0.7260456
3,4,2011,2011-09-22,0.81,0.7077365
3,4,2011,2011-09-30,0.81,0.7891265
3,4,2011,2011-10-08,0.83,0.84284127
3,4,2011,2011-10-16,0.83,0.8614584
3,4,2011,2011-10-24,0.84,0.88149714
3,4,2011,2011-11-01,0.85,0.8602742
3,4,2011,2011-11-09,0.86,0.83690655
3,4,2011,2011-11-17,0.86,0.83112395
3,4,2011,2011-11-25,0.86,0.8269713
3,4,2011,2011-12-03,0.86,0.8248215
3,4,2011,2011-12-11,0.79,0.79753655
3,4,2011,2011-12-19,0.29,0.48523563
3,4,2011,2011-12-27,0.18,0.08955547
3,4,2012,2012-07-03,0.02,0.039384395
3,4,2012,2012-07-11,0.01,0.058604717
3,4,2012,2012-07-19,0.01,0.052908123
3,4,2012,2012-07-27,0.08,0.055844843
3,4,2012,2012-08-04,0.02,0.1340598
3,4,2012,2012-08-12,0.09,0.09580697
3,4,2012,2012-08-20,0.12,0.20421779
3,4,2012,2012-08-28,0.1,0.23751175
3,4,2012,2012-09-05,0.32,0.31201667
3,4,2012,2012-09-13,0.35,0.4712501
3,4,2012,2012-09-21,0.52,0.4855457
3,4,2012,2012-09-29,0.71,0.6336396
3,4,2012,2012-10-07,0.74,0.77383316
3,4,2012,2012-10-15,0.77,0.78537834
3,4,2012,2012-10-23,0.78,0.77932274
3,4,2012,2012-10-31,0.75,0.75734293
3,4,2012,2012-11-08,0.72,0.70852804
3,4,2012,2012-11-16,0.57,0.65895534
3,4,2012,2012-11-24,0.25,0.46222013
3,4,2012,2012-12-02,0.11,0.121686414
3,4,2012,2012-12-10,0.04,0.034358025
3,4,2012,2012-12-18,0.04,0.028224349
3,4,2012,2012-12-26,0.01,0.008565992
3,5,2001,2001-07-04,0.05,0.08366135
3,5,2001,2001-07-12,0.03,0.08943346
3,5,2001,2001-07-20,0.02,0.07211688
3,5,2001,2001-07-28,0.03,0.065221906
3,5,2001,2001-08-05,0.13,0.073836416
3,5,2001,2001-08-13,0.31,0.1615369
3,5,2001,2001-08-21,0.31,0.37511662
3,5,2001,2001-08-29,0.43,0.457184
3,5,2001,2001-09-06,0.55,0.5889163
3,5,2001,2001-09-14,0.75,0.6369138
3,5,2001,2001-09-22,0.83,0.83737016
3,5,2001,2001-09-30,0.85,0.885496
3,5,2001,2001-10-08,0.87,0.8846346
3,5,2001,2001-10-16,0.9,0.8628378
3,5,2001,2001-10-24,0.89,0.88442457
3,5,2001,2001-11-01,0.88,0.8554523
3,5,2001,2001-11-09,0.88,0.8199028
3,5,2001,2001-11-17,0.86,0.81734335
3,5,2001,2001-11-25,0.85,0.7878547
3,5,2001,2001-12-03,0.75,0.77793646
3,5,2001,2001-12-11,0.56,0.63143504
3,5,2001,2001-12-19,0.37,0.35342288
3,5,2001,2001-12-27,0.19,0.13357414
3,5,2002,2002-07-04,0.03,0.15225178
3,5,2002,2002-07-12,0.02,0.07614672
3,5,2002,2002-07-20,0.02,0.056806296
3,5,2002,2002-07-28,0.02,0.054338485
3,5,2002,2002-08-05,0.06,0.064217955
3,5,2002,2002-08-13,0.21,0.1267674
3,5,2002,2002-08-21,0.21,0.31852242
3,5,2002,2002-08-29,0.23,0.3283626
3,5,2002,2002-09-06,0.49,0.34765574
3,5,2002,2002-09-14,0.62,0.593351
3,5,2002,2002-09-22,0.75,0.72799236
3,5,2002,2002-09-30,0.79,0.8146838
3,5,2002,2002-10-08,0.91,0.8239533
3,5,2002,2002-10-16,0.87,0.92511606
3,5,2002,2002-10-24,0.88,0.8553698
3,5,2002,2002-11-01,0.88,0.83995956
3,5,2002,2002-11-09,0.92,0.8107667
3,5,2002,2002-11-17,0.88,0.87486315
3,5,2002,2002-11-25,0.79,0.8102468
3,5,2002,2002-12-03,0.61,0.67966104
3,5,2002,2002-12-11,0.33,0.38989156
3,5,2002,2002-12-19,0.27,0.098769486
3,5,2002,2002-12-27,0.14,0.07924548
3,5,2003,2003-07-04,0.02,0.07321891
3,5,2003,2003-07-12,0.02,0.054644823
3,5,2003,2003-07-20,0.03,0.053676873
3,5,2003,2003-07-28,0.03,0.066758424
3,5,2003,2003-08-05,0.1,0.07175979
3,5,2003,2003-08-13,0.07,0.14453636
3,5,2003,2003-08-21,0.19,0.16295396
3,5,2003,2003-08-29,0.31,0.26803577
3,5,2003,2003-09-06,0.34,0.3777718
3,5,2003,2003-09-14,0.5,0.47124624
3,5,2003,2003-09-22,0.5,0.61217535
3,5,2003,2003-09-30,0.74,0.6095108
3,5,2003,2003-10-08,0.88,0.79880446
3,5,2003,2003-10-16,0.91,0.91453886
3,5,2003,2003-10-24,0.89,0.9042096
3,5,2003,2003-11-01,0.81,0.85681486
3,5,2003,2003-11-09,0.78,0.7104845
3,5,2003,2003-11-17,0.57,0.67681026
3,5,2003,2003-11-25,0.41,0.39422438
3,5,2003,2003-12-03,0.24,0.19435933
3,5,2003,2003-12-11,0.11,0.064752966
3,5,2003,2003-12-19,0.04,0.019074887
3,5,2003,2003-12-27,0.01,0.025453597
3,5,2004,2004-07-03,0.02,0.08791545
3,5,2004,2004-07-11,0.03,0.045489103
3,5,2004,2004-07-19,0.04,0.056117326
3,5,2004,2004-07-27,0.07,0.06916967
3,5,2004,2004-08-04,0.05,0.10023931
3,5,2004,2004-08-12,0.15,0.10327308
3,5,2004,2004-08-20,0.12,0.17937347
3,5,2004,2004-08-28,0.25,0.18826725
3,5,2004,2004-09-05,0.33,0.33231795
3,5,2004,2004-09-13,0.53,0.40170822
3,5,2004,2004-09-21,0.74,0.6088511
3,5,2004,2004-09-29,0.81,0.75157666
3,5,2004,2004-10-07,0.9,0.8343893
3,5,2004,2004-10-15,0.85,0.91216505
3,5,2004,2004-10-23,0.91,0.83891034
3,5,2004,2004-10-31,0.86,0.8692
3,5,2004,2004-11-08,0.81,0.75169766
3,5,2004,2004-11-16,0.54,0.6859162
3,5,2004,2004-11-24,0.25,0.2875663
3,5,2004,2004-12-02,0.12,0.065645665
3,5,2004,2004-12-10,0.01,0.039488345
3,5,2004,2004-12-18,0.0,-0.0049045384
3,5,2004,2004-12-26,0.0,0.0056367517
3,5,2005,2005-07-04,0.03,0.06201592
3,5,2005,2005-07-12,0.02,0.0350869
3,5,2005,2005-07-20,0.01,0.048208922
3,5,2005,2005-07-28,0.02,0.05463472
3,5,2005,2005-08-05,0.05,0.07680926
3,5,2005,2005-08-13,0.08,0.09852475
3,5,2005,2005-08-21,0.05,0.15674315
3,5,2005,2005-08-29,0.32,0.113738745
3,5,2005,2005-09-06,0.4,0.42397308
3,5,2005,2005-09-14,0.62,0.482331
3,5,2005,2005-09-22,0.8,0.7077167
3,5,2005,2005-09-30,0.82,0.83056414
3,5,2005,2005-10-08,0.86,0.80354196
3,5,2005,2005-10-16,0.9,0.8329767
3,5,2005,2005-10-24,0.9,0.8235743
3,5,2005,2005-11-01,0.87,0.8309455
3,5,2005,2005-11-09,0.84,0.7446451
3,5,2005,2005-11-17,0.8,0.6800573
3,5,2005,2005-11-25,0.63,0.53081477
3,5,2005,2005-12-03,0.36,0.28566122
3,5,2005,2005-12-11,0.22,0.10710761
3,5,2005,2005-12-19,0.07,0.072251946
3,5,2005,2005-12-27,0.07,0.023065954
3,5,2006,2006-07-04,0.03,0.09946674
3,5,2006,2006-07-12,0.01,0.058122545
3,5,2006,2006-07-20,0.04,0.047224313
3,5,2006,2006-07-28,0.03,0.06911811
3,5,2006,2006-08-05,0.24,0.07012388
3,5,2006,2006-08-13,0.28,0.27521923
3,5,2006,2006-08-21,0.25,0.329289
3,5,2006,2006-08-29,0.36,0.29623073
3,5,2006,2006-09-06,0.46,0.43878955
3,5,2006,2006-09-14,0.63,0.5397396
3,5,2006,2006-09-22,0.83,0.71950114
3,5,2006,2006-09-30,0.88,0.87602866
3,5,2006,2006-10-08,0.89,0.88991404
3,5,2006,2006-10-16,0.86,0.88713014
3,5,2006,2006-10-24,0.86,0.8229933
3,5,2006,2006-11-01,0.91,0.8014221
3,5,2006,2006-11-09,0.89,0.8548809
3,5,2006,2006-11-17,0.82,0.821355
3,5,2006,2006-11-25,0.7,0.7121315
3,5,2006,2006-12-03,0.5,0.48219898
3,5,2006,2006-12-11,0.19,0.21059263
3,5,2006,2006-12-19,0.11,0.049128026
3,5,2006,2006-12-27,0.03,0.036195427
3,5,2007,2007-07-04,0.1,0.16173258
3,5,2007,2007-07-12,0.08,0.14127478
3,5,2007,2007-07-20,0.04,0.1159237
3,5,2007,2007-07-28,0.12,0.087268084
3,5,2007,2007-08-05,0.15,0.15381145
3,5,2007,2007-08-13,0.15,0.24577215
3,5,2007,2007-08-21,0.33,0.26522434
3,5,2007,2007-08-29,0.32,0.40410757
3,5,2007,2007-09-06,0.33,0.4229626
3,5,2007,2007-09-14,0.42,0.4398991
3,5,2007,2007-09-22,0.48,0.53208476
3,5,2007,2007-09-30,0.71,0.6196563
3,5,2007,2007-10-08,0.65,0.8047985
3,5,2007,2007-10-16,0.77,0.7229407
3,5,2007,2007-10-24,0.88,0.7882597
3,5,2007,2007-11-01,0.85,0.8900256
3,5,2007,2007-11-09,0.87,0.85640085
3,5,2007,2007-11-17,0.86,0.84010917
3,5,2007,2007-11-25,0.8,0.7766439
3,5,2007,2007-12-03,0.73,0.6610613
3,5,2007,2007-12-11,0.58,0.5071224
3,5,2007,2007-12-19,0.17,0.2878166
3,5,2007,2007-12-27,0.23,0.052869707
3,5,2008,2008-07-03,0.07,0.14405037
3,5,2008,2008-07-11,0.04,0.12784392
3,5,2008,2008-07-19,0.08,0.097831026
3,5,2008,2008-07-27,0.07,0.11705032
3,5,2008,2008-08-04,0.18,0.13431177
3,5,2008,2008-08-12,0.2,0.24617429
3,5,2008,2008-08-20,0.32,0.27201426
3,5,2008,2008-08-28,0.4,0.42618528
3,5,2008,2008-09-05,0.55,0.48629108
3,5,2008,2008-09-13,0.63,0.6073588
3,5,2008,2008-09-21,0.73,0.68135023
3,5,2008,2008-09-29,0.76,0.7624978
3,5,2008,2008-10-07,0.8,0.81673735
3,5,2008,2008-10-15,0.85,0.80729985
3,5,2008,2008-10-23,0.89,0.86437166
3,5,2008,2008-10-31,0.87,0.91079867
3,5,2008,2008-11-08,0.82,0.852407
3,5,2008,2008-11-16,0.84,0.7636988
3,5,2008,2008-11-24,0.77,0.7667634
3,5,2008,2008-12-02,0.65,0.6680012
3,5,2008,2008-12-10,0.52,0.49828622
3,5,2008,2008-12-18,0.3,0.2964475
3,5,2008,2008-12-26,0.12,0.084180176
3,5,2009,2009-07-04,0.04,0.10513687
3,5,2009,2009-07-12,0.03,0.08862144
3,5,2009,2009-07-20,0.06,0.07159838
3,5,2009,2009-07-28,0.12,0.1084446
3,5,2009,2009-08-05,0.13,0.16489567
3,5,2009,2009-08-13,0.16,0.21185118
3,5,2009,2009-08-21,0.16,0.24071349
3,5,2009,2009-08-29,0.2,0.26337004
3,5,2009,2009-09-06,0.41,0.30962703
3,5,2009,2009-09-14,0.49,0.53444433
3,5,2009,2009-09-22,0.71,0.6096552
3,5,2009,2009-09-30,0.71,0.78684425
3,5,2009,2009-10-08,0.77,0.76185656
3,5,2009,2009-10-16,0.83,0.79178405
3,5,2009,2009-10-24,0.84,0.8371419
3,5,2009,2009-11-01,0.85,0.8402173
3,5,2009,2009-11-09,0.86,0.8180734
3,5,2009,2009-11-17,0.83,0.79395956
3,5,2009,2009-11-25,0.67,0.76004565
3,5,2009,2009-12-03,0.35,0.52209723
3,5,2009,2009-12-11,0.19,0.13712443
3,5,2009,2009-12-19,0.08,0.04872307
3,5,2009,2009-12-27,0.0,0.016865045
3,5,2010,2010-07-04,0.08,0.16143131
3,5,2010,2010-07-12,0.03,0.11628091
3,5,2010,2010-07-20,0.06,0.07010633
3,5,2010,2010-07-28,0.06,0.10049328
3,5,2010,2010-08-05,0.15,0.12253398
3,5,2010,2010-08-13,0.1,0.21085322
3,5,2010,2010-08-21,0.18,0.17892346
3,5,2010,2010-08-29,0.22,0.23856464
3,5,2010,2010-09-06,0.22,0.28152692
3,5,2010,2010-09-14,0.26,0.34283486
3,5,2010,2010-09-22,0.23,0.37946802
3,5,2010,2010-09-30,0.46,0.38551068
3,5,2010,2010-10-08,0.69,0.56997204
3,5,2010,2010-10-16,0.78,0.76768386
3,5,2010,2010-10-24,0.85,0.8292599
3,5,2010,2010-11-01,0.8,0.86796224
3,5,2010,2010-11-09,0.81,0.78086233
3,5,2010,2010-11-17,0.78,0.7605221
3,5,2010,2010-11-25,0.73,0.69478375
3,5,2010,2010-12-03,0.53,0.58646905
3,5,2010,2010-12-11,0.19,0.26641238
3,5,2010,2010-12-19,0.02,0.04766661
3,5,2010,2010-12-27,0.02,0.018520325
3,5,2011,2011-07-04,0.04,0.116120696
3,5,2011,2011-07-12,0.03,0.07602015
3,5,2011,2011-07-20,0.03,0.052559376
3,5,2011,2011-07-28,0.07,0.06522852
3,5,2011,2011-08-05,0.1,0.10600826
3,5,2011,2011-08-13,0.12,0.16564389
3,5,2011,2011-08-21,0.12,0.17169346
3,5,2011,2011-08-29,0.4,0.18930373
3,5,2011,2011-09-06,0.46,0.4770055
3,5,2011,2011-09-14,0.5,0.5271617
3,5,2011,2011-09-22,0.8,0.5543184
3,5,2011,2011-09-30,0.81,0.79702365
3,5,2011,2011-10-08,0.81,0.8284999
3,5,2011,2011-10-16,0.83,0.85045135
3,5,2011,2011-10-24,0.82,0.85178244
3,5,2011,2011-11-01,0.86,0.82591677
3,5,2011,2011-11-09,0.82,0.82973826
3,5,2011,2011-11-17,0.85,0.7701174
3,5,2011,2011-11-25,0.69,0.79493034
3,5,2011,2011-12-03,0.7,0.5712745
3,5,2011,2011-12-11,0.47,0.5122215
3,5,2011,2011-12-19,0.16,0.2082409
3,5,2011,2011-12-27,0.16,0.042274863
3,5,2012,2012-07-03,0.04,0.08162883
3,5,2012,2012-07-11,0.02,0.07239297
3,5,2012,2012-07-19,0.01,0.060904086
3,5,2012,2012-07-27,0.02,0.052861333
3,5,2012,2012-08-04,0.05,0.071211964
3,5,2012,2012-08-12,0.18,0.10673669
3,5,2012,2012-08-20,0.18,0.23184201
3,5,2012,2012-08-28,0.22,0.2418046
3,5,2012,2012-09-05,0.34,0.34401333
3,5,2012,2012-09-13,0.43,0.44733965
3,5,2012,2012-09-21,0.53,0.5254283
3,5,2012,2012-09-29,0.66,0.6574681
3,5,2012,2012-10-07,0.75,0.734069
3,5,2012,2012-10-15,0.78,0.78474176
3,5,2012,2012-10-23,0.81,0.78974664
3,5,2012,2012-10-31,0.79,0.79033744
3,5,2012,2012-11-08,0.74,0.75595355
3,5,2012,2012-11-16,0.62,0.6605766
3,5,2012,2012-11-24,0.34,0.5032531
3,5,2012,2012-12-02,0.19,0.15316671
3,5,2012,2012-12-10,0.08,0.064346045
3,5,2012,2012-12-18,0.03,0.018317312
3,5,2012,2012-12-26,0.06,0.0022911727
3,6,2001,2001-07-04,0.07,0.048895687
3,6,2001,2001-07-12,0.03,0.07597694
3,6,2001,2001-07-20,0.03,0.047911733
3,6,2001,2001-07-28,0.02,0.07054624
3,6,2001,2001-08-05,0.05,0.065845996
3,6,2001,2001-08-13,0.07,0.09299958
3,6,2001,2001-08-21,0.09,0.12423003
3,6,2001,2001-08-29,0.13,0.16869813
3,6,2001,2001-09-06,0.21,0.2502927
3,6,2001,2001-09-14,0.39,0.31128722
3,6,2001,2001-09-22,0.53,0.5085532
3,6,2001,2001-09-30,0.47,0.5953562
3,6,2001,2001-10-08,0.49,0.46840376
3,6,2001,2001-10-16,0.39,0.3871439
3,6,2001,2001-10-24,0.32,0.2934484
3,6,2001,2001-11-01,0.19,0.18726027
3,6,2001,2001-11-09,0.14,0.10798256
3,6,2001,2001-11-17,0.05,0.08443192
3,6,2001,2001-11-25,0.08,0.045909017
3,6,2001,2001-12-03,0.06,0.105976105
3,6,2001,2001-12-11,0.07,0.09469262
3,6,2001,2001-12-19,0.06,0.112967074
3,6,2001,2001-12-27,0.08,0.10411602
3,6,2002,2002-07-04,0.19,0.29736093
3,6,2002,2002-07-12,0.19,0.11826813
3,6,2002,2002-07-20,0.1,0.12238744
3,6,2002,2002-07-28,0.06,0.07947606
3,6,2002,2002-08-05,0.03,0.065707475
3,6,2002,2002-08-13,0.03,0.055305034
3,6,2002,2002-08-21,0.03,0.07079354
3,6,2002,2002-08-29,0.04,0.07975891
3,6,2002,2002-09-06,0.05,0.100912526
3,6,2002,2002-09-14,0.15,0.12983197
3,6,2002,2002-09-22,0.24,0.2753624
3,6,2002,2002-09-30,0.37,0.37801623
3,6,2002,2002-10-08,0.51,0.44398856
3,6,2002,2002-10-16,0.43,0.54197145
3,6,2002,2002-10-24,0.35,0.39879566
3,6,2002,2002-11-01,0.31,0.25208518
3,6,2002,2002-11-09,0.23,0.1892733
3,6,2002,2002-11-17,0.1,0.15211618
3,6,2002,2002-11-25,0.11,0.057296008
3,6,2002,2002-12-03,0.06,0.09660643
3,6,2002,2002-12-11,0.02,0.07135251
3,6,2002,2002-12-19,0.03,0.055347055
3,6,2002,2002-12-27,0.05,0.062989
3,6,2003,2003-07-04,0.16,0.19980621
3,6,2003,2003-07-12,0.2,0.11458522
3,6,2003,2003-07-20,0.17,0.17325279
3,6,2003,2003-07-28,0.17,0.1566642
3,6,2003,2003-08-05,0.13,0.16273613
3,6,2003,2003-08-13,0.1,0.12750824
3,6,2003,2003-08-21,0.08,0.111197025
3,6,2003,2003-08-29,0.11,0.099537715
3,6,2003,2003-09-06,0.24,0.13544501
3,6,2003,2003-09-14,0.31,0.2654782
3,6,2003,2003-09-22,0.39,0.35960978
3,6,2003,2003-09-30,0.46,0.43588877
3,6,2003,2003-10-08,0.46,0.49354005
3,6,2003,2003-10-16,0.38,0.48748702
3,6,2003,2003-10-24,0.27,0.3431679
3,6,2003,2003-11-01,0.13,0.18972518
3,6,2003,2003-11-09,0.07,0.08721909
3,6,2003,2003-11-17,0.08,0.05837798
3,6,2003,2003-11-25,0.09,0.06998363
3,6,2003,2003-12-03,0.08,0.11383617
3,6,2003,2003-12-11,0.04,0.10888156
3,6,2003,2003-12-19,0.07,0.06837043
3,6,2003,2003-12-27,0.04,0.09843692
3,6,2004,2004-07-03,0.15,0.18516505
3,6,2004,2004-07-11,0.17,0.10077411
3,6,2004,2004-07-19,0.13,0.14797613
3,6,2004,2004-07-27,0.08,0.14006504
3,6,2004,2004-08-04,0.08,0.113883406
3,6,2004,2004-08-12,0.08,0.1043929
3,6,2004,2004-08-20,0.1,0.108420014
3,6,2004,2004-08-28,0.18,0.12938103
3,6,2004,2004-09-05,0.25,0.21368518
3,6,2004,2004-09-13,0.33,0.31535044
3,6,2004,2004-09-21,0.46,0.39110115
3,6,2004,2004-09-29,0.51,0.49790287
3,6,2004,2004-10-07,0.54,0.5245104
3,6,2004,2004-10-15,0.4,0.50935745
3,6,2004,2004-10-23,0.31,0.32206035
3,6,2004,2004-10-31,0.23,0.18864973
3,6,2004,2004-11-08,0.14,0.12237415
3,6,2004,2004-11-16,0.14,0.08760461
3,6,2004,2004-11-24,0.07,0.12113607
3,6,2004,2004-12-02,0.07,0.093336105
3,6,2004,2004-12-10,0.07,0.09909046
3,6,2004,2004-12-18,0.14,0.09333789
3,6,2004,2004-12-26,0.14,0.1721147
3,6,2005,2005-07-04,0.38,0.24071252
3,6,2005,2005-07-12,0.25,0.292049
3,6,2005,2005-07-20,0.21,0.23362623
3,6,2005,2005-07-28,0.15,0.16808385
3,6,2005,2005-08-05,0.15,0.11759329
3,6,2005,2005-08-13,0.1,0.13973004
3,6,2005,2005-08-21,0.09,0.11009708
3,6,2005,2005-08-29,0.13,0.113939285
3,6,2005,2005-09-06,0.13,0.17570668
3,6,2005,2005-09-14,0.18,0.19763055
3,6,2005,2005-09-22,0.34,0.25619623
3,6,2005,2005-09-30,0.4,0.4316784
3,6,2005,2005-10-08,0.5,0.47228843
3,6,2005,2005-10-16,0.5,0.52838427
3,6,2005,2005-10-24,0.49,0.45248085
3,6,2005,2005-11-01,0.28,0.39703423
3,6,2005,2005-11-09,0.23,0.18803257
3,6,2005,2005-11-17,0.19,0.13255069
3,6,2005,2005-11-25,0.09,0.13764507
3,6,2005,2005-12-03,0.06,0.07850343
3,6,2005,2005-12-11,0.05,0.064661354
3,6,2005,2005-12-19,0.06,0.06801495
3,6,2005,2005-12-27,0.12,0.11021203
3,6,2006,2006-07-04,0.22,0.2570704
3,6,2006,2006-07-12,0.12,0.23673853
3,6,2006,2006-07-20,0.12,0.11089939
3,6,2006,2006-07-28,0.08,0.10685593
3,6,2006,2006-08-05,0.14,0.08775881
3,6,2006,2006-08-13,0.12,0.16765602
3,6,2006,2006-08-21,0.12,0.14387873
3,6,2006,2006-08-29,0.24,0.14467213
3,6,2006,2006-09-06,0.34,0.27324715
3,6,2006,2006-09-14,0.45,0.37064964
3,6,2006,2006-09-22,0.63,0.4747283
3,6,2006,2006-09-30,0.63,0.65404403
3,6,2006,2006-10-08,0.64,0.6106523
3,6,2006,2006-10-16,0.49,0.58845735
3,6,2006,2006-10-24,0.4,0.38918924
3,6,2006,2006-11-01,0.28,0.26662356
3,6,2006,2006-11-09,0.15,0.1303808
3,6,2006,2006-11-17,0.08,0.073299676
3,6,2006,2006-11-25,0.05,0.056889027
3,6,2006,2006-12-03,0.03,0.046163827
3,6,2006,2006-12-11,0.06,0.050809324
3,6,2006,2006-12-19,0.07,0.09181413
3,6,2006,2006-12-27,0.12,0.11321613
3,6,2007,2007-07-04,0.26,0.3566847
3,6,2007,2007-07-12,0.31,0.23726399
3,6,2007,2007-07-20,0.14,0.23507762
3,6,2007,2007-07-28,0.17,0.12209454
3,6,2007,2007-08-05,0.17,0.14487556
3,6,2007,2007-08-13,0.17,0.17725644
3,6,2007,2007-08-21,0.13,0.19414279
3,6,2007,2007-08-29,0.16,0.15338764
3,6,2007,2007-09-06,0.18,0.20963997
3,6,2007,2007-09-14,0.34,0.2541073
3,6,2007,2007-09-22,0.41,0.42614704
3,6,2007,2007-09-30,0.51,0.5066353
3,6,2007,2007-10-08,0.54,0.5495143
3,6,2007,2007-10-16,0.49,0.53278077
3,6,2007,2007-10-24,0.37,0.40923232
3,6,2007,2007-11-01,0.32,0.25130612
3,6,2007,2007-11-09,0.16,0.19424386
3,6,2007,2007-11-17,0.19,0.08806899
3,6,2007,2007-11-25,0.06,0.12795654
3,6,2007,2007-12-03,0.11,0.057150513
3,6,2007,2007-12-11,0.11,0.11230773
3,6,2007,2007-12-19,0.1,0.12960885
3,6,2007,2007-12-27,0.05,0.13805233
3,6,2008,2008-07-03,0.3,0.33654264
3,6,2008,2008-07-11,0.23,0.22901519
3,6,2008,2008-07-19,0.15,0.18902412
3,6,2008,2008-07-27,0.11,0.09871359
3,6,2008,2008-08-04,0.12,0.10306531
3,6,2008,2008-08-12,0.16,0.13763233
3,6,2008,2008-08-20,0.18,0.1954626
3,6,2008,2008-08-28,0.24,0.20666596
3,6,2008,2008-09-05,0.35,0.27003127
3,6,2008,2008-09-13,0.43,0.37679148
3,6,2008,2008-09-21,0.56,0.48470673
3,6,2008,2008-09-29,0.49,0.5864892
3,6,2008,2008-10-07,0.47,0.4961735
3,6,2008,2008-10-15,0.41,0.42380464
3,6,2008,2008-10-23,0.28,0.32419214
3,6,2008,2008-10-31,0.23,0.17928249
3,6,2008,2008-11-08,0.12,0.1482937
3,6,2008,2008-11-16,0.08,0.0677686
3,6,2008,2008-11-24,0.07,0.08097318
3,6,2008,2008-12-02,0.07,0.066200584
3,6,2008,2008-12-10,0.12,0.10636987
3,6,2008,2008-12-18,0.11,0.1615148
3,6,2008,2008-12-26,0.17,0.1530166
3,6,2009,2009-07-04,0.37,0.330828
3,6,2009,2009-07-12,0.44,0.2939905
3,6,2009,2009-07-20,0.34,0.36564475
3,6,2009,2009-07-28,0.21,0.27112186
3,6,2009,2009-08-05,0.15,0.14496323
3,6,2009,2009-08-13,0.14,0.10530387
3,6,2009,2009-08-21,0.14,0.13538563
3,6,2009,2009-08-29,0.15,0.16183822
3,6,2009,2009-09-06,0.19,0.19519447
3,6,2009,2009-09-14,0.21,0.2643144
3,6,2009,2009-09-22,0.37,0.29220128
3,6,2009,2009-09-30,0.37,0.47801787
3,6,2009,2009-10-08,0.43,0.41516632
3,6,2009,2009-10-16,0.53,0.43002167
3,6,2009,2009-10-24,0.49,0.5007069
3,6,2009,2009-11-01,0.46,0.42335728
3,6,2009,2009-11-09,0.34,0.36833438
3,6,2009,2009-11-17,0.27,0.22751907
3,6,2009,2009-11-25,0.17,0.17527238
3,6,2009,2009-12-03,0.08,0.11125153
3,6,2009,2009-12-11,0.07,0.058154017
3,6,2009,2009-12-19,0.11,0.079503864
3,6,2009,2009-12-27,0.07,0.12848637
3,6,2010,2010-07-04,0.38,0.47073776
3,6,2010,2010-07-12,0.35,0.31743586
3,6,2010,2010-07-20,0.35,0.29161745
3,6,2010,2010-07-28,0.22,0.2909398
3,6,2010,2010-08-05,0.27,0.17564212
3,6,2010,2010-08-13,0.21,0.20270237
3,6,2010,2010-08-21,0.19,0.18342094
3,6,2010,2010-08-29,0.12,0.18732026
3,6,2010,2010-09-06,0.15,0.13369475
3,6,2010,2010-09-14,0.2,0.17142224
3,6,2010,2010-09-22,0.21,0.22644594
3,6,2010,2010-09-30,0.41,0.28368816
3,6,2010,2010-10-08,0.64,0.4485098
3,6,2010,2010-10-16,0.56,0.64986086
3,6,2010,2010-10-24,0.6,0.58585465
3,6,2010,2010-11-01,0.4,0.55118775
3,6,2010,2010-11-09,0.29,0.326684
3,6,2010,2010-11-17,0.3,0.18503469
3,6,2010,2010-11-25,0.17,0.1968737
3,6,2010,2010-12-03,0.08,0.13102777
3,6,2010,2010-12-11,0.07,0.06389299
3,6,2010,2010-12-19,0.05,0.0655902
3,6,2010,2010-12-27,0.14,0.081471175
3,6,2011,2011-07-04,0.18,0.2975873
3,6,2011,2011-07-12,0.17,0.09995662
3,6,2011,2011-07-20,0.16,0.11971542
3,6,2011,2011-07-28,0.16,0.16465065
3,6,2011,2011-08-05,0.17,0.16188464
3,6,2011,2011-08-13,0.17,0.20073466
3,6,2011,2011-08-21,0.11,0.19114237
3,6,2011,2011-08-29,0.24,0.13175529
3,6,2011,2011-09-06,0.3,0.24686828
3,6,2011,2011-09-14,0.38,0.32542992
3,6,2011,2011-09-22,0.52,0.4222275
3,6,2011,2011-09-30,0.52,0.53356814
3,6,2011,2011-10-08,0.57,0.5522938
3,6,2011,2011-10-16,0.37,0.61424303
3,6,2011,2011-10-24,0.24,0.3351103
3,6,2011,2011-11-01,0.28,0.16041756
3,6,2011,2011-11-09,0.1,0.17570493
3,6,2011,2011-11-17,0.09,0.06194356
3,6,2011,2011-11-25,0.04,0.09180042
3,6,2011,2011-12-03,0.07,0.04409513
3,6,2011,2011-12-11,0.11,0.08134082
3,6,2011,2011-12-19,0.13,0.13223462
3,6,2011,2011-12-27,0.18,0.16071472
3,6,2012,2012-07-03,0.25,0.14948459
3,6,2012,2012-07-11,0.2,0.15460268
3,6,2012,2012-07-19,0.14,0.15350679
3,6,2012,2012-07-27,0.12,0.1308233
3,6,2012,2012-08-04,0.18,0.12692976
3,6,2012,2012-08-12,0.22,0.20394412
3,6,2012,2012-08-20,0.23,0.25261632
3,6,2012,2012-08-28,0.26,0.23876347
3,6,2012,2012-09-05,0.37,0.29711062
3,6,2012,2012-09-13,0.51,0.41283223
3,6,2012,2012-09-21,0.54,0.5520425
3,6,2012,2012-09-29,0.55,0.57059944
3,6,2012,2012-10-07,0.52,0.5195071
3,6,2012,2012-10-15,0.42,0.46136266
3,6,2012,2012-10-23,0.27,0.27868873
3,6,2012,2012-10-31,0.14,0.12522855
3,6,2012,2012-11-08,0.07,0.08138585
3,6,2012,2012-11-16,0.06,0.029147476
3,6,2012,2012-11-24,0.03,0.05854541
3,6,2012,2012-12-02,0.08,0.044317096
3,6,2012,2012-12-10,0.12,0.119913876
3,6,2012,2012-12-18,0.12,0.17216955
3,6,2012,2012-12-26,0.16,0.17615765
3,7,2001,2001-07-04,0.14,0.12216437
3,7,2001,2001-07-12,0.09,0.14504986
3,7,2001,2001-07-20,0.09,0.109125644
3,7,2001,2001-07-28,0.06,0.114017144
3,7,2001,2001-08-05,0.1,0.10329871
3,7,2001,2001-08-13,0.03,0.12653717
3,7,2001,2001-08-21,0.07,0.085526764
3,7,2001,2001-08-29,0.12,0.13485321
3,7,2001,2001-09-06,0.16,0.19850458
3,7,2001,2001-09-14,0.21,0.229577
3,7,2001,2001-09-22,0.24,0.25505066
3,7,2001,2001-09-30,0.35,0.28420144
3,7,2001,2001-10-08,0.37,0.38024807
3,7,2001,2001-10-16,0.35,0.37107694
3,7,2001,2001-10-24,0.34,0.3280796
3,7,2001,2001-11-01,0.2,0.2644961
3,7,2001,2001-11-09,0.15,0.16103515
3,7,2001,2001-11-17,0.06,0.10895847
3,7,2001,2001-11-25,0.09,0.0587959
3,7,2001,2001-12-03,0.06,0.09515843
3,7,2001,2001-12-11,0.04,0.07967126
3,7,2001,2001-12-19,0.04,0.06933913
3,7,2001,2001-12-27,0.04,0.06797868
3,7,2002,2002-07-04,0.25,0.29953516
3,7,2002,2002-07-12,0.25,0.22103465
3,7,2002,2002-07-20,0.17,0.20052484
3,7,2002,2002-07-28,0.14,0.14778844
3,7,2002,2002-08-05,0.16,0.12559801
3,7,2002,2002-08-13,0.17,0.15672737
3,7,2002,2002-08-21,0.17,0.16108459
3,7,2002,2002-08-29,0.14,0.17432824
3,7,2002,2002-09-06,0.11,0.16080125
3,7,2002,2002-09-14,0.22,0.14261112
3,7,2002,2002-09-22,0.23,0.24099113
3,7,2002,2002-09-30,0.32,0.26272562
3,7,2002,2002-10-08,0.36,0.35854277
3,7,2002,2002-10-16,0.3,0.3777811
3,7,2002,2002-10-24,0.23,0.30119643
3,7,2002,2002-11-01,0.23,0.20799014
3,7,2002,2002-11-09,0.17,0.17255756
3,7,2002,2002-11-17,0.13,0.1391741
3,7,2002,2002-11-25,0.1,0.10581772
3,7,2002,2002-12-03,0.05,0.10248372
3,7,2002,2002-12-11,0.02,0.070768714
3,7,2002,2002-12-19,0.05,0.04834023
3,7,2002,2002-12-27,0.07,0.07243994
3,7,2003,2003-07-04,0.16,0.18674532
3,7,2003,2003-07-12,0.23,0.16137867
3,7,2003,2003-07-20,0.22,0.22492713
3,7,2003,2003-07-28,0.25,0.21439973
3,7,2003,2003-08-05,0.2,0.23443173
3,7,2003,2003-08-13,0.16,0.20031273
3,7,2003,2003-08-21,0.19,0.17073971
3,7,2003,2003-08-29,0.24,0.19029039
3,7,2003,2003-09-06,0.29,0.23329833
3,7,2003,2003-09-14,0.34,0.27485543
3,7,2003,2003-09-22,0.34,0.3433089
3,7,2003,2003-09-30,0.37,0.3397682
3,7,2003,2003-10-08,0.38,0.367784
3,7,2003,2003-10-16,0.3,0.37243915
3,7,2003,2003-10-24,0.29,0.28144547
3,7,2003,2003-11-01,0.16,0.2343519
3,7,2003,2003-11-09,0.07,0.14733276
3,7,2003,2003-11-17,0.13,0.07941419
3,7,2003,2003-11-25,0.15,0.11968449
3,7,2003,2003-12-03,0.15,0.15397379
3,7,2003,2003-12-11,0.09,0.15654874
3,7,2003,2003-12-19,0.06,0.10141063
3,7,2003,2003-12-27,0.05,0.082868874
3,7,2004,2004-07-03,0.19,0.22135183
3,7,2004,2004-07-11,0.25,0.16576351
3,7,2004,2004-07-19,0.17,0.23412114
3,7,2004,2004-07-27,0.17,0.18492028
3,7,2004,2004-08-04,0.17,0.18876527
3,7,2004,2004-08-12,0.2,0.17407787
3,7,2004,2004-08-20,0.2,0.19861971
3,7,2004,2004-08-28,0.25,0.21110146
3,7,2004,2004-09-05,0.23,0.26599246
3,7,2004,2004-09-13,0.34,0.26048273
3,7,2004,2004-09-21,0.34,0.35265937
3,7,2004,2004-09-29,0.43,0.34803885
3,7,2004,2004-10-07,0.35,0.41748166
3,7,2004,2004-10-15,0.25,0.34072742
3,7,2004,2004-10-23,0.18,0.21571195
3,7,2004,2004-10-31,0.16,0.14660019
3,7,2004,2004-11-08,0.06,0.12536742
3,7,2004,2004-11-16,0.13,0.062837064
3,7,2004,2004-11-24,0.07,0.13561064
3,7,2004,2004-12-02,0.07,0.11317013
3,7,2004,2004-12-10,0.04,0.1155844
3,7,2004,2004-12-18,0.09,0.07436225
3,7,2004,2004-12-26,0.08,0.10737957
3,7,2005,2005-07-04,0.36,0.29193744
3,7,2005,2005-07-12,0.26,0.30304518
3,7,2005,2005-07-20,0.26,0.25416633
3,7,2005,2005-07-28,0.2,0.22043392
3,7,2005,2005-08-05,0.24,0.18222283
3,7,2005,2005-08-13,0.14,0.22197348
3,7,2005,2005-08-21,0.17,0.16492394
3,7,2005,2005-08-29,0.23,0.18026648
3,7,2005,2005-09-06,0.26,0.24158877
3,7,2005,2005-09-14,0.35,0.27585608
3,7,2005,2005-09-22,0.42,0.36950433
3,7,2005,2005-09-30,0.38,0.42033347
3,7,2005,2005-10-08,0.37,0.3969959
3,7,2005,2005-10-16,0.38,0.33728683
3,7,2005,2005-10-24,0.27,0.30931932
3,7,2005,2005-11-01,0.22,0.21920896
3,7,2005,2005-11-09,0.15,0.1773054
3,7,2005,2005-11-17,0.13,0.11806835
3,7,2005,2005-11-25,0.11,0.1326562
3,7,2005,2005-12-03,0.07,0.1158019
3,7,2005,2005-12-11,0.08,0.09392133
3,7,2005,2005-12-19,0.08,0.092995524
3,7,2005,2005-12-27,0.13,0.10932034
3,7,2006,2006-07-04,0.26,0.22813597
3,7,2006,2006-07-12,0.2,0.2737127
3,7,2006,2006-07-20,0.21,0.20768005
3,7,2006,2006-07-28,0.16,0.20339361
3,7,2006,2006-08-05,0.26,0.15769243
3,7,2006,2006-08-13,0.29,0.2562257
3,7,2006,2006-08-21,0.26,0.2692253
3,7,2006,2006-08-29,0.31,0.25613135
3,7,2006,2006-09-06,0.32,0.29769933
3,7,2006,2006-09-14,0.36,0.3169292
3,7,2006,2006-09-22,0.46,0.36604854
3,7,2006,2006-09-30,0.44,0.45621806
3,7,2006,2006-10-08,0.45,0.4217353
3,7,2006,2006-10-16,0.38,0.39876795
3,7,2006,2006-10-24,0.25,0.32915062
3,7,2006,2006-11-01,0.26,0.19620255
3,7,2006,2006-11-09,0.13,0.18788236
3,7,2006,2006-11-17,0.07,0.111321226
3,7,2006,2006-11-25,0.05,0.078956455
3,7,2006,2006-12-03,0.04,0.068413824
3,7,2006,2006-12-11,0.03,0.06805417
3,7,2006,2006-12-19,0.05,0.06904262
3,7,2006,2006-12-27,0.11,0.08626148
3,7,2007,2007-07-04,0.28,0.32999003
3,7,2007,2007-07-12,0.33,0.26537615
3,7,2007,2007-07-20,0.23,0.2738679
3,7,2007,2007-07-28,0.32,0.2181052
3,7,2007,2007-08-05,0.32,0.2731368
3,7,2007,2007-08-13,0.3,0.30966547
3,7,2007,2007-08-21,0.21,0.3094036
3,7,2007,2007-08-29,0.24,0.21482363
3,7,2007,2007-09-06,0.23,0.23202023
3,7,2007,2007-09-14,0.39,0.2391742
3,7,2007,2007-09-22,0.42,0.3868937
3,7,2007,2007-09-30,0.47,0.43863475
3,7,2007,2007-10-08,0.46,0.46023858
3,7,2007,2007-10-16,0.43,0.42814812
3,7,2007,2007-10-24,0.38,0.37175012
3,7,2007,2007-11-01,0.28,0.29215217
3,7,2007,2007-11-09,0.14,0.22330582
3,7,2007,2007-11-17,0.04,0.11064325
3,7,2007,2007-11-25,0.02,0.04455039
3,7,2007,2007-12-03,0.12,0.036863
3,7,2007,2007-12-11,0.07,0.11851242
3,7,2007,2007-12-19,0.07,0.098465666
3,7,2007,2007-12-27,0.01,0.09964156
3,7,2008,2008-07-03,0.28,0.30885607
3,7,2008,2008-07-11,0.27,0.23063152
3,7,2008,2008-07-19,0.16,0.23743832
3,7,2008,2008-07-27,0.17,0.13808648
3,7,2008,2008-08-04,0.21,0.17502537
3,7,2008,2008-08-12,0.25,0.22308779
3,7,2008,2008-08-20,0.23,0.26928088
3,7,2008,2008-08-28,0.27,0.22230494
3,7,2008,2008-09-05,0.39,0.2586631
3,7,2008,2008-09-13,0.4,0.3697032
3,7,2008,2008-09-21,0.39,0.4253956
3,7,2008,2008-09-29,0.34,0.39506462
3,7,2008,2008-10-07,0.36,0.32647267
3,7,2008,2008-10-15,0.32,0.32452846
3,7,2008,2008-10-23,0.23,0.28513116
3,7,2008,2008-10-31,0.16,0.197187
3,7,2008,2008-11-08,0.13,0.12112327
3,7,2008,2008-11-16,0.07,0.089907736
3,7,2008,2008-11-24,0.12,0.05176428
3,7,2008,2008-12-02,0.01,0.10482848
3,7,2008,2008-12-10,0.02,0.05643913
3,7,2008,2008-12-18,0.04,0.052651733
3,7,2008,2008-12-26,0.14,0.06644687
3,7,2009,2009-07-04,0.32,0.29870158
3,7,2009,2009-07-12,0.46,0.26483348
3,7,2009,2009-07-20,0.45,0.42006356
3,7,2009,2009-07-28,0.25,0.39082465
3,7,2009,2009-08-05,0.24,0.20499656
3,7,2009,2009-08-13,0.26,0.1845653
3,7,2009,2009-08-21,0.26,0.23891751
3,7,2009,2009-08-29,0.25,0.26025447
3,7,2009,2009-09-06,0.33,0.25682876
3,7,2009,2009-09-14,0.31,0.36479864
3,7,2009,2009-09-22,0.36,0.33754566
3,7,2009,2009-09-30,0.36,0.35886332
3,7,2009,2009-10-08,0.38,0.33143565
3,7,2009,2009-10-16,0.4,0.35699996
3,7,2009,2009-10-24,0.34,0.36168617
3,7,2009,2009-11-01,0.29,0.28093478
3,7,2009,2009-11-09,0.22,0.21462384
3,7,2009,2009-11-17,0.16,0.16163318
3,7,2009,2009-11-25,0.1,0.117061496
3,7,2009,2009-12-03,0.05,0.09685594
3,7,2009,2009-12-11,0.03,0.039762706
3,7,2009,2009-12-19,0.03,0.036652
3,7,2009,2009-12-27,0.01,0.047235996
3,7,2010,2010-07-04,0.33,0.38147876
3,7,2010,2010-07-12,0.35,0.2855006
3,7,2010,2010-07-20,0.39,0.33267474
3,7,2010,2010-07-28,0.29,0.37880954
3,7,2010,2010-08-05,0.31,0.26018715
3,7,2010,2010-08-13,0.31,0.24909489
3,7,2010,2010-08-21,0.3,0.27439782
3,7,2010,2010-08-29,0.24,0.29179335
3,7,2010,2010-09-06,0.24,0.23736137
3,7,2010,2010-09-14,0.33,0.24825564
3,7,2010,2010-09-22,0.35,0.32189375
3,7,2010,2010-09-30,0.47,0.36341295
3,7,2010,2010-10-08,0.54,0.45545372
3,7,2010,2010-10-16,0.49,0.5130583
3,7,2010,2010-10-24,0.37,0.46834242
3,7,2010,2010-11-01,0.21,0.32195318
3,7,2010,2010-11-09,0.16,0.16354111
3,7,2010,2010-11-17,0.14,0.119661555
3,7,2010,2010-11-25,0.1,0.12191896
3,7,2010,2010-12-03,0.08,0.10755704
3,7,2010,2010-12-11,0.09,0.09093967
3,7,2010,2010-12-19,0.09,0.099181354
3,7,2010,2010-12-27,0.03,0.10722232
3,7,2011,2011-07-04,0.25,0.30251315
3,7,2011,2011-07-12,0.26,0.1698839
3,7,2011,2011-07-20,0.27,0.20759428
3,7,2011,2011-07-28,0.26,0.27010566
3,7,2011,2011-08-05,0.24,0.2455158
3,7,2011,2011-08-13,0.29,0.23082352
3,7,2011,2011-08-21,0.22,0.28591973
3,7,2011,2011-08-29,0.38,0.22364095
3,7,2011,2011-09-06,0.35,0.36207128
3,7,2011,2011-09-14,0.4,0.3337949
3,7,2011,2011-09-22,0.33,0.40518162
3,7,2011,2011-09-30,0.33,0.31793982
3,7,2011,2011-10-08,0.26,0.33454138
3,7,2011,2011-10-16,0.2,0.27290234
3,7,2011,2011-10-24,0.08,0.19252798
3,7,2011,2011-11-01,0.1,0.06603381
3,7,2011,2011-11-09,0.07,0.0718821
3,7,2011,2011-11-17,0.04,0.069589734
3,7,2011,2011-11-25,0.0,0.06567249
3,7,2011,2011-12-03,0.01,0.028261274
3,7,2011,2011-12-11,0.03,0.03922975
3,7,2011,2011-12-19,0.03,0.06443536
3,7,2011,2011-12-27,0.1,0.068982154
3,7,2012,2012-07-03,0.34,0.25863364
3,7,2012,2012-07-11,0.28,0.28476226
3,7,2012,2012-07-19,0.21,0.2452061
3,7,2012,2012-07-27,0.22,0.19012922
3,7,2012,2012-08-04,0.28,0.20252728
3,7,2012,2012-08-12,0.31,0.27132177
3,7,2012,2012-08-20,0.26,0.32599682
3,7,2012,2012-08-28,0.28,0.25054297
3,7,2012,2012-09-05,0.38,0.29915223
3,7,2012,2012-09-13,0.48,0.38213053
3,7,2012,2012-09-21,0.43,0.49213988
3,7,2012,2012-09-29,0.44,0.40100795
3,7,2012,2012-10-07,0.51,0.3765541
3,7,2012,2012-10-15,0.39,0.42648715
3,7,2012,2012-10-23,0.21,0.31253573
3,7,2012,2012-10-31,0.1,0.11971362
3,7,2012,2012-11-08,0.04,0.056596488
3,7,2012,2012-11-16,0.04,0.03240323
3,7,2012,2012-11-24,0.02,0.04850346
3,7,2012,2012-12-02,0.02,0.03252378
3,7,2012,2012-12-10,0.04,0.042912275
3,7,2012,2012-12-18,0.03,0.067579925
3,7,2012,2012-12-26,0.08,0.060272425
3,8,2001,2001-07-04,0.17,0.14723033
3,8,2001,2001-07-12,0.09,0.17734012
3,8,2001,2001-07-20,0.09,0.119058505
3,8,2001,2001-07-28,0.04,0.113898486
3,8,2001,2001-08-05,0.07,0.08699635
3,8,2001,2001-08-13,0.05,0.084207445
3,8,2001,2001-08-21,0.07,0.0813967
3,8,2001,2001-08-29,0.11,0.10680571
3,8,2001,2001-09-06,0.1,0.14746681
3,8,2001,2001-09-14,0.07,0.12574188
3,8,2001,2001-09-22,0.08,0.09417984
3,8,2001,2001-09-30,0.15,0.104552254
3,8,2001,2001-10-08,0.17,0.15029198
3,8,2001,2001-10-16,0.16,0.18665865
3,8,2001,2001-10-24,0.16,0.1808627
3,8,2001,2001-11-01,0.07,0.14927146
3,8,2001,2001-11-09,0.13,0.08580306
3,8,2001,2001-11-17,0.05,0.11312686
3,8,2001,2001-11-25,0.08,0.072800994
3,8,2001,2001-12-03,0.03,0.09822641
3,8,2001,2001-12-11,0.03,0.05213049
3,8,2001,2001-12-19,0.02,0.049339145
3,8,2001,2001-12-27,0.03,0.04895392
3,8,2002,2002-07-04,0.26,0.31895933
3,8,2002,2002-07-12,0.26,0.27894318
3,8,2002,2002-07-20,0.16,0.23371209
3,8,2002,2002-07-28,0.17,0.14910044
3,8,2002,2002-08-05,0.21,0.1441441
3,8,2002,2002-08-13,0.28,0.18475571
3,8,2002,2002-08-21,0.28,0.24773261
3,8,2002,2002-08-29,0.23,0.26005244
3,8,2002,2002-09-06,0.17,0.22598201
3,8,2002,2002-09-14,0.25,0.16832691
3,8,2002,2002-09-22,0.26,0.20907089
3,8,2002,2002-09-30,0.24,0.23377144
3,8,2002,2002-10-08,0.19,0.241863
3,8,2002,2002-10-16,0.22,0.2002387
3,8,2002,2002-10-24,0.13,0.20811304
3,8,2002,2002-11-01,0.17,0.1509751
3,8,2002,2002-11-09,0.11,0.15137395
3,8,2002,2002-11-17,0.12,0.12835343
3,8,2002,2002-11-25,0.13,0.122995734
3,8,2002,2002-12-03,0.1,0.13521749
3,8,2002,2002-12-11,0.09,0.11183557
3,8,2002,2002-12-19,0.09,0.10254435
3,8,2002,2002-12-27,0.11,0.09916039
3,8,2003,2003-07-04,0.08,0.1864003
3,8,2003,2003-07-12,0.23,0.1428219
3,8,2003,2003-07-20,0.25,0.22186404
3,8,2003,2003-07-28,0.29,0.23655555
3,8,2003,2003-08-05,0.18,0.27376938
3,8,2003,2003-08-13,0.19,0.20437665
3,8,2003,2003-08-21,0.2,0.20724776
3,8,2003,2003-08-29,0.19,0.21260963
3,8,2003,2003-09-06,0.19,0.20474324
3,8,2003,2003-09-14,0.27,0.18647128
3,8,2003,2003-09-22,0.25,0.25708777
3,8,2003,2003-09-30,0.23,0.2643072
3,8,2003,2003-10-08,0.21,0.2398417
3,8,2003,2003-10-16,0.23,0.20134315
3,8,2003,2003-10-24,0.19,0.22030917
3,8,2003,2003-11-01,0.15,0.18685263
3,8,2003,2003-11-09,0.09,0.16416368
3,8,2003,2003-11-17,0.16,0.11372955
3,8,2003,2003-11-25,0.18,0.15524387
3,8,2003,2003-12-03,0.18,0.18313071
3,8,2003,2003-12-11,0.24,0.18740606
3,8,2003,2003-12-19,0.08,0.21731964
3,8,2003,2003-12-27,0.08,0.1261562
3,8,2004,2004-07-03,0.18,0.18604234
3,8,2004,2004-07-11,0.31,0.16502333
3,8,2004,2004-07-19,0.26,0.28920612
3,8,2004,2004-07-27,0.26,0.28184143
3,8,2004,2004-08-04,0.22,0.27362114
3,8,2004,2004-08-12,0.25,0.20473617
3,8,2004,2004-08-20,0.23,0.22315809
3,8,2004,2004-08-28,0.27,0.2212476
3,8,2004,2004-09-05,0.19,0.25233275
3,8,2004,2004-09-13,0.28,0.20105144
3,8,2004,2004-09-21,0.25,0.2680876
3,8,2004,2004-09-29,0.26,0.25472045
3,8,2004,2004-10-07,0.19,0.25363302
3,8,2004,2004-10-15,0.16,0.19254778
3,8,2004,2004-10-23,0.12,0.17125024
3,8,2004,2004-10-31,0.14,0.13812466
3,8,2004,2004-11-08,0.04,0.14554042
3,8,2004,2004-11-16,0.16,0.08189261
3,8,2004,2004-11-24,0.14,0.16230415
3,8,2004,2004-12-02,0.11,0.16943161
3,8,2004,2004-12-10,0.08,0.15496245
3,8,2004,2004-12-18,0.14,0.13095585
3,8,2004,2004-12-26,0.13,0.13650846
3,8,2005,2005-07-04,0.35,0.3033257
3,8,2005,2005-07-12,0.27,0.3125368
3,8,2005,2005-07-20,0.26,0.29212907
3,8,2005,2005-07-28,0.22,0.25648433
3,8,2005,2005-08-05,0.34,0.22310647
3,8,2005,2005-08-13,0.22,0.29234594
3,8,2005,2005-08-21,0.17,0.24567209
3,8,2005,2005-08-29,0.24,0.19240609
3,8,2005,2005-09-06,0.24,0.22581777
3,8,2005,2005-09-14,0.29,0.23641299
3,8,2005,2005-09-22,0.27,0.2879548
3,8,2005,2005-09-30,0.24,0.27336124
3,8,2005,2005-10-08,0.24,0.2501132
3,8,2005,2005-10-16,0.27,0.22395174
3,8,2005,2005-10-24,0.27,0.24035014
3,8,2005,2005-11-01,0.21,0.24333924
3,8,2005,2005-11-09,0.2,0.21315452
3,8,2005,2005-11-17,0.2,0.17929913
3,8,2005,2005-11-25,0.25,0.19936562
3,8,2005,2005-12-03,0.15,0.23735069
3,8,2005,2005-12-11,0.17,0.18012644
3,8,2005,2005-12-19,0.13,0.16425702
3,8,2005,2005-12-27,0.2,0.15197694
3,8,2006,2006-07-04,0.32,0.29852355
3,8,2006,2006-07-12,0.24,0.32122517
3,8,2006,2006-07-20,0.26,0.25297952
3,8,2006,2006-07-28,0.2,0.23568639
3,8,2006,2006-08-05,0.29,0.19691479
3,8,2006,2006-08-13,0.21,0.2838168
3,8,2006,2006-08-21,0.22,0.22640789
3,8,2006,2006-08-29,0.21,0.20579979
3,8,2006,2006-09-06,0.23,0.20671448
3,8,2006,2006-09-14,0.28,0.23580873
3,8,2006,2006-09-22,0.25,0.28051063
3,8,2006,2006-09-30,0.2,0.26286095
3,8,2006,2006-10-08,0.22,0.21269824
3,8,2006,2006-10-16,0.23,0.21084182
3,8,2006,2006-10-24,0.17,0.23358369
3,8,2006,2006-11-01,0.14,0.2039385
3,8,2006,2006-11-09,0.12,0.16074374
3,8,2006,2006-11-17,0.11,0.14117876
3,8,2006,2006-11-25,0.11,0.1407742
3,8,2006,2006-12-03,0.07,0.15416026
3,8,2006,2006-12-11,0.07,0.115959674
3,8,2006,2006-12-19,0.1,0.11130412
3,8,2006,2006-12-27,0.11,0.12291959
3,8,2007,2007-07-04,0.27,0.3112485
3,8,2007,2007-07-12,0.33,0.28215513
3,8,2007,2007-07-20,0.29,0.29066056
3,8,2007,2007-07-28,0.35,0.27756384
3,8,2007,2007-08-05,0.35,0.3032484
3,8,2007,2007-08-13,0.31,0.32694432
3,8,2007,2007-08-21,0.22,0.29588115
3,8,2007,2007-08-29,0.23,0.2278295
3,8,2007,2007-09-06,0.22,0.21416308
3,8,2007,2007-09-14,0.27,0.2212879
3,8,2007,2007-09-22,0.22,0.26694977
3,8,2007,2007-09-30,0.26,0.24168801
3,8,2007,2007-10-08,0.24,0.24355432
3,8,2007,2007-10-16,0.23,0.23583506
3,8,2007,2007-10-24,0.2,0.23655766
3,8,2007,2007-11-01,0.25,0.20549718
3,8,2007,2007-11-09,0.35,0.22257198
3,8,2007,2007-11-17,0.18,0.28931755
3,8,2007,2007-11-25,0.05,0.21451679
3,8,2007,2007-12-03,0.18,0.113146275
3,8,2007,2007-12-11,0.09,0.14570233
3,8,2007,2007-12-19,0.09,0.12660712
3,8,2007,2007-12-27,0.08,0.12774646
3,8,2008,2008-07-03,0.32,0.2928921
3,8,2008,2008-07-11,0.26,0.28830984
3,8,2008,2008-07-19,0.25,0.259855
3,8,2008,2008-07-27,0.24,0.23228922
3,8,2008,2008-08-04,0.3,0.23875251
3,8,2008,2008-08-12,0.31,0.28808504
3,8,2008,2008-08-20,0.27,0.29572594
3,8,2008,2008-08-28,0.29,0.24491683
3,8,2008,2008-09-05,0.33,0.2494759
3,8,2008,2008-09-13,0.4,0.28690788
3,8,2008,2008-09-21,0.21,0.36387154
3,8,2008,2008-09-29,0.14,0.22829011
3,8,2008,2008-10-07,0.19,0.14576715
3,8,2008,2008-10-15,0.16,0.16635159
3,8,2008,2008-10-23,0.1,0.17498659
3,8,2008,2008-10-31,0.07,0.1304186
3,8,2008,2008-11-08,0.09,0.11094923
3,8,2008,2008-11-16,0.02,0.14586818
3,8,2008,2008-11-24,0.01,0.078190774
3,8,2008,2008-12-02,0.03,0.036834598
3,8,2008,2008-12-10,0.04,0.069493234
3,8,2008,2008-12-18,0.09,0.07212296
3,8,2008,2008-12-26,0.1,0.10656011
3,8,2009,2009-07-04,0.25,0.2749422
3,8,2009,2009-07-12,0.44,0.25503084
3,8,2009,2009-07-20,0.39,0.38339108
3,8,2009,2009-07-28,0.31,0.37313643
3,8,2009,2009-08-05,0.27,0.2995032
3,8,2009,2009-08-13,0.29,0.25207075
3,8,2009,2009-08-21,0.29,0.27421072
3,8,2009,2009-08-29,0.28,0.27837306
3,8,2009,2009-09-06,0.32,0.27571186
3,8,2009,2009-09-14,0.31,0.31167215
3,8,2009,2009-09-22,0.34,0.32620522
3,8,2009,2009-09-30,0.33,0.3023025
3,8,2009,2009-10-08,0.33,0.27397278
3,8,2009,2009-10-16,0.3,0.29060963
3,8,2009,2009-10-24,0.14,0.27321935
3,8,2009,2009-11-01,0.12,0.15202796
3,8,2009,2009-11-09,0.06,0.11139169
3,8,2009,2009-11-17,0.07,0.084453255
3,8,2009,2009-11-25,0.08,0.08553687
3,8,2009,2009-12-03,0.02,0.0910587
3,8,2009,2009-12-11,0.03,0.062847316
3,8,2009,2009-12-19,0.03,0.06676963
3,8,2009,2009-12-27,0.01,0.075403064
3,8,2010,2010-07-04,0.29,0.3005744
3,8,2010,2010-07-12,0.41,0.25161737
3,8,2010,2010-07-20,0.4,0.36730134
3,8,2010,2010-07-28,0.3,0.38740173
3,8,2010,2010-08-05,0.44,0.29170743
3,8,2010,2010-08-13,0.42,0.33938098
3,8,2010,2010-08-21,0.4,0.36348113
3,8,2010,2010-08-29,0.25,0.36092418
3,8,2010,2010-09-06,0.27,0.24367641
3,8,2010,2010-09-14,0.32,0.23764956
3,8,2010,2010-09-22,0.32,0.27971855
3,8,2010,2010-09-30,0.34,0.31011266
3,8,2010,2010-10-08,0.32,0.3163109
3,8,2010,2010-10-16,0.27,0.2995274
3,8,2010,2010-10-24,0.28,0.25591722
3,8,2010,2010-11-01,0.13,0.22185156
3,8,2010,2010-11-09,0.16,0.13589635
3,8,2010,2010-11-17,0.12,0.13130154
3,8,2010,2010-11-25,0.12,0.120002985
3,8,2010,2010-12-03,0.02,0.12951401
3,8,2010,2010-12-11,0.12,0.064278066
3,8,2010,2010-12-19,0.04,0.10849275
3,8,2010,2010-12-27,0.02,0.074373454
3,8,2011,2011-07-04,0.3,0.3294977
3,8,2011,2011-07-12,0.34,0.26469207
3,8,2011,2011-07-20,0.33,0.308446
3,8,2011,2011-07-28,0.3,0.32570288
3,8,2011,2011-08-05,0.31,0.28014728
3,8,2011,2011-08-13,0.37,0.30161536
3,8,2011,2011-08-21,0.4,0.351012
3,8,2011,2011-08-29,0.35,0.37804955
3,8,2011,2011-09-06,0.36,0.30588096
3,8,2011,2011-09-14,0.37,0.30119494
3,8,2011,2011-09-22,0.31,0.32948172
3,8,2011,2011-09-30,0.24,0.30189502
3,8,2011,2011-10-08,0.07,0.24111995
3,8,2011,2011-10-16,0.12,0.12004708
3,8,2011,2011-10-24,0.05,0.12589583
3,8,2011,2011-11-01,0.08,0.1040487
3,8,2011,2011-11-09,0.1,0.102782115
3,8,2011,2011-11-17,0.05,0.12132433
3,8,2011,2011-11-25,0.04,0.09488562
3,8,2011,2011-12-03,0.17,0.08397493
3,8,2011,2011-12-11,0.03,0.14387718
3,8,2011,2011-12-19,0.01,0.09384507
3,8,2011,2011-12-27,0.07,0.054618865
3,8,2012,2012-07-03,0.45,0.31135422
3,8,2012,2012-07-11,0.41,0.39052224
3,8,2012,2012-07-19,0.36,0.38982847
3,8,2012,2012-07-27,0.4,0.350545
3,8,2012,2012-08-04,0.39,0.35013404
3,8,2012,2012-08-12,0.31,0.3561004
3,8,2012,2012-08-20,0.34,0.32123217
3,8,2012,2012-08-28,0.36,0.32802603
3,8,2012,2012-09-05,0.41,0.33655387
3,8,2012,2012-09-13,0.33,0.37836605
3,8,2012,2012-09-21,0.3,0.3357331
3,8,2012,2012-09-29,0.34,0.28854614
3,8,2012,2012-10-07,0.33,0.2886724
3,8,2012,2012-10-15,0.27,0.26936233
3,8,2012,2012-10-23,0.2,0.24488835
3,8,2012,2012-10-31,0.06,0.18743156
3,8,2012,2012-11-08,0.08,0.108994275
3,8,2012,2012-11-16,0.08,0.10451871
3,8,2012,2012-11-24,0.09,0.101621404
3,8,2012,2012-12-02,0.06,0.11016162
3,8,2012,2012-12-10,0.05,0.11643575
3,8,2012,2012-12-18,0.0,0.08866185
3,8,2012,2012-12-26,0.12,0.051614255
3,9,2001,2001-07-04,0.49,0.40790945
3,9,2001,2001-07-12,0.42,0.44343007
3,9,2001,2001-07-20,0.4,0.40785265
3,9,2001,2001-07-28,0.32,0.38912567
3,9,2001,2001-08-05,0.4,0.3556642
3,9,2001,2001-08-13,0.24,0.35552964
3,9,2001,2001-08-21,0.38,0.29976723
3,9,2001,2001-08-29,0.39,0.347586
3,9,2001,2001-09-06,0.41,0.38057905
3,9,2001,2001-09-14,0.36,0.3899018
3,9,2001,2001-09-22,0.36,0.35983822
3,9,2001,2001-09-30,0.39,0.36279944
3,9,2001,2001-10-08,0.39,0.3634321
3,9,2001,2001-10-16,0.38,0.3799903
3,9,2001,2001-10-24,0.37,0.3866237
3,9,2001,2001-11-01,0.29,0.3643738
3,9,2001,2001-11-09,0.33,0.31296903
3,9,2001,2001-11-17,0.16,0.29540825
3,9,2001,2001-11-25,0.37,0.23712105
3,9,2001,2001-12-03,0.35,0.31519592
3,9,2001,2001-12-11,0.31,0.32037324
3,9,2001,2001-12-19,0.28,0.31060576
3,9,2001,2001-12-27,0.34,0.28349346
3,9,2002,2002-07-04,0.73,0.6527105
3,9,2002,2002-07-12,0.68,0.6670474
3,9,2002,2002-07-20,0.61,0.6309433
3,9,2002,2002-07-28,0.58,0.57540417
3,9,2002,2002-08-05,0.67,0.5273094
3,9,2002,2002-08-13,0.7,0.58920014
3,9,2002,2002-08-21,0.69,0.6034705
3,9,2002,2002-08-29,0.6,0.6269188
3,9,2002,2002-09-06,0.53,0.5789655
3,9,2002,2002-09-14,0.61,0.5250577
3,9,2002,2002-09-22,0.62,0.53964233
3,9,2002,2002-09-30,0.56,0.5606465
3,9,2002,2002-10-08,0.54,0.54189074
3,9,2002,2002-10-16,0.55,0.5170649
3,9,2002,2002-10-24,0.5,0.5126867
3,9,2002,2002-11-01,0.54,0.48671868
3,9,2002,2002-11-09,0.5,0.4875912
3,9,2002,2002-11-17,0.52,0.4750753
3,9,2002,2002-11-25,0.5,0.46021053
3,9,2002,2002-12-03,0.41,0.47782606
3,9,2002,2002-12-11,0.37,0.434607
3,9,2002,2002-12-19,0.38,0.3861287
3,9,2002,2002-12-27,0.39,0.364411
3,9,2003,2003-07-04,0.6,0.6156305
3,9,2003,2003-07-12,0.68,0.6030537
3,9,2003,2003-07-20,0.68,0.64051473
3,9,2003,2003-07-28,0.72,0.64047325
3,9,2003,2003-08-05,0.65,0.6632198
3,9,2003,2003-08-13,0.58,0.641981
3,9,2003,2003-08-21,0.58,0.599035
3,9,2003,2003-08-29,0.54,0.5776133
3,9,2003,2003-09-06,0.6,0.53661275
3,9,2003,2003-09-14,0.65,0.55549693
3,9,2003,2003-09-22,0.49,0.6080328
3,9,2003,2003-09-30,0.48,0.54161555
3,9,2003,2003-10-08,0.57,0.49024683
3,9,2003,2003-10-16,0.45,0.522502
3,9,2003,2003-10-24,0.44,0.4866311
3,9,2003,2003-11-01,0.48,0.45446438
3,9,2003,2003-11-09,0.35,0.4683137
3,9,2003,2003-11-17,0.51,0.4113335
3,9,2003,2003-11-25,0.39,0.47652602
3,9,2003,2003-12-03,0.47,0.43291283
3,9,2003,2003-12-11,0.43,0.4519291
3,9,2003,2003-12-19,0.32,0.42179972
3,9,2003,2003-12-27,0.45,0.37070236
3,9,2004,2004-07-03,0.66,0.6225446
3,9,2004,2004-07-11,0.67,0.62159336
3,9,2004,2004-07-19,0.67,0.64507234
3,9,2004,2004-07-27,0.67,0.64977217
3,9,2004,2004-08-04,0.63,0.6549407
3,9,2004,2004-08-12,0.62,0.61929166
3,9,2004,2004-08-20,0.57,0.5928379
3,9,2004,2004-08-28,0.69,0.5581114
3,9,2004,2004-09-05,0.59,0.6199068
3,9,2004,2004-09-13,0.62,0.59344804
3,9,2004,2004-09-21,0.52,0.6083828
3,9,2004,2004-09-29,0.62,0.5242448
3,9,2004,2004-10-07,0.53,0.56019956
3,9,2004,2004-10-15,0.51,0.5365655
3,9,2004,2004-10-23,0.47,0.509027
3,9,2004,2004-10-31,0.48,0.46411225
3,9,2004,2004-11-08,0.31,0.47134215
3,9,2004,2004-11-16,0.52,0.37204653
3,9,2004,2004-11-24,0.5,0.47178048
3,9,2004,2004-12-02,0.48,0.4806627
3,9,2004,2004-12-10,0.43,0.49380141
3,9,2004,2004-12-18,0.51,0.44406578
3,9,2004,2004-12-26,0.51,0.46209526
3,9,2005,2005-07-04,0.75,0.64623106
3,9,2005,2005-07-12,0.69,0.68978196
3,9,2005,2005-07-20,0.7,0.6730805
3,9,2005,2005-07-28,0.67,0.6723662
3,9,2005,2005-08-05,0.68,0.64998686
3,9,2005,2005-08-13,0.68,0.6475415
3,9,2005,2005-08-21,0.56,0.6454631
3,9,2005,2005-08-29,0.62,0.5708426
3,9,2005,2005-09-06,0.61,0.6021871
3,9,2005,2005-09-14,0.57,0.58940405
3,9,2005,2005-09-22,0.62,0.5755453
3,9,2005,2005-09-30,0.56,0.5758946
3,9,2005,2005-10-08,0.61,0.56611896
3,9,2005,2005-10-16,0.63,0.57705104
3,9,2005,2005-10-24,0.59,0.58935905
3,9,2005,2005-11-01,0.61,0.5682907
3,9,2005,2005-11-09,0.61,0.57414234
3,9,2005,2005-11-17,0.56,0.5513569
3,9,2005,2005-11-25,0.53,0.55480176
3,9,2005,2005-12-03,0.51,0.5322861
3,9,2005,2005-12-11,0.52,0.5108799
3,9,2005,2005-12-19,0.53,0.49745235
3,9,2005,2005-12-27,0.51,0.5179747
3,9,2006,2006-07-04,0.71,0.58466685
3,9,2006,2006-07-12,0.58,0.6654635
3,9,2006,2006-07-20,0.57,0.60605437
3,9,2006,2006-07-28,0.51,0.57681894
3,9,2006,2006-08-05,0.59,0.5174225
3,9,2006,2006-08-13,0.5,0.5680642
3,9,2006,2006-08-21,0.46,0.5299763
3,9,2006,2006-08-29,0.48,0.47777593
3,9,2006,2006-09-06,0.46,0.47637075
3,9,2006,2006-09-14,0.43,0.4781795
3,9,2006,2006-09-22,0.52,0.45842403
3,9,2006,2006-09-30,0.45,0.5052614
3,9,2006,2006-10-08,0.52,0.4789409
3,9,2006,2006-10-16,0.42,0.51489216
3,9,2006,2006-10-24,0.37,0.46856493
3,9,2006,2006-11-01,0.38,0.4223812
3,9,2006,2006-11-09,0.38,0.4051535
3,9,2006,2006-11-17,0.33,0.41501027
3,9,2006,2006-11-25,0.35,0.38647047
3,9,2006,2006-12-03,0.25,0.37767947
3,9,2006,2006-12-11,0.37,0.32519954
3,9,2006,2006-12-19,0.38,0.37550744
3,9,2006,2006-12-27,0.4,0.40425223
3,9,2007,2007-07-04,0.64,0.6538253
3,9,2007,2007-07-12,0.64,0.64197177
3,9,2007,2007-07-20,0.58,0.61285174
3,9,2007,2007-07-28,0.57,0.56842744
3,9,2007,2007-08-05,0.57,0.5429336
3,9,2007,2007-08-13,0.57,0.55422795
3,9,2007,2007-08-21,0.45,0.5472565
3,9,2007,2007-08-29,0.43,0.47552678
3,9,2007,2007-09-06,0.44,0.43705773
3,9,2007,2007-09-14,0.45,0.43470874
3,9,2007,2007-09-22,0.43,0.44551998
3,9,2007,2007-09-30,0.47,0.45047188
3,9,2007,2007-10-08,0.48,0.46139523
3,9,2007,2007-10-16,0.44,0.4808688
3,9,2007,2007-10-24,0.46,0.4516963
3,9,2007,2007-11-01,0.52,0.44174
3,9,2007,2007-11-09,0.35,0.47418892
3,9,2007,2007-11-17,0.51,0.40964502
3,9,2007,2007-11-25,0.36,0.4507437
3,9,2007,2007-12-03,0.44,0.39587337
3,9,2007,2007-12-11,0.37,0.4083003
3,9,2007,2007-12-19,0.41,0.38756067
3,9,2007,2007-12-27,0.35,0.41258636
3,9,2008,2008-07-03,0.59,0.6423439
3,9,2008,2008-07-11,0.55,0.5903799
3,9,2008,2008-07-19,0.49,0.546382
3,9,2008,2008-07-27,0.53,0.48181057
3,9,2008,2008-08-04,0.53,0.5003955
3,9,2008,2008-08-12,0.59,0.51018107
3,9,2008,2008-08-20,0.43,0.5512487
3,9,2008,2008-08-28,0.43,0.4594682
3,9,2008,2008-09-05,0.48,0.4172763
3,9,2008,2008-09-13,0.46,0.43704262
3,9,2008,2008-09-21,0.4,0.45562056
3,9,2008,2008-09-29,0.39,0.42064703
3,9,2008,2008-10-07,0.38,0.40195867
3,9,2008,2008-10-15,0.39,0.3959543
3,9,2008,2008-10-23,0.26,0.39711985
3,9,2008,2008-10-31,0.22,0.3333668
3,9,2008,2008-11-08,0.41,0.29468843
3,9,2008,2008-11-16,0.2,0.3552901
3,9,2008,2008-11-24,0.24,0.31402007
3,9,2008,2008-12-02,0.29,0.28319874
3,9,2008,2008-12-10,0.32,0.30411443
3,9,2008,2008-12-18,0.26,0.3352832
3,9,2008,2008-12-26,0.32,0.31949273
3,9,2009,2009-07-04,0.41,0.47362998
3,9,2009,2009-07-12,0.58,0.4486265
3,9,2009,2009-07-20,0.61,0.5263401
3,9,2009,2009-07-28,0.52,0.5651869
3,9,2009,2009-08-05,0.44,0.5402885
3,9,2009,2009-08-13,0.4,0.47114983
3,9,2009,2009-08-21,0.4,0.4346105
3,9,2009,2009-08-29,0.35,0.40501535
3,9,2009,2009-09-06,0.46,0.37587303
3,9,2009,2009-09-14,0.42,0.4379267
3,9,2009,2009-09-22,0.37,0.44251224
3,9,2009,2009-09-30,0.37,0.40486035
3,9,2009,2009-10-08,0.41,0.37808716
3,9,2009,2009-10-16,0.4,0.4008447
3,9,2009,2009-10-24,0.27,0.41154015
3,9,2009,2009-11-01,0.29,0.3275056
3,9,2009,2009-11-09,0.23,0.29298973
3,9,2009,2009-11-17,0.33,0.28967664
3,9,2009,2009-11-25,0.27,0.31975454
3,9,2009,2009-12-03,0.19,0.30260542
3,9,2009,2009-12-11,0.22,0.26397187
3,9,2009,2009-12-19,0.25,0.266557
3,9,2009,2009-12-27,0.22,0.2774672
3,9,2010,2010-07-04,0.6,0.6081923
3,9,2010,2010-07-12,0.72,0.56602395
3,9,2010,2010-07-20,0.66,0.6418739
3,9,2010,2010-07-28,0.61,0.6349109
3,9,2010,2010-08-05,0.72,0.5920553
3,9,2010,2010-08-13,0.61,0.61692405
3,9,2010,2010-08-21,0.61,0.5697451
3,9,2010,2010-08-29,0.45,0.5592025
3,9,2010,2010-09-06,0.43,0.45652026
3,9,2010,2010-09-14,0.48,0.43392986
3,9,2010,2010-09-22,0.5,0.44660336
3,9,2010,2010-09-30,0.58,0.4678999
3,9,2010,2010-10-08,0.58,0.51288843
3,9,2010,2010-10-16,0.65,0.535578
3,9,2010,2010-10-24,0.54,0.5769959
3,9,2010,2010-11-01,0.41,0.51289636
3,9,2010,2010-11-09,0.45,0.42036587
3,9,2010,2010-11-17,0.33,0.39532173
3,9,2010,2010-11-25,0.42,0.361562
3,9,2010,2010-12-03,0.27,0.38579494
3,9,2010,2010-12-11,0.3,0.3111498
3,9,2010,2010-12-19,0.25,0.30119786
3,9,2010,2010-12-27,0.15,0.27932575
3,9,2011,2011-07-04,0.54,0.55290806
3,9,2011,2011-07-12,0.52,0.5224179
3,9,2011,2011-07-20,0.55,0.51096666
3,9,2011,2011-07-28,0.51,0.5196642
3,9,2011,2011-08-05,0.49,0.49962455
3,9,2011,2011-08-13,0.54,0.49383408
3,9,2011,2011-08-21,0.54,0.5012549
3,9,2011,2011-08-29,0.48,0.50826097
3,9,2011,2011-09-06,0.48,0.4635464
3,9,2011,2011-09-14,0.51,0.4434115
3,9,2011,2011-09-22,0.49,0.46044403
3,9,2011,2011-09-30,0.49,0.46923697
3,9,2011,2011-10-08,0.32,0.47775972
3,9,2011,2011-10-16,0.38,0.40364003
3,9,2011,2011-10-24,0.26,0.39982906
3,9,2011,2011-11-01,0.12,0.33622867
3,9,2011,2011-11-09,0.29,0.24597558
3,9,2011,2011-11-17,0.24,0.27264392
3,9,2011,2011-11-25,0.37,0.2762331
3,9,2011,2011-12-03,0.18,0.34447291
3,9,2011,2011-12-11,0.36,0.27306956
3,9,2011,2011-12-19,0.2,0.31512362
3,9,2011,2011-12-27,0.41,0.26363134
3,9,2012,2012-07-03,0.61,0.48410258
3,9,2012,2012-07-11,0.59,0.5405165
3,9,2012,2012-07-19,0.59,0.55570024
3,9,2012,2012-07-27,0.55,0.56743306
3,9,2012,2012-08-04,0.52,0.54270035
3,9,2012,2012-08-12,0.43,0.51753104
3,9,2012,2012-08-20,0.42,0.47180796
3,9,2012,2012-08-28,0.45,0.44995004
3,9,2012,2012-09-05,0.49,0.44833314
3,9,2012,2012-09-13,0.52,0.4710744
3,9,2012,2012-09-21,0.42,0.49940097
3,9,2012,2012-09-29,0.55,0.4651612
3,9,2012,2012-10-07,0.42,0.5020277
3,9,2012,2012-10-15,0.34,0.44291764
3,9,2012,2012-10-23,0.37,0.39186826
3,9,2012,2012-10-31,0.28,0.3601766
3,9,2012,2012-11-08,0.31,0.31129354
3,9,2012,2012-11-16,0.26,0.3210702
3,9,2012,2012-11-24,0.28,0.30520228
3,9,2012,2012-12-02,0.23,0.32374808
3,9,2012,2012-12-10,0.3,0.2828708
3,9,2012,2012-12-18,0.19,0.31678998
3,9,2012,2012-12-26,0.34,0.27017528
3,10,2001,2001-07-04,0.42,0.35719484
3,10,2001,2001-07-12,0.31,0.37512046
3,10,2001,2001-07-20,0.29,0.31611192
3,10,2001,2001-07-28,0.26,0.2893668
3,10,2001,2001-08-05,0.29,0.26914263
3,10,2001,2001-08-13,0.17,0.27914217
3,10,2001,2001-08-21,0.27,0.22966789
3,10,2001,2001-08-29,0.32,0.28025472
3,10,2001,2001-09-06,0.33,0.33812276
3,10,2001,2001-09-14,0.31,0.34520116
3,10,2001,2001-09-22,0.42,0.33105558
3,10,2001,2001-09-30,0.4,0.4159345
3,10,2001,2001-10-08,0.5,0.42280102
3,10,2001,2001-10-16,0.56,0.5040631
3,10,2001,2001-10-24,0.5,0.549772
3,10,2001,2001-11-01,0.52,0.5262202
3,10,2001,2001-11-09,0.42,0.50962275
3,10,2001,2001-11-17,0.44,0.4300286
3,10,2001,2001-11-25,0.48,0.42788813
3,10,2001,2001-12-03,0.48,0.44346046
3,10,2001,2001-12-11,0.42,0.4541476
3,10,2001,2001-12-19,0.38,0.41663474
3,10,2001,2001-12-27,0.44,0.37253246
3,10,2002,2002-07-04,0.65,0.72032607
3,10,2002,2002-07-12,0.57,0.6234566
3,10,2002,2002-07-20,0.54,0.5074958
3,10,2002,2002-07-28,0.48,0.4684962
3,10,2002,2002-08-05,0.56,0.43720415
3,10,2002,2002-08-13,0.54,0.49042755
3,10,2002,2002-08-21,0.54,0.47718996
3,10,2002,2002-08-29,0.44,0.49352568
3,10,2002,2002-09-06,0.41,0.44147745
3,10,2002,2002-09-14,0.48,0.4092482
3,10,2002,2002-09-22,0.53,0.43199974
3,10,2002,2002-09-30,0.61,0.497228
3,10,2002,2002-10-08,0.61,0.55680317
3,10,2002,2002-10-16,0.6,0.583071
3,10,2002,2002-10-24,0.56,0.5855312
3,10,2002,2002-11-01,0.61,0.543777
3,10,2002,2002-11-09,0.58,0.5638615
3,10,2002,2002-11-17,0.51,0.5364802
3,10,2002,2002-11-25,0.46,0.49520072
3,10,2002,2002-12-03,0.43,0.453329
3,10,2002,2002-12-11,0.31,0.43093085
3,10,2002,2002-12-19,0.39,0.3471275
3,10,2002,2002-12-27,0.36,0.36176786
3,10,2003,2003-07-04,0.6,0.6091916
3,10,2003,2003-07-12,0.6,0.58395916
3,10,2003,2003-07-20,0.61,0.5510651
3,10,2003,2003-07-28,0.62,0.56530184
3,10,2003,2003-08-05,0.55,0.57208747
3,10,2003,2003-08-13,0.45,0.5466536
3,10,2003,2003-08-21,0.43,0.46935213
3,10,2003,2003-08-29,0.46,0.43190897
3,10,2003,2003-09-06,0.64,0.4319306
3,10,2003,2003-09-14,0.64,0.5567565
3,10,2003,2003-09-22,0.54,0.6009637
3,10,2003,2003-09-30,0.55,0.5597901
3,10,2003,2003-10-08,0.62,0.5476037
3,10,2003,2003-10-16,0.49,0.58875906
3,10,2003,2003-10-24,0.45,0.52172333
3,10,2003,2003-11-01,0.48,0.4565595
3,10,2003,2003-11-09,0.35,0.46768835
3,10,2003,2003-11-17,0.47,0.4042416
3,10,2003,2003-11-25,0.41,0.44356415
3,10,2003,2003-12-03,0.44,0.41379166
3,10,2003,2003-12-11,0.4,0.43237266
3,10,2003,2003-12-19,0.31,0.38638437
3,10,2003,2003-12-27,0.35,0.3448277
3,10,2004,2004-07-03,0.5,0.49818373
3,10,2004,2004-07-11,0.51,0.49207622
3,10,2004,2004-07-19,0.57,0.50059706
3,10,2004,2004-07-27,0.52,0.5499237
3,10,2004,2004-08-04,0.44,0.5309706
3,10,2004,2004-08-12,0.48,0.4593397
3,10,2004,2004-08-20,0.41,0.43982536
3,10,2004,2004-08-28,0.56,0.40624315
3,10,2004,2004-09-05,0.58,0.50643206
3,10,2004,2004-09-13,0.58,0.5734041
3,10,2004,2004-09-21,0.45,0.5885395
3,10,2004,2004-09-29,0.57,0.47952405
3,10,2004,2004-10-07,0.58,0.5185108
3,10,2004,2004-10-15,0.43,0.55903614
3,10,2004,2004-10-23,0.44,0.46998775
3,10,2004,2004-10-31,0.46,0.4154183
3,10,2004,2004-11-08,0.34,0.4325277
3,10,2004,2004-11-16,0.51,0.37064275
3,10,2004,2004-11-24,0.44,0.46574175
3,10,2004,2004-12-02,0.42,0.44654688
3,10,2004,2004-12-10,0.38,0.43869233
3,10,2004,2004-12-18,0.44,0.38495138
3,10,2004,2004-12-26,0.44,0.4042977
3,10,2005,2005-07-04,0.65,0.5227163
3,10,2005,2005-07-12,0.58,0.56482
3,10,2005,2005-07-20,0.53,0.5604639
3,10,2005,2005-07-28,0.48,0.5353927
3,10,2005,2005-08-05,0.48,0.4740972
3,10,2005,2005-08-13,0.48,0.45215338
3,10,2005,2005-08-21,0.43,0.46039516
3,10,2005,2005-08-29,0.39,0.4296115
3,10,2005,2005-09-06,0.46,0.42069036
3,10,2005,2005-09-14,0.52,0.46101975
3,10,2005,2005-09-22,0.59,0.51253426
3,10,2005,2005-09-30,0.55,0.5427344
3,10,2005,2005-10-08,0.58,0.5449504
3,10,2005,2005-10-16,0.58,0.5610533
3,10,2005,2005-10-24,0.53,0.5377562
3,10,2005,2005-11-01,0.52,0.50363886
3,10,2005,2005-11-09,0.54,0.49280414
3,10,2005,2005-11-17,0.51,0.4890232
3,10,2005,2005-11-25,0.5,0.50355875
3,10,2005,2005-12-03,0.4,0.48761415
3,10,2005,2005-12-11,0.35,0.41862017
3,10,2005,2005-12-19,0.43,0.3555705
3,10,2005,2005-12-27,0.4,0.40612522
3,10,2006,2006-07-04,0.53,0.45372435
3,10,2006,2006-07-12,0.43,0.50835943
3,10,2006,2006-07-20,0.41,0.4617102
3,10,2006,2006-07-28,0.35,0.41688764
3,10,2006,2006-08-05,0.4,0.35365936
3,10,2006,2006-08-13,0.48,0.3885235
3,10,2006,2006-08-21,0.46,0.4527503
3,10,2006,2006-08-29,0.48,0.45698264
3,10,2006,2006-09-06,0.47,0.45448628
3,10,2006,2006-09-14,0.47,0.45776865
3,10,2006,2006-09-22,0.53,0.473041
3,10,2006,2006-09-30,0.52,0.5202735
3,10,2006,2006-10-08,0.53,0.516085
3,10,2006,2006-10-16,0.48,0.52092624
3,10,2006,2006-10-24,0.44,0.48488635
3,10,2006,2006-11-01,0.45,0.44278422
3,10,2006,2006-11-09,0.45,0.4345994
3,10,2006,2006-11-17,0.38,0.4466174
3,10,2006,2006-11-25,0.27,0.40684012
3,10,2006,2006-12-03,0.25,0.32274532
3,10,2006,2006-12-11,0.34,0.27028605
3,10,2006,2006-12-19,0.34,0.31586772
3,10,2006,2006-12-27,0.37,0.35949773
3,10,2007,2007-07-04,0.33,0.4717245
3,10,2007,2007-07-12,0.45,0.38986984
3,10,2007,2007-07-20,0.4,0.4155379
3,10,2007,2007-07-28,0.38,0.4054069
3,10,2007,2007-08-05,0.38,0.38832325
3,10,2007,2007-08-13,0.39,0.3837561
3,10,2007,2007-08-21,0.37,0.40964058
3,10,2007,2007-08-29,0.39,0.40296227
3,10,2007,2007-09-06,0.42,0.4082893
3,10,2007,2007-09-14,0.47,0.42414302
3,10,2007,2007-09-22,0.46,0.46127552
3,10,2007,2007-09-30,0.53,0.4742508
3,10,2007,2007-10-08,0.51,0.51291144
3,10,2007,2007-10-16,0.51,0.51139
3,10,2007,2007-10-24,0.46,0.50054467
3,10,2007,2007-11-01,0.51,0.45734036
3,10,2007,2007-11-09,0.4,0.4800585
3,10,2007,2007-11-17,0.51,0.4288045
3,10,2007,2007-11-25,0.38,0.46510652
3,10,2007,2007-12-03,0.44,0.3868934
3,10,2007,2007-12-11,0.36,0.39952415
3,10,2007,2007-12-19,0.34,0.37314183
3,10,2007,2007-12-27,0.31,0.36580175
3,10,2008,2008-07-03,0.39,0.485181
3,10,2008,2008-07-11,0.39,0.41490808
3,10,2008,2008-07-19,0.34,0.3827963
3,10,2008,2008-07-27,0.39,0.35465863
3,10,2008,2008-08-04,0.38,0.3817777
3,10,2008,2008-08-12,0.43,0.38038978
3,10,2008,2008-08-20,0.38,0.41677114
3,10,2008,2008-08-28,0.42,0.39303648
3,10,2008,2008-09-05,0.41,0.40955985
3,10,2008,2008-09-13,0.43,0.4121709
3,10,2008,2008-09-21,0.42,0.43587902
3,10,2008,2008-09-29,0.46,0.42911276
3,10,2008,2008-10-07,0.51,0.4599532
3,10,2008,2008-10-15,0.49,0.49195755
3,10,2008,2008-10-23,0.5,0.49016264
3,10,2008,2008-10-31,0.46,0.47978285
3,10,2008,2008-11-08,0.46,0.4611984
3,10,2008,2008-11-16,0.27,0.43955868
3,10,2008,2008-11-24,0.3,0.34386545
3,10,2008,2008-12-02,0.32,0.30540386
3,10,2008,2008-12-10,0.35,0.3274605
3,10,2008,2008-12-18,0.32,0.3541871
3,10,2008,2008-12-26,0.2,0.34048772
3,10,2009,2009-07-04,0.33,0.4015782
3,10,2009,2009-07-12,0.38,0.3676491
3,10,2009,2009-07-20,0.34,0.37597018
3,10,2009,2009-07-28,0.36,0.3634186
3,10,2009,2009-08-05,0.33,0.38041186
3,10,2009,2009-08-13,0.34,0.36450502
3,10,2009,2009-08-21,0.34,0.37550673
3,10,2009,2009-08-29,0.27,0.36714068
3,10,2009,2009-09-06,0.41,0.33553627
3,10,2009,2009-09-14,0.42,0.3961337
3,10,2009,2009-09-22,0.31,0.4315042
3,10,2009,2009-09-30,0.47,0.38268578
3,10,2009,2009-10-08,0.48,0.44558606
3,10,2009,2009-10-16,0.48,0.48559636
3,10,2009,2009-10-24,0.43,0.49883795
3,10,2009,2009-11-01,0.29,0.4589514
3,10,2009,2009-11-09,0.31,0.35999846
3,10,2009,2009-11-17,0.36,0.3364382
3,10,2009,2009-11-25,0.3,0.33978942
3,10,2009,2009-12-03,0.25,0.331096
3,10,2009,2009-12-11,0.21,0.30064932
3,10,2009,2009-12-19,0.23,0.27610406
3,10,2009,2009-12-27,0.22,0.27532107
3,10,2010,2010-07-04,0.39,0.4931059
3,10,2010,2010-07-12,0.47,0.40620995
3,10,2010,2010-07-20,0.47,0.41791636
3,10,2010,2010-07-28,0.41,0.44679755
3,10,2010,2010-08-05,0.51,0.423019
3,10,2010,2010-08-13,0.44,0.45845976
3,10,2010,2010-08-21,0.34,0.4375649
3,10,2010,2010-08-29,0.32,0.37298784
3,10,2010,2010-09-06,0.35,0.31803173
3,10,2010,2010-09-14,0.4,0.35564953
3,10,2010,2010-09-22,0.4,0.40574306
3,10,2010,2010-09-30,0.5,0.40062454
3,10,2010,2010-10-08,0.55,0.4763599
3,10,2010,2010-10-16,0.57,0.527621
3,10,2010,2010-10-24,0.58,0.55247456
3,10,2010,2010-11-01,0.47,0.544398
3,10,2010,2010-11-09,0.54,0.45274276
3,10,2010,2010-11-17,0.45,0.47232902
3,10,2010,2010-11-25,0.49,0.44280556
3,10,2010,2010-12-03,0.43,0.45620346
3,10,2010,2010-12-11,0.3,0.40860522
3,10,2010,2010-12-19,0.26,0.32223096
3,10,2010,2010-12-27,0.26,0.27244192
3,10,2011,2011-07-04,0.36,0.46835113
3,10,2011,2011-07-12,0.39,0.38374135
3,10,2011,2011-07-20,0.38,0.38214344
3,10,2011,2011-07-28,0.34,0.40182772
3,10,2011,2011-08-05,0.39,0.3787974
3,10,2011,2011-08-13,0.47,0.4026759
3,10,2011,2011-08-21,0.53,0.44776952
3,10,2011,2011-08-29,0.44,0.48361325
3,10,2011,2011-09-06,0.48,0.4430832
3,10,2011,2011-09-14,0.51,0.4510756
3,10,2011,2011-09-22,0.51,0.4794435
3,10,2011,2011-09-30,0.56,0.49401557
3,10,2011,2011-10-08,0.47,0.53255606
3,10,2011,2011-10-16,0.47,0.5028021
3,10,2011,2011-10-24,0.38,0.48848116
3,10,2011,2011-11-01,0.35,0.4295143
3,10,2011,2011-11-09,0.4,0.38158718
3,10,2011,2011-11-17,0.31,0.40396202
3,10,2011,2011-11-25,0.37,0.36550796
3,10,2011,2011-12-03,0.19,0.38618368
3,10,2011,2011-12-11,0.37,0.29470477
3,10,2011,2011-12-19,0.29,0.3353736
3,10,2011,2011-12-27,0.37,0.3096782
3,10,2012,2012-07-03,0.38,0.36586988
3,10,2012,2012-07-11,0.41,0.37310782
3,10,2012,2012-07-19,0.34,0.40649167
3,10,2012,2012-07-27,0.34,0.38508475
3,10,2012,2012-08-04,0.39,0.36452025
3,10,2012,2012-08-12,0.28,0.3895664
3,10,2012,2012-08-20,0.32,0.3636414
3,10,2012,2012-08-28,0.33,0.37444055
3,10,2012,2012-09-05,0.48,0.36551797
3,10,2012,2012-09-13,0.53,0.45339411
3,10,2012,2012-09-21,0.47,0.5120547
3,10,2012,2012-09-29,0.54,0.50244224
3,10,2012,2012-10-07,0.52,0.5284568
3,10,2012,2012-10-15,0.46,0.5134512
3,10,2012,2012-10-23,0.47,0.48022917
3,10,2012,2012-10-31,0.41,0.45322883
3,10,2012,2012-11-08,0.36,0.4182917
3,10,2012,2012-11-16,0.35,0.3914577
3,10,2012,2012-11-24,0.36,0.36457288
3,10,2012,2012-12-02,0.31,0.3743865
3,10,2012,2012-12-10,0.32,0.3306254
3,10,2012,2012-12-18,0.27,0.34660807
3,10,2012,2012-12-26,0.32,0.31717655
3,11,2001,2001-07-04,0.57,0.5042126
3,11,2001,2001-07-12,0.51,0.50851023
3,11,2001,2001-07-20,0.54,0.4876511
3,11,2001,2001-07-28,0.54,0.4902799
3,11,2001,2001-08-05,0.56,0.4988963
3,11,2001,2001-08-13,0.4,0.49938855
3,11,2001,2001-08-21,0.51,0.44518882
3,11,2001,2001-08-29,0.46,0.46105242
3,11,2001,2001-09-06,0.5,0.4544208
3,11,2001,2001-09-14,0.48,0.45658857
3,11,2001,2001-09-22,0.54,0.45264488
3,11,2001,2001-09-30,0.48,0.4818339
3,11,2001,2001-10-08,0.56,0.46467322
3,11,2001,2001-10-16,0.59,0.4991505
3,11,2001,2001-10-24,0.56,0.52847326
3,11,2001,2001-11-01,0.55,0.52996594
3,11,2001,2001-11-09,0.51,0.52855855
3,11,2001,2001-11-17,0.58,0.5030947
3,11,2001,2001-11-25,0.59,0.5183079
3,11,2001,2001-12-03,0.64,0.5330842
3,11,2001,2001-12-11,0.63,0.555454
3,11,2001,2001-12-19,0.65,0.5673879
3,11,2001,2001-12-27,0.77,0.5877033
3,11,2002,2002-07-04,0.87,0.817384
3,11,2002,2002-07-12,0.86,0.7915189
3,11,2002,2002-07-20,0.85,0.7720406
3,11,2002,2002-07-28,0.75,0.7640297
3,11,2002,2002-08-05,0.81,0.71749425
3,11,2002,2002-08-13,0.85,0.73068535
3,11,2002,2002-08-21,0.85,0.73282266
3,11,2002,2002-08-29,0.75,0.7491344
3,11,2002,2002-09-06,0.72,0.7076802
3,11,2002,2002-09-14,0.83,0.68293345
3,11,2002,2002-09-22,0.81,0.71768975
3,11,2002,2002-09-30,0.72,0.7273179
3,11,2002,2002-10-08,0.82,0.68955183
3,11,2002,2002-10-16,0.77,0.7265804
3,11,2002,2002-10-24,0.74,0.7168077
3,11,2002,2002-11-01,0.76,0.70009375
3,11,2002,2002-11-09,0.67,0.699141
3,11,2002,2002-11-17,0.72,0.6550994
3,11,2002,2002-11-25,0.72,0.67058784
3,11,2002,2002-12-03,0.66,0.67512304
3,11,2002,2002-12-11,0.61,0.65834236
3,11,2002,2002-12-19,0.71,0.62475693
3,11,2002,2002-12-27,0.7,0.65891165
3,11,2003,2003-07-04,0.9,0.81249726
3,11,2003,2003-07-12,0.9,0.82284915
3,11,2003,2003-07-20,0.95,0.8283546
3,11,2003,2003-07-28,0.94,0.850549
3,11,2003,2003-08-05,0.9,0.8419142
3,11,2003,2003-08-13,0.78,0.83157027
3,11,2003,2003-08-21,0.73,0.777532
3,11,2003,2003-08-29,0.71,0.7360939
3,11,2003,2003-09-06,0.85,0.6983104
3,11,2003,2003-09-14,0.83,0.75479555
3,11,2003,2003-09-22,0.72,0.7714535
3,11,2003,2003-09-30,0.69,0.7303301
3,11,2003,2003-10-08,0.74,0.68830156
3,11,2003,2003-10-16,0.7,0.7099737
3,11,2003,2003-10-24,0.66,0.69288236
3,11,2003,2003-11-01,0.68,0.66800714
3,11,2003,2003-11-09,0.59,0.667882
3,11,2003,2003-11-17,0.65,0.6184128
3,11,2003,2003-11-25,0.66,0.63574964
3,11,2003,2003-12-03,0.69,0.6453359
3,11,2003,2003-12-11,0.74,0.6590551
3,11,2003,2003-12-19,0.65,0.6799052
3,11,2003,2003-12-27,0.62,0.66047525
3,11,2004,2004-07-03,0.87,0.7818147
3,11,2004,2004-07-11,0.84,0.8089443
3,11,2004,2004-07-19,0.86,0.7979237
3,11,2004,2004-07-27,0.83,0.8105689
3,11,2004,2004-08-04,0.76,0.7992004
3,11,2004,2004-08-12,0.87,0.75922775
3,11,2004,2004-08-20,0.72,0.78760254
3,11,2004,2004-08-28,0.79,0.719566
3,11,2004,2004-09-05,0.81,0.734344
3,11,2004,2004-09-13,0.85,0.7617618
3,11,2004,2004-09-21,0.64,0.78061163
3,11,2004,2004-09-29,0.74,0.6880349
3,11,2004,2004-10-07,0.83,0.69417036
3,11,2004,2004-10-15,0.66,0.74546516
3,11,2004,2004-10-23,0.7,0.68583024
3,11,2004,2004-10-31,0.75,0.67591333
3,11,2004,2004-11-08,0.65,0.6952638
3,11,2004,2004-11-16,0.79,0.6524112
3,11,2004,2004-11-24,0.78,0.7075666
3,11,2004,2004-12-02,0.8,0.7191106
3,11,2004,2004-12-10,0.78,0.73712975
3,11,2004,2004-12-18,0.8,0.7397677
3,11,2004,2004-12-26,0.84,0.73819983
3,11,2005,2005-07-04,0.93,0.8015827
3,11,2005,2005-07-12,0.89,0.8444336
3,11,2005,2005-07-20,0.87,0.8250544
3,11,2005,2005-07-28,0.81,0.81628263
3,11,2005,2005-08-05,0.81,0.7826183
3,11,2005,2005-08-13,0.82,0.7651348
3,11,2005,2005-08-21,0.69,0.7777299
3,11,2005,2005-08-29,0.67,0.7042665
3,11,2005,2005-09-06,0.7,0.6791812
3,11,2005,2005-09-14,0.63,0.6845579
3,11,2005,2005-09-22,0.66,0.6630242
3,11,2005,2005-09-30,0.65,0.64231944
3,11,2005,2005-10-08,0.7,0.6440445
3,11,2005,2005-10-16,0.77,0.68024313
3,11,2005,2005-10-24,0.64,0.70376694
3,11,2005,2005-11-01,0.68,0.66141975
3,11,2005,2005-11-09,0.63,0.6678315
3,11,2005,2005-11-17,0.73,0.63433546
3,11,2005,2005-11-25,0.73,0.6878978
3,11,2005,2005-12-03,0.65,0.70092297
3,11,2005,2005-12-11,0.57,0.67556703
3,11,2005,2005-12-19,0.7,0.62014806
3,11,2005,2005-12-27,0.63,0.66564655
3,11,2006,2006-07-04,0.84,0.7640339
3,11,2006,2006-07-12,0.82,0.7911262
3,11,2006,2006-07-20,0.75,0.7825866
3,11,2006,2006-07-28,0.67,0.7479259
3,11,2006,2006-08-05,0.72,0.6890161
3,11,2006,2006-08-13,0.74,0.6974479
3,11,2006,2006-08-21,0.65,0.7115064
3,11,2006,2006-08-29,0.65,0.6629868
3,11,2006,2006-09-06,0.63,0.6417947
3,11,2006,2006-09-14,0.69,0.62946546
3,11,2006,2006-09-22,0.67,0.64993286
3,11,2006,2006-09-30,0.73,0.6517271
3,11,2006,2006-10-08,0.69,0.6787391
3,11,2006,2006-10-16,0.68,0.6758591
3,11,2006,2006-10-24,0.57,0.67738295
3,11,2006,2006-11-01,0.65,0.61001277
3,11,2006,2006-11-09,0.63,0.62663674
3,11,2006,2006-11-17,0.62,0.61802363
3,11,2006,2006-11-25,0.56,0.62869406
3,11,2006,2006-12-03,0.56,0.6001115
3,11,2006,2006-12-11,0.66,0.57903963
3,11,2006,2006-12-19,0.71,0.6073741
3,11,2006,2006-12-27,0.78,0.6608354
3,11,2007,2007-07-04,0.72,0.74675345
3,11,2007,2007-07-12,0.67,0.72335696
3,11,2007,2007-07-20,0.74,0.6860236
3,11,2007,2007-07-28,0.69,0.70019853
3,11,2007,2007-08-05,0.69,0.67353344
3,11,2007,2007-08-13,0.62,0.67446005
3,11,2007,2007-08-21,0.54,0.6433219
3,11,2007,2007-08-29,0.59,0.5856992
3,11,2007,2007-09-06,0.59,0.5840048
3,11,2007,2007-09-14,0.67,0.58674055
3,11,2007,2007-09-22,0.6,0.6347395
3,11,2007,2007-09-30,0.67,0.61826766
3,11,2007,2007-10-08,0.59,0.64871347
3,11,2007,2007-10-16,0.68,0.61651516
3,11,2007,2007-10-24,0.58,0.6459011
3,11,2007,2007-11-01,0.65,0.5971999
3,11,2007,2007-11-09,0.56,0.6245175
3,11,2007,2007-11-17,0.66,0.58910346
3,11,2007,2007-11-25,0.56,0.6230489
3,11,2007,2007-12-03,0.61,0.5815606
3,11,2007,2007-12-11,0.57,0.59137195
3,11,2007,2007-12-19,0.62,0.58612525
3,11,2007,2007-12-27,0.63,0.6149578
3,11,2008,2008-07-03,0.7,0.7436793
3,11,2008,2008-07-11,0.71,0.6997422
3,11,2008,2008-07-19,0.71,0.68152386
3,11,2008,2008-07-27,0.67,0.6874393
3,11,2008,2008-08-04,0.67,0.666569
3,11,2008,2008-08-12,0.65,0.6589902
3,11,2008,2008-08-20,0.63,0.63783205
3,11,2008,2008-08-28,0.66,0.6151167
3,11,2008,2008-09-05,0.61,0.62753904
3,11,2008,2008-09-13,0.55,0.6121566
3,11,2008,2008-09-21,0.53,0.5889226
3,11,2008,2008-09-29,0.58,0.55697495
3,11,2008,2008-10-07,0.67,0.57783467
3,11,2008,2008-10-15,0.68,0.61783016
3,11,2008,2008-10-23,0.62,0.6500522
3,11,2008,2008-10-31,0.62,0.6243603
3,11,2008,2008-11-08,0.67,0.6194641
3,11,2008,2008-11-16,0.6,0.62775505
3,11,2008,2008-11-24,0.6,0.61630934
3,11,2008,2008-12-02,0.61,0.5975723
3,11,2008,2008-12-10,0.64,0.6003959
3,11,2008,2008-12-18,0.58,0.61151636
3,11,2008,2008-12-26,0.53,0.5976412
3,11,2009,2009-07-04,0.6,0.68226075
3,11,2009,2009-07-12,0.66,0.6404121
3,11,2009,2009-07-20,0.67,0.6453918
3,11,2009,2009-07-28,0.69,0.6524966
3,11,2009,2009-08-05,0.64,0.6614685
3,11,2009,2009-08-13,0.65,0.6477541
3,11,2009,2009-08-21,0.65,0.642517
3,11,2009,2009-08-29,0.48,0.63812995
3,11,2009,2009-09-06,0.67,0.5774959
3,11,2009,2009-09-14,0.56,0.6139007
3,11,2009,2009-09-22,0.55,0.58531
3,11,2009,2009-09-30,0.6,0.5705516
3,11,2009,2009-10-08,0.65,0.5837382
3,11,2009,2009-10-16,0.6,0.61887246
3,11,2009,2009-10-24,0.62,0.6188992
3,11,2009,2009-11-01,0.56,0.617911
3,11,2009,2009-11-09,0.6,0.59267074
3,11,2009,2009-11-17,0.68,0.60187006
3,11,2009,2009-11-25,0.66,0.62951577
3,11,2009,2009-12-03,0.63,0.6366389
3,11,2009,2009-12-11,0.53,0.63037944
3,11,2009,2009-12-19,0.65,0.59133095
3,11,2009,2009-12-27,0.52,0.61004484
3,11,2010,2010-07-04,0.7,0.76580405
3,11,2010,2010-07-12,0.89,0.6974031
3,11,2010,2010-07-20,0.85,0.77240086
3,11,2010,2010-07-28,0.79,0.76852375
3,11,2010,2010-08-05,0.91,0.7507454
3,11,2010,2010-08-13,0.77,0.7932666
3,11,2010,2010-08-21,0.62,0.74296045
3,11,2010,2010-08-29,0.7,0.6615298
3,11,2010,2010-09-06,0.72,0.6403361
3,11,2010,2010-09-14,0.72,0.6737391
3,11,2010,2010-09-22,0.69,0.6740074
3,11,2010,2010-09-30,0.75,0.66133296
3,11,2010,2010-10-08,0.7,0.6862531
3,11,2010,2010-10-16,0.67,0.6794497
3,11,2010,2010-10-24,0.72,0.6581876
3,11,2010,2010-11-01,0.72,0.67230475
3,11,2010,2010-11-09,0.69,0.6713639
3,11,2010,2010-11-17,0.65,0.6651424
3,11,2010,2010-11-25,0.7,0.6520418
3,11,2010,2010-12-03,0.7,0.66585696
3,11,2010,2010-12-11,0.59,0.6668925
3,11,2010,2010-12-19,0.54,0.6091665
3,11,2010,2010-12-27,0.62,0.5748916
3,11,2011,2011-07-04,0.72,0.7754419
3,11,2011,2011-07-12,0.74,0.7237866
3,11,2011,2011-07-20,0.77,0.72819436
3,11,2011,2011-07-28,0.69,0.7329992
3,11,2011,2011-08-05,0.72,0.70239365
3,11,2011,2011-08-13,0.77,0.71263146
3,11,2011,2011-08-21,0.65,0.7202904
3,11,2011,2011-08-29,0.68,0.6691758
3,11,2011,2011-09-06,0.58,0.6661004
3,11,2011,2011-09-14,0.74,0.6285353
3,11,2011,2011-09-22,0.65,0.6729957
3,11,2011,2011-09-30,0.79,0.65660095
3,11,2011,2011-10-08,0.71,0.7065353
3,11,2011,2011-10-16,0.64,0.6951299
3,11,2011,2011-10-24,0.71,0.66258466
3,11,2011,2011-11-01,0.73,0.6764405
3,11,2011,2011-11-09,0.74,0.6882148
3,11,2011,2011-11-17,0.75,0.69621855
3,11,2011,2011-11-25,0.81,0.7012392
3,11,2011,2011-12-03,0.76,0.72890246
3,11,2011,2011-12-11,0.83,0.7219619
3,11,2011,2011-12-19,0.7,0.73559
3,11,2011,2011-12-27,0.64,0.69090474
3,11,2012,2012-07-03,0.81,0.6929449
3,11,2012,2012-07-11,0.79,0.7238184
3,11,2012,2012-07-19,0.74,0.731864
3,11,2012,2012-07-27,0.72,0.7218079
3,11,2012,2012-08-04,0.77,0.70356876
3,11,2012,2012-08-12,0.66,0.71549034
3,11,2012,2012-08-20,0.72,0.68447757
3,11,2012,2012-08-28,0.67,0.6832063
3,11,2012,2012-09-05,0.68,0.66613245
3,11,2012,2012-09-13,0.73,0.65483564
3,11,2012,2012-09-21,0.65,0.68455005
3,11,2012,2012-09-29,0.77,0.65950483
3,11,2012,2012-10-07,0.77,0.70502806
3,11,2012,2012-10-15,0.63,0.7142302
3,11,2012,2012-10-23,0.72,0.6659677
3,11,2012,2012-10-31,0.7,0.68158245
3,11,2012,2012-11-08,0.66,0.6803311
3,11,2012,2012-11-16,0.66,0.6683352
3,11,2012,2012-11-24,0.64,0.66324687
3,11,2012,2012-12-02,0.68,0.6576055
3,11,2012,2012-12-10,0.74,0.6652311
3,11,2012,2012-12-18,0.65,0.69722164
3,11,2012,2012-12-26,0.69,0.66773885
3,12,2001,2001-07-04,0.42,0.4013511
3,12,2001,2001-07-12,0.34,0.4069673
3,12,2001,2001-07-20,0.4,0.38014293
3,12,2001,2001-07-28,0.45,0.39254642
3,12,2001,2001-08-05,0.47,0.4256799
3,12,2001,2001-08-13,0.34,0.44928288
3,12,2001,2001-08-21,0.46,0.38739985
3,12,2001,2001-08-29,0.3,0.40259448
3,12,2001,2001-09-06,0.37,0.3535419
3,12,2001,2001-09-14,0.34,0.3659095
3,12,2001,2001-09-22,0.41,0.35033423
3,12,2001,2001-09-30,0.32,0.40509528
3,12,2001,2001-10-08,0.36,0.3725555
3,12,2001,2001-10-16,0.51,0.37531427
3,12,2001,2001-10-24,0.39,0.44658107
3,12,2001,2001-11-01,0.4,0.43499804
3,12,2001,2001-11-09,0.36,0.41341454
3,12,2001,2001-11-17,0.44,0.36984697
3,12,2001,2001-11-25,0.47,0.4072379
3,12,2001,2001-12-03,0.53,0.44580925
3,12,2001,2001-12-11,0.46,0.47840127
3,12,2001,2001-12-19,0.44,0.4555701
3,12,2001,2001-12-27,0.53,0.43922025
3,12,2002,2002-07-04,0.55,0.5358898
3,12,2002,2002-07-12,0.55,0.52337134
3,12,2002,2002-07-20,0.54,0.5035173
3,12,2002,2002-07-28,0.47,0.5053098
3,12,2002,2002-08-05,0.37,0.47919345
3,12,2002,2002-08-13,0.43,0.42157415
3,12,2002,2002-08-21,0.43,0.4047909
3,12,2002,2002-08-29,0.38,0.4254736
3,12,2002,2002-09-06,0.41,0.39484942
3,12,2002,2002-09-14,0.57,0.40100813
3,12,2002,2002-09-22,0.53,0.4787748
3,12,2002,2002-09-30,0.37,0.5064939
3,12,2002,2002-10-08,0.51,0.422925
3,12,2002,2002-10-16,0.39,0.4485758
3,12,2002,2002-10-24,0.46,0.43142995
3,12,2002,2002-11-01,0.5,0.4467681
3,12,2002,2002-11-09,0.46,0.46181735
3,12,2002,2002-11-17,0.47,0.45183575
3,12,2002,2002-11-25,0.53,0.46074104
3,12,2002,2002-12-03,0.48,0.4953453
3,12,2002,2002-12-11,0.49,0.49466616
3,12,2002,2002-12-19,0.52,0.48217538
3,12,2002,2002-12-27,0.52,0.48655933
3,12,2003,2003-07-04,0.57,0.5117973
3,12,2003,2003-07-12,0.48,0.5290574
3,12,2003,2003-07-20,0.46,0.49447757
3,12,2003,2003-07-28,0.49,0.47196117
3,12,2003,2003-08-05,0.52,0.4646806
3,12,2003,2003-08-13,0.48,0.4717645
3,12,2003,2003-08-21,0.36,0.46714213
3,12,2003,2003-08-29,0.37,0.41189647
3,12,2003,2003-09-06,0.48,0.38228145
3,12,2003,2003-09-14,0.49,0.4277343
3,12,2003,2003-09-22,0.56,0.48004654
3,12,2003,2003-09-30,0.45,0.52227896
3,12,2003,2003-10-08,0.44,0.46442336
3,12,2003,2003-10-16,0.45,0.4466877
3,12,2003,2003-10-24,0.44,0.43170404
3,12,2003,2003-11-01,0.43,0.44079235
3,12,2003,2003-11-09,0.41,0.43985015
3,12,2003,2003-11-17,0.5,0.42758533
3,12,2003,2003-11-25,0.48,0.4609981
3,12,2003,2003-12-03,0.48,0.4762282
3,12,2003,2003-12-11,0.55,0.47588432
3,12,2003,2003-12-19,0.45,0.50259036
3,12,2003,2003-12-27,0.51,0.47509
3,12,2004,2004-07-03,0.59,0.5366087
3,12,2004,2004-07-11,0.54,0.5675312
3,12,2004,2004-07-19,0.57,0.53580254
3,12,2004,2004-07-27,0.45,0.53886735
3,12,2004,2004-08-04,0.37,0.48450896
3,12,2004,2004-08-12,0.42,0.43260646
3,12,2004,2004-08-20,0.35,0.42602992
3,12,2004,2004-08-28,0.5,0.38645375
3,12,2004,2004-09-05,0.49,0.44525504
3,12,2004,2004-09-13,0.55,0.4811711
3,12,2004,2004-09-21,0.36,0.5271251
3,12,2004,2004-09-29,0.53,0.45650277
3,12,2004,2004-10-07,0.61,0.48557594
3,12,2004,2004-10-15,0.46,0.537986
3,12,2004,2004-10-23,0.5,0.50111496
3,12,2004,2004-10-31,0.57,0.48999292
3,12,2004,2004-11-08,0.48,0.51809365
3,12,2004,2004-11-16,0.6,0.49444407
3,12,2004,2004-11-24,0.57,0.5486318
3,12,2004,2004-12-02,0.52,0.55010915
3,12,2004,2004-12-10,0.61,0.52988124
3,12,2004,2004-12-18,0.65,0.56578755
3,12,2004,2004-12-26,0.65,0.58873415
3,12,2005,2005-07-04,0.62,0.59100735
3,12,2005,2005-07-12,0.61,0.5940603
3,12,2005,2005-07-20,0.55,0.5834731
3,12,2005,2005-07-28,0.55,0.5550054
3,12,2005,2005-08-05,0.52,0.52764726
3,12,2005,2005-08-13,0.58,0.49638534
3,12,2005,2005-08-21,0.49,0.52400655
3,12,2005,2005-08-29,0.53,0.49023664
3,12,2005,2005-09-06,0.53,0.5123738
3,12,2005,2005-09-14,0.45,0.51574045
3,12,2005,2005-09-22,0.54,0.49279657
3,12,2005,2005-09-30,0.5,0.49035937
3,12,2005,2005-10-08,0.57,0.49891722
3,12,2005,2005-10-16,0.62,0.5465191
3,12,2005,2005-10-24,0.56,0.56646615
3,12,2005,2005-11-01,0.54,0.5503975
3,12,2005,2005-11-09,0.58,0.5401744
3,12,2005,2005-11-17,0.6,0.54410946
3,12,2005,2005-11-25,0.6,0.57149035
3,12,2005,2005-12-03,0.6,0.5773644
3,12,2005,2005-12-11,0.49,0.57249117
3,12,2005,2005-12-19,0.59,0.52766967
3,12,2005,2005-12-27,0.51,0.562672
3,12,2006,2006-07-04,0.54,0.51160353
3,12,2006,2006-07-12,0.53,0.5278011
3,12,2006,2006-07-20,0.5,0.5335003
3,12,2006,2006-07-28,0.51,0.51354206
3,12,2006,2006-08-05,0.54,0.50754017
3,12,2006,2006-08-13,0.49,0.5193935
3,12,2006,2006-08-21,0.51,0.5118957
3,12,2006,2006-08-29,0.53,0.5036328
3,12,2006,2006-09-06,0.47,0.51516414
3,12,2006,2006-09-14,0.47,0.49474218
3,12,2006,2006-09-22,0.49,0.47474268
3,12,2006,2006-09-30,0.59,0.48684144
3,12,2006,2006-10-08,0.54,0.5382895
3,12,2006,2006-10-16,0.51,0.54474664
3,12,2006,2006-10-24,0.46,0.53409207
3,12,2006,2006-11-01,0.48,0.49260828
3,12,2006,2006-11-09,0.57,0.4838813
3,12,2006,2006-11-17,0.53,0.5329343
3,12,2006,2006-11-25,0.49,0.53982794
3,12,2006,2006-12-03,0.45,0.5196865
3,12,2006,2006-12-11,0.54,0.4849547
3,12,2006,2006-12-19,0.65,0.50400966
3,12,2006,2006-12-27,0.66,0.5821725
3,12,2007,2007-07-04,0.57,0.53736293
3,12,2007,2007-07-12,0.47,0.5458608
3,12,2007,2007-07-20,0.56,0.5073857
3,12,2007,2007-07-28,0.47,0.5252727
3,12,2007,2007-08-05,0.47,0.49416447
3,12,2007,2007-08-13,0.42,0.4889062
3,12,2007,2007-08-21,0.42,0.45351574
3,12,2007,2007-08-29,0.47,0.44551906
3,12,2007,2007-09-06,0.44,0.46664938
3,12,2007,2007-09-14,0.56,0.46035635
3,12,2007,2007-09-22,0.4,0.5074522
3,12,2007,2007-09-30,0.55,0.46205676
3,12,2007,2007-10-08,0.47,0.51861393
3,12,2007,2007-10-16,0.56,0.496983
3,12,2007,2007-10-24,0.47,0.5273045
3,12,2007,2007-11-01,0.48,0.48774433
3,12,2007,2007-11-09,0.47,0.48384395
3,12,2007,2007-11-17,0.57,0.48520452
3,12,2007,2007-11-25,0.49,0.52980006
3,12,2007,2007-12-03,0.59,0.50756145
3,12,2007,2007-12-11,0.56,0.53454
3,12,2007,2007-12-19,0.54,0.5434737
3,12,2007,2007-12-27,0.61,0.5542082
3,12,2008,2008-07-03,0.55,0.57975936
3,12,2008,2008-07-11,0.58,0.5618491
3,12,2008,2008-07-19,0.59,0.5508841
3,12,2008,2008-07-27,0.54,0.5627073
3,12,2008,2008-08-04,0.53,0.5385717
3,12,2008,2008-08-12,0.48,0.5225153
3,12,2008,2008-08-20,0.5,0.48589557
3,12,2008,2008-08-28,0.58,0.4854746
3,12,2008,2008-09-05,0.59,0.52797943
3,12,2008,2008-09-13,0.48,0.5493485
3,12,2008,2008-09-21,0.45,0.5226892
3,12,2008,2008-09-29,0.52,0.46997318
3,12,2008,2008-10-07,0.52,0.49944755
3,12,2008,2008-10-15,0.53,0.5073038
3,12,2008,2008-10-23,0.58,0.5278788
3,12,2008,2008-10-31,0.57,0.5405202
3,12,2008,2008-11-08,0.52,0.5461097
3,12,2008,2008-11-16,0.58,0.52319
3,12,2008,2008-11-24,0.57,0.5522276
3,12,2008,2008-12-02,0.58,0.5496609
3,12,2008,2008-12-10,0.59,0.5658772
3,12,2008,2008-12-18,0.57,0.56883824
3,12,2008,2008-12-26,0.55,0.5607238
3,12,2009,2009-07-04,0.53,0.5826325
3,12,2009,2009-07-12,0.58,0.5563205
3,12,2009,2009-07-20,0.56,0.5668694
3,12,2009,2009-07-28,0.59,0.5644322
3,12,2009,2009-08-05,0.55,0.573592
3,12,2009,2009-08-13,0.57,0.5576185
3,12,2009,2009-08-21,0.57,0.55452734
3,12,2009,2009-08-29,0.43,0.556242
3,12,2009,2009-09-06,0.49,0.51041293
3,12,2009,2009-09-14,0.47,0.5113981
3,12,2009,2009-09-22,0.5,0.4911404
3,12,2009,2009-09-30,0.57,0.4964748
3,12,2009,2009-10-08,0.59,0.53593445
3,12,2009,2009-10-16,0.56,0.56452227
3,12,2009,2009-10-24,0.59,0.56408495
3,12,2009,2009-11-01,0.55,0.577013
3,12,2009,2009-11-09,0.58,0.564548
3,12,2009,2009-11-17,0.63,0.5657333
3,12,2009,2009-11-25,0.59,0.59316355
3,12,2009,2009-12-03,0.63,0.58940697
3,12,2009,2009-12-11,0.53,0.6040174
3,12,2009,2009-12-19,0.62,0.56742585
3,12,2009,2009-12-27,0.61,0.5877085
3,12,2010,2010-07-04,0.59,0.6052446
3,12,2010,2010-07-12,0.67,0.5846991
3,12,2010,2010-07-20,0.65,0.6180686
3,12,2010,2010-07-28,0.58,0.6215948
3,12,2010,2010-08-05,0.66,0.5968197
3,12,2010,2010-08-13,0.61,0.6131106
3,12,2010,2010-08-21,0.54,0.6016052
3,12,2010,2010-08-29,0.55,0.5677634
3,12,2010,2010-09-06,0.57,0.53637505
3,12,2010,2010-09-14,0.64,0.5455774
3,12,2010,2010-09-22,0.52,0.5827949
3,12,2010,2010-09-30,0.61,0.5512792
3,12,2010,2010-10-08,0.56,0.5807153
3,12,2010,2010-10-16,0.56,0.5705956
3,12,2010,2010-10-24,0.59,0.565325
3,12,2010,2010-11-01,0.58,0.57493687
3,12,2010,2010-11-09,0.62,0.57287145
3,12,2010,2010-11-17,0.59,0.5937905
3,12,2010,2010-11-25,0.57,0.59313303
3,12,2010,2010-12-03,0.56,0.5792725
3,12,2010,2010-12-11,0.52,0.57053715
3,12,2010,2010-12-19,0.44,0.5379206
3,12,2010,2010-12-27,0.51,0.5009686
3,12,2011,2011-07-04,0.61,0.6314992
3,12,2011,2011-07-12,0.53,0.61087275
3,12,2011,2011-07-20,0.63,0.57443273
3,12,2011,2011-07-28,0.51,0.5963738
3,12,2011,2011-08-05,0.62,0.5524345
3,12,2011,2011-08-13,0.58,0.5872321
3,12,2011,2011-08-21,0.49,0.57917774
3,12,2011,2011-08-29,0.52,0.5368978
3,12,2011,2011-09-06,0.52,0.5227224
3,12,2011,2011-09-14,0.54,0.52542484
3,12,2011,2011-09-22,0.47,0.5459007
3,12,2011,2011-09-30,0.6,0.5123592
3,12,2011,2011-10-08,0.53,0.55774975
3,12,2011,2011-10-16,0.54,0.5453091
3,12,2011,2011-10-24,0.52,0.5463235
3,12,2011,2011-11-01,0.6,0.5352967
3,12,2011,2011-11-09,0.59,0.5659292
3,12,2011,2011-11-17,0.6,0.57928896
3,12,2011,2011-11-25,0.61,0.58573645
3,12,2011,2011-12-03,0.65,0.5882777
3,12,2011,2011-12-11,0.64,0.60474914
3,12,2011,2011-12-19,0.56,0.60482025
3,12,2011,2011-12-27,0.53,0.5649544
3,12,2012,2012-07-03,0.63,0.57630646
3,12,2012,2012-07-11,0.58,0.5953773
3,12,2012,2012-07-19,0.59,0.5743088
3,12,2012,2012-07-27,0.54,0.58180356
3,12,2012,2012-08-04,0.59,0.5504119
3,12,2012,2012-08-12,0.52,0.571991
3,12,2012,2012-08-20,0.47,0.54627454
3,12,2012,2012-08-28,0.47,0.50692856
3,12,2012,2012-09-05,0.51,0.48656395
3,12,2012,2012-09-13,0.52,0.5027634
3,12,2012,2012-09-21,0.46,0.51941264
3,12,2012,2012-09-29,0.56,0.49341682
3,12,2012,2012-10-07,0.57,0.53471434
3,12,2012,2012-10-15,0.47,0.54988873
3,12,2012,2012-10-23,0.57,0.52006483
3,12,2012,2012-10-31,0.5,0.5366965
3,12,2012,2012-11-08,0.54,0.5285532
3,12,2012,2012-11-16,0.55,0.5414877
3,12,2012,2012-11-24,0.54,0.5485097
3,12,2012,2012-12-02,0.56,0.5499429
3,12,2012,2012-12-10,0.58,0.5617899
3,12,2012,2012-12-18,0.54,0.5732112
3,12,2012,2012-12-26,0.53,0.55320394
4,1,2001,2001-07-04,0.14,0.19216244
4,1,2001,2001-07-12,0.12,0.20538032
4,1,2001,2001-07-20,0.13,0.19303887
4,1,2001,2001-07-28,0.32,0.24330935
4,1,2001,2001-08-05,0.59,0.44813257
4,1,2001,2001-08-13,0.51,0.7011627
4,1,2001,2001-08-21,0.71,0.6667185
4,1,2001,2001-08-29,0.9,0.79448426
4,1,2001,2001-09-06,0.92,0.9402721
4,1,2001,2001-09-14,0.89,0.95132065
4,1,2001,2001-09-22,0.92,0.89881086
4,1,2001,2001-09-30,0.93,0.91592896
4,1,2001,2001-10-08,0.93,0.91643345
4,1,2001,2001-10-16,0.96,0.9187392
4,1,2001,2001-10-24,0.94,0.9486402
4,1,2001,2001-11-01,0.93,0.9162104
4,1,2001,2001-11-09,0.93,0.88430965
4,1,2001,2001-11-17,0.91,0.88444996
4,1,2001,2001-11-25,0.88,0.86972594
4,1,2001,2001-12-03,0.81,0.8188721
4,1,2001,2001-12-11,0.78,0.6954756
4,1,2001,2001-12-19,0.66,0.6331456
4,1,2001,2001-12-27,0.63,0.5055073
4,1,2002,2002-07-04,0.08,0.16570577
4,1,2002,2002-07-12,0.14,0.14366293
4,1,2002,2002-07-20,0.15,0.18548578
4,1,2002,2002-07-28,0.2,0.19892488
4,1,2002,2002-08-05,0.43,0.2994237
4,1,2002,2002-08-13,0.68,0.57031894
4,1,2002,2002-08-21,0.71,0.73172474
4,1,2002,2002-08-29,0.78,0.7715598
4,1,2002,2002-09-06,0.76,0.84112287
4,1,2002,2002-09-14,0.8,0.7905561
4,1,2002,2002-09-22,0.82,0.79124236
4,1,2002,2002-09-30,0.82,0.8045616
4,1,2002,2002-10-08,0.81,0.8039796
4,1,2002,2002-10-16,0.79,0.77881163
4,1,2002,2002-10-24,0.79,0.7536915
4,1,2002,2002-11-01,0.78,0.74328864
4,1,2002,2002-11-09,0.78,0.73118687
4,1,2002,2002-11-17,0.78,0.7367456
4,1,2002,2002-11-25,0.69,0.7342011
4,1,2002,2002-12-03,0.7,0.6111388
4,1,2002,2002-12-11,0.62,0.59598565
4,1,2002,2002-12-19,0.54,0.51150733
4,1,2002,2002-12-27,0.22,0.41243935
4,1,2003,2003-07-04,0.15,0.14163154
4,1,2003,2003-07-12,0.14,0.17553023
4,1,2003,2003-07-20,0.2,0.19221435
4,1,2003,2003-07-28,0.3,0.24008696
4,1,2003,2003-08-05,0.3,0.3401209
4,1,2003,2003-08-13,0.34,0.40204772
4,1,2003,2003-08-21,0.5,0.46823418
4,1,2003,2003-08-29,0.66,0.5765519
4,1,2003,2003-09-06,0.63,0.7108941
4,1,2003,2003-09-14,0.66,0.6664921
4,1,2003,2003-09-22,0.66,0.66309655
4,1,2003,2003-09-30,0.68,0.6405729
4,1,2003,2003-10-08,0.65,0.66215205
4,1,2003,2003-10-16,0.68,0.61577964
4,1,2003,2003-10-24,0.64,0.63836515
4,1,2003,2003-11-01,0.64,0.59640956
4,1,2003,2003-11-09,0.62,0.59587455
4,1,2003,2003-11-17,0.54,0.57303226
4,1,2003,2003-11-25,0.4,0.49264023
4,1,2003,2003-12-03,0.31,0.30918044
4,1,2003,2003-12-11,0.27,0.22116026
4,1,2003,2003-12-19,0.17,0.20359524
4,1,2003,2003-12-27,0.13,0.15343821
4,1,2004,2004-07-03,0.17,0.15359977
4,1,2004,2004-07-11,0.17,0.20840463
4,1,2004,2004-07-19,0.41,0.21008377
4,1,2004,2004-07-27,0.57,0.44131392
4,1,2004,2004-08-04,0.58,0.6037586
4,1,2004,2004-08-12,0.56,0.6048711
4,1,2004,2004-08-20,0.57,0.5520682
4,1,2004,2004-08-28,0.57,0.568738
4,1,2004,2004-09-05,0.57,0.5971441
4,1,2004,2004-09-13,0.57,0.56646615
4,1,2004,2004-09-21,0.59,0.54870546
4,1,2004,2004-09-29,0.59,0.55935854
4,1,2004,2004-10-07,0.57,0.56620145
4,1,2004,2004-10-15,0.53,0.5299511
4,1,2004,2004-10-23,0.55,0.48767596
4,1,2004,2004-10-31,0.62,0.49516034
4,1,2004,2004-11-08,0.53,0.58745474
4,1,2004,2004-11-16,0.48,0.501925
4,1,2004,2004-11-24,0.36,0.4033739
4,1,2004,2004-12-02,0.39,0.2402383
4,1,2004,2004-12-10,0.19,0.2758421
4,1,2004,2004-12-18,0.16,0.14957142
4,1,2004,2004-12-26,0.15,0.11280596
4,1,2005,2005-07-04,0.17,0.13634849
4,1,2005,2005-07-12,0.19,0.21976739
4,1,2005,2005-07-20,0.13,0.2446397
4,1,2005,2005-07-28,0.55,0.24296038
4,1,2005,2005-08-05,0.58,0.6540872
4,1,2005,2005-08-13,0.65,0.65901196
4,1,2005,2005-08-21,0.61,0.6616543
4,1,2005,2005-08-29,0.66,0.59068626
4,1,2005,2005-09-06,0.64,0.62670743
4,1,2005,2005-09-14,0.6,0.6003941
4,1,2005,2005-09-22,0.6,0.5577059
4,1,2005,2005-09-30,0.57,0.5493671
4,1,2005,2005-10-08,0.57,0.52493715
4,1,2005,2005-10-16,0.56,0.5231
4,1,2005,2005-10-24,0.55,0.5045024
4,1,2005,2005-11-01,0.56,0.51039493
4,1,2005,2005-11-09,0.53,0.5451624
4,1,2005,2005-11-17,0.5,0.49067461
4,1,2005,2005-11-25,0.53,0.43782958
4,1,2005,2005-12-03,0.57,0.43950665
4,1,2005,2005-12-11,0.52,0.52484107
4,1,2005,2005-12-19,0.42,0.44734436
4,1,2005,2005-12-27,0.25,0.33834353
4,1,2006,2006-07-04,0.11,0.14825362
4,1,2006,2006-07-12,0.16,0.17140356
4,1,2006,2006-07-20,0.18,0.21651143
4,1,2006,2006-07-28,0.19,0.21532065
4,1,2006,2006-08-05,0.37,0.32748187
4,1,2006,2006-08-13,0.64,0.47711194
4,1,2006,2006-08-21,0.67,0.7052913
4,1,2006,2006-08-29,0.79,0.70392716
4,1,2006,2006-09-06,0.79,0.7914177
4,1,2006,2006-09-14,0.78,0.7658336
4,1,2006,2006-09-22,0.81,0.7326281
4,1,2006,2006-09-30,0.78,0.7478914
4,1,2006,2006-10-08,0.83,0.71116567
4,1,2006,2006-10-16,0.83,0.7720419
4,1,2006,2006-10-24,0.84,0.769644
4,1,2006,2006-11-01,0.81,0.78163236
4,1,2006,2006-11-09,0.79,0.7441939
4,1,2006,2006-11-17,0.78,0.7104286
4,1,2006,2006-11-25,0.65,0.6917554
4,1,2006,2006-12-03,0.46,0.5661167
4,1,2006,2006-12-11,0.25,0.3624928
4,1,2006,2006-12-19,0.25,0.14223367
4,1,2006,2006-12-27,0.15,0.14050965
4,1,2007,2007-07-04,0.08,0.106488734
4,1,2007,2007-07-12,0.13,0.12557212
4,1,2007,2007-07-20,0.2,0.18291096
4,1,2007,2007-07-28,0.37,0.25978202
4,1,2007,2007-08-05,0.44,0.41657057
4,1,2007,2007-08-13,0.46,0.52142906
4,1,2007,2007-08-21,0.6,0.5759059
4,1,2007,2007-08-29,0.63,0.65818787
4,1,2007,2007-09-06,0.59,0.6885871
4,1,2007,2007-09-14,0.71,0.6177871
4,1,2007,2007-09-22,0.48,0.70428836
4,1,2007,2007-09-30,0.53,0.4610523
4,1,2007,2007-10-08,0.55,0.45804292
4,1,2007,2007-10-16,0.57,0.50726634
4,1,2007,2007-10-24,0.59,0.58111
4,1,2007,2007-11-01,0.58,0.5919248
4,1,2007,2007-11-09,0.56,0.56171525
4,1,2007,2007-11-17,0.57,0.5250788
4,1,2007,2007-11-25,0.54,0.53181505
4,1,2007,2007-12-03,0.53,0.47210816
4,1,2007,2007-12-11,0.41,0.41787034
4,1,2007,2007-12-19,0.34,0.26917186
4,1,2007,2007-12-27,0.17,0.2384629
4,1,2008,2008-07-03,0.13,0.11859214
4,1,2008,2008-07-11,0.11,0.14981103
4,1,2008,2008-07-19,0.15,0.1486359
4,1,2008,2008-07-27,0.32,0.19660102
4,1,2008,2008-08-04,0.54,0.3857351
4,1,2008,2008-08-12,0.66,0.5900433
4,1,2008,2008-08-20,0.7,0.67418253
4,1,2008,2008-08-28,0.65,0.71246994
4,1,2008,2008-09-05,0.74,0.64852893
4,1,2008,2008-09-13,0.38,0.6917748
4,1,2008,2008-09-21,0.37,0.3670635
4,1,2008,2008-09-29,0.38,0.2208742
4,1,2008,2008-10-07,0.38,0.26608822
4,1,2008,2008-10-15,0.4,0.37096328
4,1,2008,2008-10-23,0.42,0.40628782
4,1,2008,2008-10-31,0.39,0.42499018
4,1,2008,2008-11-08,0.42,0.39192367
4,1,2008,2008-11-16,0.38,0.40067077
4,1,2008,2008-11-24,0.47,0.3703502
4,1,2008,2008-12-02,0.34,0.44695958
4,1,2008,2008-12-10,0.38,0.34051785
4,1,2008,2008-12-18,0.52,0.32180017
4,1,2008,2008-12-26,0.46,0.44850683
4,1,2009,2009-07-04,0.13,0.13673268
4,1,2009,2009-07-12,0.09,0.15743458
4,1,2009,2009-07-20,0.15,0.123143956
4,1,2009,2009-07-28,0.22,0.17574325
4,1,2009,2009-08-05,0.29,0.28556627
4,1,2009,2009-08-13,0.43,0.40655103
4,1,2009,2009-08-21,0.43,0.52676076
4,1,2009,2009-08-29,0.63,0.5064328
4,1,2009,2009-09-06,0.56,0.6356816
4,1,2009,2009-09-14,0.63,0.5838157
4,1,2009,2009-09-22,0.61,0.5289949
4,1,2009,2009-09-30,0.57,0.49891815
4,1,2009,2009-10-08,0.6,0.4952029
4,1,2009,2009-10-16,0.59,0.535892
4,1,2009,2009-10-24,0.58,0.54190385
4,1,2009,2009-11-01,0.59,0.538956
4,1,2009,2009-11-09,0.58,0.5322763
4,1,2009,2009-11-17,0.52,0.5327841
4,1,2009,2009-11-25,0.38,0.463601
4,1,2009,2009-12-03,0.33,0.3425351
4,1,2009,2009-12-11,0.21,0.24535272
4,1,2009,2009-12-19,0.27,0.17223638
4,1,2009,2009-12-27,0.15,0.2795717
4,1,2010,2010-07-04,0.09,0.10994652
4,1,2010,2010-07-12,0.07,0.12510541
4,1,2010,2010-07-20,0.13,0.0998003
4,1,2010,2010-07-28,0.13,0.15980434
4,1,2010,2010-08-05,0.19,0.1838024
4,1,2010,2010-08-13,0.49,0.25130463
4,1,2010,2010-08-21,0.33,0.5539265
4,1,2010,2010-08-29,0.37,0.43005723
4,1,2010,2010-09-06,0.44,0.41315505
4,1,2010,2010-09-14,0.36,0.42441726
4,1,2010,2010-09-22,0.33,0.38712484
4,1,2010,2010-09-30,0.34,0.3136501
4,1,2010,2010-10-08,0.33,0.30317366
4,1,2010,2010-10-16,0.32,0.32374075
4,1,2010,2010-10-24,0.36,0.31914073
4,1,2010,2010-11-01,0.35,0.3530914
4,1,2010,2010-11-09,0.34,0.35422468
4,1,2010,2010-11-17,0.4,0.3385152
4,1,2010,2010-11-25,0.33,0.37305918
4,1,2010,2010-12-03,0.36,0.28803778
4,1,2010,2010-12-11,0.31,0.2984369
4,1,2010,2010-12-19,0.29,0.24370266
4,1,2010,2010-12-27,0.28,0.2624813
4,1,2011,2011-07-04,0.14,0.13299
4,1,2011,2011-07-12,0.15,0.17175978
4,1,2011,2011-07-20,0.19,0.17407766
4,1,2011,2011-07-28,0.39,0.2167417
4,1,2011,2011-08-05,0.28,0.3972612
4,1,2011,2011-08-13,0.38,0.33638674
4,1,2011,2011-08-21,0.65,0.4516
4,1,2011,2011-08-29,0.36,0.62453794
4,1,2011,2011-09-06,0.39,0.42728233
4,1,2011,2011-09-14,0.38,0.35205433
4,1,2011,2011-09-22,0.36,0.3071511
4,1,2011,2011-09-30,0.36,0.3339099
4,1,2011,2011-10-08,0.38,0.33224007
4,1,2011,2011-10-16,0.43,0.35979378
4,1,2011,2011-10-24,0.42,0.41112405
4,1,2011,2011-11-01,0.45,0.41812843
4,1,2011,2011-11-09,0.44,0.43326324
4,1,2011,2011-11-17,0.49,0.4162007
4,1,2011,2011-11-25,0.5,0.47405973
4,1,2011,2011-12-03,0.45,0.4675272
4,1,2011,2011-12-11,0.43,0.4257121
4,1,2011,2011-12-19,0.38,0.37667626
4,1,2011,2011-12-27,0.43,0.32969323
4,1,2012,2012-07-03,0.13,0.12798506
4,1,2012,2012-07-11,0.19,0.14956234
4,1,2012,2012-07-19,0.17,0.20060374
4,1,2012,2012-07-27,0.14,0.19405341
4,1,2012,2012-08-04,0.16,0.20345911
4,1,2012,2012-08-12,0.21,0.17337742
4,1,2012,2012-08-20,0.42,0.23513412
4,1,2012,2012-08-28,0.42,0.5001325
4,1,2012,2012-09-05,0.41,0.42790526
4,1,2012,2012-09-13,0.27,0.36474392
4,1,2012,2012-09-21,0.28,0.21679774
4,1,2012,2012-09-29,0.31,0.21737427
4,1,2012,2012-10-07,0.25,0.2624222
4,1,2012,2012-10-15,0.25,0.24474871
4,1,2012,2012-10-23,0.23,0.24329457
4,1,2012,2012-10-31,0.21,0.22159392
4,1,2012,2012-11-08,0.19,0.21381557
4,1,2012,2012-11-16,0.14,0.19123897
4,1,2012,2012-11-24,0.11,0.1626654
4,1,2012,2012-12-02,0.13,0.13735709
4,1,2012,2012-12-10,0.3,0.14389631
4,1,2012,2012-12-18,0.35,0.3039186
4,1,2012,2012-12-26,0.17,0.35823017
4,2,2001,2001-07-04,0.23,0.27179083
4,2,2001,2001-07-12,0.23,0.3155946
4,2,2001,2001-07-20,0.35,0.35481566
4,2,2001,2001-07-28,0.63,0.46359783
4,2,2001,2001-08-05,0.76,0.7635999
4,2,2001,2001-08-13,0.78,0.8374555
4,2,2001,2001-08-21,0.84,0.8392101
4,2,2001,2001-08-29,0.91,0.8733065
4,2,2001,2001-09-06,0.91,0.92280173
4,2,2001,2001-09-14,0.9,0.9047222
4,2,2001,2001-09-22,0.91,0.87279725
4,2,2001,2001-09-30,0.91,0.8717073
4,2,2001,2001-10-08,0.91,0.87621653
4,2,2001,2001-10-16,0.91,0.87249374
4,2,2001,2001-10-24,0.92,0.8704277
4,2,2001,2001-11-01,0.92,0.8878596
4,2,2001,2001-11-09,0.93,0.8869214
4,2,2001,2001-11-17,0.94,0.89858985
4,2,2001,2001-11-25,0.92,0.9192611
4,2,2001,2001-12-03,0.91,0.8859191
4,2,2001,2001-12-11,0.9,0.8590683
4,2,2001,2001-12-19,0.83,0.8333118
4,2,2001,2001-12-27,0.72,0.72088754
4,2,2002,2002-07-04,0.09,0.16560386
4,2,2002,2002-07-12,0.21,0.18674901
4,2,2002,2002-07-20,0.34,0.29401997
4,2,2002,2002-07-28,0.44,0.44175345
4,2,2002,2002-08-05,0.7,0.5915981
4,2,2002,2002-08-13,0.82,0.79159874
4,2,2002,2002-08-21,0.82,0.8548162
4,2,2002,2002-08-29,0.83,0.8494364
4,2,2002,2002-09-06,0.78,0.84360576
4,2,2002,2002-09-14,0.77,0.7461543
4,2,2002,2002-09-22,0.77,0.71234727
4,2,2002,2002-09-30,0.76,0.7144979
4,2,2002,2002-10-08,0.75,0.7177243
4,2,2002,2002-10-16,0.75,0.70688
4,2,2002,2002-10-24,0.74,0.70719975
4,2,2002,2002-11-01,0.75,0.7018546
4,2,2002,2002-11-09,0.78,0.7167084
4,2,2002,2002-11-17,0.82,0.760844
4,2,2002,2002-11-25,0.8,0.81473917
4,2,2002,2002-12-03,0.83,0.77311796
4,2,2002,2002-12-11,0.74,0.7974154
4,2,2002,2002-12-19,0.68,0.66708386
4,2,2002,2002-12-27,0.26,0.55940413
4,2,2003,2003-07-04,0.15,0.10967207
4,2,2003,2003-07-12,0.22,0.19562209
4,2,2003,2003-07-20,0.19,0.30331033
4,2,2003,2003-07-28,0.36,0.31101716
4,2,2003,2003-08-05,0.54,0.45581937
4,2,2003,2003-08-13,0.52,0.6545929
4,2,2003,2003-08-21,0.61,0.6485332
4,2,2003,2003-08-29,0.62,0.6646688
4,2,2003,2003-09-06,0.68,0.64167887
4,2,2003,2003-09-14,0.7,0.677404
4,2,2003,2003-09-22,0.7,0.68492377
4,2,2003,2003-09-30,0.7,0.6814556
4,2,2003,2003-10-08,0.71,0.6673553
4,2,2003,2003-10-16,0.72,0.6729437
4,2,2003,2003-10-24,0.73,0.68724096
4,2,2003,2003-11-01,0.75,0.6970265
4,2,2003,2003-11-09,0.73,0.7220881
4,2,2003,2003-11-17,0.72,0.705423
4,2,2003,2003-11-25,0.6,0.6968962
4,2,2003,2003-12-03,0.39,0.53854173
4,2,2003,2003-12-11,0.3,0.2916989
4,2,2003,2003-12-19,0.08,0.16263038
4,2,2003,2003-12-27,0.06,0.03937334
4,2,2004,2004-07-03,0.11,0.109806314
4,2,2004,2004-07-11,0.16,0.16731055
4,2,2004,2004-07-19,0.48,0.23707369
4,2,2004,2004-07-27,0.65,0.52428794
4,2,2004,2004-08-04,0.68,0.69393206
4,2,2004,2004-08-12,0.67,0.7312254
4,2,2004,2004-08-20,0.68,0.67992353
4,2,2004,2004-08-28,0.71,0.6691545
4,2,2004,2004-09-05,0.63,0.6839247
4,2,2004,2004-09-13,0.65,0.6102686
4,2,2004,2004-09-21,0.64,0.6113275
4,2,2004,2004-09-29,0.65,0.5957897
4,2,2004,2004-10-07,0.6,0.61596537
4,2,2004,2004-10-15,0.59,0.5577444
4,2,2004,2004-10-23,0.63,0.5441341
4,2,2004,2004-10-31,0.64,0.5960728
4,2,2004,2004-11-08,0.65,0.62580585
4,2,2004,2004-11-16,0.6,0.6255921
4,2,2004,2004-11-24,0.54,0.5549826
4,2,2004,2004-12-02,0.44,0.44141087
4,2,2004,2004-12-10,0.16,0.28317392
4,2,2004,2004-12-18,0.12,0.07152337
4,2,2004,2004-12-26,0.11,0.033863842
4,2,2005,2005-07-04,0.12,0.089493304
4,2,2005,2005-07-12,0.13,0.17208499
4,2,2005,2005-07-20,0.14,0.20304462
4,2,2005,2005-07-28,0.58,0.29113966
4,2,2005,2005-08-05,0.56,0.7132422
4,2,2005,2005-08-13,0.71,0.67687196
4,2,2005,2005-08-21,0.71,0.72842693
4,2,2005,2005-08-29,0.77,0.70828396
4,2,2005,2005-09-06,0.69,0.76731896
4,2,2005,2005-09-14,0.68,0.6309042
4,2,2005,2005-09-22,0.65,0.61012185
4,2,2005,2005-09-30,0.62,0.5689328
4,2,2005,2005-10-08,0.61,0.56601334
4,2,2005,2005-10-16,0.63,0.5415417
4,2,2005,2005-10-24,0.6,0.5775399
4,2,2005,2005-11-01,0.61,0.5717825
4,2,2005,2005-11-09,0.61,0.58475274
4,2,2005,2005-11-17,0.62,0.5837005
4,2,2005,2005-11-25,0.66,0.5808941
4,2,2005,2005-12-03,0.68,0.60879385
4,2,2005,2005-12-11,0.61,0.6130963
4,2,2005,2005-12-19,0.5,0.47425452
4,2,2005,2005-12-27,0.3,0.35569772
4,2,2006,2006-07-04,0.07,0.11418286
4,2,2006,2006-07-12,0.15,0.13936445
4,2,2006,2006-07-20,0.19,0.21396367
4,2,2006,2006-07-28,0.17,0.2550677
4,2,2006,2006-08-05,0.56,0.34894216
4,2,2006,2006-08-13,0.68,0.66758966
4,2,2006,2006-08-21,0.67,0.7623931
4,2,2006,2006-08-29,0.77,0.7263341
4,2,2006,2006-09-06,0.79,0.79456544
4,2,2006,2006-09-14,0.78,0.7681874
4,2,2006,2006-09-22,0.8,0.7482662
4,2,2006,2006-09-30,0.77,0.74305093
4,2,2006,2006-10-08,0.8,0.70550394
4,2,2006,2006-10-16,0.8,0.74374306
4,2,2006,2006-10-24,0.82,0.7559546
4,2,2006,2006-11-01,0.81,0.7744701
4,2,2006,2006-11-09,0.8,0.7621683
4,2,2006,2006-11-17,0.81,0.7478665
4,2,2006,2006-11-25,0.77,0.7607896
4,2,2006,2006-12-03,0.66,0.72754896
4,2,2006,2006-12-11,0.37,0.59753656
4,2,2006,2006-12-19,0.37,0.2405945
4,2,2006,2006-12-27,0.18,0.18801872
4,2,2007,2007-07-04,0.02,0.07437378
4,2,2007,2007-07-12,0.07,0.07397416
4,2,2007,2007-07-20,0.21,0.1367561
4,2,2007,2007-07-28,0.57,0.28352493
4,2,2007,2007-08-05,0.61,0.6208087
4,2,2007,2007-08-13,0.61,0.7157582
4,2,2007,2007-08-21,0.75,0.69548255
4,2,2007,2007-08-29,0.77,0.76942647
4,2,2007,2007-09-06,0.71,0.7922417
4,2,2007,2007-09-14,0.78,0.7108185
4,2,2007,2007-09-22,0.58,0.7490617
4,2,2007,2007-09-30,0.58,0.5101685
4,2,2007,2007-10-08,0.61,0.4742419
4,2,2007,2007-10-16,0.6,0.539305
4,2,2007,2007-10-24,0.62,0.58848214
4,2,2007,2007-11-01,0.59,0.61185515
4,2,2007,2007-11-09,0.61,0.5644626
4,2,2007,2007-11-17,0.62,0.5805739
4,2,2007,2007-11-25,0.64,0.5970492
4,2,2007,2007-12-03,0.64,0.6147872
4,2,2007,2007-12-11,0.59,0.5794699
4,2,2007,2007-12-19,0.41,0.44171324
4,2,2007,2007-12-27,0.28,0.27577057
4,2,2008,2008-07-03,0.06,0.07572129
4,2,2008,2008-07-11,0.07,0.085615605
4,2,2008,2008-07-19,0.18,0.106688306
4,2,2008,2008-07-27,0.37,0.24371749
4,2,2008,2008-08-04,0.56,0.50808084
4,2,2008,2008-08-12,0.63,0.64729095
4,2,2008,2008-08-20,0.65,0.6660633
4,2,2008,2008-08-28,0.67,0.6814126
4,2,2008,2008-09-05,0.71,0.6708948
4,2,2008,2008-09-13,0.54,0.67357385
4,2,2008,2008-09-21,0.47,0.49875855
4,2,2008,2008-09-29,0.41,0.32623696
4,2,2008,2008-10-07,0.4,0.27840278
4,2,2008,2008-10-15,0.42,0.3449838
4,2,2008,2008-10-23,0.42,0.40214252
4,2,2008,2008-10-31,0.43,0.42203304
4,2,2008,2008-11-08,0.45,0.4212778
4,2,2008,2008-11-16,0.47,0.44374394
4,2,2008,2008-11-24,0.5,0.4678297
4,2,2008,2008-12-02,0.49,0.50038165
4,2,2008,2008-12-10,0.52,0.4846022
4,2,2008,2008-12-18,0.5,0.48961878
4,2,2008,2008-12-26,0.41,0.4223074
4,2,2009,2009-07-04,0.07,0.095639035
4,2,2009,2009-07-12,0.03,0.09686385
4,2,2009,2009-07-20,0.18,0.066483945
4,2,2009,2009-07-28,0.14,0.22673547
4,2,2009,2009-08-05,0.29,0.24997453
4,2,2009,2009-08-13,0.44,0.41539285
4,2,2009,2009-08-21,0.44,0.5311405
4,2,2009,2009-08-29,0.48,0.51463604
4,2,2009,2009-09-06,0.41,0.50160563
4,2,2009,2009-09-14,0.46,0.41422847
4,2,2009,2009-09-22,0.39,0.3963799
4,2,2009,2009-09-30,0.4,0.32008505
4,2,2009,2009-10-08,0.46,0.33323
4,2,2009,2009-10-16,0.42,0.41320348
4,2,2009,2009-10-24,0.41,0.4118321
4,2,2009,2009-11-01,0.43,0.39145952
4,2,2009,2009-11-09,0.42,0.40376425
4,2,2009,2009-11-17,0.44,0.40918726
4,2,2009,2009-11-25,0.37,0.42977375
4,2,2009,2009-12-03,0.28,0.3678274
4,2,2009,2009-12-11,0.21,0.2651076
4,2,2009,2009-12-19,0.26,0.19615154
4,2,2009,2009-12-27,0.19,0.25106356
4,2,2010,2010-07-04,0.04,0.06293547
4,2,2010,2010-07-12,0.06,0.06362003
4,2,2010,2010-07-20,0.09,0.07112941
4,2,2010,2010-07-28,0.1,0.13582847
4,2,2010,2010-08-05,0.28,0.13618976
4,2,2010,2010-08-13,0.51,0.33113307
4,2,2010,2010-08-21,0.37,0.5639131
4,2,2010,2010-08-29,0.48,0.4443766
4,2,2010,2010-09-06,0.33,0.4565556
4,2,2010,2010-09-14,0.24,0.2875803
4,2,2010,2010-09-22,0.21,0.20701286
4,2,2010,2010-09-30,0.16,0.15331057
4,2,2010,2010-10-08,0.15,0.15002055
4,2,2010,2010-10-16,0.14,0.17115632
4,2,2010,2010-10-24,0.19,0.16346787
4,2,2010,2010-11-01,0.18,0.2079925
4,2,2010,2010-11-09,0.17,0.21334183
4,2,2010,2010-11-17,0.24,0.19945216
4,2,2010,2010-11-25,0.24,0.25661242
4,2,2010,2010-12-03,0.26,0.24950618
4,2,2010,2010-12-11,0.31,0.23907179
4,2,2010,2010-12-19,0.35,0.2648942
4,2,2010,2010-12-27,0.26,0.33189356
4,2,2011,2011-07-04,0.08,0.08076537
4,2,2011,2011-07-12,0.14,0.101402566
4,2,2011,2011-07-20,0.12,0.16135336
4,2,2011,2011-07-28,0.3,0.15277544
4,2,2011,2011-08-05,0.25,0.31030616
4,2,2011,2011-08-13,0.41,0.31645194
4,2,2011,2011-08-21,0.46,0.4944934
4,2,2011,2011-08-29,0.31,0.47547245
4,2,2011,2011-09-06,0.31,0.34024486
4,2,2011,2011-09-14,0.23,0.23980056
4,2,2011,2011-09-22,0.26,0.16408592
4,2,2011,2011-09-30,0.2,0.2091033
4,2,2011,2011-10-08,0.21,0.17539284
4,2,2011,2011-10-16,0.28,0.19244692
4,2,2011,2011-10-24,0.26,0.25846475
4,2,2011,2011-11-01,0.3,0.2754602
4,2,2011,2011-11-09,0.3,0.29737145
4,2,2011,2011-11-17,0.31,0.28808895
4,2,2011,2011-11-25,0.31,0.3120836
4,2,2011,2011-12-03,0.38,0.30618376
4,2,2011,2011-12-11,0.4,0.3680069
4,2,2011,2011-12-19,0.31,0.40076315
4,2,2011,2011-12-27,0.35,0.32374552
4,2,2012,2012-07-03,0.08,0.0821341
4,2,2012,2012-07-11,0.08,0.10304248
4,2,2012,2012-07-19,0.08,0.117753446
4,2,2012,2012-07-27,0.06,0.10873003
4,2,2012,2012-08-04,0.17,0.13043094
4,2,2012,2012-08-12,0.2,0.20500745
4,2,2012,2012-08-20,0.45,0.27445352
4,2,2012,2012-08-28,0.39,0.5013534
4,2,2012,2012-09-05,0.35,0.40590048
4,2,2012,2012-09-13,0.33,0.3109237
4,2,2012,2012-09-21,0.24,0.24650544
4,2,2012,2012-09-29,0.31,0.20231462
4,2,2012,2012-10-07,0.26,0.25040665
4,2,2012,2012-10-15,0.31,0.2351037
4,2,2012,2012-10-23,0.28,0.3010539
4,2,2012,2012-10-31,0.24,0.26983312
4,2,2012,2012-11-08,0.24,0.23696364
4,2,2012,2012-11-16,0.17,0.2233102
4,2,2012,2012-11-24,0.13,0.17411652
4,2,2012,2012-12-02,0.12,0.13597217
4,2,2012,2012-12-10,0.23,0.14586875
4,2,2012,2012-12-18,0.2,0.25785893
4,2,2012,2012-12-26,0.13,0.22416899
4,3,2001,2001-07-04,0.39,0.4356401
4,3,2001,2001-07-12,0.51,0.47394782
4,3,2001,2001-07-20,0.66,0.6267483
4,3,2001,2001-07-28,0.78,0.72130203
4,3,2001,2001-08-05,0.81,0.86697996
4,3,2001,2001-08-13,0.79,0.8853979
4,3,2001,2001-08-21,0.98,0.8434467
4,3,2001,2001-08-29,0.99,1.0297366
4,3,2001,2001-09-06,0.98,1.0061007
4,3,2001,2001-09-14,0.97,0.9734757
4,3,2001,2001-09-22,0.97,0.93283105
4,3,2001,2001-09-30,0.98,0.93233716
4,3,2001,2001-10-08,0.98,0.94523203
4,3,2001,2001-10-16,0.99,0.9491912
4,3,2001,2001-10-24,0.98,0.9607595
4,3,2001,2001-11-01,0.98,0.93962455
4,3,2001,2001-11-09,0.99,0.9392619
4,3,2001,2001-11-17,0.99,0.9498651
4,3,2001,2001-11-25,0.98,0.9574232
4,3,2001,2001-12-03,0.98,0.94110036
4,3,2001,2001-12-11,0.97,0.93947005
4,3,2001,2001-12-19,0.84,0.929011
4,3,2001,2001-12-27,0.64,0.73704624
4,3,2002,2002-07-04,0.12,0.16801903
4,3,2002,2002-07-12,0.3,0.27014267
4,3,2002,2002-07-20,0.73,0.46577108
4,3,2002,2002-07-28,0.74,0.8301424
4,3,2002,2002-08-05,0.89,0.826103
4,3,2002,2002-08-13,0.95,0.9114497
4,3,2002,2002-08-21,0.95,0.9585023
4,3,2002,2002-08-29,0.97,0.9889777
4,3,2002,2002-09-06,0.95,0.9785403
4,3,2002,2002-09-14,0.96,0.92665493
4,3,2002,2002-09-22,0.96,0.91940606
4,3,2002,2002-09-30,0.96,0.9176539
4,3,2002,2002-10-08,0.96,0.92683256
4,3,2002,2002-10-16,0.96,0.9239911
4,3,2002,2002-10-24,0.96,0.92684853
4,3,2002,2002-11-01,0.98,0.9209049
4,3,2002,2002-11-09,0.98,0.9503654
4,3,2002,2002-11-17,0.98,0.95205367
4,3,2002,2002-11-25,0.97,0.9489739
4,3,2002,2002-12-03,0.95,0.92527807
4,3,2002,2002-12-11,0.82,0.89676785
4,3,2002,2002-12-19,0.56,0.7036326
4,3,2002,2002-12-27,0.2,0.30027282
4,3,2003,2003-07-04,0.11,0.0639227
4,3,2003,2003-07-12,0.24,0.17628157
4,3,2003,2003-07-20,0.37,0.3548671
4,3,2003,2003-07-28,0.45,0.5743853
4,3,2003,2003-08-05,0.54,0.60533154
4,3,2003,2003-08-13,0.5,0.6588657
4,3,2003,2003-08-21,0.66,0.59406984
4,3,2003,2003-08-29,0.68,0.7169213
4,3,2003,2003-09-06,0.68,0.7203985
4,3,2003,2003-09-14,0.71,0.6964689
4,3,2003,2003-09-22,0.73,0.69797885
4,3,2003,2003-09-30,0.75,0.71803045
4,3,2003,2003-10-08,0.78,0.7398539
4,3,2003,2003-10-16,0.9,0.7676139
4,3,2003,2003-10-24,0.91,0.9151559
4,3,2003,2003-11-01,0.94,0.90761006
4,3,2003,2003-11-09,0.94,0.93587637
4,3,2003,2003-11-17,0.94,0.91102374
4,3,2003,2003-11-25,0.58,0.90416336
4,3,2003,2003-12-03,0.47,0.40838444
4,3,2003,2003-12-11,0.19,0.20858805
4,3,2003,2003-12-19,0.03,0.0308626
4,3,2003,2003-12-27,0.01,-0.009963334
4,3,2004,2004-07-03,0.3,0.08497903
4,3,2004,2004-07-11,0.28,0.3605413
4,3,2004,2004-07-19,0.43,0.39367276
4,3,2004,2004-07-27,0.61,0.53425574
4,3,2004,2004-08-04,0.61,0.6757868
4,3,2004,2004-08-12,0.64,0.6845013
4,3,2004,2004-08-20,0.64,0.6595384
4,3,2004,2004-08-28,0.66,0.6675689
4,3,2004,2004-09-05,0.66,0.6762595
4,3,2004,2004-09-13,0.68,0.65827477
4,3,2004,2004-09-21,0.69,0.67224
4,3,2004,2004-09-29,0.76,0.6817801
4,3,2004,2004-10-07,0.86,0.76120925
4,3,2004,2004-10-15,0.91,0.8709322
4,3,2004,2004-10-23,0.95,0.93670523
4,3,2004,2004-10-31,0.96,0.95452344
4,3,2004,2004-11-08,0.94,0.9522276
4,3,2004,2004-11-16,0.9,0.9033581
4,3,2004,2004-11-24,0.82,0.83557045
4,3,2004,2004-12-02,0.44,0.5860311
4,3,2004,2004-12-10,0.07,0.16839282
4,3,2004,2004-12-18,0.01,0.051470518
4,3,2004,2004-12-26,0.01,0.032943368
4,3,2005,2005-07-04,0.13,0.06991151
4,3,2005,2005-07-12,0.08,0.24523798
4,3,2005,2005-07-20,0.13,0.20742458
4,3,2005,2005-07-28,0.69,0.25889915
4,3,2005,2005-08-05,0.73,0.7983103
4,3,2005,2005-08-13,0.72,0.7854873
4,3,2005,2005-08-21,0.69,0.73359025
4,3,2005,2005-08-29,0.69,0.657441
4,3,2005,2005-09-06,0.68,0.6491747
4,3,2005,2005-09-14,0.67,0.639801
4,3,2005,2005-09-22,0.69,0.639128
4,3,2005,2005-09-30,0.7,0.6626123
4,3,2005,2005-10-08,0.76,0.69673777
4,3,2005,2005-10-16,0.87,0.7853451
4,3,2005,2005-10-24,0.91,0.89999306
4,3,2005,2005-11-01,0.92,0.9271269
4,3,2005,2005-11-09,0.95,0.9165038
4,3,2005,2005-11-17,0.96,0.9234654
4,3,2005,2005-11-25,0.98,0.911762
4,3,2005,2005-12-03,0.95,0.910957
4,3,2005,2005-12-11,0.78,0.7418605
4,3,2005,2005-12-19,0.53,0.43846434
4,3,2005,2005-12-27,0.25,0.22340612
4,3,2006,2006-07-04,0.08,0.12479529
4,3,2006,2006-07-12,0.3,0.16255422
4,3,2006,2006-07-20,0.32,0.36019525
4,3,2006,2006-07-28,0.34,0.39950597
4,3,2006,2006-08-05,0.78,0.54335564
4,3,2006,2006-08-13,0.85,0.8585036
4,3,2006,2006-08-21,0.83,0.87174094
4,3,2006,2006-08-29,0.82,0.8337388
4,3,2006,2006-09-06,0.82,0.77659255
4,3,2006,2006-09-14,0.82,0.76183033
4,3,2006,2006-09-22,0.86,0.7694884
4,3,2006,2006-09-30,0.82,0.82960904
4,3,2006,2006-10-08,0.85,0.78408694
4,3,2006,2006-10-16,0.87,0.83156097
4,3,2006,2006-10-24,0.88,0.877772
4,3,2006,2006-11-01,0.96,0.88695014
4,3,2006,2006-11-09,0.96,0.9670583
4,3,2006,2006-11-17,0.97,0.95473564
4,3,2006,2006-11-25,0.98,0.95494723
4,3,2006,2006-12-03,0.95,0.9565805
4,3,2006,2006-12-11,0.71,0.8961561
4,3,2006,2006-12-19,0.47,0.49650568
4,3,2006,2006-12-27,0.21,0.1478763
4,3,2007,2007-07-04,0.01,0.06523186
4,3,2007,2007-07-12,0.03,0.07540086
4,3,2007,2007-07-20,0.17,0.15238684
4,3,2007,2007-07-28,0.84,0.28508785
4,3,2007,2007-08-05,0.87,0.8864528
4,3,2007,2007-08-13,0.87,0.8834077
4,3,2007,2007-08-21,0.92,0.8698454
4,3,2007,2007-08-29,0.86,0.91638744
4,3,2007,2007-09-06,0.84,0.8088329
4,3,2007,2007-09-14,0.8,0.7705828
4,3,2007,2007-09-22,0.75,0.7123773
4,3,2007,2007-09-30,0.74,0.68137467
4,3,2007,2007-10-08,0.74,0.6599374
4,3,2007,2007-10-16,0.74,0.6917405
4,3,2007,2007-10-24,0.78,0.7119111
4,3,2007,2007-11-01,0.75,0.767293
4,3,2007,2007-11-09,0.8,0.74938774
4,3,2007,2007-11-17,0.82,0.7962625
4,3,2007,2007-11-25,0.87,0.8114462
4,3,2007,2007-12-03,0.87,0.8712454
4,3,2007,2007-12-11,0.88,0.84429985
4,3,2007,2007-12-19,0.56,0.7659956
4,3,2007,2007-12-27,0.41,0.30338585
4,3,2008,2008-07-03,0.01,0.055398196
4,3,2008,2008-07-11,0.05,0.050963074
4,3,2008,2008-07-19,0.49,0.090109676
4,3,2008,2008-07-27,0.64,0.56147265
4,3,2008,2008-08-04,0.91,0.77387893
4,3,2008,2008-08-12,0.92,0.8973559
4,3,2008,2008-08-20,0.8,0.9100064
4,3,2008,2008-08-28,0.74,0.78384066
4,3,2008,2008-09-05,0.72,0.6050471
4,3,2008,2008-09-13,0.62,0.5822933
4,3,2008,2008-09-21,0.61,0.49456996
4,3,2008,2008-09-29,0.62,0.49350077
4,3,2008,2008-10-07,0.61,0.5410356
4,3,2008,2008-10-15,0.62,0.57330906
4,3,2008,2008-10-23,0.62,0.5909558
4,3,2008,2008-10-31,0.64,0.6035919
4,3,2008,2008-11-08,0.69,0.61500776
4,3,2008,2008-11-16,0.78,0.68581367
4,3,2008,2008-11-24,0.82,0.7868383
4,3,2008,2008-12-02,0.86,0.83005536
4,3,2008,2008-12-10,0.92,0.852352
4,3,2008,2008-12-18,0.87,0.9065654
4,3,2008,2008-12-26,0.75,0.72984076
4,3,2009,2009-07-04,0.01,0.055073142
4,3,2009,2009-07-12,0.03,0.0525738
4,3,2009,2009-07-20,0.42,0.080014884
4,3,2009,2009-07-28,0.46,0.5854087
4,3,2009,2009-08-05,0.83,0.62071866
4,3,2009,2009-08-13,0.9,0.89583707
4,3,2009,2009-08-21,0.9,0.907774
4,3,2009,2009-08-29,0.84,0.8727993
4,3,2009,2009-09-06,0.7,0.74121225
4,3,2009,2009-09-14,0.72,0.5389202
4,3,2009,2009-09-22,0.65,0.54954475
4,3,2009,2009-09-30,0.64,0.529348
4,3,2009,2009-10-08,0.63,0.5733525
4,3,2009,2009-10-16,0.63,0.5732243
4,3,2009,2009-10-24,0.62,0.59662414
4,3,2009,2009-11-01,0.6,0.58878374
4,3,2009,2009-11-09,0.61,0.5737363
4,3,2009,2009-11-17,0.64,0.59660316
4,3,2009,2009-11-25,0.63,0.6556239
4,3,2009,2009-12-03,0.48,0.6463413
4,3,2009,2009-12-11,0.35,0.46724325
4,3,2009,2009-12-19,0.29,0.28617495
4,3,2009,2009-12-27,0.1,0.2070331
4,3,2010,2010-07-04,0.09,0.061668247
4,3,2010,2010-07-12,0.24,0.11764574
4,3,2010,2010-07-20,0.16,0.26846975
4,3,2010,2010-07-28,0.17,0.3074059
4,3,2010,2010-08-05,0.47,0.29395127
4,3,2010,2010-08-13,0.63,0.63034165
4,3,2010,2010-08-21,0.43,0.7282375
4,3,2010,2010-08-29,0.53,0.53143907
4,3,2010,2010-09-06,0.48,0.4823444
4,3,2010,2010-09-14,0.39,0.38171634
4,3,2010,2010-09-22,0.5,0.34808582
4,3,2010,2010-09-30,0.47,0.44102755
4,3,2010,2010-10-08,0.44,0.45847568
4,3,2010,2010-10-16,0.47,0.43357074
4,3,2010,2010-10-24,0.51,0.4471174
4,3,2010,2010-11-01,0.52,0.5027411
4,3,2010,2010-11-09,0.56,0.5155484
4,3,2010,2010-11-17,0.65,0.55172426
4,3,2010,2010-11-25,0.74,0.6500851
4,3,2010,2010-12-03,0.78,0.7335418
4,3,2010,2010-12-11,0.59,0.7251537
4,3,2010,2010-12-19,0.41,0.4824628
4,3,2010,2010-12-27,0.16,0.24462968
4,3,2011,2011-07-04,0.09,0.061716586
4,3,2011,2011-07-12,0.25,0.13170427
4,3,2011,2011-07-20,0.2,0.32400924
4,3,2011,2011-07-28,0.82,0.26535386
4,3,2011,2011-08-05,0.81,0.82512283
4,3,2011,2011-08-13,0.87,0.79563177
4,3,2011,2011-08-21,0.77,0.8394306
4,3,2011,2011-08-29,0.47,0.68768764
4,3,2011,2011-09-06,0.39,0.35050318
4,3,2011,2011-09-14,0.32,0.20399149
4,3,2011,2011-09-22,0.32,0.18793736
4,3,2011,2011-09-30,0.34,0.2937213
4,3,2011,2011-10-08,0.36,0.3368558
4,3,2011,2011-10-16,0.34,0.3613974
4,3,2011,2011-10-24,0.34,0.34794357
4,3,2011,2011-11-01,0.36,0.35248446
4,3,2011,2011-11-09,0.43,0.3696304
4,3,2011,2011-11-17,0.52,0.44717598
4,3,2011,2011-11-25,0.69,0.554911
4,3,2011,2011-12-03,0.8,0.7223925
4,3,2011,2011-12-11,0.85,0.80597156
4,3,2011,2011-12-19,0.6,0.78987205
4,3,2011,2011-12-27,0.56,0.45629084
4,3,2012,2012-07-03,0.03,0.033617437
4,3,2012,2012-07-11,0.05,0.06480622
4,3,2012,2012-07-19,0.06,0.12275523
4,3,2012,2012-07-27,0.2,0.11408159
4,3,2012,2012-08-04,0.45,0.39603797
4,3,2012,2012-08-12,0.38,0.5650575
4,3,2012,2012-08-20,0.5,0.4777167
4,3,2012,2012-08-28,0.34,0.47840893
4,3,2012,2012-09-05,0.23,0.22953773
4,3,2012,2012-09-13,0.13,0.11846492
4,3,2012,2012-09-21,0.15,0.05952111
4,3,2012,2012-09-29,0.16,0.119690254
4,3,2012,2012-10-07,0.11,0.16904794
4,3,2012,2012-10-15,0.16,0.15135486
4,3,2012,2012-10-23,0.16,0.17612416
4,3,2012,2012-10-31,0.17,0.18285236
4,3,2012,2012-11-08,0.17,0.19985208
4,3,2012,2012-11-16,0.33,0.21032327
4,3,2012,2012-11-24,0.44,0.37344858
4,3,2012,2012-12-02,0.41,0.5099479
4,3,2012,2012-12-10,0.47,0.48201352
4,3,2012,2012-12-18,0.25,0.4864179
4,3,2012,2012-12-26,0.11,0.19030488
4,4,2001,2001-07-04,0.12,0.1519799
4,4,2001,2001-07-12,0.18,0.17116523
4,4,2001,2001-07-20,0.26,0.23118141
4,4,2001,2001-07-28,0.32,0.3081239
4,4,2001,2001-08-05,0.48,0.41270763
4,4,2001,2001-08-13,0.58,0.55773693
4,4,2001,2001-08-21,0.72,0.70125246
4,4,2001,2001-08-29,0.97,0.8217262
4,4,2001,2001-09-06,0.96,0.9948162
4,4,2001,2001-09-14,0.96,0.9705994
4,4,2001,2001-09-22,0.98,0.9651828
4,4,2001,2001-09-30,0.98,0.95165
4,4,2001,2001-10-08,0.98,0.9481169
4,4,2001,2001-10-16,1.0,0.9423182
4,4,2001,2001-10-24,0.99,0.96660197
4,4,2001,2001-11-01,0.99,0.9538449
4,4,2001,2001-11-09,0.99,0.9473926
4,4,2001,2001-11-17,0.99,0.9446361
4,4,2001,2001-11-25,0.99,0.94681776
4,4,2001,2001-12-03,0.97,0.9477242
4,4,2001,2001-12-11,0.89,0.9187777
4,4,2001,2001-12-19,0.81,0.79856277
4,4,2001,2001-12-27,0.25,0.64021313
4,4,2002,2002-07-04,0.02,0.076515436
4,4,2002,2002-07-12,0.09,0.09548387
4,4,2002,2002-07-20,0.18,0.17460099
4,4,2002,2002-07-28,0.27,0.28049684
4,4,2002,2002-08-05,0.49,0.3836597
4,4,2002,2002-08-13,0.88,0.6082859
4,4,2002,2002-08-21,0.88,0.8941909
4,4,2002,2002-08-29,0.9,0.89100754
4,4,2002,2002-09-06,0.9,0.93982434
4,4,2002,2002-09-14,0.93,0.90528905
4,4,2002,2002-09-22,0.93,0.91817605
4,4,2002,2002-09-30,0.93,0.90190876
4,4,2002,2002-10-08,0.93,0.89642775
4,4,2002,2002-10-16,0.93,0.8879452
4,4,2002,2002-10-24,0.94,0.89336276
4,4,2002,2002-11-01,0.96,0.9013132
4,4,2002,2002-11-09,0.98,0.9286287
4,4,2002,2002-11-17,0.99,0.9525492
4,4,2002,2002-11-25,0.95,0.9607918
4,4,2002,2002-12-03,0.87,0.8973099
4,4,2002,2002-12-11,0.66,0.7673383
4,4,2002,2002-12-19,0.33,0.4354171
4,4,2002,2002-12-27,0.09,0.09294543
4,4,2003,2003-07-04,0.05,0.045276195
4,4,2003,2003-07-12,0.21,0.0850448
4,4,2003,2003-07-20,0.34,0.25359815
4,4,2003,2003-07-28,0.34,0.40611067
4,4,2003,2003-08-05,0.36,0.42686695
4,4,2003,2003-08-13,0.17,0.4574105
4,4,2003,2003-08-21,0.19,0.34969383
4,4,2003,2003-08-29,0.45,0.28822148
4,4,2003,2003-09-06,0.37,0.5366616
4,4,2003,2003-09-14,0.58,0.4810441
4,4,2003,2003-09-22,0.63,0.6452855
4,4,2003,2003-09-30,0.71,0.6663823
4,4,2003,2003-10-08,0.73,0.7384132
4,4,2003,2003-10-16,0.86,0.7270174
4,4,2003,2003-10-24,0.87,0.8657026
4,4,2003,2003-11-01,0.91,0.8566835
4,4,2003,2003-11-09,0.94,0.89693284
4,4,2003,2003-11-17,0.84,0.9175602
4,4,2003,2003-11-25,0.5,0.77827
4,4,2003,2003-12-03,0.27,0.3036068
4,4,2003,2003-12-11,0.19,0.065945834
4,4,2003,2003-12-19,0.01,0.044932812
4,4,2003,2003-12-27,0.0,-0.024956912
4,4,2004,2004-07-03,0.1,0.065579325
4,4,2004,2004-07-11,0.35,0.13679247
4,4,2004,2004-07-19,0.37,0.42305186
4,4,2004,2004-07-27,0.24,0.47648346
4,4,2004,2004-08-04,0.15,0.33210048
4,4,2004,2004-08-12,0.29,0.17958239
4,4,2004,2004-08-20,0.34,0.24365729
4,4,2004,2004-08-28,0.47,0.3461062
4,4,2004,2004-09-05,0.51,0.5525688
4,4,2004,2004-09-13,0.54,0.55488926
4,4,2004,2004-09-21,0.56,0.597716
4,4,2004,2004-09-29,0.63,0.5946555
4,4,2004,2004-10-07,0.8,0.65996087
4,4,2004,2004-10-15,0.88,0.81269157
4,4,2004,2004-10-23,0.97,0.8962046
4,4,2004,2004-10-31,0.99,0.95999444
4,4,2004,2004-11-08,0.96,0.97287273
4,4,2004,2004-11-16,0.74,0.9242836
4,4,2004,2004-11-24,0.39,0.57513404
4,4,2004,2004-12-02,0.21,0.105666846
4,4,2004,2004-12-10,0.02,0.06570706
4,4,2004,2004-12-18,0.0,0.011745065
4,4,2004,2004-12-26,0.0,-0.013210714
4,4,2005,2005-07-04,0.04,0.050037354
4,4,2005,2005-07-12,0.05,0.09369305
4,4,2005,2005-07-20,0.13,0.17106879
4,4,2005,2005-07-28,0.19,0.24229948
4,4,2005,2005-08-05,0.27,0.25066486
4,4,2005,2005-08-13,0.27,0.2871056
4,4,2005,2005-08-21,0.4,0.32467738
4,4,2005,2005-08-29,0.48,0.4499828
4,4,2005,2005-09-06,0.52,0.54421675
4,4,2005,2005-09-14,0.53,0.5699283
4,4,2005,2005-09-22,0.54,0.55160975
4,4,2005,2005-09-30,0.55,0.53749955
4,4,2005,2005-10-08,0.63,0.55176127
4,4,2005,2005-10-16,0.82,0.66984797
4,4,2005,2005-10-24,0.91,0.85470057
4,4,2005,2005-11-01,0.95,0.9239155
4,4,2005,2005-11-09,0.98,0.9463049
4,4,2005,2005-11-17,0.97,0.951144
4,4,2005,2005-11-25,0.96,0.846709
4,4,2005,2005-12-03,0.83,0.71992564
4,4,2005,2005-12-11,0.41,0.53865045
4,4,2005,2005-12-19,0.12,0.16249561
4,4,2005,2005-12-27,0.18,0.0546937
4,4,2006,2006-07-04,0.04,0.06556305
4,4,2006,2006-07-12,0.19,0.08472398
4,4,2006,2006-07-20,0.23,0.22506431
4,4,2006,2006-07-28,0.2,0.29133147
4,4,2006,2006-08-05,0.52,0.2795836
4,4,2006,2006-08-13,0.63,0.57202125
4,4,2006,2006-08-21,0.56,0.65290797
4,4,2006,2006-08-29,0.65,0.6118561
4,4,2006,2006-09-06,0.65,0.65921855
4,4,2006,2006-09-14,0.68,0.6507602
4,4,2006,2006-09-22,0.71,0.66906065
4,4,2006,2006-09-30,0.7,0.6816107
4,4,2006,2006-10-08,0.73,0.6682637
4,4,2006,2006-10-16,0.76,0.7112661
4,4,2006,2006-10-24,0.76,0.78421247
4,4,2006,2006-11-01,0.9,0.782918
4,4,2006,2006-11-09,0.94,0.9226203
4,4,2006,2006-11-17,0.97,0.9422014
4,4,2006,2006-11-25,0.96,0.9550812
4,4,2006,2006-12-03,0.89,0.91595626
4,4,2006,2006-12-11,0.39,0.762999
4,4,2006,2006-12-19,0.31,0.116465524
4,4,2006,2006-12-27,0.11,0.08941904
4,4,2007,2007-07-04,0.01,0.048626512
4,4,2007,2007-07-12,0.02,0.059935898
4,4,2007,2007-07-20,0.06,0.10870738
4,4,2007,2007-07-28,0.72,0.15510267
4,4,2007,2007-08-05,0.72,0.7755234
4,4,2007,2007-08-13,0.72,0.7708864
4,4,2007,2007-08-21,0.84,0.7515018
4,4,2007,2007-08-29,0.74,0.81937855
4,4,2007,2007-09-06,0.71,0.72521055
4,4,2007,2007-09-14,0.75,0.6610637
4,4,2007,2007-09-22,0.66,0.6974601
4,4,2007,2007-09-30,0.71,0.6222092
4,4,2007,2007-10-08,0.73,0.6667975
4,4,2007,2007-10-16,0.7,0.70049834
4,4,2007,2007-10-24,0.74,0.6853663
4,4,2007,2007-11-01,0.76,0.7122443
4,4,2007,2007-11-09,0.76,0.7741252
4,4,2007,2007-11-17,0.79,0.76951337
4,4,2007,2007-11-25,0.82,0.78945124
4,4,2007,2007-12-03,0.83,0.8024851
4,4,2007,2007-12-11,0.76,0.7829463
4,4,2007,2007-12-19,0.18,0.52057993
4,4,2007,2007-12-27,0.18,0.049494535
4,4,2008,2008-07-03,0.01,0.035422534
4,4,2008,2008-07-11,0.02,0.046120882
4,4,2008,2008-07-19,0.52,0.05788356
4,4,2008,2008-07-27,0.29,0.5538161
4,4,2008,2008-08-04,0.8,0.5043202
4,4,2008,2008-08-12,0.73,0.8564615
4,4,2008,2008-08-20,0.59,0.7619095
4,4,2008,2008-08-28,0.58,0.60803413
4,4,2008,2008-09-05,0.6,0.45054418
4,4,2008,2008-09-13,0.51,0.5075987
4,4,2008,2008-09-21,0.53,0.46440226
4,4,2008,2008-09-29,0.53,0.45874888
4,4,2008,2008-10-07,0.53,0.49132293
4,4,2008,2008-10-15,0.52,0.5194471
4,4,2008,2008-10-23,0.53,0.49565575
4,4,2008,2008-10-31,0.57,0.51303625
4,4,2008,2008-11-08,0.6,0.563607
4,4,2008,2008-11-16,0.75,0.5958743
4,4,2008,2008-11-24,0.81,0.7598921
4,4,2008,2008-12-02,0.91,0.8116748
4,4,2008,2008-12-10,0.9,0.900702
4,4,2008,2008-12-18,0.76,0.84712815
4,4,2008,2008-12-26,0.63,0.49443164
4,4,2009,2009-07-04,0.0,0.03312865
4,4,2009,2009-07-12,0.09,0.03563139
4,4,2009,2009-07-20,0.19,0.11478098
4,4,2009,2009-07-28,0.27,0.34920424
4,4,2009,2009-08-05,0.59,0.36124384
4,4,2009,2009-08-13,0.72,0.74237823
4,4,2009,2009-08-21,0.72,0.7568002
4,4,2009,2009-08-29,0.74,0.69750154
4,4,2009,2009-09-06,0.67,0.67459404
4,4,2009,2009-09-14,0.71,0.5941208
4,4,2009,2009-09-22,0.62,0.6161579
4,4,2009,2009-09-30,0.62,0.5350458
4,4,2009,2009-10-08,0.62,0.54431546
4,4,2009,2009-10-16,0.62,0.5523306
4,4,2009,2009-10-24,0.62,0.56871545
4,4,2009,2009-11-01,0.61,0.572243
4,4,2009,2009-11-09,0.62,0.57304496
4,4,2009,2009-11-17,0.62,0.5880133
4,4,2009,2009-11-25,0.53,0.62497306
4,4,2009,2009-12-03,0.22,0.52948016
4,4,2009,2009-12-11,0.21,0.2036798
4,4,2009,2009-12-19,0.17,0.13162583
4,4,2009,2009-12-27,0.03,0.12009065
4,4,2010,2010-07-04,0.03,0.04449138
4,4,2010,2010-07-12,0.11,0.06141278
4,4,2010,2010-07-20,0.14,0.15603618
4,4,2010,2010-07-28,0.23,0.21648732
4,4,2010,2010-08-05,0.41,0.3145361
4,4,2010,2010-08-13,0.56,0.54303586
4,4,2010,2010-08-21,0.57,0.6665498
4,4,2010,2010-08-29,0.5,0.6366409
4,4,2010,2010-09-06,0.3,0.5155322
4,4,2010,2010-09-14,0.36,0.23780635
4,4,2010,2010-09-22,0.38,0.2882927
4,4,2010,2010-09-30,0.45,0.34654537
4,4,2010,2010-10-08,0.44,0.46698874
4,4,2010,2010-10-16,0.5,0.4558911
4,4,2010,2010-10-24,0.53,0.507305
4,4,2010,2010-11-01,0.5,0.5308912
4,4,2010,2010-11-09,0.52,0.49571258
4,4,2010,2010-11-17,0.58,0.49895397
4,4,2010,2010-11-25,0.62,0.56246364
4,4,2010,2010-12-03,0.65,0.58708644
4,4,2010,2010-12-11,0.44,0.5324886
4,4,2010,2010-12-19,0.36,0.33442402
4,4,2010,2010-12-27,0.18,0.24306217
4,4,2011,2011-07-04,0.04,0.06525901
4,4,2011,2011-07-12,0.08,0.077307194
4,4,2011,2011-07-20,0.12,0.13208771
4,4,2011,2011-07-28,0.38,0.17809084
4,4,2011,2011-08-05,0.44,0.44288146
4,4,2011,2011-08-13,0.52,0.53259254
4,4,2011,2011-08-21,0.58,0.60366327
4,4,2011,2011-08-29,0.48,0.61451995
4,4,2011,2011-09-06,0.43,0.47588763
4,4,2011,2011-09-14,0.39,0.32083225
4,4,2011,2011-09-22,0.45,0.30721325
4,4,2011,2011-09-30,0.46,0.4211011
4,4,2011,2011-10-08,0.48,0.4769987
4,4,2011,2011-10-16,0.5,0.48650312
4,4,2011,2011-10-24,0.5,0.5047452
4,4,2011,2011-11-01,0.53,0.50382155
4,4,2011,2011-11-09,0.56,0.5125849
4,4,2011,2011-11-17,0.62,0.54230434
4,4,2011,2011-11-25,0.67,0.6173624
4,4,2011,2011-12-03,0.73,0.6688204
4,4,2011,2011-12-11,0.7,0.7212731
4,4,2011,2011-12-19,0.37,0.6175838
4,4,2011,2011-12-27,0.32,0.25289363
4,4,2012,2012-07-03,0.03,0.0320369
4,4,2012,2012-07-11,0.05,0.0586465
4,4,2012,2012-07-19,0.04,0.08725229
4,4,2012,2012-07-27,0.1,0.09058812
4,4,2012,2012-08-04,0.17,0.20453195
4,4,2012,2012-08-12,0.27,0.27431795
4,4,2012,2012-08-20,0.24,0.3672683
4,4,2012,2012-08-28,0.19,0.3299112
4,4,2012,2012-09-05,0.28,0.21926913
4,4,2012,2012-09-13,0.23,0.26098287
4,4,2012,2012-09-21,0.32,0.23591149
4,4,2012,2012-09-29,0.38,0.33760536
4,4,2012,2012-10-07,0.41,0.3963784
4,4,2012,2012-10-15,0.44,0.43077925
4,4,2012,2012-10-23,0.51,0.44062462
4,4,2012,2012-10-31,0.5,0.49400336
4,4,2012,2012-11-08,0.48,0.48766863
4,4,2012,2012-11-16,0.4,0.45860326
4,4,2012,2012-11-24,0.23,0.3762022
4,4,2012,2012-12-02,0.2,0.21458575
4,4,2012,2012-12-10,0.24,0.18333712
4,4,2012,2012-12-18,0.12,0.23917557
4,4,2012,2012-12-26,0.06,0.10103886
4,5,2001,2001-07-04,0.03,0.06829408
4,5,2001,2001-07-12,0.03,0.07329762
4,5,2001,2001-07-20,0.02,0.076780766
4,5,2001,2001-07-28,0.04,0.07180181
4,5,2001,2001-08-05,0.32,0.14656407
4,5,2001,2001-08-13,0.32,0.3981373
4,5,2001,2001-08-21,0.41,0.48150206
4,5,2001,2001-08-29,0.7,0.5935036
4,5,2001,2001-09-06,0.81,0.8207301
4,5,2001,2001-09-14,0.9,0.8603282
4,5,2001,2001-09-22,0.95,0.9383986
4,5,2001,2001-09-30,0.96,0.97050166
4,5,2001,2001-10-08,0.96,0.9597802
4,5,2001,2001-10-16,0.99,0.9393445
4,5,2001,2001-10-24,0.99,0.9649731
4,5,2001,2001-11-01,0.99,0.95743513
4,5,2001,2001-11-09,0.99,0.9486736
4,5,2001,2001-11-17,0.98,0.9431851
4,5,2001,2001-11-25,0.97,0.92953527
4,5,2001,2001-12-03,0.91,0.9168105
4,5,2001,2001-12-11,0.8,0.8312896
4,5,2001,2001-12-19,0.56,0.6461451
4,5,2001,2001-12-27,0.15,0.2964327
4,5,2002,2002-07-04,0.04,0.051968038
4,5,2002,2002-07-12,0.03,0.08747694
4,5,2002,2002-07-20,0.03,0.08342871
4,5,2002,2002-07-28,0.1,0.08099535
4,5,2002,2002-08-05,0.33,0.14360714
4,5,2002,2002-08-13,0.62,0.44398922
4,5,2002,2002-08-21,0.62,0.6856737
4,5,2002,2002-08-29,0.55,0.6997813
4,5,2002,2002-09-06,0.56,0.6627183
4,5,2002,2002-09-14,0.85,0.6359718
4,5,2002,2002-09-22,0.92,0.93204606
4,5,2002,2002-09-30,0.97,0.94942415
4,5,2002,2002-10-08,0.99,0.97945905
4,5,2002,2002-10-16,0.97,0.9789461
4,5,2002,2002-10-24,0.98,0.94217694
4,5,2002,2002-11-01,0.98,0.94085777
4,5,2002,2002-11-09,1.0,0.93574214
4,5,2002,2002-11-17,0.97,0.96471775
4,5,2002,2002-11-25,0.89,0.91462743
4,5,2002,2002-12-03,0.74,0.7954328
4,5,2002,2002-12-11,0.39,0.54775256
4,5,2002,2002-12-19,0.24,0.13547605
4,5,2002,2002-12-27,0.11,0.05301428
4,5,2003,2003-07-04,0.02,0.052214593
4,5,2003,2003-07-12,0.18,0.071870685
4,5,2003,2003-07-20,0.32,0.21154651
4,5,2003,2003-07-28,0.31,0.35456854
4,5,2003,2003-08-05,0.41,0.3797151
4,5,2003,2003-08-13,0.23,0.5048574
4,5,2003,2003-08-21,0.24,0.40778312
4,5,2003,2003-08-29,0.45,0.34262693
4,5,2003,2003-09-06,0.45,0.49532554
4,5,2003,2003-09-14,0.65,0.53089
4,5,2003,2003-09-22,0.75,0.76661444
4,5,2003,2003-09-30,0.86,0.8216305
4,5,2003,2003-10-08,0.97,0.9009763
4,5,2003,2003-10-16,0.98,0.9921932
4,5,2003,2003-10-24,0.99,0.9703859
4,5,2003,2003-11-01,0.94,0.9661267
4,5,2003,2003-11-09,0.9,0.8749964
4,5,2003,2003-11-17,0.64,0.823737
4,5,2003,2003-11-25,0.35,0.44601667
4,5,2003,2003-12-03,0.23,0.11088003
4,5,2003,2003-12-11,0.02,0.053802162
4,5,2003,2003-12-19,0.0,-0.016870826
4,5,2003,2003-12-27,0.0,-0.00071695447
4,5,2004,2004-07-03,0.06,0.06456277
4,5,2004,2004-07-11,0.13,0.09384641
4,5,2004,2004-07-19,0.19,0.20102781
4,5,2004,2004-07-27,0.19,0.29568273
4,5,2004,2004-08-04,0.17,0.28701416
4,5,2004,2004-08-12,0.21,0.2645023
4,5,2004,2004-08-20,0.19,0.23488551
4,5,2004,2004-08-28,0.45,0.22293079
4,5,2004,2004-09-05,0.51,0.528301
4,5,2004,2004-09-13,0.8,0.5802274
4,5,2004,2004-09-21,0.96,0.8385258
4,5,2004,2004-09-29,0.97,0.9308833
4,5,2004,2004-10-07,0.99,0.948596
4,5,2004,2004-10-15,0.96,0.9873682
4,5,2004,2004-10-23,0.97,0.92266357
4,5,2004,2004-10-31,0.96,0.92441714
4,5,2004,2004-11-08,0.83,0.8804709
4,5,2004,2004-11-16,0.48,0.69560885
4,5,2004,2004-11-24,0.1,0.19480985
4,5,2004,2004-12-02,0.06,0.05518952
4,5,2004,2004-12-10,0.0,0.054168493
4,5,2004,2004-12-18,0.0,-0.018709213
4,5,2004,2004-12-26,0.0,0.016416073
4,5,2005,2005-07-04,0.04,0.088065
4,5,2005,2005-07-12,0.04,0.09089634
4,5,2005,2005-07-20,0.04,0.10788317
4,5,2005,2005-07-28,0.13,0.11940561
4,5,2005,2005-08-05,0.27,0.19537118
4,5,2005,2005-08-13,0.1,0.31925905
4,5,2005,2005-08-21,0.18,0.19869184
4,5,2005,2005-08-29,0.42,0.21378618
4,5,2005,2005-09-06,0.65,0.49953812
4,5,2005,2005-09-14,0.9,0.7105197
4,5,2005,2005-09-22,0.98,0.9121107
4,5,2005,2005-09-30,0.95,0.9626126
4,5,2005,2005-10-08,0.98,0.9392866
4,5,2005,2005-10-16,0.99,0.95604837
4,5,2005,2005-10-24,0.99,0.93414736
4,5,2005,2005-11-01,0.97,0.9411309
4,5,2005,2005-11-09,0.96,0.9025656
4,5,2005,2005-11-17,0.86,0.8437315
4,5,2005,2005-11-25,0.71,0.595098
4,5,2005,2005-12-03,0.42,0.33292872
4,5,2005,2005-12-11,0.13,0.15259352
4,5,2005,2005-12-19,0.05,0.04976535
4,5,2005,2005-12-27,0.1,0.026164263
4,5,2006,2006-07-04,0.08,0.11094347
4,5,2006,2006-07-12,0.13,0.1281278
4,5,2006,2006-07-20,0.13,0.17618752
4,5,2006,2006-07-28,0.06,0.17908475
4,5,2006,2006-08-05,0.43,0.14147936
4,5,2006,2006-08-13,0.58,0.5193176
4,5,2006,2006-08-21,0.49,0.6022687
4,5,2006,2006-08-29,0.59,0.5482999
4,5,2006,2006-09-06,0.63,0.64555967
4,5,2006,2006-09-14,0.85,0.7133292
4,5,2006,2006-09-22,0.98,0.92033553
4,5,2006,2006-09-30,0.98,0.9942583
4,5,2006,2006-10-08,0.97,0.9745079
4,5,2006,2006-10-16,0.98,0.9500725
4,5,2006,2006-10-24,0.97,0.9386208
4,5,2006,2006-11-01,1.0,0.92388225
4,5,2006,2006-11-09,0.98,0.95771396
4,5,2006,2006-11-17,0.91,0.9238678
4,5,2006,2006-11-25,0.74,0.79122484
4,5,2006,2006-12-03,0.53,0.49759203
4,5,2006,2006-12-11,0.18,0.1982103
4,5,2006,2006-12-19,0.11,0.046214044
4,5,2006,2006-12-27,0.01,0.04168299
4,5,2007,2007-07-04,0.0,0.06039834
4,5,2007,2007-07-12,0.0,0.066033036
4,5,2007,2007-07-20,0.07,0.08004543
4,5,2007,2007-07-28,0.55,0.14012495
4,5,2007,2007-08-05,0.56,0.5842893
4,5,2007,2007-08-13,0.56,0.66583145
4,5,2007,2007-08-21,0.55,0.6741351
4,5,2007,2007-08-29,0.5,0.5941498
4,5,2007,2007-09-06,0.59,0.5277188
4,5,2007,2007-09-14,0.6,0.62126464
4,5,2007,2007-09-22,0.72,0.6947787
4,5,2007,2007-09-30,0.89,0.81778777
4,5,2007,2007-10-08,0.89,0.9453553
4,5,2007,2007-10-16,0.88,0.9133357
4,5,2007,2007-10-24,0.99,0.8727642
4,5,2007,2007-11-01,0.96,0.9867796
4,5,2007,2007-11-09,0.97,0.9441768
4,5,2007,2007-11-17,0.96,0.94009864
4,5,2007,2007-11-25,0.82,0.8799107
4,5,2007,2007-12-03,0.76,0.6327033
4,5,2007,2007-12-11,0.5,0.47665915
4,5,2007,2007-12-19,0.02,0.17655878
4,5,2007,2007-12-27,0.14,0.024580628
4,5,2008,2008-07-03,0.07,0.053920418
4,5,2008,2008-07-11,0.06,0.10640998
4,5,2008,2008-07-19,0.33,0.10512225
4,5,2008,2008-07-27,0.16,0.3830502
4,5,2008,2008-08-04,0.54,0.3644295
4,5,2008,2008-08-12,0.47,0.671206
4,5,2008,2008-08-20,0.56,0.59754837
4,5,2008,2008-08-28,0.61,0.61623025
4,5,2008,2008-09-05,0.71,0.61854756
4,5,2008,2008-09-13,0.8,0.7495682
4,5,2008,2008-09-21,0.93,0.819595
4,5,2008,2008-09-29,0.91,0.94965255
4,5,2008,2008-10-07,0.93,0.9409796
4,5,2008,2008-10-15,0.93,0.9312031
4,5,2008,2008-10-23,0.97,0.89469194
4,5,2008,2008-10-31,0.95,0.974331
4,5,2008,2008-11-08,0.91,0.9169495
4,5,2008,2008-11-16,0.92,0.8585174
4,5,2008,2008-11-24,0.76,0.8518919
4,5,2008,2008-12-02,0.63,0.5913577
4,5,2008,2008-12-10,0.43,0.3989704
4,5,2008,2008-12-18,0.18,0.15083802
4,5,2008,2008-12-26,0.11,0.031015337
4,5,2009,2009-07-04,0.02,0.049705267
4,5,2009,2009-07-12,0.05,0.07439938
4,5,2009,2009-07-20,0.34,0.099204764
4,5,2009,2009-07-28,0.38,0.4491719
4,5,2009,2009-08-05,0.45,0.44795108
4,5,2009,2009-08-13,0.45,0.5679849
4,5,2009,2009-08-21,0.45,0.5173869
4,5,2009,2009-08-29,0.51,0.5021815
4,5,2009,2009-09-06,0.78,0.5423182
4,5,2009,2009-09-14,0.84,0.82572603
4,5,2009,2009-09-22,0.92,0.86019635
4,5,2009,2009-09-30,0.92,0.9377601
4,5,2009,2009-10-08,0.92,0.90466976
4,5,2009,2009-10-16,0.95,0.88898003
4,5,2009,2009-10-24,0.95,0.9054948
4,5,2009,2009-11-01,0.91,0.91608715
4,5,2009,2009-11-09,0.94,0.8463106
4,5,2009,2009-11-17,0.88,0.8679627
4,5,2009,2009-11-25,0.66,0.79427576
4,5,2009,2009-12-03,0.25,0.45887274
4,5,2009,2009-12-11,0.09,0.060888737
4,5,2009,2009-12-19,0.03,0.04546395
4,5,2009,2009-12-27,0.0,0.004541874
4,5,2010,2010-07-04,0.02,0.064913005
4,5,2010,2010-07-12,0.06,0.06980693
4,5,2010,2010-07-20,0.09,0.11382145
4,5,2010,2010-07-28,0.19,0.22121924
4,5,2010,2010-08-05,0.41,0.32733515
4,5,2010,2010-08-13,0.41,0.5362874
4,5,2010,2010-08-21,0.39,0.5328954
4,5,2010,2010-08-29,0.37,0.47452304
4,5,2010,2010-09-06,0.36,0.4253901
4,5,2010,2010-09-14,0.39,0.48393726
4,5,2010,2010-09-22,0.36,0.51567364
4,5,2010,2010-09-30,0.59,0.48091555
4,5,2010,2010-10-08,0.86,0.69030046
4,5,2010,2010-10-16,0.89,0.92118275
4,5,2010,2010-10-24,0.93,0.9205831
4,5,2010,2010-11-01,0.84,0.94150543
4,5,2010,2010-11-09,0.84,0.77683914
4,5,2010,2010-11-17,0.82,0.7699294
4,5,2010,2010-11-25,0.7,0.72152805
4,5,2010,2010-12-03,0.41,0.52581435
4,5,2010,2010-12-11,0.17,0.13133496
4,5,2010,2010-12-19,0.08,0.048119694
4,5,2010,2010-12-27,0.01,0.029930204
4,5,2011,2011-07-04,0.05,0.07959685
4,5,2011,2011-07-12,0.06,0.09756178
4,5,2011,2011-07-20,0.04,0.119625494
4,5,2011,2011-07-28,0.21,0.11190158
4,5,2011,2011-08-05,0.16,0.2912637
4,5,2011,2011-08-13,0.2,0.31450596
4,5,2011,2011-08-21,0.2,0.33665243
4,5,2011,2011-08-29,0.43,0.30193618
4,5,2011,2011-09-06,0.45,0.50452983
4,5,2011,2011-09-14,0.53,0.53253615
4,5,2011,2011-09-22,0.96,0.5958123
4,5,2011,2011-09-30,0.96,0.9440043
4,5,2011,2011-10-08,0.95,0.9396962
4,5,2011,2011-10-16,0.97,0.96719635
4,5,2011,2011-10-24,0.98,0.9746437
4,5,2011,2011-11-01,0.98,0.9717665
4,5,2011,2011-11-09,0.95,0.9173902
4,5,2011,2011-11-17,0.97,0.87478507
4,5,2011,2011-11-25,0.71,0.8979851
4,5,2011,2011-12-03,0.68,0.52842695
4,5,2011,2011-12-11,0.35,0.36469355
4,5,2011,2011-12-19,0.1,0.09599531
4,5,2011,2011-12-27,0.08,0.033824593
4,5,2012,2012-07-03,0.1,0.064457506
4,5,2012,2012-07-11,0.06,0.13659401
4,5,2012,2012-07-19,0.02,0.11144088
4,5,2012,2012-07-27,0.01,0.06977111
4,5,2012,2012-08-04,0.06,0.092532694
4,5,2012,2012-08-12,0.1,0.12378688
4,5,2012,2012-08-20,0.1,0.17352924
4,5,2012,2012-08-28,0.13,0.17267393
4,5,2012,2012-09-05,0.26,0.2526672
4,5,2012,2012-09-13,0.48,0.36591673
4,5,2012,2012-09-21,0.68,0.57679284
4,5,2012,2012-09-29,0.81,0.79989064
4,5,2012,2012-10-07,0.9,0.8475081
4,5,2012,2012-10-15,0.92,0.90445733
4,5,2012,2012-10-23,0.93,0.9103335
4,5,2012,2012-10-31,0.88,0.90240026
4,5,2012,2012-11-08,0.77,0.8160961
4,5,2012,2012-11-16,0.45,0.6421346
4,5,2012,2012-11-24,0.14,0.24082161
4,5,2012,2012-12-02,0.07,0.022042066
4,5,2012,2012-12-10,0.0,0.033346444
4,5,2012,2012-12-18,0.0,-0.013877541
4,5,2012,2012-12-26,0.0,-0.0007008612
4,6,2001,2001-07-04,0.03,0.054638535
4,6,2001,2001-07-12,0.01,0.06554726
4,6,2001,2001-07-20,0.07,0.050770074
4,6,2001,2001-07-28,0.12,0.10670832
4,6,2001,2001-08-05,0.26,0.17258097
4,6,2001,2001-08-13,0.26,0.30343944
4,6,2001,2001-08-21,0.26,0.33984277
4,6,2001,2001-08-29,0.4,0.3605817
4,6,2001,2001-09-06,0.38,0.4966601
4,6,2001,2001-09-14,0.46,0.4778422
4,6,2001,2001-09-22,0.53,0.54302174
4,6,2001,2001-09-30,0.57,0.59027314
4,6,2001,2001-10-08,0.62,0.6400051
4,6,2001,2001-10-16,0.65,0.6575941
4,6,2001,2001-10-24,0.68,0.6720123
4,6,2001,2001-11-01,0.65,0.68573344
4,6,2001,2001-11-09,0.63,0.64402425
4,6,2001,2001-11-17,0.62,0.58488363
4,6,2001,2001-11-25,0.66,0.5734379
4,6,2001,2001-12-03,0.6,0.631227
4,6,2001,2001-12-11,0.5,0.56914425
4,6,2001,2001-12-19,0.36,0.4110449
4,6,2001,2001-12-27,0.18,0.22114214
4,6,2002,2002-07-04,0.06,0.06081918
4,6,2002,2002-07-12,0.07,0.095676824
4,6,2002,2002-07-20,0.09,0.10286848
4,6,2002,2002-07-28,0.09,0.13768724
4,6,2002,2002-08-05,0.14,0.15042776
4,6,2002,2002-08-13,0.24,0.22885841
4,6,2002,2002-08-21,0.24,0.31483725
4,6,2002,2002-08-29,0.25,0.31630504
4,6,2002,2002-09-06,0.24,0.3399344
4,6,2002,2002-09-14,0.38,0.31057814
4,6,2002,2002-09-22,0.41,0.4466477
4,6,2002,2002-09-30,0.56,0.4915216
4,6,2002,2002-10-08,0.66,0.61994565
4,6,2002,2002-10-16,0.63,0.6983309
4,6,2002,2002-10-24,0.6,0.6615635
4,6,2002,2002-11-01,0.63,0.5933833
4,6,2002,2002-11-09,0.67,0.5869754
4,6,2002,2002-11-17,0.63,0.63606966
4,6,2002,2002-11-25,0.6,0.59759426
4,6,2002,2002-12-03,0.5,0.5647668
4,6,2002,2002-12-11,0.26,0.43034542
4,6,2002,2002-12-19,0.21,0.17647965
4,6,2002,2002-12-27,0.16,0.10565224
4,6,2003,2003-07-04,0.02,0.048112243
4,6,2003,2003-07-12,0.1,0.070129424
4,6,2003,2003-07-20,0.18,0.14085911
4,6,2003,2003-07-28,0.18,0.22586013
4,6,2003,2003-08-05,0.17,0.23210695
4,6,2003,2003-08-13,0.17,0.2249552
4,6,2003,2003-08-21,0.23,0.2388784
4,6,2003,2003-08-29,0.27,0.28879842
4,6,2003,2003-09-06,0.38,0.3265526
4,6,2003,2003-09-14,0.43,0.41874206
4,6,2003,2003-09-22,0.48,0.49562746
4,6,2003,2003-09-30,0.51,0.53313494
4,6,2003,2003-10-08,0.59,0.57030034
4,6,2003,2003-10-16,0.58,0.64281905
4,6,2003,2003-10-24,0.63,0.6020438
4,6,2003,2003-11-01,0.59,0.61198545
4,6,2003,2003-11-09,0.51,0.56427646
4,6,2003,2003-11-17,0.49,0.4845419
4,6,2003,2003-11-25,0.44,0.42991605
4,6,2003,2003-12-03,0.33,0.3859095
4,6,2003,2003-12-11,0.11,0.27234447
4,6,2003,2003-12-19,0.05,0.056735277
4,6,2003,2003-12-27,0.01,0.0326024
4,6,2004,2004-07-03,0.06,0.062613845
4,6,2004,2004-07-11,0.09,0.090421885
4,6,2004,2004-07-19,0.08,0.13938078
4,6,2004,2004-07-27,0.11,0.15549016
4,6,2004,2004-08-04,0.11,0.1753723
4,6,2004,2004-08-12,0.11,0.16682255
4,6,2004,2004-08-20,0.13,0.16351965
4,6,2004,2004-08-28,0.29,0.19257757
4,6,2004,2004-09-05,0.28,0.3481973
4,6,2004,2004-09-13,0.44,0.37564728
4,6,2004,2004-09-21,0.55,0.5085269
4,6,2004,2004-09-29,0.66,0.595583
4,6,2004,2004-10-07,0.62,0.683298
4,6,2004,2004-10-15,0.6,0.6424091
4,6,2004,2004-10-23,0.6,0.5789961
4,6,2004,2004-10-31,0.53,0.5639803
4,6,2004,2004-11-08,0.49,0.48110354
4,6,2004,2004-11-16,0.47,0.40925628
4,6,2004,2004-11-24,0.26,0.39430088
4,6,2004,2004-12-02,0.17,0.22209968
4,6,2004,2004-12-10,0.01,0.116166234
4,6,2004,2004-12-18,0.03,-0.0017847121
4,6,2004,2004-12-26,0.02,0.028853267
4,6,2005,2005-07-04,0.09,0.07789555
4,6,2005,2005-07-12,0.05,0.11587043
4,6,2005,2005-07-20,0.07,0.09681323
4,6,2005,2005-07-28,0.09,0.10529812
4,6,2005,2005-08-05,0.13,0.1278039
4,6,2005,2005-08-13,0.04,0.1662235
4,6,2005,2005-08-21,0.09,0.0894393
4,6,2005,2005-08-29,0.2,0.1241844
4,6,2005,2005-09-06,0.26,0.26635906
4,6,2005,2005-09-14,0.43,0.3269653
4,6,2005,2005-09-22,0.58,0.5044604
4,6,2005,2005-09-30,0.49,0.626727
4,6,2005,2005-10-08,0.63,0.53753704
4,6,2005,2005-10-16,0.69,0.59645295
4,6,2005,2005-10-24,0.71,0.63509977
4,6,2005,2005-11-01,0.67,0.65389794
4,6,2005,2005-11-09,0.69,0.566954
4,6,2005,2005-11-17,0.61,0.5693681
4,6,2005,2005-11-25,0.53,0.4869057
4,6,2005,2005-12-03,0.36,0.35335642
4,6,2005,2005-12-11,0.27,0.19291002
4,6,2005,2005-12-19,0.16,0.12463677
4,6,2005,2005-12-27,0.17,0.09365311
4,6,2006,2006-07-04,0.1,0.07386169
4,6,2006,2006-07-12,0.11,0.14091845
4,6,2006,2006-07-20,0.13,0.1488609
4,6,2006,2006-07-28,0.11,0.17295685
4,6,2006,2006-08-05,0.27,0.1565255
4,6,2006,2006-08-13,0.3,0.3102188
4,6,2006,2006-08-21,0.26,0.32229868
4,6,2006,2006-08-29,0.33,0.29651204
4,6,2006,2006-09-06,0.38,0.3650247
4,6,2006,2006-09-14,0.52,0.4285078
4,6,2006,2006-09-22,0.61,0.5898074
4,6,2006,2006-09-30,0.65,0.6776415
4,6,2006,2006-10-08,0.67,0.6655607
4,6,2006,2006-10-16,0.65,0.6849985
4,6,2006,2006-10-24,0.69,0.65245926
4,6,2006,2006-11-01,0.7,0.678864
4,6,2006,2006-11-09,0.7,0.66129106
4,6,2006,2006-11-17,0.57,0.66350794
4,6,2006,2006-11-25,0.45,0.48381555
4,6,2006,2006-12-03,0.38,0.31372744
4,6,2006,2006-12-11,0.27,0.21850905
4,6,2006,2006-12-19,0.18,0.17490324
4,6,2006,2006-12-27,0.05,0.12818226
4,6,2007,2007-07-04,0.01,0.07957092
4,6,2007,2007-07-12,0.01,0.07912007
4,6,2007,2007-07-20,0.01,0.07585111
4,6,2007,2007-07-28,0.19,0.083375305
4,6,2007,2007-08-05,0.19,0.2363874
4,6,2007,2007-08-13,0.19,0.29116657
4,6,2007,2007-08-21,0.21,0.2993635
4,6,2007,2007-08-29,0.25,0.27802742
4,6,2007,2007-09-06,0.3,0.3242433
4,6,2007,2007-09-14,0.36,0.38493252
4,6,2007,2007-09-22,0.44,0.46969843
4,6,2007,2007-09-30,0.6,0.546775
4,6,2007,2007-10-08,0.59,0.6764928
4,6,2007,2007-10-16,0.59,0.6530231
4,6,2007,2007-10-24,0.72,0.60657763
4,6,2007,2007-11-01,0.7,0.7291223
4,6,2007,2007-11-09,0.7,0.7077491
4,6,2007,2007-11-17,0.66,0.6881921
4,6,2007,2007-11-25,0.61,0.5710752
4,6,2007,2007-12-03,0.62,0.4865061
4,6,2007,2007-12-11,0.51,0.5035667
4,6,2007,2007-12-19,0.27,0.41288856
4,6,2007,2007-12-27,0.06,0.19486496
4,6,2008,2008-07-03,0.07,0.075894356
4,6,2008,2008-07-11,0.08,0.104181856
4,6,2008,2008-07-19,0.15,0.11689541
4,6,2008,2008-07-27,0.15,0.18336514
4,6,2008,2008-08-04,0.27,0.23581876
4,6,2008,2008-08-12,0.23,0.34459054
4,6,2008,2008-08-20,0.27,0.3093797
4,6,2008,2008-08-28,0.33,0.3275471
4,6,2008,2008-09-05,0.4,0.38169232
4,6,2008,2008-09-13,0.47,0.46572274
4,6,2008,2008-09-21,0.58,0.5351256
4,6,2008,2008-09-29,0.55,0.63662314
4,6,2008,2008-10-07,0.61,0.6322688
4,6,2008,2008-10-15,0.71,0.6465523
4,6,2008,2008-10-23,0.71,0.71993756
4,6,2008,2008-10-31,0.71,0.74488556
4,6,2008,2008-11-08,0.66,0.71235895
4,6,2008,2008-11-16,0.62,0.62418723
4,6,2008,2008-11-24,0.58,0.54835254
4,6,2008,2008-12-02,0.56,0.49569526
4,6,2008,2008-12-10,0.54,0.50498605
4,6,2008,2008-12-18,0.33,0.47798145
4,6,2008,2008-12-26,0.29,0.23529442
4,6,2009,2009-07-04,0.02,0.067192525
4,6,2009,2009-07-12,0.13,0.07136479
4,6,2009,2009-07-20,0.15,0.17055893
4,6,2009,2009-07-28,0.12,0.21674149
4,6,2009,2009-08-05,0.22,0.1939051
4,6,2009,2009-08-13,0.22,0.2967633
4,6,2009,2009-08-21,0.22,0.29017246
4,6,2009,2009-08-29,0.21,0.291095
4,6,2009,2009-09-06,0.43,0.27968735
4,6,2009,2009-09-14,0.51,0.500247
4,6,2009,2009-09-22,0.65,0.5862135
4,6,2009,2009-09-30,0.65,0.7108512
4,6,2009,2009-10-08,0.66,0.67712224
4,6,2009,2009-10-16,0.72,0.667074
4,6,2009,2009-10-24,0.71,0.7282436
4,6,2009,2009-11-01,0.67,0.70576024
4,6,2009,2009-11-09,0.66,0.6387223
4,6,2009,2009-11-17,0.65,0.5851205
4,6,2009,2009-11-25,0.54,0.57403374
4,6,2009,2009-12-03,0.41,0.46017572
4,6,2009,2009-12-11,0.27,0.31779075
4,6,2009,2009-12-19,0.13,0.19179758
4,6,2009,2009-12-27,0.01,0.075574666
4,6,2010,2010-07-04,0.05,0.13532548
4,6,2010,2010-07-12,0.13,0.08126816
4,6,2010,2010-07-20,0.14,0.1773979
4,6,2010,2010-07-28,0.12,0.20229231
4,6,2010,2010-08-05,0.19,0.18037671
4,6,2010,2010-08-13,0.16,0.2515105
4,6,2010,2010-08-21,0.18,0.23212004
4,6,2010,2010-08-29,0.14,0.24009207
4,6,2010,2010-09-06,0.2,0.19395247
4,6,2010,2010-09-14,0.24,0.30252448
4,6,2010,2010-09-22,0.23,0.35839728
4,6,2010,2010-09-30,0.47,0.37367132
4,6,2010,2010-10-08,0.6,0.56209034
4,6,2010,2010-10-16,0.64,0.6646707
4,6,2010,2010-10-24,0.64,0.6952338
4,6,2010,2010-11-01,0.65,0.6525177
4,6,2010,2010-11-09,0.64,0.6170467
4,6,2010,2010-11-17,0.65,0.59326863
4,6,2010,2010-11-25,0.61,0.60570633
4,6,2010,2010-12-03,0.5,0.53415483
4,6,2010,2010-12-11,0.43,0.384569
4,6,2010,2010-12-19,0.21,0.28404257
4,6,2010,2010-12-27,0.16,0.11904879
4,6,2011,2011-07-04,0.02,0.0865331
4,6,2011,2011-07-12,0.08,0.05483225
4,6,2011,2011-07-20,0.1,0.12745531
4,6,2011,2011-07-28,0.17,0.16230026
4,6,2011,2011-08-05,0.17,0.22583456
4,6,2011,2011-08-13,0.21,0.2403332
4,6,2011,2011-08-21,0.16,0.2647282
4,6,2011,2011-08-29,0.24,0.21798375
4,6,2011,2011-09-06,0.29,0.2709189
4,6,2011,2011-09-14,0.36,0.3378446
4,6,2011,2011-09-22,0.61,0.42147067
4,6,2011,2011-09-30,0.61,0.63948035
4,6,2011,2011-10-08,0.61,0.6800315
4,6,2011,2011-10-16,0.57,0.67497385
4,6,2011,2011-10-24,0.57,0.595482
4,6,2011,2011-11-01,0.72,0.5584885
4,6,2011,2011-11-09,0.67,0.7232319
4,6,2011,2011-11-17,0.7,0.66897887
4,6,2011,2011-11-25,0.61,0.68319637
4,6,2011,2011-12-03,0.63,0.5450859
4,6,2011,2011-12-11,0.37,0.537568
4,6,2011,2011-12-19,0.26,0.26566502
4,6,2011,2011-12-27,0.19,0.12729007
4,6,2012,2012-07-03,0.14,0.04576823
4,6,2012,2012-07-11,0.13,0.15934539
4,6,2012,2012-07-19,0.06,0.17351563
4,6,2012,2012-07-27,0.05,0.12561616
4,6,2012,2012-08-04,0.11,0.11610159
4,6,2012,2012-08-12,0.18,0.16534139
4,6,2012,2012-08-20,0.17,0.24918053
4,6,2012,2012-08-28,0.18,0.23064968
4,6,2012,2012-09-05,0.32,0.24732609
4,6,2012,2012-09-13,0.39,0.38251302
4,6,2012,2012-09-21,0.51,0.4702588
4,6,2012,2012-09-29,0.54,0.6228245
4,6,2012,2012-10-07,0.62,0.61545587
4,6,2012,2012-10-15,0.68,0.6494932
4,6,2012,2012-10-23,0.63,0.6724309
4,6,2012,2012-10-31,0.54,0.6135608
4,6,2012,2012-11-08,0.52,0.53291965
4,6,2012,2012-11-16,0.47,0.47040096
4,6,2012,2012-11-24,0.32,0.43666568
4,6,2012,2012-12-02,0.27,0.27032715
4,6,2012,2012-12-10,0.12,0.2263847
4,6,2012,2012-12-18,0.04,0.07863057
4,6,2012,2012-12-26,0.01,0.03724292
4,7,2001,2001-07-04,0.08,0.083584994
4,7,2001,2001-07-12,0.02,0.094969034
4,7,2001,2001-07-20,0.04,0.046866626
4,7,2001,2001-07-28,0.02,0.06686103
4,7,2001,2001-08-05,0.06,0.05262199
4,7,2001,2001-08-13,0.08,0.08290422
4,7,2001,2001-08-21,0.08,0.10631791
4,7,2001,2001-08-29,0.15,0.13671145
4,7,2001,2001-09-06,0.16,0.20227683
4,7,2001,2001-09-14,0.18,0.20595507
4,7,2001,2001-09-22,0.17,0.2071014
4,7,2001,2001-09-30,0.19,0.18507221
4,7,2001,2001-10-08,0.18,0.2036311
4,7,2001,2001-10-16,0.13,0.1925739
4,7,2001,2001-10-24,0.13,0.14695925
4,7,2001,2001-11-01,0.07,0.1327342
4,7,2001,2001-11-09,0.07,0.10050428
4,7,2001,2001-11-17,0.03,0.09051642
4,7,2001,2001-11-25,0.15,0.06956586
4,7,2001,2001-12-03,0.11,0.1771352
4,7,2001,2001-12-11,0.12,0.13884866
4,7,2001,2001-12-19,0.07,0.12805775
4,7,2001,2001-12-27,0.09,0.08570933
4,7,2002,2002-07-04,0.05,0.12919909
4,7,2002,2002-07-12,0.05,0.06542274
4,7,2002,2002-07-20,0.02,0.053522795
4,7,2002,2002-07-28,0.02,0.04063943
4,7,2002,2002-08-05,0.02,0.041873902
4,7,2002,2002-08-13,0.06,0.052914172
4,7,2002,2002-08-21,0.06,0.09063569
4,7,2002,2002-08-29,0.06,0.091646045
4,7,2002,2002-09-06,0.1,0.10605472
4,7,2002,2002-09-14,0.16,0.1352208
4,7,2002,2002-09-22,0.22,0.18917501
4,7,2002,2002-09-30,0.24,0.23498932
4,7,2002,2002-10-08,0.27,0.24994224
4,7,2002,2002-10-16,0.18,0.25999573
4,7,2002,2002-10-24,0.12,0.1654785
4,7,2002,2002-11-01,0.13,0.106862456
4,7,2002,2002-11-09,0.1,0.10504362
4,7,2002,2002-11-17,0.05,0.09986627
4,7,2002,2002-11-25,0.05,0.059730083
4,7,2002,2002-12-03,0.04,0.08825582
4,7,2002,2002-12-11,0.03,0.07367927
4,7,2002,2002-12-19,0.06,0.06979591
4,7,2002,2002-12-27,0.08,0.07844272
4,7,2003,2003-07-04,0.05,0.06884745
4,7,2003,2003-07-12,0.06,0.06511775
4,7,2003,2003-07-20,0.05,0.08107731
4,7,2003,2003-07-28,0.05,0.071632594
4,7,2003,2003-08-05,0.06,0.07392767
4,7,2003,2003-08-13,0.07,0.0819411
4,7,2003,2003-08-21,0.07,0.10192706
4,7,2003,2003-08-29,0.14,0.10165064
4,7,2003,2003-09-06,0.24,0.15629706
4,7,2003,2003-09-14,0.28,0.25297856
4,7,2003,2003-09-22,0.24,0.30364057
4,7,2003,2003-09-30,0.19,0.26574454
4,7,2003,2003-10-08,0.21,0.19972529
4,7,2003,2003-10-16,0.13,0.2107397
4,7,2003,2003-10-24,0.14,0.13425401
4,7,2003,2003-11-01,0.09,0.12535936
4,7,2003,2003-11-09,0.05,0.1009818
4,7,2003,2003-11-17,0.1,0.07580426
4,7,2003,2003-11-25,0.1,0.10398501
4,7,2003,2003-12-03,0.12,0.114515126
4,7,2003,2003-12-11,0.07,0.13356519
4,7,2003,2003-12-19,0.08,0.0904924
4,7,2003,2003-12-27,0.04,0.1020475
4,7,2004,2004-07-03,0.06,0.065808564
4,7,2004,2004-07-11,0.06,0.07257277
4,7,2004,2004-07-19,0.05,0.081061125
4,7,2004,2004-07-27,0.06,0.07365298
4,7,2004,2004-08-04,0.05,0.08238447
4,7,2004,2004-08-12,0.11,0.0776414
4,7,2004,2004-08-20,0.09,0.12854487
4,7,2004,2004-08-28,0.17,0.11395539
4,7,2004,2004-09-05,0.17,0.19555938
4,7,2004,2004-09-13,0.24,0.21581683
4,7,2004,2004-09-21,0.24,0.2762702
4,7,2004,2004-09-29,0.24,0.24853963
4,7,2004,2004-10-07,0.21,0.2213587
4,7,2004,2004-10-15,0.12,0.19499677
4,7,2004,2004-10-23,0.1,0.1095148
4,7,2004,2004-10-31,0.1,0.09645635
4,7,2004,2004-11-08,0.08,0.09699181
4,7,2004,2004-11-16,0.09,0.08700469
4,7,2004,2004-11-24,0.06,0.1102972
4,7,2004,2004-12-02,0.04,0.09040755
4,7,2004,2004-12-10,0.02,0.07872012
4,7,2004,2004-12-18,0.09,0.049774975
4,7,2004,2004-12-26,0.07,0.10892291
4,7,2005,2005-07-04,0.13,0.12645017
4,7,2005,2005-07-12,0.09,0.10983509
4,7,2005,2005-07-20,0.08,0.08787963
4,7,2005,2005-07-28,0.07,0.087824136
4,7,2005,2005-08-05,0.09,0.08498135
4,7,2005,2005-08-13,0.04,0.10286313
4,7,2005,2005-08-21,0.03,0.07831821
4,7,2005,2005-08-29,0.17,0.062489092
4,7,2005,2005-09-06,0.15,0.20675765
4,7,2005,2005-09-14,0.29,0.18987912
4,7,2005,2005-09-22,0.29,0.32963997
4,7,2005,2005-09-30,0.22,0.3070612
4,7,2005,2005-10-08,0.33,0.22729544
4,7,2005,2005-10-16,0.23,0.2941318
4,7,2005,2005-10-24,0.24,0.19846973
4,7,2005,2005-11-01,0.15,0.19623576
4,7,2005,2005-11-09,0.15,0.12710088
4,7,2005,2005-11-17,0.08,0.1336857
4,7,2005,2005-11-25,0.14,0.08614126
4,7,2005,2005-12-03,0.07,0.13611805
4,7,2005,2005-12-11,0.06,0.078923196
4,7,2005,2005-12-19,0.06,0.06838152
4,7,2005,2005-12-27,0.11,0.08492985
4,7,2006,2006-07-04,0.13,0.10133074
4,7,2006,2006-07-12,0.1,0.13648759
4,7,2006,2006-07-20,0.11,0.1149638
4,7,2006,2006-07-28,0.05,0.124652326
4,7,2006,2006-08-05,0.18,0.0745517
4,7,2006,2006-08-13,0.16,0.19420189
4,7,2006,2006-08-21,0.13,0.16707799
4,7,2006,2006-08-29,0.22,0.13707499
4,7,2006,2006-09-06,0.23,0.24403134
4,7,2006,2006-09-14,0.22,0.2503597
4,7,2006,2006-09-22,0.25,0.2649293
4,7,2006,2006-09-30,0.23,0.26766247
4,7,2006,2006-10-08,0.25,0.22289051
4,7,2006,2006-10-16,0.2,0.26279396
4,7,2006,2006-10-24,0.16,0.19383024
4,7,2006,2006-11-01,0.19,0.15689766
4,7,2006,2006-11-09,0.12,0.16471373
4,7,2006,2006-11-17,0.11,0.1271478
4,7,2006,2006-11-25,0.06,0.106290415
4,7,2006,2006-12-03,0.05,0.08828816
4,7,2006,2006-12-11,0.05,0.07106742
4,7,2006,2006-12-19,0.04,0.07317945
4,7,2006,2006-12-27,0.05,0.070460945
4,7,2007,2007-07-04,0.09,0.17614207
4,7,2007,2007-07-12,0.16,0.11357136
4,7,2007,2007-07-20,0.11,0.15572046
4,7,2007,2007-07-28,0.13,0.12955125
4,7,2007,2007-08-05,0.13,0.13481137
4,7,2007,2007-08-13,0.12,0.16675952
4,7,2007,2007-08-21,0.11,0.15700331
4,7,2007,2007-08-29,0.14,0.13368395
4,7,2007,2007-09-06,0.15,0.1794769
4,7,2007,2007-09-14,0.25,0.19313487
4,7,2007,2007-09-22,0.27,0.27403533
4,7,2007,2007-09-30,0.29,0.2943055
4,7,2007,2007-10-08,0.3,0.29519847
4,7,2007,2007-10-16,0.3,0.29237592
4,7,2007,2007-10-24,0.23,0.27407888
4,7,2007,2007-11-01,0.19,0.2014437
4,7,2007,2007-11-09,0.15,0.17315255
4,7,2007,2007-11-17,0.08,0.13320398
4,7,2007,2007-11-25,0.09,0.08837989
4,7,2007,2007-12-03,0.13,0.09097946
4,7,2007,2007-12-11,0.07,0.1332713
4,7,2007,2007-12-19,0.05,0.095844924
4,7,2007,2007-12-27,0.02,0.07368764
4,7,2008,2008-07-03,0.12,0.22288017
4,7,2008,2008-07-11,0.12,0.11611897
4,7,2008,2008-07-19,0.08,0.1333725
4,7,2008,2008-07-27,0.07,0.09424734
4,7,2008,2008-08-04,0.13,0.10444969
4,7,2008,2008-08-12,0.13,0.15693676
4,7,2008,2008-08-20,0.11,0.16232523
4,7,2008,2008-08-28,0.22,0.13935795
4,7,2008,2008-09-05,0.26,0.23912597
4,7,2008,2008-09-13,0.26,0.2804254
4,7,2008,2008-09-21,0.31,0.29987675
4,7,2008,2008-09-29,0.23,0.3242271
4,7,2008,2008-10-07,0.27,0.24537867
4,7,2008,2008-10-15,0.26,0.26240706
4,7,2008,2008-10-23,0.22,0.25599277
4,7,2008,2008-10-31,0.21,0.20813635
4,7,2008,2008-11-08,0.16,0.1853807
4,7,2008,2008-11-16,0.14,0.14740604
4,7,2008,2008-11-24,0.11,0.12528598
4,7,2008,2008-12-02,0.09,0.11486325
4,7,2008,2008-12-10,0.06,0.119328916
4,7,2008,2008-12-18,0.07,0.08415738
4,7,2008,2008-12-26,0.07,0.08952147
4,7,2009,2009-07-04,0.13,0.18519154
4,7,2009,2009-07-12,0.14,0.108820945
4,7,2009,2009-07-20,0.14,0.1315936
4,7,2009,2009-07-28,0.09,0.13538201
4,7,2009,2009-08-05,0.11,0.10496695
4,7,2009,2009-08-13,0.13,0.13717906
4,7,2009,2009-08-21,0.13,0.15705208
4,7,2009,2009-08-29,0.09,0.15473603
4,7,2009,2009-09-06,0.22,0.14355026
4,7,2009,2009-09-14,0.24,0.2671652
4,7,2009,2009-09-22,0.35,0.2817356
4,7,2009,2009-09-30,0.35,0.38577756
4,7,2009,2009-10-08,0.35,0.34143102
4,7,2009,2009-10-16,0.34,0.33282864
4,7,2009,2009-10-24,0.27,0.3072189
4,7,2009,2009-11-01,0.25,0.23428017
4,7,2009,2009-11-09,0.23,0.21133517
4,7,2009,2009-11-17,0.2,0.19478798
4,7,2009,2009-11-25,0.2,0.18030715
4,7,2009,2009-12-03,0.07,0.18105954
4,7,2009,2009-12-11,0.05,0.080125004
4,7,2009,2009-12-19,0.04,0.05722168
4,7,2009,2009-12-27,0.0,0.05931759
4,7,2010,2010-07-04,0.19,0.3097095
4,7,2010,2010-07-12,0.16,0.13932869
4,7,2010,2010-07-20,0.21,0.116404146
4,7,2010,2010-07-28,0.11,0.18010315
4,7,2010,2010-08-05,0.15,0.11650649
4,7,2010,2010-08-13,0.12,0.14815906
4,7,2010,2010-08-21,0.09,0.13200754
4,7,2010,2010-08-29,0.07,0.11550617
4,7,2010,2010-09-06,0.16,0.084371895
4,7,2010,2010-09-14,0.22,0.20041189
4,7,2010,2010-09-22,0.18,0.26129818
4,7,2010,2010-09-30,0.38,0.24718753
4,7,2010,2010-10-08,0.33,0.40312272
4,7,2010,2010-10-16,0.33,0.3478672
4,7,2010,2010-10-24,0.35,0.31291604
4,7,2010,2010-11-01,0.23,0.29236546
4,7,2010,2010-11-09,0.21,0.19764549
4,7,2010,2010-11-17,0.22,0.17082548
4,7,2010,2010-11-25,0.16,0.18768865
4,7,2010,2010-12-03,0.11,0.16118407
4,7,2010,2010-12-11,0.12,0.0915578
4,7,2010,2010-12-19,0.03,0.101252586
4,7,2010,2010-12-27,0.09,0.044142097
4,7,2011,2011-07-04,0.15,0.1893779
4,7,2011,2011-07-12,0.15,0.113001406
4,7,2011,2011-07-20,0.14,0.123289645
4,7,2011,2011-07-28,0.12,0.15700191
4,7,2011,2011-08-05,0.15,0.12824596
4,7,2011,2011-08-13,0.16,0.16556329
4,7,2011,2011-08-21,0.11,0.17121574
4,7,2011,2011-08-29,0.2,0.12494674
4,7,2011,2011-09-06,0.21,0.19362536
4,7,2011,2011-09-14,0.32,0.23329186
4,7,2011,2011-09-22,0.27,0.3540478
4,7,2011,2011-09-30,0.27,0.28307527
4,7,2011,2011-10-08,0.21,0.31041616
4,7,2011,2011-10-16,0.22,0.2274239
4,7,2011,2011-10-24,0.17,0.22484857
4,7,2011,2011-11-01,0.24,0.18990855
4,7,2011,2011-11-09,0.18,0.22651541
4,7,2011,2011-11-17,0.2,0.18119827
4,7,2011,2011-11-25,0.08,0.20574534
4,7,2011,2011-12-03,0.12,0.096662045
4,7,2011,2011-12-11,0.08,0.11570376
4,7,2011,2011-12-19,0.05,0.094988674
4,7,2011,2011-12-27,0.08,0.061323255
4,7,2012,2012-07-03,0.15,0.16331984
4,7,2012,2012-07-11,0.14,0.14562333
4,7,2012,2012-07-19,0.09,0.15015174
4,7,2012,2012-07-27,0.11,0.11497319
4,7,2012,2012-08-04,0.14,0.13304389
4,7,2012,2012-08-12,0.24,0.1730973
4,7,2012,2012-08-20,0.12,0.27376556
4,7,2012,2012-08-28,0.16,0.15613708
4,7,2012,2012-09-05,0.28,0.19014171
4,7,2012,2012-09-13,0.39,0.29881066
4,7,2012,2012-09-21,0.35,0.4449839
4,7,2012,2012-09-29,0.45,0.37249172
4,7,2012,2012-10-07,0.41,0.42149046
4,7,2012,2012-10-15,0.37,0.36256912
4,7,2012,2012-10-23,0.29,0.32289138
4,7,2012,2012-10-31,0.21,0.23201224
4,7,2012,2012-11-08,0.16,0.19037735
4,7,2012,2012-11-16,0.15,0.14497708
4,7,2012,2012-11-24,0.09,0.15788461
4,7,2012,2012-12-02,0.11,0.09501043
4,7,2012,2012-12-10,0.07,0.12976952
4,7,2012,2012-12-18,0.04,0.09511581
4,7,2012,2012-12-26,0.08,0.069746345
4,8,2001,2001-07-04,0.18,0.17734432
4,8,2001,2001-07-12,0.1,0.19152953
4,8,2001,2001-07-20,0.09,0.1306749
4,8,2001,2001-07-28,0.07,0.11764401
4,8,2001,2001-08-05,0.11,0.107376814
4,8,2001,2001-08-13,0.16,0.13167036
4,8,2001,2001-08-21,0.17,0.19291632
4,8,2001,2001-08-29,0.22,0.22926174
4,8,2001,2001-09-06,0.23,0.26256683
4,8,2001,2001-09-14,0.24,0.25420022
4,8,2001,2001-09-22,0.32,0.2563967
4,8,2001,2001-09-30,0.37,0.3035461
4,8,2001,2001-10-08,0.26,0.33346444
4,8,2001,2001-10-16,0.26,0.24847162
4,8,2001,2001-10-24,0.25,0.22584964
4,8,2001,2001-11-01,0.07,0.2139495
4,8,2001,2001-11-09,0.06,0.102546886
4,8,2001,2001-11-17,0.08,0.07282069
4,8,2001,2001-11-25,0.11,0.097759396
4,8,2001,2001-12-03,0.09,0.15193056
4,8,2001,2001-12-11,0.09,0.12598063
4,8,2001,2001-12-19,0.06,0.11618611
4,8,2001,2001-12-27,0.09,0.10248959
4,8,2002,2002-07-04,0.25,0.3044417
4,8,2002,2002-07-12,0.2,0.25265908
4,8,2002,2002-07-20,0.19,0.18334542
4,8,2002,2002-07-28,0.16,0.17351086
4,8,2002,2002-08-05,0.18,0.16011404
4,8,2002,2002-08-13,0.22,0.19029137
4,8,2002,2002-08-21,0.23,0.23693605
4,8,2002,2002-08-29,0.2,0.2517555
4,8,2002,2002-09-06,0.25,0.23180664
4,8,2002,2002-09-14,0.33,0.25972727
4,8,2002,2002-09-22,0.42,0.3267525
4,8,2002,2002-09-30,0.35,0.42223468
4,8,2002,2002-10-08,0.35,0.37238148
4,8,2002,2002-10-16,0.25,0.3101897
4,8,2002,2002-10-24,0.2,0.22314405
4,8,2002,2002-11-01,0.21,0.18760264
4,8,2002,2002-11-09,0.14,0.1658138
4,8,2002,2002-11-17,0.14,0.13547696
4,8,2002,2002-11-25,0.15,0.1470693
4,8,2002,2002-12-03,0.14,0.17003259
4,8,2002,2002-12-11,0.2,0.16605592
4,8,2002,2002-12-19,0.14,0.20686114
4,8,2002,2002-12-27,0.17,0.16199207
4,8,2003,2003-07-04,0.25,0.2534166
4,8,2003,2003-07-12,0.3,0.25067616
4,8,2003,2003-07-20,0.21,0.27417323
4,8,2003,2003-07-28,0.31,0.22072144
4,8,2003,2003-08-05,0.23,0.27655914
4,8,2003,2003-08-13,0.29,0.2378774
4,8,2003,2003-08-21,0.33,0.2864231
4,8,2003,2003-08-29,0.44,0.31801504
4,8,2003,2003-09-06,0.47,0.40368068
4,8,2003,2003-09-14,0.5,0.4386145
4,8,2003,2003-09-22,0.34,0.47235304
4,8,2003,2003-09-30,0.29,0.35751262
4,8,2003,2003-10-08,0.29,0.26126677
4,8,2003,2003-10-16,0.17,0.25311428
4,8,2003,2003-10-24,0.11,0.1768575
4,8,2003,2003-11-01,0.16,0.12320925
4,8,2003,2003-11-09,0.12,0.16342402
4,8,2003,2003-11-17,0.19,0.15080318
4,8,2003,2003-11-25,0.19,0.20010927
4,8,2003,2003-12-03,0.23,0.2087856
4,8,2003,2003-12-11,0.16,0.24019939
4,8,2003,2003-12-19,0.17,0.2007852
4,8,2003,2003-12-27,0.15,0.18416047
4,8,2004,2004-07-03,0.31,0.30204663
4,8,2004,2004-07-11,0.29,0.2920321
4,8,2004,2004-07-19,0.32,0.28488645
4,8,2004,2004-07-27,0.33,0.28769732
4,8,2004,2004-08-04,0.33,0.32558954
4,8,2004,2004-08-12,0.37,0.31248417
4,8,2004,2004-08-20,0.32,0.35027537
4,8,2004,2004-08-28,0.52,0.32440168
4,8,2004,2004-09-05,0.49,0.49972004
4,8,2004,2004-09-13,0.53,0.48923644
4,8,2004,2004-09-21,0.43,0.50639105
4,8,2004,2004-09-29,0.42,0.3681855
4,8,2004,2004-10-07,0.28,0.3318819
4,8,2004,2004-10-15,0.16,0.23876783
4,8,2004,2004-10-23,0.18,0.14397562
4,8,2004,2004-10-31,0.17,0.14380273
4,8,2004,2004-11-08,0.09,0.17632899
4,8,2004,2004-11-16,0.23,0.13446166
4,8,2004,2004-11-24,0.2,0.2373325
4,8,2004,2004-12-02,0.19,0.23263878
4,8,2004,2004-12-10,0.16,0.2307231
4,8,2004,2004-12-18,0.24,0.17887604
4,8,2004,2004-12-26,0.21,0.23589988
4,8,2005,2005-07-04,0.43,0.36356723
4,8,2005,2005-07-12,0.37,0.38061038
4,8,2005,2005-07-20,0.33,0.35852945
4,8,2005,2005-07-28,0.33,0.3282507
4,8,2005,2005-08-05,0.42,0.32167926
4,8,2005,2005-08-13,0.31,0.39420536
4,8,2005,2005-08-21,0.3,0.3425614
4,8,2005,2005-08-29,0.41,0.30252352
4,8,2005,2005-09-06,0.49,0.4139761
4,8,2005,2005-09-14,0.59,0.4911032
4,8,2005,2005-09-22,0.56,0.57535994
4,8,2005,2005-09-30,0.48,0.5328974
4,8,2005,2005-10-08,0.47,0.45611846
4,8,2005,2005-10-16,0.4,0.3950104
4,8,2005,2005-10-24,0.34,0.33041808
4,8,2005,2005-11-01,0.3,0.29704604
4,8,2005,2005-11-09,0.26,0.27245182
4,8,2005,2005-11-17,0.28,0.23657803
4,8,2005,2005-11-25,0.26,0.27632615
4,8,2005,2005-12-03,0.19,0.2691528
4,8,2005,2005-12-11,0.26,0.21860425
4,8,2005,2005-12-19,0.2,0.24113773
4,8,2005,2005-12-27,0.34,0.2308338
4,8,2006,2006-07-04,0.51,0.35231516
4,8,2006,2006-07-12,0.39,0.45401078
4,8,2006,2006-07-20,0.39,0.3775695
4,8,2006,2006-07-28,0.35,0.35584173
4,8,2006,2006-08-05,0.44,0.3142054
4,8,2006,2006-08-13,0.43,0.41835356
4,8,2006,2006-08-21,0.38,0.40387568
4,8,2006,2006-08-29,0.44,0.3589607
4,8,2006,2006-09-06,0.47,0.41111797
4,8,2006,2006-09-14,0.44,0.46628273
4,8,2006,2006-09-22,0.51,0.46561444
4,8,2006,2006-09-30,0.48,0.48893857
4,8,2006,2006-10-08,0.41,0.44685367
4,8,2006,2006-10-16,0.38,0.3829143
4,8,2006,2006-10-24,0.21,0.33189836
4,8,2006,2006-11-01,0.18,0.21151276
4,8,2006,2006-11-09,0.17,0.173324
4,8,2006,2006-11-17,0.13,0.17352763
4,8,2006,2006-11-25,0.18,0.17620729
4,8,2006,2006-12-03,0.14,0.20718819
4,8,2006,2006-12-11,0.16,0.17721036
4,8,2006,2006-12-19,0.15,0.20039874
4,8,2006,2006-12-27,0.21,0.18499751
4,8,2007,2007-07-04,0.47,0.38571513
4,8,2007,2007-07-12,0.48,0.441637
4,8,2007,2007-07-20,0.37,0.43826187
4,8,2007,2007-07-28,0.49,0.35978347
4,8,2007,2007-08-05,0.49,0.4147138
4,8,2007,2007-08-13,0.52,0.4596428
4,8,2007,2007-08-21,0.48,0.49040577
4,8,2007,2007-08-29,0.41,0.4418386
4,8,2007,2007-09-06,0.42,0.39053398
4,8,2007,2007-09-14,0.51,0.39215505
4,8,2007,2007-09-22,0.51,0.46079743
4,8,2007,2007-09-30,0.49,0.4915454
4,8,2007,2007-10-08,0.44,0.4675442
4,8,2007,2007-10-16,0.38,0.40040147
4,8,2007,2007-10-24,0.31,0.34011084
4,8,2007,2007-11-01,0.29,0.2595478
4,8,2007,2007-11-09,0.2,0.24235855
4,8,2007,2007-11-17,0.22,0.19971216
4,8,2007,2007-11-25,0.14,0.20745802
4,8,2007,2007-12-03,0.24,0.17508051
4,8,2007,2007-12-11,0.18,0.2292735
4,8,2007,2007-12-19,0.16,0.20821027
4,8,2007,2007-12-27,0.15,0.18976757
4,8,2008,2008-07-03,0.52,0.5187274
4,8,2008,2008-07-11,0.51,0.47592977
4,8,2008,2008-07-19,0.46,0.46883404
4,8,2008,2008-07-27,0.41,0.3973845
4,8,2008,2008-08-04,0.54,0.38761848
4,8,2008,2008-08-12,0.49,0.49841648
4,8,2008,2008-08-20,0.44,0.48568988
4,8,2008,2008-08-28,0.52,0.42207807
4,8,2008,2008-09-05,0.55,0.44985124
4,8,2008,2008-09-13,0.44,0.49871838
4,8,2008,2008-09-21,0.48,0.44345355
4,8,2008,2008-09-29,0.4,0.44896534
4,8,2008,2008-10-07,0.31,0.3804932
4,8,2008,2008-10-15,0.18,0.29504356
4,8,2008,2008-10-23,0.23,0.17678428
4,8,2008,2008-10-31,0.17,0.20224227
4,8,2008,2008-11-08,0.21,0.18727615
4,8,2008,2008-11-16,0.09,0.20971628
4,8,2008,2008-11-24,0.13,0.1374253
4,8,2008,2008-12-02,0.13,0.14265288
4,8,2008,2008-12-10,0.19,0.16938116
4,8,2008,2008-12-18,0.17,0.21360835
4,8,2008,2008-12-26,0.18,0.19723989
4,8,2009,2009-07-04,0.46,0.510388
4,8,2009,2009-07-12,0.47,0.44289005
4,8,2009,2009-07-20,0.53,0.4377448
4,8,2009,2009-07-28,0.47,0.48254636
4,8,2009,2009-08-05,0.46,0.4480565
4,8,2009,2009-08-13,0.47,0.45907408
4,8,2009,2009-08-21,0.47,0.45254135
4,8,2009,2009-08-29,0.45,0.4475571
4,8,2009,2009-09-06,0.6,0.4462385
4,8,2009,2009-09-14,0.57,0.57459843
4,8,2009,2009-09-22,0.51,0.5436733
4,8,2009,2009-09-30,0.55,0.49364075
4,8,2009,2009-10-08,0.48,0.48565003
4,8,2009,2009-10-16,0.43,0.42875507
4,8,2009,2009-10-24,0.24,0.36017847
4,8,2009,2009-11-01,0.18,0.2329941
4,8,2009,2009-11-09,0.15,0.17298976
4,8,2009,2009-11-17,0.16,0.16622484
4,8,2009,2009-11-25,0.14,0.16591786
4,8,2009,2009-12-03,0.11,0.16743731
4,8,2009,2009-12-11,0.11,0.14987604
4,8,2009,2009-12-19,0.14,0.16069736
4,8,2009,2009-12-27,0.14,0.17795129
4,8,2010,2010-07-04,0.43,0.60334325
4,8,2010,2010-07-12,0.57,0.41593575
4,8,2010,2010-07-20,0.58,0.47133863
4,8,2010,2010-07-28,0.51,0.5282026
4,8,2010,2010-08-05,0.57,0.4899935
4,8,2010,2010-08-13,0.5,0.50421834
4,8,2010,2010-08-21,0.48,0.46090508
4,8,2010,2010-08-29,0.39,0.4450156
4,8,2010,2010-09-06,0.43,0.36320752
4,8,2010,2010-09-14,0.47,0.42294204
4,8,2010,2010-09-22,0.51,0.4573725
4,8,2010,2010-09-30,0.69,0.48374975
4,8,2010,2010-10-08,0.62,0.63053846
4,8,2010,2010-10-16,0.51,0.5798123
4,8,2010,2010-10-24,0.48,0.46651855
4,8,2010,2010-11-01,0.34,0.36070037
4,8,2010,2010-11-09,0.31,0.26729968
4,8,2010,2010-11-17,0.28,0.24810775
4,8,2010,2010-11-25,0.29,0.24630497
4,8,2010,2010-12-03,0.15,0.26622483
4,8,2010,2010-12-11,0.24,0.17472908
4,8,2010,2010-12-19,0.14,0.21523279
4,8,2010,2010-12-27,0.19,0.16988423
4,8,2011,2011-07-04,0.54,0.5685757
4,8,2011,2011-07-12,0.59,0.48794913
4,8,2011,2011-07-20,0.56,0.5434556
4,8,2011,2011-07-28,0.48,0.55161095
4,8,2011,2011-08-05,0.5,0.48065516
4,8,2011,2011-08-13,0.58,0.48110938
4,8,2011,2011-08-21,0.44,0.53811634
4,8,2011,2011-08-29,0.55,0.45515162
4,8,2011,2011-09-06,0.57,0.49082273
4,8,2011,2011-09-14,0.49,0.52769333
4,8,2011,2011-09-22,0.45,0.49976015
4,8,2011,2011-09-30,0.42,0.45528135
4,8,2011,2011-10-08,0.25,0.457193
4,8,2011,2011-10-16,0.21,0.32406586
4,8,2011,2011-10-24,0.13,0.23329863
4,8,2011,2011-11-01,0.05,0.1721211
4,8,2011,2011-11-09,0.16,0.11789583
4,8,2011,2011-11-17,0.13,0.18027566
4,8,2011,2011-11-25,0.18,0.1827938
4,8,2011,2011-12-03,0.16,0.22780076
4,8,2011,2011-12-11,0.19,0.18725374
4,8,2011,2011-12-19,0.13,0.22336131
4,8,2011,2011-12-27,0.12,0.16960846
4,8,2012,2012-07-03,0.57,0.49352103
4,8,2012,2012-07-11,0.52,0.53344935
4,8,2012,2012-07-19,0.54,0.5177896
4,8,2012,2012-07-27,0.55,0.5236316
4,8,2012,2012-08-04,0.58,0.51314825
4,8,2012,2012-08-12,0.62,0.54678357
4,8,2012,2012-08-20,0.52,0.5993919
4,8,2012,2012-08-28,0.51,0.50728095
4,8,2012,2012-09-05,0.65,0.4948781
4,8,2012,2012-09-13,0.68,0.60552645
4,8,2012,2012-09-21,0.57,0.6365051
4,8,2012,2012-09-29,0.53,0.55113363
4,8,2012,2012-10-07,0.45,0.48218778
4,8,2012,2012-10-15,0.3,0.38508317
4,8,2012,2012-10-23,0.23,0.27709335
4,8,2012,2012-10-31,0.11,0.20477673
4,8,2012,2012-11-08,0.13,0.12517634
4,8,2012,2012-11-16,0.15,0.15464363
4,8,2012,2012-11-24,0.16,0.17452788
4,8,2012,2012-12-02,0.13,0.20349851
4,8,2012,2012-12-10,0.18,0.17761946
4,8,2012,2012-12-18,0.08,0.21069327
4,8,2012,2012-12-26,0.21,0.14017797
4,9,2001,2001-07-04,0.51,0.45691055
4,9,2001,2001-07-12,0.4,0.4722731
4,9,2001,2001-07-20,0.39,0.41733503
4,9,2001,2001-07-28,0.37,0.39813572
4,9,2001,2001-08-05,0.28,0.38658604
4,9,2001,2001-08-13,0.25,0.33019143
4,9,2001,2001-08-21,0.37,0.29932386
4,9,2001,2001-08-29,0.37,0.361888
4,9,2001,2001-09-06,0.41,0.40826887
4,9,2001,2001-09-14,0.38,0.42539638
4,9,2001,2001-09-22,0.5,0.41775802
4,9,2001,2001-09-30,0.53,0.48131946
4,9,2001,2001-10-08,0.51,0.5092835
4,9,2001,2001-10-16,0.53,0.5228363
4,9,2001,2001-10-24,0.53,0.5323043
4,9,2001,2001-11-01,0.49,0.5222342
4,9,2001,2001-11-09,0.5,0.49871626
4,9,2001,2001-11-17,0.36,0.46987617
4,9,2001,2001-11-25,0.45,0.40793493
4,9,2001,2001-12-03,0.45,0.42728043
4,9,2001,2001-12-11,0.4,0.4392304
4,9,2001,2001-12-19,0.37,0.42046502
4,9,2001,2001-12-27,0.41,0.38420525
4,9,2002,2002-07-04,0.79,0.78172135
4,9,2002,2002-07-12,0.75,0.7419071
4,9,2002,2002-07-20,0.68,0.688527
4,9,2002,2002-07-28,0.62,0.6343998
4,9,2002,2002-08-05,0.68,0.5886927
4,9,2002,2002-08-13,0.69,0.59735954
4,9,2002,2002-08-21,0.69,0.6065426
4,9,2002,2002-08-29,0.63,0.63006413
4,9,2002,2002-09-06,0.55,0.6049317
4,9,2002,2002-09-14,0.65,0.5568696
4,9,2002,2002-09-22,0.7,0.5831834
4,9,2002,2002-09-30,0.64,0.6387243
4,9,2002,2002-10-08,0.75,0.6310235
4,9,2002,2002-10-16,0.73,0.6759987
4,9,2002,2002-10-24,0.68,0.6790098
4,9,2002,2002-11-01,0.74,0.6575061
4,9,2002,2002-11-09,0.62,0.6723453
4,9,2002,2002-11-17,0.63,0.61697423
4,9,2002,2002-11-25,0.62,0.5855827
4,9,2002,2002-12-03,0.56,0.58298814
4,9,2002,2002-12-11,0.4,0.55908453
4,9,2002,2002-12-19,0.5,0.4600001
4,9,2002,2002-12-27,0.58,0.4636284
4,9,2003,2003-07-04,0.77,0.7663799
4,9,2003,2003-07-12,0.77,0.7402506
4,9,2003,2003-07-20,0.75,0.7301234
4,9,2003,2003-07-28,0.77,0.7095697
4,9,2003,2003-08-05,0.66,0.7104488
4,9,2003,2003-08-13,0.66,0.66485786
4,9,2003,2003-08-21,0.67,0.6518706
4,9,2003,2003-08-29,0.71,0.6506827
4,9,2003,2003-09-06,0.75,0.66501796
4,9,2003,2003-09-14,0.84,0.68071306
4,9,2003,2003-09-22,0.75,0.7433921
4,9,2003,2003-09-30,0.72,0.7247044
4,9,2003,2003-10-08,0.78,0.6971359
4,9,2003,2003-10-16,0.69,0.72836494
4,9,2003,2003-10-24,0.59,0.6897329
4,9,2003,2003-11-01,0.61,0.6225921
4,9,2003,2003-11-09,0.5,0.6103145
4,9,2003,2003-11-17,0.64,0.5422622
4,9,2003,2003-11-25,0.54,0.5960852
4,9,2003,2003-12-03,0.52,0.5636647
4,9,2003,2003-12-11,0.54,0.5416137
4,9,2003,2003-12-19,0.51,0.5116154
4,9,2003,2003-12-27,0.61,0.51309526
4,9,2004,2004-07-03,0.75,0.7543801
4,9,2004,2004-07-11,0.75,0.72779024
4,9,2004,2004-07-19,0.79,0.72219944
4,9,2004,2004-07-27,0.78,0.7386597
4,9,2004,2004-08-04,0.75,0.7414719
4,9,2004,2004-08-12,0.73,0.713597
4,9,2004,2004-08-20,0.71,0.69603074
4,9,2004,2004-08-28,0.84,0.6826726
4,9,2004,2004-09-05,0.81,0.7537013
4,9,2004,2004-09-13,0.87,0.7583295
4,9,2004,2004-09-21,0.74,0.8007357
4,9,2004,2004-09-29,0.82,0.7352981
4,9,2004,2004-10-07,0.79,0.75638807
4,9,2004,2004-10-15,0.53,0.7505263
4,9,2004,2004-10-23,0.62,0.61120296
4,9,2004,2004-10-31,0.55,0.58402383
4,9,2004,2004-11-08,0.4,0.5500113
4,9,2004,2004-11-16,0.68,0.47106975
4,9,2004,2004-11-24,0.63,0.6002871
4,9,2004,2004-12-02,0.57,0.60521555
4,9,2004,2004-12-10,0.58,0.5833223
4,9,2004,2004-12-18,0.7,0.5646494
4,9,2004,2004-12-26,0.71,0.62548804
4,9,2005,2005-07-04,0.81,0.7709402
4,9,2005,2005-07-12,0.78,0.76385844
4,9,2005,2005-07-20,0.78,0.7496381
4,9,2005,2005-07-28,0.77,0.7506549
4,9,2005,2005-08-05,0.78,0.7434472
4,9,2005,2005-08-13,0.79,0.7430529
4,9,2005,2005-08-21,0.73,0.7457688
4,9,2005,2005-08-29,0.82,0.71547365
4,9,2005,2005-09-06,0.84,0.76935065
4,9,2005,2005-09-14,0.87,0.7831508
4,9,2005,2005-09-22,0.86,0.809451
4,9,2005,2005-09-30,0.81,0.7978748
4,9,2005,2005-10-08,0.84,0.78267896
4,9,2005,2005-10-16,0.82,0.7883452
4,9,2005,2005-10-24,0.72,0.7485124
4,9,2005,2005-11-01,0.72,0.7028166
4,9,2005,2005-11-09,0.74,0.6798302
4,9,2005,2005-11-17,0.69,0.66840816
4,9,2005,2005-11-25,0.58,0.67863667
4,9,2005,2005-12-03,0.53,0.62137103
4,9,2005,2005-12-11,0.55,0.5626509
4,9,2005,2005-12-19,0.6,0.5480029
4,9,2005,2005-12-27,0.63,0.595596
4,9,2006,2006-07-04,0.79,0.7184366
4,9,2006,2006-07-12,0.71,0.74326456
4,9,2006,2006-07-20,0.68,0.7046672
4,9,2006,2006-07-28,0.65,0.67808497
4,9,2006,2006-08-05,0.67,0.64974236
4,9,2006,2006-08-13,0.76,0.6586572
4,9,2006,2006-08-21,0.66,0.70995873
4,9,2006,2006-08-29,0.73,0.6670834
4,9,2006,2006-09-06,0.63,0.70267713
4,9,2006,2006-09-14,0.63,0.6576803
4,9,2006,2006-09-22,0.77,0.6514677
4,9,2006,2006-09-30,0.72,0.71837354
4,9,2006,2006-10-08,0.72,0.70500845
4,9,2006,2006-10-16,0.58,0.7079041
4,9,2006,2006-10-24,0.47,0.6257101
4,9,2006,2006-11-01,0.47,0.526092
4,9,2006,2006-11-09,0.47,0.49114895
4,9,2006,2006-11-17,0.4,0.5022637
4,9,2006,2006-11-25,0.44,0.47076482
4,9,2006,2006-12-03,0.41,0.45834583
4,9,2006,2006-12-11,0.49,0.4374859
4,9,2006,2006-12-19,0.41,0.48268473
4,9,2006,2006-12-27,0.52,0.46839103
4,9,2007,2007-07-04,0.65,0.7198473
4,9,2007,2007-07-12,0.63,0.6724422
4,9,2007,2007-07-20,0.63,0.6350386
4,9,2007,2007-07-28,0.7,0.6212667
4,9,2007,2007-08-05,0.7,0.6522981
4,9,2007,2007-08-13,0.68,0.66733724
4,9,2007,2007-08-21,0.59,0.67392623
4,9,2007,2007-08-29,0.55,0.617962
4,9,2007,2007-09-06,0.61,0.58375794
4,9,2007,2007-09-14,0.57,0.5883384
4,9,2007,2007-09-22,0.6,0.5795096
4,9,2007,2007-09-30,0.6,0.607817
4,9,2007,2007-10-08,0.63,0.6091755
4,9,2007,2007-10-16,0.59,0.6237853
4,9,2007,2007-10-24,0.55,0.5898652
4,9,2007,2007-11-01,0.64,0.5474339
4,9,2007,2007-11-09,0.47,0.57865256
4,9,2007,2007-11-17,0.57,0.5194112
4,9,2007,2007-11-25,0.43,0.5320668
4,9,2007,2007-12-03,0.49,0.4741168
4,9,2007,2007-12-11,0.44,0.48306298
4,9,2007,2007-12-19,0.45,0.46965802
4,9,2007,2007-12-27,0.45,0.4645571
4,9,2008,2008-07-03,0.75,0.74382305
4,9,2008,2008-07-11,0.73,0.71290284
4,9,2008,2008-07-19,0.7,0.69087017
4,9,2008,2008-07-27,0.66,0.6692033
4,9,2008,2008-08-04,0.71,0.65495896
4,9,2008,2008-08-12,0.74,0.6738024
4,9,2008,2008-08-20,0.55,0.6914344
4,9,2008,2008-08-28,0.64,0.595183
4,9,2008,2008-09-05,0.7,0.5959211
4,9,2008,2008-09-13,0.6,0.6399258
4,9,2008,2008-09-21,0.61,0.6101421
4,9,2008,2008-09-29,0.53,0.6008539
4,9,2008,2008-10-07,0.49,0.55363536
4,9,2008,2008-10-15,0.49,0.52666426
4,9,2008,2008-10-23,0.43,0.5070946
4,9,2008,2008-10-31,0.43,0.47171122
4,9,2008,2008-11-08,0.56,0.47064808
4,9,2008,2008-11-16,0.32,0.51323754
4,9,2008,2008-11-24,0.37,0.43727612
4,9,2008,2008-12-02,0.4,0.39826584
4,9,2008,2008-12-10,0.44,0.40920752
4,9,2008,2008-12-18,0.43,0.44337797
4,9,2008,2008-12-26,0.41,0.45062724
4,9,2009,2009-07-04,0.61,0.69714844
4,9,2009,2009-07-12,0.71,0.64531636
4,9,2009,2009-07-20,0.76,0.6739993
4,9,2009,2009-07-28,0.67,0.70551777
4,9,2009,2009-08-05,0.66,0.6720573
4,9,2009,2009-08-13,0.6,0.65932727
4,9,2009,2009-08-21,0.6,0.62583107
4,9,2009,2009-08-29,0.53,0.5931723
4,9,2009,2009-09-06,0.71,0.558566
4,9,2009,2009-09-14,0.68,0.6516284
4,9,2009,2009-09-22,0.56,0.65385926
4,9,2009,2009-09-30,0.59,0.6011975
4,9,2009,2009-10-08,0.6,0.5738764
4,9,2009,2009-10-16,0.59,0.57365656
4,9,2009,2009-10-24,0.47,0.5755933
4,9,2009,2009-11-01,0.42,0.5109054
4,9,2009,2009-11-09,0.38,0.45748234
4,9,2009,2009-11-17,0.43,0.43669474
4,9,2009,2009-11-25,0.41,0.4295206
4,9,2009,2009-12-03,0.37,0.42558274
4,9,2009,2009-12-11,0.36,0.41147107
4,9,2009,2009-12-19,0.4,0.4085077
4,9,2009,2009-12-27,0.42,0.42137975
4,9,2010,2010-07-04,0.69,0.7540946
4,9,2010,2010-07-12,0.8,0.6913694
4,9,2010,2010-07-20,0.8,0.7364037
4,9,2010,2010-07-28,0.79,0.750399
4,9,2010,2010-08-05,0.81,0.74211705
4,9,2010,2010-08-13,0.77,0.74886155
4,9,2010,2010-08-21,0.71,0.7242296
4,9,2010,2010-08-29,0.7,0.69035864
4,9,2010,2010-09-06,0.67,0.66418004
4,9,2010,2010-09-14,0.73,0.66632676
4,9,2010,2010-09-22,0.7,0.68974996
4,9,2010,2010-09-30,0.85,0.6695868
4,9,2010,2010-10-08,0.83,0.7397554
4,9,2010,2010-10-16,0.87,0.7510481
4,9,2010,2010-10-24,0.81,0.7743437
4,9,2010,2010-11-01,0.61,0.74140954
4,9,2010,2010-11-09,0.72,0.6302154
4,9,2010,2010-11-17,0.58,0.6369617
4,9,2010,2010-11-25,0.65,0.5844284
4,9,2010,2010-12-03,0.43,0.6023983
4,9,2010,2010-12-11,0.55,0.49687642
4,9,2010,2010-12-19,0.46,0.51099086
4,9,2010,2010-12-27,0.36,0.47973847
4,9,2011,2011-07-04,0.77,0.71862566
4,9,2011,2011-07-12,0.71,0.7205331
4,9,2011,2011-07-20,0.71,0.70497644
4,9,2011,2011-07-28,0.68,0.70266366
4,9,2011,2011-08-05,0.69,0.6852634
4,9,2011,2011-08-13,0.76,0.6855397
4,9,2011,2011-08-21,0.7,0.71329224
4,9,2011,2011-08-29,0.72,0.6904093
4,9,2011,2011-09-06,0.72,0.6920173
4,9,2011,2011-09-14,0.72,0.6883577
4,9,2011,2011-09-22,0.73,0.6962156
4,9,2011,2011-09-30,0.76,0.69887376
4,9,2011,2011-10-08,0.55,0.7295805
4,9,2011,2011-10-16,0.59,0.64345884
4,9,2011,2011-10-24,0.44,0.6282995
4,9,2011,2011-11-01,0.34,0.53656095
4,9,2011,2011-11-09,0.54,0.442864
4,9,2011,2011-11-17,0.51,0.5136134
4,9,2011,2011-11-25,0.6,0.52574223
4,9,2011,2011-12-03,0.48,0.5821506
4,9,2011,2011-12-11,0.61,0.5190331
4,9,2011,2011-12-19,0.41,0.570107
4,9,2011,2011-12-27,0.43,0.48935646
4,9,2012,2012-07-03,0.69,0.6384394
4,9,2012,2012-07-11,0.62,0.66666436
4,9,2012,2012-07-19,0.64,0.63924956
4,9,2012,2012-07-27,0.68,0.6399379
4,9,2012,2012-08-04,0.66,0.6520467
4,9,2012,2012-08-12,0.66,0.6527418
4,9,2012,2012-08-20,0.61,0.6601753
4,9,2012,2012-08-28,0.59,0.6321665
4,9,2012,2012-09-05,0.64,0.61403596
4,9,2012,2012-09-13,0.85,0.62910986
4,9,2012,2012-09-21,0.64,0.7298418
4,9,2012,2012-09-29,0.77,0.6790261
4,9,2012,2012-10-07,0.63,0.7190564
4,9,2012,2012-10-15,0.54,0.64065236
4,9,2012,2012-10-23,0.47,0.58343184
4,9,2012,2012-10-31,0.38,0.49972016
4,9,2012,2012-11-08,0.4,0.43144932
4,9,2012,2012-11-16,0.4,0.43773538
4,9,2012,2012-11-24,0.42,0.44587997
4,9,2012,2012-12-02,0.44,0.4688229
4,9,2012,2012-12-10,0.51,0.46644512
4,9,2012,2012-12-18,0.47,0.51344424
4,9,2012,2012-12-26,0.48,0.49317396
4,10,2001,2001-07-04,0.66,0.5768436
4,10,2001,2001-07-12,0.48,0.59199727
4,10,2001,2001-07-20,0.56,0.5143969
4,10,2001,2001-07-28,0.52,0.5153272
4,10,2001,2001-08-05,0.53,0.50035816
4,10,2001,2001-08-13,0.54,0.50121623
4,10,2001,2001-08-21,0.52,0.50435644
4,10,2001,2001-08-29,0.49,0.5089094
4,10,2001,2001-09-06,0.52,0.5007747
4,10,2001,2001-09-14,0.43,0.49461108
4,10,2001,2001-09-22,0.61,0.467085
4,10,2001,2001-09-30,0.55,0.5417983
4,10,2001,2001-10-08,0.59,0.54584926
4,10,2001,2001-10-16,0.67,0.5780729
4,10,2001,2001-10-24,0.63,0.6192318
4,10,2001,2001-11-01,0.62,0.6105466
4,10,2001,2001-11-09,0.44,0.6061462
4,10,2001,2001-11-17,0.45,0.50606245
4,10,2001,2001-11-25,0.56,0.4672121
4,10,2001,2001-12-03,0.64,0.49603736
4,10,2001,2001-12-11,0.55,0.54853904
4,10,2001,2001-12-19,0.61,0.54058397
4,10,2001,2001-12-27,0.68,0.555424
4,10,2002,2002-07-04,0.83,0.80632126
4,10,2002,2002-07-12,0.79,0.77739656
4,10,2002,2002-07-20,0.76,0.7269292
4,10,2002,2002-07-28,0.69,0.70785546
4,10,2002,2002-08-05,0.79,0.66416633
4,10,2002,2002-08-13,0.79,0.70286834
4,10,2002,2002-08-21,0.79,0.7132827
4,10,2002,2002-08-29,0.71,0.7173612
4,10,2002,2002-09-06,0.67,0.6772224
4,10,2002,2002-09-14,0.71,0.6468478
4,10,2002,2002-09-22,0.75,0.643826
4,10,2002,2002-09-30,0.72,0.6874901
4,10,2002,2002-10-08,0.76,0.6792747
4,10,2002,2002-10-16,0.75,0.6997391
4,10,2002,2002-10-24,0.73,0.7076003
4,10,2002,2002-11-01,0.77,0.69666666
4,10,2002,2002-11-09,0.68,0.7095684
4,10,2002,2002-11-17,0.75,0.6492723
4,10,2002,2002-11-25,0.74,0.66841996
4,10,2002,2002-12-03,0.7,0.68300045
4,10,2002,2002-12-11,0.51,0.68101907
4,10,2002,2002-12-19,0.67,0.57673943
4,10,2002,2002-12-27,0.69,0.61838865
4,10,2003,2003-07-04,0.88,0.7881151
4,10,2003,2003-07-12,0.85,0.80508685
4,10,2003,2003-07-20,0.84,0.7933756
4,10,2003,2003-07-28,0.85,0.78382695
4,10,2003,2003-08-05,0.76,0.7786292
4,10,2003,2003-08-13,0.71,0.74694395
4,10,2003,2003-08-21,0.69,0.7123624
4,10,2003,2003-08-29,0.75,0.6896878
4,10,2003,2003-09-06,0.79,0.7023123
4,10,2003,2003-09-14,0.78,0.72288716
4,10,2003,2003-09-22,0.67,0.7313553
4,10,2003,2003-09-30,0.68,0.68853045
4,10,2003,2003-10-08,0.75,0.6718128
4,10,2003,2003-10-16,0.59,0.7044196
4,10,2003,2003-10-24,0.57,0.6410469
4,10,2003,2003-11-01,0.64,0.6031712
4,10,2003,2003-11-09,0.56,0.6263273
4,10,2003,2003-11-17,0.67,0.5929859
4,10,2003,2003-11-25,0.63,0.6419632
4,10,2003,2003-12-03,0.64,0.635823
4,10,2003,2003-12-11,0.71,0.6376152
4,10,2003,2003-12-19,0.61,0.64402163
4,10,2003,2003-12-27,0.64,0.6252421
4,10,2004,2004-07-03,0.79,0.7807758
4,10,2004,2004-07-11,0.82,0.7689847
4,10,2004,2004-07-19,0.88,0.77584815
4,10,2004,2004-07-27,0.82,0.8061852
4,10,2004,2004-08-04,0.7,0.78565407
4,10,2004,2004-08-12,0.74,0.7121548
4,10,2004,2004-08-20,0.68,0.7021351
4,10,2004,2004-08-28,0.77,0.66849226
4,10,2004,2004-09-05,0.82,0.7175554
4,10,2004,2004-09-13,0.83,0.7555975
4,10,2004,2004-09-21,0.69,0.7696073
4,10,2004,2004-09-29,0.76,0.6977272
4,10,2004,2004-10-07,0.83,0.7097322
4,10,2004,2004-10-15,0.69,0.7562796
4,10,2004,2004-10-23,0.69,0.68833137
4,10,2004,2004-10-31,0.63,0.6607641
4,10,2004,2004-11-08,0.55,0.62773013
4,10,2004,2004-11-16,0.79,0.57757854
4,10,2004,2004-11-24,0.76,0.6917212
4,10,2004,2004-12-02,0.66,0.7021866
4,10,2004,2004-12-10,0.72,0.66939926
4,10,2004,2004-12-18,0.85,0.6865157
4,10,2004,2004-12-26,0.85,0.74145925
4,10,2005,2005-07-04,0.86,0.7556776
4,10,2005,2005-07-12,0.82,0.78716815
4,10,2005,2005-07-20,0.78,0.776461
4,10,2005,2005-07-28,0.79,0.7632147
4,10,2005,2005-08-05,0.78,0.7558329
4,10,2005,2005-08-13,0.77,0.73444617
4,10,2005,2005-08-21,0.7,0.73138154
4,10,2005,2005-08-29,0.72,0.6900364
4,10,2005,2005-09-06,0.76,0.69964254
4,10,2005,2005-09-14,0.73,0.7240777
4,10,2005,2005-09-22,0.77,0.71836746
4,10,2005,2005-09-30,0.7,0.7189169
4,10,2005,2005-10-08,0.82,0.6949221
4,10,2005,2005-10-16,0.8,0.7547926
4,10,2005,2005-10-24,0.66,0.74325955
4,10,2005,2005-11-01,0.69,0.6797918
4,10,2005,2005-11-09,0.74,0.6594521
4,10,2005,2005-11-17,0.76,0.6726444
4,10,2005,2005-11-25,0.65,0.7177695
4,10,2005,2005-12-03,0.61,0.6773615
4,10,2005,2005-12-11,0.58,0.6280571
4,10,2005,2005-12-19,0.63,0.5967164
4,10,2005,2005-12-27,0.6,0.6358705
4,10,2006,2006-07-04,0.81,0.73227644
4,10,2006,2006-07-12,0.72,0.76136816
4,10,2006,2006-07-20,0.67,0.71954864
4,10,2006,2006-07-28,0.58,0.67958045
4,10,2006,2006-08-05,0.65,0.61689174
4,10,2006,2006-08-13,0.68,0.63713783
4,10,2006,2006-08-21,0.6,0.65790147
4,10,2006,2006-08-29,0.62,0.62241936
4,10,2006,2006-09-06,0.58,0.6189561
4,10,2006,2006-09-14,0.59,0.6033677
4,10,2006,2006-09-22,0.68,0.6025554
4,10,2006,2006-09-30,0.68,0.6482578
4,10,2006,2006-10-08,0.69,0.65592015
4,10,2006,2006-10-16,0.61,0.678947
4,10,2006,2006-10-24,0.56,0.6430106
4,10,2006,2006-11-01,0.56,0.5875377
4,10,2006,2006-11-09,0.57,0.568601
4,10,2006,2006-11-17,0.53,0.5823449
4,10,2006,2006-11-25,0.47,0.5735041
4,10,2006,2006-12-03,0.46,0.5238202
4,10,2006,2006-12-11,0.54,0.49191287
4,10,2006,2006-12-19,0.55,0.52174526
4,10,2006,2006-12-27,0.72,0.55161965
4,10,2007,2007-07-04,0.66,0.70274395
4,10,2007,2007-07-12,0.61,0.6746595
4,10,2007,2007-07-20,0.61,0.6282463
4,10,2007,2007-07-28,0.61,0.6089262
4,10,2007,2007-08-05,0.6,0.5937068
4,10,2007,2007-08-13,0.58,0.5984393
4,10,2007,2007-08-21,0.48,0.5944027
4,10,2007,2007-08-29,0.55,0.53782225
4,10,2007,2007-09-06,0.54,0.5461033
4,10,2007,2007-09-14,0.53,0.54393816
4,10,2007,2007-09-22,0.51,0.54618484
4,10,2007,2007-09-30,0.54,0.54388016
4,10,2007,2007-10-08,0.55,0.55680656
4,10,2007,2007-10-16,0.61,0.5663936
4,10,2007,2007-10-24,0.52,0.5869623
4,10,2007,2007-11-01,0.62,0.5501445
4,10,2007,2007-11-09,0.57,0.5810592
4,10,2007,2007-11-17,0.62,0.5728568
4,10,2007,2007-11-25,0.49,0.59061587
4,10,2007,2007-12-03,0.55,0.5292051
4,10,2007,2007-12-11,0.52,0.53067243
4,10,2007,2007-12-19,0.56,0.52856123
4,10,2007,2007-12-27,0.59,0.55242634
4,10,2008,2008-07-03,0.64,0.7026067
4,10,2008,2008-07-11,0.61,0.65469146
4,10,2008,2008-07-19,0.61,0.6078154
4,10,2008,2008-07-27,0.58,0.59503233
4,10,2008,2008-08-04,0.58,0.58307856
4,10,2008,2008-08-12,0.65,0.5777391
4,10,2008,2008-08-20,0.53,0.6051272
4,10,2008,2008-08-28,0.56,0.553193
4,10,2008,2008-09-05,0.59,0.55269414
4,10,2008,2008-09-13,0.43,0.5639864
4,10,2008,2008-09-21,0.51,0.5046224
4,10,2008,2008-09-29,0.51,0.50306237
4,10,2008,2008-10-07,0.54,0.5097932
4,10,2008,2008-10-15,0.6,0.534921
4,10,2008,2008-10-23,0.62,0.57423556
4,10,2008,2008-10-31,0.65,0.58767164
4,10,2008,2008-11-08,0.6,0.6172939
4,10,2008,2008-11-16,0.46,0.59843194
4,10,2008,2008-11-24,0.48,0.5333697
4,10,2008,2008-12-02,0.5,0.49068916
4,10,2008,2008-12-10,0.55,0.49991375
4,10,2008,2008-12-18,0.5,0.5296141
4,10,2008,2008-12-26,0.43,0.52523696
4,10,2009,2009-07-04,0.55,0.62180614
4,10,2009,2009-07-12,0.64,0.5914417
4,10,2009,2009-07-20,0.6,0.607692
4,10,2009,2009-07-28,0.57,0.6042321
4,10,2009,2009-08-05,0.53,0.59093696
4,10,2009,2009-08-13,0.53,0.5654969
4,10,2009,2009-08-21,0.53,0.5619769
4,10,2009,2009-08-29,0.41,0.5492257
4,10,2009,2009-09-06,0.54,0.50075483
4,10,2009,2009-09-14,0.51,0.53056836
4,10,2009,2009-09-22,0.46,0.5210337
4,10,2009,2009-09-30,0.52,0.50802684
4,10,2009,2009-10-08,0.54,0.5206326
4,10,2009,2009-10-16,0.52,0.5417377
4,10,2009,2009-10-24,0.47,0.5491959
4,10,2009,2009-11-01,0.47,0.53285444
4,10,2009,2009-11-09,0.47,0.5243211
4,10,2009,2009-11-17,0.55,0.5147918
4,10,2009,2009-11-25,0.55,0.52953744
4,10,2009,2009-12-03,0.51,0.5414458
4,10,2009,2009-12-11,0.45,0.5363131
4,10,2009,2009-12-19,0.52,0.5135156
4,10,2009,2009-12-27,0.48,0.52136445
4,10,2010,2010-07-04,0.58,0.675123
4,10,2010,2010-07-12,0.79,0.6067104
4,10,2010,2010-07-20,0.79,0.69139075
4,10,2010,2010-07-28,0.69,0.7101573
4,10,2010,2010-08-05,0.77,0.67703813
4,10,2010,2010-08-13,0.73,0.6919632
4,10,2010,2010-08-21,0.6,0.6788666
4,10,2010,2010-08-29,0.57,0.619382
4,10,2010,2010-09-06,0.56,0.56070143
4,10,2010,2010-09-14,0.6,0.5542898
4,10,2010,2010-09-22,0.54,0.5727131
4,10,2010,2010-09-30,0.67,0.54851687
4,10,2010,2010-10-08,0.69,0.602829
4,10,2010,2010-10-16,0.66,0.63447064
4,10,2010,2010-10-24,0.73,0.63324887
4,10,2010,2010-11-01,0.52,0.6541233
4,10,2010,2010-11-09,0.64,0.56807375
4,10,2010,2010-11-17,0.57,0.58857965
4,10,2010,2010-11-25,0.63,0.57231975
4,10,2010,2010-12-03,0.53,0.59999645
4,10,2010,2010-12-11,0.5,0.55531526
4,10,2010,2010-12-19,0.49,0.51573414
4,10,2010,2010-12-27,0.54,0.5020819
4,10,2011,2011-07-04,0.72,0.666096
4,10,2011,2011-07-12,0.69,0.6672026
4,10,2011,2011-07-20,0.64,0.6758975
4,10,2011,2011-07-28,0.58,0.6624297
4,10,2011,2011-08-05,0.67,0.62318635
4,10,2011,2011-08-13,0.68,0.64615536
4,10,2011,2011-08-21,0.62,0.6569238
4,10,2011,2011-08-29,0.58,0.63088095
4,10,2011,2011-09-06,0.59,0.5978378
4,10,2011,2011-09-14,0.68,0.58707154
4,10,2011,2011-09-22,0.58,0.6242743
4,10,2011,2011-09-30,0.68,0.59997654
4,10,2011,2011-10-08,0.56,0.6374707
4,10,2011,2011-10-16,0.54,0.6089654
4,10,2011,2011-10-24,0.55,0.58537173
4,10,2011,2011-11-01,0.57,0.5795984
4,10,2011,2011-11-09,0.66,0.56815016
4,10,2011,2011-11-17,0.63,0.6121971
4,10,2011,2011-11-25,0.72,0.614573
4,10,2011,2011-12-03,0.66,0.6558231
4,10,2011,2011-12-11,0.72,0.6408472
4,10,2011,2011-12-19,0.54,0.65448916
4,10,2011,2011-12-27,0.51,0.59140265
4,10,2012,2012-07-03,0.71,0.61256456
4,10,2012,2012-07-11,0.73,0.65733254
4,10,2012,2012-07-19,0.58,0.6779721
4,10,2012,2012-07-27,0.63,0.63079536
4,10,2012,2012-08-04,0.6,0.6167763
4,10,2012,2012-08-12,0.55,0.6087398
4,10,2012,2012-08-20,0.56,0.59117043
4,10,2012,2012-08-28,0.5,0.5787369
4,10,2012,2012-09-05,0.55,0.54496616
4,10,2012,2012-09-13,0.69,0.55276597
4,10,2012,2012-09-21,0.56,0.6217494
4,10,2012,2012-09-29,0.6,0.59650445
4,10,2012,2012-10-07,0.57,0.60604167
4,10,2012,2012-10-15,0.57,0.5815683
4,10,2012,2012-10-23,0.55,0.57392156
4,10,2012,2012-10-31,0.6,0.5619378
4,10,2012,2012-11-08,0.55,0.5812267
4,10,2012,2012-11-16,0.55,0.57962847
4,10,2012,2012-11-24,0.61,0.5746342
4,10,2012,2012-12-02,0.6,0.6020219
4,10,2012,2012-12-10,0.65,0.6045805
4,10,2012,2012-12-18,0.57,0.6313405
4,10,2012,2012-12-26,0.58,0.5937685
4,11,2001,2001-07-04,0.62,0.5552473
4,11,2001,2001-07-12,0.55,0.5753811
4,11,2001,2001-07-20,0.57,0.5539094
4,11,2001,2001-07-28,0.59,0.5501268
4,11,2001,2001-08-05,0.56,0.5563076
4,11,2001,2001-08-13,0.46,0.54591197
4,11,2001,2001-08-21,0.5,0.50383466
4,11,2001,2001-08-29,0.48,0.4991063
4,11,2001,2001-09-06,0.54,0.4890921
4,11,2001,2001-09-14,0.46,0.5078846
4,11,2001,2001-09-22,0.58,0.48338717
4,11,2001,2001-09-30,0.49,0.5361304
4,11,2001,2001-10-08,0.56,0.5187975
4,11,2001,2001-10-16,0.63,0.5439398
4,11,2001,2001-10-24,0.58,0.57801497
4,11,2001,2001-11-01,0.56,0.57167983
4,11,2001,2001-11-09,0.48,0.5653355
4,11,2001,2001-11-17,0.52,0.5154038
4,11,2001,2001-11-25,0.58,0.5112226
4,11,2001,2001-12-03,0.66,0.5304141
4,11,2001,2001-12-11,0.61,0.5760151
4,11,2001,2001-12-19,0.64,0.58154434
4,11,2001,2001-12-27,0.71,0.5893859
4,11,2002,2002-07-04,0.78,0.75142276
4,11,2002,2002-07-12,0.78,0.73164487
4,11,2002,2002-07-20,0.76,0.7152186
4,11,2002,2002-07-28,0.72,0.7029276
4,11,2002,2002-08-05,0.68,0.6842918
4,11,2002,2002-08-13,0.73,0.6563059
4,11,2002,2002-08-21,0.73,0.65674126
4,11,2002,2002-08-29,0.64,0.6641276
4,11,2002,2002-09-06,0.72,0.6277638
4,11,2002,2002-09-14,0.74,0.6551875
4,11,2002,2002-09-22,0.71,0.66258717
4,11,2002,2002-09-30,0.6,0.66914225
4,11,2002,2002-10-08,0.76,0.6110136
4,11,2002,2002-10-16,0.73,0.6687684
4,11,2002,2002-10-24,0.7,0.67982495
4,11,2002,2002-11-01,0.72,0.66968614
4,11,2002,2002-11-09,0.67,0.668427
4,11,2002,2002-11-17,0.66,0.6366662
4,11,2002,2002-11-25,0.75,0.62810975
4,11,2002,2002-12-03,0.7,0.6717627
4,11,2002,2002-12-11,0.63,0.6737747
4,11,2002,2002-12-19,0.72,0.6383314
4,11,2002,2002-12-27,0.71,0.66471636
4,11,2003,2003-07-04,0.82,0.7368591
4,11,2003,2003-07-12,0.73,0.75398314
4,11,2003,2003-07-20,0.78,0.71902204
4,11,2003,2003-07-28,0.79,0.73012334
4,11,2003,2003-08-05,0.76,0.7322949
4,11,2003,2003-08-13,0.67,0.71740484
4,11,2003,2003-08-21,0.63,0.6786201
4,11,2003,2003-08-29,0.69,0.64489245
4,11,2003,2003-09-06,0.71,0.64984953
4,11,2003,2003-09-14,0.7,0.6723077
4,11,2003,2003-09-22,0.61,0.67866147
4,11,2003,2003-09-30,0.66,0.63819623
4,11,2003,2003-10-08,0.68,0.6288204
4,11,2003,2003-10-16,0.65,0.65621567
4,11,2003,2003-10-24,0.62,0.65042555
4,11,2003,2003-11-01,0.67,0.6309271
4,11,2003,2003-11-09,0.59,0.6452067
4,11,2003,2003-11-17,0.7,0.61171174
4,11,2003,2003-11-25,0.68,0.6485286
4,11,2003,2003-12-03,0.71,0.66159785
4,11,2003,2003-12-11,0.79,0.6753386
4,11,2003,2003-12-19,0.68,0.7065884
4,11,2003,2003-12-27,0.72,0.68051016
4,11,2004,2004-07-03,0.76,0.7297249
4,11,2004,2004-07-11,0.75,0.7301787
4,11,2004,2004-07-19,0.81,0.71291506
4,11,2004,2004-07-27,0.75,0.74284846
4,11,2004,2004-08-04,0.61,0.7250849
4,11,2004,2004-08-12,0.71,0.6557193
4,11,2004,2004-08-20,0.64,0.66184485
4,11,2004,2004-08-28,0.72,0.6302172
4,11,2004,2004-09-05,0.67,0.6686286
4,11,2004,2004-09-13,0.72,0.65975684
4,11,2004,2004-09-21,0.62,0.6781479
4,11,2004,2004-09-29,0.7,0.62869537
4,11,2004,2004-10-07,0.82,0.6542853
4,11,2004,2004-10-15,0.71,0.71673644
4,11,2004,2004-10-23,0.72,0.6901354
4,11,2004,2004-10-31,0.71,0.6817591
4,11,2004,2004-11-08,0.68,0.6764848
4,11,2004,2004-11-16,0.81,0.6547594
4,11,2004,2004-11-24,0.83,0.7179842
4,11,2004,2004-12-02,0.77,0.7403674
4,11,2004,2004-12-10,0.82,0.72973156
4,11,2004,2004-12-18,0.88,0.7559949
4,11,2004,2004-12-26,0.89,0.7744106
4,11,2005,2005-07-04,0.84,0.758585
4,11,2005,2005-07-12,0.82,0.7717143
4,11,2005,2005-07-20,0.73,0.76245177
4,11,2005,2005-07-28,0.77,0.7277352
4,11,2005,2005-08-05,0.75,0.72628546
4,11,2005,2005-08-13,0.81,0.70042396
4,11,2005,2005-08-21,0.7,0.73469853
4,11,2005,2005-08-29,0.71,0.68922454
4,11,2005,2005-09-06,0.74,0.6884618
4,11,2005,2005-09-14,0.63,0.6912917
4,11,2005,2005-09-22,0.66,0.65308905
4,11,2005,2005-09-30,0.65,0.63817024
4,11,2005,2005-10-08,0.76,0.6383696
4,11,2005,2005-10-16,0.79,0.70155793
4,11,2005,2005-10-24,0.72,0.7209543
4,11,2005,2005-11-01,0.7,0.70248777
4,11,2005,2005-11-09,0.71,0.6834899
4,11,2005,2005-11-17,0.8,0.6780461
4,11,2005,2005-11-25,0.79,0.73168766
4,11,2005,2005-12-03,0.72,0.7426933
4,11,2005,2005-12-11,0.66,0.71312606
4,11,2005,2005-12-19,0.76,0.6777823
4,11,2005,2005-12-27,0.66,0.7194295
4,11,2006,2006-07-04,0.79,0.72837734
4,11,2006,2006-07-12,0.82,0.74374384
4,11,2006,2006-07-20,0.71,0.75874066
4,11,2006,2006-07-28,0.63,0.7054143
4,11,2006,2006-08-05,0.74,0.65407264
4,11,2006,2006-08-13,0.76,0.6868155
4,11,2006,2006-08-21,0.66,0.71310574
4,11,2006,2006-08-29,0.68,0.6686357
4,11,2006,2006-09-06,0.68,0.6606051
4,11,2006,2006-09-14,0.66,0.6602901
4,11,2006,2006-09-22,0.6,0.64283806
4,11,2006,2006-09-30,0.68,0.6120777
4,11,2006,2006-10-08,0.71,0.63657486
4,11,2006,2006-10-16,0.65,0.67232895
4,11,2006,2006-10-24,0.55,0.6616411
4,11,2006,2006-11-01,0.66,0.6020448
4,11,2006,2006-11-09,0.73,0.6240994
4,11,2006,2006-11-17,0.67,0.6686661
4,11,2006,2006-11-25,0.62,0.67065334
4,11,2006,2006-12-03,0.55,0.64577794
4,11,2006,2006-12-11,0.69,0.5902448
4,11,2006,2006-12-19,0.72,0.6312084
4,11,2006,2006-12-27,0.84,0.6732275
4,11,2007,2007-07-04,0.76,0.71216
4,11,2007,2007-07-12,0.63,0.7196146
4,11,2007,2007-07-20,0.75,0.66510165
4,11,2007,2007-07-28,0.69,0.6895442
4,11,2007,2007-08-05,0.7,0.6609297
4,11,2007,2007-08-13,0.6,0.67370623
4,11,2007,2007-08-21,0.56,0.6337795
4,11,2007,2007-08-29,0.6,0.5891565
4,11,2007,2007-09-06,0.59,0.5893048
4,11,2007,2007-09-14,0.62,0.5912729
4,11,2007,2007-09-22,0.62,0.6051743
4,11,2007,2007-09-30,0.71,0.60217834
4,11,2007,2007-10-08,0.59,0.65096056
4,11,2007,2007-10-16,0.74,0.6211364
4,11,2007,2007-10-24,0.61,0.6664042
4,11,2007,2007-11-01,0.65,0.61387885
4,11,2007,2007-11-09,0.65,0.6282451
4,11,2007,2007-11-17,0.72,0.63709843
4,11,2007,2007-11-25,0.6,0.6653675
4,11,2007,2007-12-03,0.67,0.61896026
4,11,2007,2007-12-11,0.62,0.6225078
4,11,2007,2007-12-19,0.68,0.61857843
4,11,2007,2007-12-27,0.68,0.64851594
4,11,2008,2008-07-03,0.71,0.7458242
4,11,2008,2008-07-11,0.74,0.70482284
4,11,2008,2008-07-19,0.76,0.69121265
4,11,2008,2008-07-27,0.68,0.7094233
4,11,2008,2008-08-04,0.7,0.67453516
4,11,2008,2008-08-12,0.77,0.6726834
4,11,2008,2008-08-20,0.64,0.68924713
4,11,2008,2008-08-28,0.68,0.6401354
4,11,2008,2008-09-05,0.64,0.642921
4,11,2008,2008-09-13,0.58,0.62399
4,11,2008,2008-09-21,0.55,0.59802985
4,11,2008,2008-09-29,0.63,0.570305
4,11,2008,2008-10-07,0.71,0.606171
4,11,2008,2008-10-15,0.69,0.6404457
4,11,2008,2008-10-23,0.63,0.6633757
4,11,2008,2008-10-31,0.72,0.631527
4,11,2008,2008-11-08,0.67,0.661514
4,11,2008,2008-11-16,0.6,0.6492293
4,11,2008,2008-11-24,0.58,0.62637436
4,11,2008,2008-12-02,0.66,0.5884129
4,11,2008,2008-12-10,0.7,0.6204194
4,11,2008,2008-12-18,0.62,0.6448641
4,11,2008,2008-12-26,0.57,0.6305826
4,11,2009,2009-07-04,0.62,0.6617651
4,11,2009,2009-07-12,0.68,0.63714194
4,11,2009,2009-07-20,0.65,0.65592873
4,11,2009,2009-07-28,0.65,0.6524886
4,11,2009,2009-08-05,0.59,0.64528275
4,11,2009,2009-08-13,0.56,0.6184271
4,11,2009,2009-08-21,0.56,0.60260826
4,11,2009,2009-08-29,0.5,0.58205014
4,11,2009,2009-09-06,0.61,0.5545328
4,11,2009,2009-09-14,0.54,0.5843481
4,11,2009,2009-09-22,0.52,0.5666245
4,11,2009,2009-09-30,0.6,0.54797006
4,11,2009,2009-10-08,0.65,0.5787112
4,11,2009,2009-10-16,0.58,0.6216421
4,11,2009,2009-10-24,0.6,0.61155176
4,11,2009,2009-11-01,0.56,0.60414124
4,11,2009,2009-11-09,0.6,0.5921112
4,11,2009,2009-11-17,0.7,0.6002976
4,11,2009,2009-11-25,0.69,0.6368811
4,11,2009,2009-12-03,0.63,0.6476464
4,11,2009,2009-12-11,0.52,0.6385506
4,11,2009,2009-12-19,0.72,0.5914321
4,11,2009,2009-12-27,0.48,0.6420895
4,11,2010,2010-07-04,0.68,0.6967677
4,11,2010,2010-07-12,0.76,0.6647793
4,11,2010,2010-07-20,0.83,0.69331294
4,11,2010,2010-07-28,0.68,0.72913504
4,11,2010,2010-08-05,0.81,0.68379164
4,11,2010,2010-08-13,0.74,0.71543443
4,11,2010,2010-08-21,0.54,0.690364
4,11,2010,2010-08-29,0.64,0.60128915
4,11,2010,2010-09-06,0.69,0.59458613
4,11,2010,2010-09-14,0.7,0.63281393
4,11,2010,2010-09-22,0.61,0.64676905
4,11,2010,2010-09-30,0.75,0.6126014
4,11,2010,2010-10-08,0.64,0.6659315
4,11,2010,2010-10-16,0.65,0.64325964
4,11,2010,2010-10-24,0.67,0.63220835
4,11,2010,2010-11-01,0.66,0.6337849
4,11,2010,2010-11-09,0.65,0.62917316
4,11,2010,2010-11-17,0.58,0.62881863
4,11,2010,2010-11-25,0.67,0.607867
4,11,2010,2010-12-03,0.62,0.63627803
4,11,2010,2010-12-11,0.55,0.61776435
4,11,2010,2010-12-19,0.55,0.56924295
4,11,2010,2010-12-27,0.7,0.5706608
4,11,2011,2011-07-04,0.72,0.7233927
4,11,2011,2011-07-12,0.67,0.6984886
4,11,2011,2011-07-20,0.71,0.6753738
4,11,2011,2011-07-28,0.6,0.6885849
4,11,2011,2011-08-05,0.72,0.63698256
4,11,2011,2011-08-13,0.68,0.675761
4,11,2011,2011-08-21,0.63,0.66676104
4,11,2011,2011-08-29,0.64,0.63000524
4,11,2011,2011-09-06,0.63,0.62463856
4,11,2011,2011-09-14,0.67,0.6259581
4,11,2011,2011-09-22,0.56,0.6436051
4,11,2011,2011-09-30,0.69,0.60060036
4,11,2011,2011-10-08,0.56,0.6449002
4,11,2011,2011-10-16,0.63,0.60280704
4,11,2011,2011-10-24,0.65,0.6136582
4,11,2011,2011-11-01,0.68,0.624915
4,11,2011,2011-11-09,0.66,0.6435145
4,11,2011,2011-11-17,0.65,0.6432749
4,11,2011,2011-11-25,0.76,0.6318221
4,11,2011,2011-12-03,0.69,0.677901
4,11,2011,2011-12-11,0.77,0.6656321
4,11,2011,2011-12-19,0.63,0.68526775
4,11,2011,2011-12-27,0.51,0.64012754
4,11,2012,2012-07-03,0.69,0.65825
4,11,2012,2012-07-11,0.74,0.6618154
4,11,2012,2012-07-19,0.68,0.6782757
4,11,2012,2012-07-27,0.68,0.6680958
4,11,2012,2012-08-04,0.7,0.6538433
4,11,2012,2012-08-12,0.61,0.66675127
4,11,2012,2012-08-20,0.77,0.6336812
4,11,2012,2012-08-28,0.63,0.67677164
4,11,2012,2012-09-05,0.61,0.64195967
4,11,2012,2012-09-13,0.68,0.6209125
4,11,2012,2012-09-21,0.6,0.6394094
4,11,2012,2012-09-29,0.68,0.60816205
4,11,2012,2012-10-07,0.67,0.63915735
4,11,2012,2012-10-15,0.52,0.634253
4,11,2012,2012-10-23,0.66,0.5859935
4,11,2012,2012-10-31,0.67,0.61490285
4,11,2012,2012-11-08,0.62,0.6349293
4,11,2012,2012-11-16,0.63,0.6256056
4,11,2012,2012-11-24,0.62,0.62208414
4,11,2012,2012-12-02,0.67,0.6259304
4,11,2012,2012-12-10,0.72,0.63987106
4,11,2012,2012-12-18,0.68,0.6724984
4,11,2012,2012-12-26,0.7,0.6581763
4,12,2001,2001-07-04,0.14,0.14477152
4,12,2001,2001-07-12,0.09,0.14477043
4,12,2001,2001-07-20,0.13,0.12223062
4,12,2001,2001-07-28,0.11,0.13950017
4,12,2001,2001-08-05,0.12,0.12922429
4,12,2001,2001-08-13,0.06,0.12542316
4,12,2001,2001-08-21,0.1,0.092291
4,12,2001,2001-08-29,0.09,0.114339665
4,12,2001,2001-09-06,0.1,0.11216235
4,12,2001,2001-09-14,0.1,0.12578647
4,12,2001,2001-09-22,0.11,0.12096156
4,12,2001,2001-09-30,0.07,0.14400268
4,12,2001,2001-10-08,0.1,0.106304035
4,12,2001,2001-10-16,0.16,0.11722897
4,12,2001,2001-10-24,0.15,0.15547693
4,12,2001,2001-11-01,0.12,0.17101671
4,12,2001,2001-11-09,0.09,0.14018431
4,12,2001,2001-11-17,0.09,0.11115113
4,12,2001,2001-11-25,0.12,0.112013385
4,12,2001,2001-12-03,0.14,0.13772911
4,12,2001,2001-12-11,0.12,0.1439267
4,12,2001,2001-12-19,0.12,0.13379681
4,12,2001,2001-12-27,0.14,0.13258399
4,12,2002,2002-07-04,0.22,0.22962856
4,12,2002,2002-07-12,0.22,0.2089405
4,12,2002,2002-07-20,0.24,0.19911754
4,12,2002,2002-07-28,0.26,0.21694094
4,12,2002,2002-08-05,0.19,0.23460133
4,12,2002,2002-08-13,0.23,0.19427708
4,12,2002,2002-08-21,0.23,0.19566157
4,12,2002,2002-08-29,0.21,0.2078138
4,12,2002,2002-09-06,0.24,0.20082973
4,12,2002,2002-09-14,0.24,0.2169528
4,12,2002,2002-09-22,0.25,0.22002837
4,12,2002,2002-09-30,0.18,0.22983053
4,12,2002,2002-10-08,0.24,0.17650828
4,12,2002,2002-10-16,0.24,0.21006462
4,12,2002,2002-10-24,0.18,0.23039709
4,12,2002,2002-11-01,0.22,0.19666505
4,12,2002,2002-11-09,0.21,0.19950339
4,12,2002,2002-11-17,0.19,0.19140443
4,12,2002,2002-11-25,0.21,0.1831277
4,12,2002,2002-12-03,0.22,0.19813484
4,12,2002,2002-12-11,0.2,0.2135793
4,12,2002,2002-12-19,0.23,0.19881916
4,12,2002,2002-12-27,0.2,0.21147002
4,12,2003,2003-07-04,0.15,0.17326191
4,12,2003,2003-07-12,0.15,0.16734652
4,12,2003,2003-07-20,0.12,0.17316064
4,12,2003,2003-07-28,0.14,0.16017854
4,12,2003,2003-08-05,0.17,0.17387012
4,12,2003,2003-08-13,0.16,0.18189053
4,12,2003,2003-08-21,0.12,0.18690884
4,12,2003,2003-08-29,0.11,0.16142802
4,12,2003,2003-09-06,0.16,0.14559232
4,12,2003,2003-09-14,0.16,0.17984688
4,12,2003,2003-09-22,0.2,0.19058034
4,12,2003,2003-09-30,0.11,0.21768974
4,12,2003,2003-10-08,0.11,0.15061991
4,12,2003,2003-10-16,0.11,0.14671457
4,12,2003,2003-10-24,0.1,0.14734562
4,12,2003,2003-11-01,0.12,0.1385909
4,12,2003,2003-11-09,0.13,0.15349199
4,12,2003,2003-11-17,0.18,0.16241828
4,12,2003,2003-11-25,0.15,0.19227941
4,12,2003,2003-12-03,0.14,0.18087852
4,12,2003,2003-12-11,0.18,0.1724293
4,12,2003,2003-12-19,0.14,0.18865916
4,12,2003,2003-12-27,0.18,0.17619143
4,12,2004,2004-07-03,0.28,0.22588207
4,12,2004,2004-07-11,0.26,0.251118
4,12,2004,2004-07-19,0.3,0.24101196
4,12,2004,2004-07-27,0.26,0.26310796
4,12,2004,2004-08-04,0.23,0.24385482
4,12,2004,2004-08-12,0.21,0.22719239
4,12,2004,2004-08-20,0.19,0.2066604
4,12,2004,2004-08-28,0.24,0.18638399
4,12,2004,2004-09-05,0.26,0.21343431
4,12,2004,2004-09-13,0.25,0.24558687
4,12,2004,2004-09-21,0.22,0.24655484
4,12,2004,2004-09-29,0.22,0.22791769
4,12,2004,2004-10-07,0.29,0.20392935
4,12,2004,2004-10-15,0.24,0.2462217
4,12,2004,2004-10-23,0.24,0.22908044
4,12,2004,2004-10-31,0.28,0.22234926
4,12,2004,2004-11-08,0.29,0.24581471
4,12,2004,2004-11-16,0.33,0.26495558
4,12,2004,2004-11-24,0.31,0.3016595
4,12,2004,2004-12-02,0.25,0.2849694
4,12,2004,2004-12-10,0.32,0.23721105
4,12,2004,2004-12-18,0.34,0.27615383
4,12,2004,2004-12-26,0.33,0.296529
4,12,2005,2005-07-04,0.25,0.23642217
4,12,2005,2005-07-12,0.24,0.24966104
4,12,2005,2005-07-20,0.19,0.24738364
4,12,2005,2005-07-28,0.19,0.21712387
4,12,2005,2005-08-05,0.21,0.20212486
4,12,2005,2005-08-13,0.22,0.20965512
4,12,2005,2005-08-21,0.15,0.21913
4,12,2005,2005-08-29,0.23,0.17758988
4,12,2005,2005-09-06,0.22,0.22479457
4,12,2005,2005-09-14,0.14,0.23529287
4,12,2005,2005-09-22,0.2,0.18838656
4,12,2005,2005-09-30,0.16,0.19740684
4,12,2005,2005-10-08,0.22,0.18311708
4,12,2005,2005-10-16,0.25,0.23478061
4,12,2005,2005-10-24,0.24,0.2501424
4,12,2005,2005-11-01,0.19,0.24765942
4,12,2005,2005-11-09,0.21,0.21561591
4,12,2005,2005-11-17,0.25,0.22222805
4,12,2005,2005-11-25,0.27,0.25838128
4,12,2005,2005-12-03,0.26,0.2762842
4,12,2005,2005-12-11,0.22,0.25638193
4,12,2005,2005-12-19,0.24,0.23626819
4,12,2005,2005-12-27,0.21,0.24911383
4,12,2006,2006-07-04,0.35,0.30671895
4,12,2006,2006-07-12,0.31,0.32287735
4,12,2006,2006-07-20,0.29,0.29769817
4,12,2006,2006-07-28,0.27,0.26396537
4,12,2006,2006-08-05,0.37,0.24676108
4,12,2006,2006-08-13,0.28,0.31998682
4,12,2006,2006-08-21,0.3,0.2847506
4,12,2006,2006-08-29,0.26,0.26744437
4,12,2006,2006-09-06,0.26,0.25025117
4,12,2006,2006-09-14,0.28,0.25449854
4,12,2006,2006-09-22,0.29,0.2506327
4,12,2006,2006-09-30,0.3,0.2708521
4,12,2006,2006-10-08,0.3,0.27550417
4,12,2006,2006-10-16,0.27,0.28693682
4,12,2006,2006-10-24,0.24,0.2722702
4,12,2006,2006-11-01,0.27,0.24537843
4,12,2006,2006-11-09,0.31,0.24649838
4,12,2006,2006-11-17,0.31,0.28241137
4,12,2006,2006-11-25,0.28,0.30154368
4,12,2006,2006-12-03,0.25,0.2845603
4,12,2006,2006-12-11,0.3,0.25225064
4,12,2006,2006-12-19,0.36,0.26955104
4,12,2006,2006-12-27,0.33,0.3231566
4,12,2007,2007-07-04,0.28,0.23937064
4,12,2007,2007-07-12,0.23,0.27340245
4,12,2007,2007-07-20,0.25,0.24312243
4,12,2007,2007-07-28,0.22,0.25009388
4,12,2007,2007-08-05,0.21,0.22605307
4,12,2007,2007-08-13,0.15,0.24039811
4,12,2007,2007-08-21,0.16,0.18952385
4,12,2007,2007-08-29,0.17,0.18760854
4,12,2007,2007-09-06,0.2,0.1892906
4,12,2007,2007-09-14,0.2,0.21630941
4,12,2007,2007-09-22,0.19,0.22399625
4,12,2007,2007-09-30,0.26,0.22059281
4,12,2007,2007-10-08,0.22,0.26079443
4,12,2007,2007-10-16,0.26,0.2460596
4,12,2007,2007-10-24,0.2,0.25737756
4,12,2007,2007-11-01,0.19,0.21524975
4,12,2007,2007-11-09,0.17,0.20867398
4,12,2007,2007-11-17,0.22,0.20264909
4,12,2007,2007-11-25,0.19,0.23641443
4,12,2007,2007-12-03,0.24,0.21905755
4,12,2007,2007-12-11,0.23,0.23786797
4,12,2007,2007-12-19,0.18,0.24493563
4,12,2007,2007-12-27,0.18,0.22927713
4,12,2008,2008-07-03,0.25,0.2871801
4,12,2008,2008-07-11,0.26,0.26170543
4,12,2008,2008-07-19,0.28,0.25220248
4,12,2008,2008-07-27,0.22,0.26366025
4,12,2008,2008-08-04,0.22,0.2333456
4,12,2008,2008-08-12,0.26,0.22093616
4,12,2008,2008-08-20,0.19,0.23220725
4,12,2008,2008-08-28,0.26,0.20590961
4,12,2008,2008-09-05,0.25,0.2390511
4,12,2008,2008-09-13,0.17,0.24836816
4,12,2008,2008-09-21,0.19,0.20690332
4,12,2008,2008-09-29,0.23,0.19662613
4,12,2008,2008-10-07,0.22,0.23428512
4,12,2008,2008-10-15,0.21,0.23642966
4,12,2008,2008-10-23,0.3,0.23133656
4,12,2008,2008-10-31,0.26,0.2684598
4,12,2008,2008-11-08,0.23,0.25764558
4,12,2008,2008-11-16,0.29,0.2303574
4,12,2008,2008-11-24,0.22,0.2648409
4,12,2008,2008-12-02,0.25,0.23442392
4,12,2008,2008-12-10,0.27,0.24911553
4,12,2008,2008-12-18,0.27,0.25920713
4,12,2008,2008-12-26,0.24,0.2591134
4,12,2009,2009-07-04,0.31,0.33393654
4,12,2009,2009-07-12,0.36,0.31598046
4,12,2009,2009-07-20,0.43,0.33910355
4,12,2009,2009-07-28,0.36,0.38857147
4,12,2009,2009-08-05,0.28,0.36027572
4,12,2009,2009-08-13,0.29,0.29680952
4,12,2009,2009-08-21,0.29,0.28633446
4,12,2009,2009-08-29,0.25,0.28476015
4,12,2009,2009-09-06,0.26,0.27711153
4,12,2009,2009-09-14,0.27,0.2749574
4,12,2009,2009-09-22,0.28,0.26946896
4,12,2009,2009-09-30,0.38,0.27748317
4,12,2009,2009-10-08,0.35,0.34338588
4,12,2009,2009-10-16,0.32,0.3476674
4,12,2009,2009-10-24,0.31,0.32366607
4,12,2009,2009-11-01,0.34,0.31727752
4,12,2009,2009-11-09,0.33,0.33056363
4,12,2009,2009-11-17,0.34,0.32489845
4,12,2009,2009-11-25,0.38,0.33591172
4,12,2009,2009-12-03,0.29,0.35069442
4,12,2009,2009-12-11,0.28,0.31249386
4,12,2009,2009-12-19,0.36,0.29246596
4,12,2009,2009-12-27,0.28,0.33270875
4,12,2010,2010-07-04,0.26,0.29753417
4,12,2010,2010-07-12,0.28,0.2709841
4,12,2010,2010-07-20,0.31,0.2802533
4,12,2010,2010-07-28,0.22,0.32046056
4,12,2010,2010-08-05,0.3,0.2607204
4,12,2010,2010-08-13,0.3,0.26970565
4,12,2010,2010-08-21,0.23,0.2818991
4,12,2010,2010-08-29,0.24,0.25418377
4,12,2010,2010-09-06,0.26,0.23633352
4,12,2010,2010-09-14,0.28,0.25216967
4,12,2010,2010-09-22,0.24,0.27816805
4,12,2010,2010-09-30,0.31,0.2591235
4,12,2010,2010-10-08,0.3,0.31268406
4,12,2010,2010-10-16,0.25,0.3110354
4,12,2010,2010-10-24,0.28,0.26965594
4,12,2010,2010-11-01,0.25,0.26708594
4,12,2010,2010-11-09,0.26,0.26365396
4,12,2010,2010-11-17,0.26,0.27003014
4,12,2010,2010-11-25,0.24,0.27009317
4,12,2010,2010-12-03,0.25,0.26703092
4,12,2010,2010-12-11,0.22,0.2531468
4,12,2010,2010-12-19,0.22,0.23150924
4,12,2010,2010-12-27,0.32,0.24471511
4,12,2011,2011-07-04,0.28,0.2868984
4,12,2011,2011-07-12,0.25,0.2841613
4,12,2011,2011-07-20,0.28,0.26775408
4,12,2011,2011-07-28,0.2,0.28850716
4,12,2011,2011-08-05,0.29,0.24171104
4,12,2011,2011-08-13,0.29,0.28158036
4,12,2011,2011-08-21,0.19,0.2969936
4,12,2011,2011-08-29,0.23,0.24694389
4,12,2011,2011-09-06,0.23,0.23738047
4,12,2011,2011-09-14,0.23,0.24632713
4,12,2011,2011-09-22,0.19,0.2599061
4,12,2011,2011-09-30,0.24,0.23230246
4,12,2011,2011-10-08,0.22,0.2573251
4,12,2011,2011-10-16,0.24,0.2564731
4,12,2011,2011-10-24,0.23,0.25869817
4,12,2011,2011-11-01,0.26,0.25405654
4,12,2011,2011-11-09,0.28,0.26699948
4,12,2011,2011-11-17,0.22,0.28287876
4,12,2011,2011-11-25,0.29,0.2582461
4,12,2011,2011-12-03,0.33,0.27850598
4,12,2011,2011-12-11,0.29,0.30936164
4,12,2011,2011-12-19,0.24,0.29896328
4,12,2011,2011-12-27,0.18,0.26241875
4,12,2012,2012-07-03,0.37,0.27665454
4,12,2012,2012-07-11,0.31,0.33292916
4,12,2012,2012-07-19,0.34,0.31790203
4,12,2012,2012-07-27,0.26,0.33286414
4,12,2012,2012-08-04,0.27,0.27845365
4,12,2012,2012-08-12,0.22,0.2830674
4,12,2012,2012-08-20,0.26,0.25946853
4,12,2012,2012-08-28,0.22,0.26122496
4,12,2012,2012-09-05,0.18,0.24578322
4,12,2012,2012-09-13,0.25,0.22678432
4,12,2012,2012-09-21,0.2,0.25245422
4,12,2012,2012-09-29,0.29,0.23504394
4,12,2012,2012-10-07,0.28,0.2803481
4,12,2012,2012-10-15,0.24,0.2859732
4,12,2012,2012-10-23,0.24,0.27294236
4,12,2012,2012-10-31,0.24,0.25764084
4,12,2012,2012-11-08,0.29,0.26132557
4,12,2012,2012-11-16,0.24,0.29227072
4,12,2012,2012-11-24,0.25,0.26910135
4,12,2012,2012-12-02,0.26,0.27222165
4,12,2012,2012-12-10,0.28,0.2833505
4,12,2012,2012-12-18,0.27,0.29526147
4,12,2012,2012-12-26,0.26,0.28147674
5,1,2001,2001-07-04,0.25,0.30266035
5,1,2001,2001-07-12,0.26,0.3365245
5,1,2001,2001-07-20,0.26,0.3695777
5,1,2001,2001-07-28,0.49,0.39614922
5,1,2001,2001-08-05,0.8,0.69640636
5,1,2001,2001-08-13,0.82,0.87905073
5,1,2001,2001-08-21,0.98,0.8737066
5,1,2001,2001-08-29,0.99,1.0118085
5,1,2001,2001-09-06,0.99,1.0146414
5,1,2001,2001-09-14,0.98,1.003881
5,1,2001,2001-09-22,0.99,0.97020745
5,1,2001,2001-09-30,0.97,0.9804629
5,1,2001,2001-10-08,0.97,0.952018
5,1,2001,2001-10-16,0.98,0.9510673
5,1,2001,2001-10-24,0.96,0.96658194
5,1,2001,2001-11-01,0.96,0.94593537
5,1,2001,2001-11-09,0.96,0.93899584
5,1,2001,2001-11-17,0.95,0.9374318
5,1,2001,2001-11-25,0.94,0.9295081
5,1,2001,2001-12-03,0.91,0.91515374
5,1,2001,2001-12-11,0.9,0.87357163
5,1,2001,2001-12-19,0.8,0.8445137
5,1,2001,2001-12-27,0.59,0.70943594
5,1,2002,2002-07-04,0.12,0.15749848
5,1,2002,2002-07-12,0.18,0.23370905
5,1,2002,2002-07-20,0.3,0.294311
5,1,2002,2002-07-28,0.39,0.39599317
5,1,2002,2002-08-05,0.73,0.53017855
5,1,2002,2002-08-13,0.94,0.8450216
5,1,2002,2002-08-21,0.95,0.9333532
5,1,2002,2002-08-29,0.96,0.9654162
5,1,2002,2002-09-06,0.96,0.9821131
5,1,2002,2002-09-14,0.97,0.95581174
5,1,2002,2002-09-22,0.99,0.9512739
5,1,2002,2002-09-30,0.98,0.9800465
5,1,2002,2002-10-08,0.97,0.9559361
5,1,2002,2002-10-16,0.95,0.9410955
5,1,2002,2002-10-24,0.95,0.91417754
5,1,2002,2002-11-01,0.95,0.91231537
5,1,2002,2002-11-09,0.94,0.91906345
5,1,2002,2002-11-17,0.93,0.9103724
5,1,2002,2002-11-25,0.89,0.8951814
5,1,2002,2002-12-03,0.81,0.83828354
5,1,2002,2002-12-11,0.74,0.71960545
5,1,2002,2002-12-19,0.56,0.62446094
5,1,2002,2002-12-27,0.23,0.3795604
5,1,2003,2003-07-04,0.11,0.16260004
5,1,2003,2003-07-12,0.19,0.18556885
5,1,2003,2003-07-20,0.41,0.27272958
5,1,2003,2003-07-28,0.42,0.4962622
5,1,2003,2003-08-05,0.43,0.5346304
5,1,2003,2003-08-13,0.42,0.57726073
5,1,2003,2003-08-21,0.64,0.56981295
5,1,2003,2003-08-29,0.76,0.7300176
5,1,2003,2003-09-06,0.76,0.81953835
5,1,2003,2003-09-14,0.85,0.80346274
5,1,2003,2003-09-22,0.91,0.87325823
5,1,2003,2003-09-30,0.95,0.9283445
5,1,2003,2003-10-08,0.95,0.9572282
5,1,2003,2003-10-16,0.93,0.938903
5,1,2003,2003-10-24,0.93,0.8952961
5,1,2003,2003-11-01,0.91,0.8914988
5,1,2003,2003-11-09,0.88,0.86919177
5,1,2003,2003-11-17,0.73,0.83251613
5,1,2003,2003-11-25,0.44,0.63125515
5,1,2003,2003-12-03,0.32,0.25780508
5,1,2003,2003-12-11,0.23,0.11889888
5,1,2003,2003-12-19,0.09,0.104347244
5,1,2003,2003-12-27,0.06,0.0617992
5,1,2004,2004-07-03,0.09,0.11776847
5,1,2004,2004-07-11,0.08,0.1498697
5,1,2004,2004-07-19,0.36,0.16533634
5,1,2004,2004-07-27,0.7,0.48097056
5,1,2004,2004-08-04,0.75,0.7408662
5,1,2004,2004-08-12,0.86,0.76794434
5,1,2004,2004-08-20,0.93,0.8308697
5,1,2004,2004-08-28,0.95,0.93123555
5,1,2004,2004-09-05,0.96,0.950199
5,1,2004,2004-09-13,0.96,0.94177926
5,1,2004,2004-09-21,0.97,0.94889235
5,1,2004,2004-09-29,0.95,0.9608774
5,1,2004,2004-10-07,0.95,0.9358771
5,1,2004,2004-10-15,0.93,0.9234289
5,1,2004,2004-10-23,0.91,0.8835412
5,1,2004,2004-10-31,0.9,0.86035204
5,1,2004,2004-11-08,0.77,0.8439418
5,1,2004,2004-11-16,0.63,0.67055285
5,1,2004,2004-11-24,0.3,0.43289748
5,1,2004,2004-12-02,0.26,0.08389342
5,1,2004,2004-12-10,0.06,0.08074093
5,1,2004,2004-12-18,0.06,0.01371187
5,1,2004,2004-12-26,0.06,0.043123752
5,1,2005,2005-07-04,0.16,0.09340337
5,1,2005,2005-07-12,0.32,0.22349358
5,1,2005,2005-07-20,0.07,0.3829797
5,1,2005,2005-07-28,0.67,0.2595614
5,1,2005,2005-08-05,0.77,0.8450595
5,1,2005,2005-08-13,0.87,0.8268745
5,1,2005,2005-08-21,0.9,0.87286603
5,1,2005,2005-08-29,0.92,0.94052446
5,1,2005,2005-09-06,0.91,0.9440203
5,1,2005,2005-09-14,0.92,0.91026676
5,1,2005,2005-09-22,0.93,0.9088197
5,1,2005,2005-09-30,0.93,0.9198853
5,1,2005,2005-10-08,0.92,0.91164005
5,1,2005,2005-10-16,0.92,0.8966241
5,1,2005,2005-10-24,0.92,0.8884524
5,1,2005,2005-11-01,0.92,0.88690805
5,1,2005,2005-11-09,0.88,0.8896185
5,1,2005,2005-11-17,0.87,0.79699576
5,1,2005,2005-11-25,0.87,0.7483223
5,1,2005,2005-12-03,0.71,0.6673343
5,1,2005,2005-12-11,0.48,0.53828466
5,1,2005,2005-12-19,0.47,0.28480664
5,1,2005,2005-12-27,0.21,0.3017469
5,1,2006,2006-07-04,0.08,0.12784034
5,1,2006,2006-07-12,0.08,0.16809018
5,1,2006,2006-07-20,0.19,0.20947242
5,1,2006,2006-07-28,0.26,0.23160346
5,1,2006,2006-08-05,0.68,0.4575333
5,1,2006,2006-08-13,0.85,0.7917276
5,1,2006,2006-08-21,0.85,0.87635577
5,1,2006,2006-08-29,0.95,0.8745949
5,1,2006,2006-09-06,0.94,0.9713502
5,1,2006,2006-09-14,0.92,0.93137527
5,1,2006,2006-09-22,0.91,0.9004054
5,1,2006,2006-09-30,0.92,0.8708296
5,1,2006,2006-10-08,0.96,0.8886349
5,1,2006,2006-10-16,0.96,0.942296
5,1,2006,2006-10-24,0.93,0.93994904
5,1,2006,2006-11-01,0.92,0.89559746
5,1,2006,2006-11-09,0.87,0.87516856
5,1,2006,2006-11-17,0.86,0.79536206
5,1,2006,2006-11-25,0.78,0.7914108
5,1,2006,2006-12-03,0.6,0.69580054
5,1,2006,2006-12-11,0.38,0.4270283
5,1,2006,2006-12-19,0.27,0.14240058
5,1,2006,2006-12-27,0.13,0.103814825
5,1,2007,2007-07-04,0.05,0.09024373
5,1,2007,2007-07-12,0.08,0.11646505
5,1,2007,2007-07-20,0.32,0.1460767
5,1,2007,2007-07-28,0.61,0.4163019
5,1,2007,2007-08-05,0.7,0.68479687
5,1,2007,2007-08-13,0.71,0.80509365
5,1,2007,2007-08-21,0.78,0.80737907
5,1,2007,2007-08-29,0.8,0.83044934
5,1,2007,2007-09-06,0.8,0.84629655
5,1,2007,2007-09-14,0.81,0.81534207
5,1,2007,2007-09-22,0.81,0.79761
5,1,2007,2007-09-30,0.85,0.7834507
5,1,2007,2007-10-08,0.88,0.8428012
5,1,2007,2007-10-16,0.92,0.8916925
5,1,2007,2007-10-24,0.93,0.93071496
5,1,2007,2007-11-01,0.9,0.91873264
5,1,2007,2007-11-09,0.88,0.8654343
5,1,2007,2007-11-17,0.85,0.8122798
5,1,2007,2007-11-25,0.84,0.7774426
5,1,2007,2007-12-03,0.81,0.75408304
5,1,2007,2007-12-11,0.51,0.67673963
5,1,2007,2007-12-19,0.23,0.2922814
5,1,2007,2007-12-27,0.09,0.06824705
5,1,2008,2008-07-03,0.07,0.09360716
5,1,2008,2008-07-11,0.08,0.12161589
5,1,2008,2008-07-19,0.24,0.14092208
5,1,2008,2008-07-27,0.53,0.35716993
5,1,2008,2008-08-04,0.65,0.670377
5,1,2008,2008-08-12,0.86,0.7461989
5,1,2008,2008-08-20,0.89,0.86608803
5,1,2008,2008-08-28,0.86,0.90290344
5,1,2008,2008-09-05,0.87,0.8647567
5,1,2008,2008-09-13,0.82,0.84441304
5,1,2008,2008-09-21,0.86,0.7768446
5,1,2008,2008-09-29,0.85,0.8287722
5,1,2008,2008-10-07,0.85,0.83104146
5,1,2008,2008-10-15,0.85,0.8407593
5,1,2008,2008-10-23,0.87,0.8410725
5,1,2008,2008-10-31,0.83,0.86171055
5,1,2008,2008-11-08,0.82,0.79616475
5,1,2008,2008-11-16,0.82,0.77175486
5,1,2008,2008-11-24,0.81,0.76509064
5,1,2008,2008-12-02,0.73,0.76858234
5,1,2008,2008-12-10,0.56,0.6667301
5,1,2008,2008-12-18,0.49,0.3713449
5,1,2008,2008-12-26,0.25,0.2287984
5,1,2009,2009-07-04,0.06,0.08494648
5,1,2009,2009-07-12,0.14,0.10812527
5,1,2009,2009-07-20,0.33,0.18455583
5,1,2009,2009-07-28,0.36,0.41270232
5,1,2009,2009-08-05,0.62,0.50852025
5,1,2009,2009-08-13,0.78,0.7086718
5,1,2009,2009-08-21,0.78,0.8338826
5,1,2009,2009-08-29,0.83,0.817464
5,1,2009,2009-09-06,0.83,0.83016574
5,1,2009,2009-09-14,0.87,0.8052571
5,1,2009,2009-09-22,0.91,0.8333872
5,1,2009,2009-09-30,0.85,0.89276135
5,1,2009,2009-10-08,0.91,0.80909044
5,1,2009,2009-10-16,0.9,0.8770789
5,1,2009,2009-10-24,0.85,0.8576405
5,1,2009,2009-11-01,0.84,0.80761623
5,1,2009,2009-11-09,0.78,0.7658155
5,1,2009,2009-11-17,0.76,0.6936687
5,1,2009,2009-11-25,0.45,0.68283933
5,1,2009,2009-12-03,0.37,0.32420838
5,1,2009,2009-12-11,0.14,0.18977056
5,1,2009,2009-12-19,0.05,0.029419094
5,1,2009,2009-12-27,0.04,0.021539688
5,1,2010,2010-07-04,0.07,0.11863494
5,1,2010,2010-07-12,0.04,0.12820962
5,1,2010,2010-07-20,0.06,0.12380648
5,1,2010,2010-07-28,0.09,0.18345931
5,1,2010,2010-08-05,0.14,0.2162078
5,1,2010,2010-08-13,0.46,0.3221649
5,1,2010,2010-08-21,0.36,0.63352644
5,1,2010,2010-08-29,0.59,0.5456146
5,1,2010,2010-09-06,0.67,0.6727214
5,1,2010,2010-09-14,0.71,0.72438383
5,1,2010,2010-09-22,0.72,0.7634702
5,1,2010,2010-09-30,0.77,0.74853355
5,1,2010,2010-10-08,0.85,0.7637708
5,1,2010,2010-10-16,0.81,0.8712485
5,1,2010,2010-10-24,0.84,0.8052803
5,1,2010,2010-11-01,0.8,0.8090651
5,1,2010,2010-11-09,0.72,0.7406932
5,1,2010,2010-11-17,0.7,0.6285006
5,1,2010,2010-11-25,0.44,0.5954976
5,1,2010,2010-12-03,0.26,0.24403796
5,1,2010,2010-12-11,0.14,0.09521133
5,1,2010,2010-12-19,0.03,0.02947858
5,1,2010,2010-12-27,0.05,0.0048307776
5,1,2011,2011-07-04,0.26,0.14143553
5,1,2011,2011-07-12,0.27,0.3042489
5,1,2011,2011-07-20,0.24,0.32480595
5,1,2011,2011-07-28,0.62,0.2904976
5,1,2011,2011-08-05,0.54,0.62057614
5,1,2011,2011-08-13,0.79,0.59617746
5,1,2011,2011-08-21,0.83,0.8154151
5,1,2011,2011-08-29,0.76,0.8116957
5,1,2011,2011-09-06,0.74,0.78793937
5,1,2011,2011-09-14,0.77,0.74187076
5,1,2011,2011-09-22,0.76,0.76553935
5,1,2011,2011-09-30,0.79,0.7488867
5,1,2011,2011-10-08,0.78,0.7862227
5,1,2011,2011-10-16,0.77,0.7865627
5,1,2011,2011-10-24,0.77,0.75198156
5,1,2011,2011-11-01,0.78,0.7476163
5,1,2011,2011-11-09,0.79,0.7448082
5,1,2011,2011-11-17,0.82,0.73980373
5,1,2011,2011-11-25,0.81,0.77649915
5,1,2011,2011-12-03,0.73,0.69971156
5,1,2011,2011-12-11,0.58,0.57750833
5,1,2011,2011-12-19,0.31,0.40201053
5,1,2011,2011-12-27,0.38,0.18363518
5,1,2012,2012-07-03,0.06,0.07628673
5,1,2012,2012-07-11,0.21,0.13570985
5,1,2012,2012-07-19,0.23,0.26630187
5,1,2012,2012-07-27,0.13,0.27519342
5,1,2012,2012-08-04,0.28,0.25649697
5,1,2012,2012-08-12,0.32,0.3202123
5,1,2012,2012-08-20,0.45,0.41444132
5,1,2012,2012-08-28,0.62,0.51859665
5,1,2012,2012-09-05,0.67,0.6267343
5,1,2012,2012-09-13,0.74,0.6560494
5,1,2012,2012-09-21,0.71,0.71762455
5,1,2012,2012-09-29,0.8,0.66443646
5,1,2012,2012-10-07,0.65,0.76293814
5,1,2012,2012-10-15,0.67,0.5800023
5,1,2012,2012-10-23,0.59,0.5803623
5,1,2012,2012-10-31,0.53,0.48300385
5,1,2012,2012-11-08,0.45,0.44684583
5,1,2012,2012-11-16,0.19,0.35971183
5,1,2012,2012-11-24,0.12,0.13695541
5,1,2012,2012-12-02,0.08,0.07137504
5,1,2012,2012-12-10,0.08,0.060441047
5,1,2012,2012-12-18,0.06,0.08004442
5,1,2012,2012-12-26,0.03,0.038890094
5,2,2001,2001-07-04,0.17,0.21998653
5,2,2001,2001-07-12,0.18,0.2327843
5,2,2001,2001-07-20,0.3,0.26950544
5,2,2001,2001-07-28,0.48,0.37452343
5,2,2001,2001-08-05,0.61,0.60124815
5,2,2001,2001-08-13,0.6,0.70399714
5,2,2001,2001-08-21,0.79,0.6852739
5,2,2001,2001-08-29,0.82,0.82788527
5,2,2001,2001-09-06,0.77,0.8281728
5,2,2001,2001-09-14,0.75,0.76268446
5,2,2001,2001-09-22,0.74,0.70007265
5,2,2001,2001-09-30,0.75,0.69265413
5,2,2001,2001-10-08,0.76,0.7236266
5,2,2001,2001-10-16,0.76,0.74018407
5,2,2001,2001-10-24,0.75,0.7370462
5,2,2001,2001-11-01,0.75,0.72199845
5,2,2001,2001-11-09,0.75,0.72698545
5,2,2001,2001-11-17,0.79,0.73055565
5,2,2001,2001-11-25,0.78,0.7737553
5,2,2001,2001-12-03,0.77,0.7645718
5,2,2001,2001-12-11,0.76,0.73826396
5,2,2001,2001-12-19,0.6,0.68132466
5,2,2001,2001-12-27,0.36,0.46511507
5,2,2002,2002-07-04,0.13,0.15904942
5,2,2002,2002-07-12,0.22,0.19864544
5,2,2002,2002-07-20,0.28,0.28484178
5,2,2002,2002-07-28,0.42,0.36823604
5,2,2002,2002-08-05,0.57,0.5295466
5,2,2002,2002-08-13,0.68,0.66216254
5,2,2002,2002-08-21,0.68,0.7237444
5,2,2002,2002-08-29,0.7,0.7409673
5,2,2002,2002-09-06,0.66,0.7295722
5,2,2002,2002-09-14,0.73,0.6390426
5,2,2002,2002-09-22,0.73,0.6957401
5,2,2002,2002-09-30,0.73,0.69909346
5,2,2002,2002-10-08,0.72,0.70920026
5,2,2002,2002-10-16,0.71,0.68714905
5,2,2002,2002-10-24,0.72,0.6737106
5,2,2002,2002-11-01,0.72,0.6814542
5,2,2002,2002-11-09,0.73,0.6856531
5,2,2002,2002-11-17,0.74,0.69949436
5,2,2002,2002-11-25,0.71,0.7223331
5,2,2002,2002-12-03,0.67,0.67977285
5,2,2002,2002-12-11,0.51,0.61980605
5,2,2002,2002-12-19,0.3,0.42243254
5,2,2002,2002-12-27,0.11,0.16145204
5,2,2003,2003-07-04,0.1,0.15216683
5,2,2003,2003-07-12,0.16,0.15019149
5,2,2003,2003-07-20,0.17,0.22042802
5,2,2003,2003-07-28,0.23,0.24099505
5,2,2003,2003-08-05,0.3,0.31958097
5,2,2003,2003-08-13,0.3,0.40258163
5,2,2003,2003-08-21,0.41,0.4116813
5,2,2003,2003-08-29,0.53,0.46833163
5,2,2003,2003-09-06,0.58,0.5678065
5,2,2003,2003-09-14,0.56,0.59765375
5,2,2003,2003-09-22,0.61,0.5753026
5,2,2003,2003-09-30,0.59,0.59724903
5,2,2003,2003-10-08,0.6,0.57004297
5,2,2003,2003-10-16,0.58,0.5691238
5,2,2003,2003-10-24,0.62,0.5380593
5,2,2003,2003-11-01,0.61,0.5876318
5,2,2003,2003-11-09,0.55,0.5811285
5,2,2003,2003-11-17,0.5,0.5190781
5,2,2003,2003-11-25,0.3,0.44951162
5,2,2003,2003-12-03,0.28,0.24319552
5,2,2003,2003-12-11,0.19,0.20301726
5,2,2003,2003-12-19,0.08,0.1299461
5,2,2003,2003-12-27,0.05,0.052588373
5,2,2004,2004-07-03,0.11,0.12619525
5,2,2004,2004-07-11,0.18,0.14434367
5,2,2004,2004-07-19,0.39,0.22600864
5,2,2004,2004-07-27,0.48,0.4235201
5,2,2004,2004-08-04,0.48,0.5208546
5,2,2004,2004-08-12,0.52,0.5171984
5,2,2004,2004-08-20,0.55,0.5127611
5,2,2004,2004-08-28,0.6,0.55089164
5,2,2004,2004-09-05,0.61,0.61648047
5,2,2004,2004-09-13,0.66,0.6201714
5,2,2004,2004-09-21,0.69,0.6390198
5,2,2004,2004-09-29,0.68,0.66912186
5,2,2004,2004-10-07,0.68,0.64469635
5,2,2004,2004-10-15,0.67,0.63357854
5,2,2004,2004-10-23,0.69,0.6093887
5,2,2004,2004-10-31,0.67,0.6465801
5,2,2004,2004-11-08,0.62,0.62194395
5,2,2004,2004-11-16,0.55,0.54764366
5,2,2004,2004-11-24,0.35,0.4492712
5,2,2004,2004-12-02,0.27,0.21671076
5,2,2004,2004-12-10,0.14,0.15376134
5,2,2004,2004-12-18,0.11,0.080655366
5,2,2004,2004-12-26,0.1,0.074903816
5,2,2005,2005-07-04,0.16,0.124519214
5,2,2005,2005-07-12,0.22,0.20457354
5,2,2005,2005-07-20,0.11,0.28743166
5,2,2005,2005-07-28,0.57,0.2417535
5,2,2005,2005-08-05,0.54,0.6636617
5,2,2005,2005-08-13,0.62,0.6221632
5,2,2005,2005-08-21,0.62,0.64297783
5,2,2005,2005-08-29,0.65,0.61826265
5,2,2005,2005-09-06,0.59,0.65346026
5,2,2005,2005-09-14,0.58,0.5762588
5,2,2005,2005-09-22,0.6,0.5602875
5,2,2005,2005-09-30,0.58,0.58154523
5,2,2005,2005-10-08,0.6,0.56587946
5,2,2005,2005-10-16,0.61,0.5788642
5,2,2005,2005-10-24,0.6,0.58536506
5,2,2005,2005-11-01,0.61,0.5846795
5,2,2005,2005-11-09,0.61,0.5827576
5,2,2005,2005-11-17,0.63,0.5686562
5,2,2005,2005-11-25,0.73,0.57570326
5,2,2005,2005-12-03,0.66,0.63889
5,2,2005,2005-12-11,0.45,0.5758421
5,2,2005,2005-12-19,0.49,0.34371236
5,2,2005,2005-12-27,0.29,0.34536168
5,2,2006,2006-07-04,0.14,0.17752638
5,2,2006,2006-07-12,0.14,0.20523992
5,2,2006,2006-07-20,0.18,0.21418282
5,2,2006,2006-07-28,0.23,0.2053346
5,2,2006,2006-08-05,0.53,0.37104237
5,2,2006,2006-08-13,0.7,0.6133125
5,2,2006,2006-08-21,0.69,0.74398196
5,2,2006,2006-08-29,0.74,0.71539307
5,2,2006,2006-09-06,0.72,0.73197687
5,2,2006,2006-09-14,0.69,0.66885316
5,2,2006,2006-09-22,0.74,0.6301049
5,2,2006,2006-09-30,0.71,0.68675315
5,2,2006,2006-10-08,0.73,0.66068804
5,2,2006,2006-10-16,0.74,0.6877146
5,2,2006,2006-10-24,0.75,0.6948161
5,2,2006,2006-11-01,0.74,0.70608103
5,2,2006,2006-11-09,0.72,0.692505
5,2,2006,2006-11-17,0.7,0.66586816
5,2,2006,2006-11-25,0.62,0.6464229
5,2,2006,2006-12-03,0.47,0.5856416
5,2,2006,2006-12-11,0.32,0.3894171
5,2,2006,2006-12-19,0.3,0.17141572
5,2,2006,2006-12-27,0.15,0.19409326
5,2,2007,2007-07-04,0.03,0.112887636
5,2,2007,2007-07-12,0.08,0.099089414
5,2,2007,2007-07-20,0.16,0.13819571
5,2,2007,2007-07-28,0.56,0.22684936
5,2,2007,2007-08-05,0.58,0.6243775
5,2,2007,2007-08-13,0.57,0.6859858
5,2,2007,2007-08-21,0.67,0.6685487
5,2,2007,2007-08-29,0.68,0.7033726
5,2,2007,2007-09-06,0.6,0.7042333
5,2,2007,2007-09-14,0.67,0.59566987
5,2,2007,2007-09-22,0.61,0.62913835
5,2,2007,2007-09-30,0.66,0.58838654
5,2,2007,2007-10-08,0.65,0.6427979
5,2,2007,2007-10-16,0.67,0.6324053
5,2,2007,2007-10-24,0.68,0.6618575
5,2,2007,2007-11-01,0.65,0.6672723
5,2,2007,2007-11-09,0.67,0.6275519
5,2,2007,2007-11-17,0.65,0.63476694
5,2,2007,2007-11-25,0.64,0.6103506
5,2,2007,2007-12-03,0.62,0.583176
5,2,2007,2007-12-11,0.5,0.5219444
5,2,2007,2007-12-19,0.23,0.37718025
5,2,2007,2007-12-27,0.25,0.14829692
5,2,2008,2008-07-03,0.1,0.108831525
5,2,2008,2008-07-11,0.09,0.12828918
5,2,2008,2008-07-19,0.14,0.13556844
5,2,2008,2008-07-27,0.35,0.20151675
5,2,2008,2008-08-04,0.46,0.49280986
5,2,2008,2008-08-12,0.63,0.57856905
5,2,2008,2008-08-20,0.72,0.6723045
5,2,2008,2008-08-28,0.67,0.7487261
5,2,2008,2008-09-05,0.73,0.69454753
5,2,2008,2008-09-13,0.62,0.6926211
5,2,2008,2008-09-21,0.63,0.58620167
5,2,2008,2008-09-29,0.63,0.5737974
5,2,2008,2008-10-07,0.61,0.5916133
5,2,2008,2008-10-15,0.64,0.58878386
5,2,2008,2008-10-23,0.64,0.62194264
5,2,2008,2008-10-31,0.63,0.6251743
5,2,2008,2008-11-08,0.61,0.606387
5,2,2008,2008-11-16,0.63,0.5823847
5,2,2008,2008-11-24,0.64,0.59769833
5,2,2008,2008-12-02,0.63,0.61376584
5,2,2008,2008-12-10,0.56,0.60223526
5,2,2008,2008-12-18,0.47,0.49553707
5,2,2008,2008-12-26,0.34,0.32977098
5,2,2009,2009-07-04,0.1,0.12392305
5,2,2009,2009-07-12,0.06,0.135192
5,2,2009,2009-07-20,0.24,0.10062584
5,2,2009,2009-07-28,0.18,0.2695955
5,2,2009,2009-08-05,0.46,0.28346974
5,2,2009,2009-08-13,0.58,0.5474583
5,2,2009,2009-08-21,0.58,0.6525414
5,2,2009,2009-08-29,0.6,0.64724445
5,2,2009,2009-09-06,0.6,0.60113907
5,2,2009,2009-09-14,0.64,0.58579856
5,2,2009,2009-09-22,0.63,0.58944625
5,2,2009,2009-09-30,0.59,0.5873526
5,2,2009,2009-10-08,0.63,0.5441332
5,2,2009,2009-10-16,0.63,0.5780678
5,2,2009,2009-10-24,0.62,0.5969069
5,2,2009,2009-11-01,0.62,0.5898443
5,2,2009,2009-11-09,0.61,0.57672787
5,2,2009,2009-11-17,0.59,0.559782
5,2,2009,2009-11-25,0.42,0.54749537
5,2,2009,2009-12-03,0.23,0.37516785
5,2,2009,2009-12-11,0.22,0.16917548
5,2,2009,2009-12-19,0.18,0.14175303
5,2,2009,2009-12-27,0.16,0.1510441
5,2,2010,2010-07-04,0.08,0.10277443
5,2,2010,2010-07-12,0.15,0.12862888
5,2,2010,2010-07-20,0.1,0.18364435
5,2,2010,2010-07-28,0.1,0.19399226
5,2,2010,2010-08-05,0.27,0.16689073
5,2,2010,2010-08-13,0.37,0.38634282
5,2,2010,2010-08-21,0.37,0.5029096
5,2,2010,2010-08-29,0.48,0.48049116
5,2,2010,2010-09-06,0.5,0.52998996
5,2,2010,2010-09-14,0.55,0.5363072
5,2,2010,2010-09-22,0.53,0.58277833
5,2,2010,2010-09-30,0.56,0.5412059
5,2,2010,2010-10-08,0.57,0.54499924
5,2,2010,2010-10-16,0.57,0.56218433
5,2,2010,2010-10-24,0.61,0.5659058
5,2,2010,2010-11-01,0.57,0.5969469
5,2,2010,2010-11-09,0.54,0.5544808
5,2,2010,2010-11-17,0.52,0.510751
5,2,2010,2010-11-25,0.43,0.4760657
5,2,2010,2010-12-03,0.23,0.35230193
5,2,2010,2010-12-11,0.26,0.13719887
5,2,2010,2010-12-19,0.1,0.16937885
5,2,2010,2010-12-27,0.1,0.099057555
5,2,2011,2011-07-04,0.1,0.11622977
5,2,2011,2011-07-12,0.17,0.14883105
5,2,2011,2011-07-20,0.15,0.22821392
5,2,2011,2011-07-28,0.43,0.20174961
5,2,2011,2011-08-05,0.38,0.45167714
5,2,2011,2011-08-13,0.59,0.45748922
5,2,2011,2011-08-21,0.7,0.63688254
5,2,2011,2011-08-29,0.6,0.7034733
5,2,2011,2011-09-06,0.58,0.63637674
5,2,2011,2011-09-14,0.53,0.56272775
5,2,2011,2011-09-22,0.54,0.49734402
5,2,2011,2011-09-30,0.52,0.50729716
5,2,2011,2011-10-08,0.52,0.5011481
5,2,2011,2011-10-16,0.54,0.50763524
5,2,2011,2011-10-24,0.55,0.5263138
5,2,2011,2011-11-01,0.57,0.5504764
5,2,2011,2011-11-09,0.58,0.5558059
5,2,2011,2011-11-17,0.59,0.5537092
5,2,2011,2011-11-25,0.58,0.55816126
5,2,2011,2011-12-03,0.53,0.5265616
5,2,2011,2011-12-11,0.45,0.42716512
5,2,2011,2011-12-19,0.3,0.36667982
5,2,2011,2011-12-27,0.35,0.21583956
5,2,2012,2012-07-03,0.07,0.103382915
5,2,2012,2012-07-11,0.09,0.09794073
5,2,2012,2012-07-19,0.08,0.12641746
5,2,2012,2012-07-27,0.09,0.11354312
5,2,2012,2012-08-04,0.17,0.1855442
5,2,2012,2012-08-12,0.18,0.23181686
5,2,2012,2012-08-20,0.39,0.28305143
5,2,2012,2012-08-28,0.53,0.47218904
5,2,2012,2012-09-05,0.51,0.5514932
5,2,2012,2012-09-13,0.47,0.51071775
5,2,2012,2012-09-21,0.41,0.41869769
5,2,2012,2012-09-29,0.46,0.34442598
5,2,2012,2012-10-07,0.42,0.39442533
5,2,2012,2012-10-15,0.44,0.38024792
5,2,2012,2012-10-23,0.4,0.40561894
5,2,2012,2012-10-31,0.38,0.368723
5,2,2012,2012-11-08,0.34,0.3520018
5,2,2012,2012-11-16,0.16,0.3120081
5,2,2012,2012-11-24,0.13,0.16175261
5,2,2012,2012-12-02,0.11,0.11533645
5,2,2012,2012-12-10,0.16,0.11078608
5,2,2012,2012-12-18,0.21,0.16745707
5,2,2012,2012-12-26,0.15,0.19421655
5,3,2001,2001-07-04,0.31,0.3644514
5,3,2001,2001-07-12,0.26,0.39522496
5,3,2001,2001-07-20,0.43,0.35062397
5,3,2001,2001-07-28,0.49,0.47980168
5,3,2001,2001-08-05,0.48,0.5776321
5,3,2001,2001-08-13,0.39,0.55365133
5,3,2001,2001-08-21,0.65,0.4072765
5,3,2001,2001-08-29,0.62,0.639253
5,3,2001,2001-09-06,0.63,0.6401918
5,3,2001,2001-09-14,0.63,0.63416785
5,3,2001,2001-09-22,0.72,0.6318731
5,3,2001,2001-09-30,0.69,0.72566843
5,3,2001,2001-10-08,0.74,0.6980356
5,3,2001,2001-10-16,0.75,0.7328158
5,3,2001,2001-10-24,0.74,0.7268094
5,3,2001,2001-11-01,0.78,0.7234719
5,3,2001,2001-11-09,0.77,0.75011355
5,3,2001,2001-11-17,0.84,0.7452176
5,3,2001,2001-11-25,0.76,0.82678545
5,3,2001,2001-12-03,0.67,0.710416
5,3,2001,2001-12-11,0.6,0.5620102
5,3,2001,2001-12-19,0.47,0.41562417
5,3,2001,2001-12-27,0.33,0.30032152
5,3,2002,2002-07-04,0.18,0.20675713
5,3,2002,2002-07-12,0.23,0.25510716
5,3,2002,2002-07-20,0.41,0.27359915
5,3,2002,2002-07-28,0.44,0.46728948
5,3,2002,2002-08-05,0.48,0.5029006
5,3,2002,2002-08-13,0.53,0.5022907
5,3,2002,2002-08-21,0.53,0.49160388
5,3,2002,2002-08-29,0.53,0.5565845
5,3,2002,2002-09-06,0.47,0.5313927
5,3,2002,2002-09-14,0.52,0.4500162
5,3,2002,2002-09-22,0.6,0.47678012
5,3,2002,2002-09-30,0.67,0.59789944
5,3,2002,2002-10-08,0.66,0.65974045
5,3,2002,2002-10-16,0.63,0.6497474
5,3,2002,2002-10-24,0.66,0.5947546
5,3,2002,2002-11-01,0.69,0.6071377
5,3,2002,2002-11-09,0.7,0.65618384
5,3,2002,2002-11-17,0.66,0.6642108
5,3,2002,2002-11-25,0.52,0.6302421
5,3,2002,2002-12-03,0.44,0.4307917
5,3,2002,2002-12-11,0.3,0.2959874
5,3,2002,2002-12-19,0.23,0.17421797
5,3,2002,2002-12-27,0.09,0.13582748
5,3,2003,2003-07-04,0.17,0.15645626
5,3,2003,2003-07-12,0.27,0.20181444
5,3,2003,2003-07-20,0.25,0.3016783
5,3,2003,2003-07-28,0.29,0.32902437
5,3,2003,2003-08-05,0.26,0.3429219
5,3,2003,2003-08-13,0.26,0.30180016
5,3,2003,2003-08-21,0.33,0.29345614
5,3,2003,2003-08-29,0.35,0.34470415
5,3,2003,2003-09-06,0.38,0.3698985
5,3,2003,2003-09-14,0.53,0.3736998
5,3,2003,2003-09-22,0.62,0.518659
5,3,2003,2003-09-30,0.6,0.62272
5,3,2003,2003-10-08,0.64,0.61165
5,3,2003,2003-10-16,0.71,0.6094776
5,3,2003,2003-10-24,0.74,0.65599525
5,3,2003,2003-11-01,0.68,0.69642186
5,3,2003,2003-11-09,0.66,0.6357089
5,3,2003,2003-11-17,0.52,0.59407216
5,3,2003,2003-11-25,0.37,0.4239038
5,3,2003,2003-12-03,0.22,0.23417774
5,3,2003,2003-12-11,0.16,0.10755786
5,3,2003,2003-12-19,0.08,0.08108017
5,3,2003,2003-12-27,0.04,0.05919507
5,3,2004,2004-07-03,0.14,0.14960584
5,3,2004,2004-07-11,0.18,0.17581587
5,3,2004,2004-07-19,0.2,0.23845726
5,3,2004,2004-07-27,0.28,0.24942522
5,3,2004,2004-08-04,0.29,0.31508836
5,3,2004,2004-08-12,0.3,0.31427547
5,3,2004,2004-08-20,0.36,0.3121034
5,3,2004,2004-08-28,0.44,0.37022978
5,3,2004,2004-09-05,0.45,0.44982296
5,3,2004,2004-09-13,0.58,0.46309155
5,3,2004,2004-09-21,0.65,0.5967088
5,3,2004,2004-09-29,0.63,0.6641289
5,3,2004,2004-10-07,0.68,0.6249129
5,3,2004,2004-10-15,0.68,0.6481448
5,3,2004,2004-10-23,0.72,0.6541436
5,3,2004,2004-10-31,0.72,0.69597197
5,3,2004,2004-11-08,0.64,0.6644368
5,3,2004,2004-11-16,0.57,0.56493485
5,3,2004,2004-11-24,0.45,0.43130088
5,3,2004,2004-12-02,0.3,0.2849329
5,3,2004,2004-12-10,0.12,0.1576052
5,3,2004,2004-12-18,0.09,0.057911515
5,3,2004,2004-12-26,0.1,0.04914409
5,3,2005,2005-07-04,0.16,0.15575951
5,3,2005,2005-07-12,0.11,0.1865722
5,3,2005,2005-07-20,0.14,0.15452643
5,3,2005,2005-07-28,0.22,0.16808344
5,3,2005,2005-08-05,0.29,0.25289118
5,3,2005,2005-08-13,0.27,0.3244632
5,3,2005,2005-08-21,0.37,0.30188918
5,3,2005,2005-08-29,0.4,0.3768014
5,3,2005,2005-09-06,0.41,0.4207937
5,3,2005,2005-09-14,0.48,0.4221967
5,3,2005,2005-09-22,0.62,0.4911496
5,3,2005,2005-09-30,0.62,0.6245464
5,3,2005,2005-10-08,0.65,0.6118927
5,3,2005,2005-10-16,0.65,0.6248584
5,3,2005,2005-10-24,0.7,0.6022725
5,3,2005,2005-11-01,0.69,0.6607255
5,3,2005,2005-11-09,0.69,0.6420889
5,3,2005,2005-11-17,0.72,0.6122967
5,3,2005,2005-11-25,0.69,0.62036383
5,3,2005,2005-12-03,0.61,0.570629
5,3,2005,2005-12-11,0.46,0.46071267
5,3,2005,2005-12-19,0.36,0.28140068
5,3,2005,2005-12-27,0.23,0.21154772
5,3,2006,2006-07-04,0.17,0.20033199
5,3,2006,2006-07-12,0.24,0.21983688
5,3,2006,2006-07-20,0.29,0.25600863
5,3,2006,2006-07-28,0.25,0.30377367
5,3,2006,2006-08-05,0.42,0.29125345
5,3,2006,2006-08-13,0.47,0.4405139
5,3,2006,2006-08-21,0.42,0.48085782
5,3,2006,2006-08-29,0.45,0.45105428
5,3,2006,2006-09-06,0.47,0.4440035
5,3,2006,2006-09-14,0.46,0.45676824
5,3,2006,2006-09-22,0.64,0.46396166
5,3,2006,2006-09-30,0.66,0.6588299
5,3,2006,2006-10-08,0.71,0.6661874
5,3,2006,2006-10-16,0.75,0.6989857
5,3,2006,2006-10-24,0.78,0.7137468
5,3,2006,2006-11-01,0.76,0.75136626
5,3,2006,2006-11-09,0.74,0.7136711
5,3,2006,2006-11-17,0.72,0.6784675
5,3,2006,2006-11-25,0.65,0.65627337
5,3,2006,2006-12-03,0.57,0.57069063
5,3,2006,2006-12-11,0.33,0.4546608
5,3,2006,2006-12-19,0.33,0.18926641
5,3,2006,2006-12-27,0.12,0.1771735
5,3,2007,2007-07-04,0.07,0.13075292
5,3,2007,2007-07-12,0.12,0.13153493
5,3,2007,2007-07-20,0.11,0.1856367
5,3,2007,2007-07-28,0.55,0.19226356
5,3,2007,2007-08-05,0.55,0.5747988
5,3,2007,2007-08-13,0.54,0.60735476
5,3,2007,2007-08-21,0.53,0.58002913
5,3,2007,2007-08-29,0.57,0.5036422
5,3,2007,2007-09-06,0.57,0.53548694
5,3,2007,2007-09-14,0.56,0.5469652
5,3,2007,2007-09-22,0.48,0.53323174
5,3,2007,2007-09-30,0.54,0.489584
5,3,2007,2007-10-08,0.56,0.5351435
5,3,2007,2007-10-16,0.58,0.5675302
5,3,2007,2007-10-24,0.64,0.59114206
5,3,2007,2007-11-01,0.5,0.6421778
5,3,2007,2007-11-09,0.62,0.48670778
5,3,2007,2007-11-17,0.62,0.57428324
5,3,2007,2007-11-25,0.65,0.58132374
5,3,2007,2007-12-03,0.62,0.6144892
5,3,2007,2007-12-11,0.5,0.54829496
5,3,2007,2007-12-19,0.29,0.36754546
5,3,2007,2007-12-27,0.23,0.17921951
5,3,2008,2008-07-03,0.18,0.18564652
5,3,2008,2008-07-11,0.16,0.20061721
5,3,2008,2008-07-19,0.3,0.19552518
5,3,2008,2008-07-27,0.3,0.2991085
5,3,2008,2008-08-04,0.33,0.41636556
5,3,2008,2008-08-12,0.5,0.42647138
5,3,2008,2008-08-20,0.46,0.5232717
5,3,2008,2008-08-28,0.46,0.48340067
5,3,2008,2008-09-05,0.48,0.46560025
5,3,2008,2008-09-13,0.37,0.45892346
5,3,2008,2008-09-21,0.41,0.3646086
5,3,2008,2008-09-29,0.43,0.35567915
5,3,2008,2008-10-07,0.48,0.40882134
5,3,2008,2008-10-15,0.53,0.484808
5,3,2008,2008-10-23,0.54,0.5320599
5,3,2008,2008-10-31,0.55,0.54830724
5,3,2008,2008-11-08,0.59,0.50671756
5,3,2008,2008-11-16,0.64,0.5689211
5,3,2008,2008-11-24,0.66,0.6177616
5,3,2008,2008-12-02,0.66,0.6434922
5,3,2008,2008-12-10,0.62,0.6201956
5,3,2008,2008-12-18,0.45,0.53717524
5,3,2008,2008-12-26,0.45,0.3145291
5,3,2009,2009-07-04,0.1,0.13971221
5,3,2009,2009-07-12,0.14,0.14503188
5,3,2009,2009-07-20,0.38,0.17149985
5,3,2009,2009-07-28,0.34,0.41881087
5,3,2009,2009-08-05,0.47,0.40138924
5,3,2009,2009-08-13,0.53,0.47719067
5,3,2009,2009-08-21,0.53,0.5493751
5,3,2009,2009-08-29,0.43,0.5363681
5,3,2009,2009-09-06,0.4,0.41059047
5,3,2009,2009-09-14,0.46,0.34957898
5,3,2009,2009-09-22,0.43,0.3863101
5,3,2009,2009-09-30,0.42,0.40301326
5,3,2009,2009-10-08,0.43,0.4010115
5,3,2009,2009-10-16,0.46,0.41632727
5,3,2009,2009-10-24,0.47,0.45749664
5,3,2009,2009-11-01,0.5,0.46613085
5,3,2009,2009-11-09,0.53,0.48547804
5,3,2009,2009-11-17,0.58,0.5172646
5,3,2009,2009-11-25,0.51,0.5729657
5,3,2009,2009-12-03,0.44,0.5033776
5,3,2009,2009-12-11,0.29,0.4039835
5,3,2009,2009-12-19,0.27,0.2316529
5,3,2009,2009-12-27,0.18,0.17645925
5,3,2010,2010-07-04,0.09,0.09968725
5,3,2010,2010-07-12,0.22,0.1187692
5,3,2010,2010-07-20,0.21,0.24044344
5,3,2010,2010-07-28,0.15,0.30047482
5,3,2010,2010-08-05,0.42,0.22350483
5,3,2010,2010-08-13,0.37,0.4576357
5,3,2010,2010-08-21,0.38,0.4363991
5,3,2010,2010-08-29,0.35,0.4054763
5,3,2010,2010-09-06,0.32,0.30937514
5,3,2010,2010-09-14,0.3,0.2787688
5,3,2010,2010-09-22,0.32,0.2839864
5,3,2010,2010-09-30,0.33,0.30771822
5,3,2010,2010-10-08,0.37,0.32224584
5,3,2010,2010-10-16,0.39,0.3627291
5,3,2010,2010-10-24,0.43,0.39099097
5,3,2010,2010-11-01,0.46,0.42495653
5,3,2010,2010-11-09,0.54,0.45263666
5,3,2010,2010-11-17,0.56,0.5270742
5,3,2010,2010-11-25,0.58,0.5522942
5,3,2010,2010-12-03,0.54,0.53827184
5,3,2010,2010-12-11,0.39,0.46624663
5,3,2010,2010-12-19,0.31,0.28289214
5,3,2010,2010-12-27,0.16,0.20209908
5,3,2011,2011-07-04,0.2,0.13388291
5,3,2011,2011-07-12,0.3,0.22111812
5,3,2011,2011-07-20,0.24,0.3447178
5,3,2011,2011-07-28,0.42,0.2956931
5,3,2011,2011-08-05,0.35,0.39568195
5,3,2011,2011-08-13,0.44,0.4062625
5,3,2011,2011-08-21,0.45,0.45585525
5,3,2011,2011-08-29,0.37,0.44554058
5,3,2011,2011-09-06,0.33,0.36270905
5,3,2011,2011-09-14,0.32,0.29180223
5,3,2011,2011-09-22,0.41,0.28007004
5,3,2011,2011-09-30,0.41,0.38678682
5,3,2011,2011-10-08,0.43,0.41150147
5,3,2011,2011-10-16,0.43,0.4316466
5,3,2011,2011-10-24,0.5,0.42248836
5,3,2011,2011-11-01,0.53,0.48868746
5,3,2011,2011-11-09,0.58,0.5225545
5,3,2011,2011-11-17,0.61,0.57949
5,3,2011,2011-11-25,0.57,0.59761393
5,3,2011,2011-12-03,0.53,0.552722
5,3,2011,2011-12-11,0.56,0.4784284
5,3,2011,2011-12-19,0.37,0.45815557
5,3,2011,2011-12-27,0.36,0.29132915
5,3,2012,2012-07-03,0.19,0.1362594
5,3,2012,2012-07-11,0.18,0.23736444
5,3,2012,2012-07-19,0.17,0.25405425
5,3,2012,2012-07-27,0.16,0.21429843
5,3,2012,2012-08-04,0.26,0.22572906
5,3,2012,2012-08-12,0.2,0.2899295
5,3,2012,2012-08-20,0.26,0.26785666
5,3,2012,2012-08-28,0.29,0.2977679
5,3,2012,2012-09-05,0.27,0.29798818
5,3,2012,2012-09-13,0.23,0.27552477
5,3,2012,2012-09-21,0.25,0.2302204
5,3,2012,2012-09-29,0.35,0.26872528
5,3,2012,2012-10-07,0.34,0.36646426
5,3,2012,2012-10-15,0.42,0.37356773
5,3,2012,2012-10-23,0.47,0.42359063
5,3,2012,2012-10-31,0.46,0.47871387
5,3,2012,2012-11-08,0.46,0.47358906
5,3,2012,2012-11-16,0.46,0.45976028
5,3,2012,2012-11-24,0.29,0.45025244
5,3,2012,2012-12-02,0.25,0.28064203
5,3,2012,2012-12-10,0.19,0.19936419
5,3,2012,2012-12-18,0.16,0.17483191
5,3,2012,2012-12-26,0.11,0.14384383
5,4,2001,2001-07-04,0.45,0.4879778
5,4,2001,2001-07-12,0.39,0.50962603
5,4,2001,2001-07-20,0.64,0.45072687
5,4,2001,2001-07-28,0.53,0.70511055
5,4,2001,2001-08-05,0.56,0.6725981
5,4,2001,2001-08-13,0.49,0.6549282
5,4,2001,2001-08-21,0.85,0.5335889
5,4,2001,2001-08-29,0.88,0.9194145
5,4,2001,2001-09-06,0.91,0.9099268
5,4,2001,2001-09-14,0.91,0.9168118
5,4,2001,2001-09-22,0.96,0.9080256
5,4,2001,2001-09-30,0.97,0.9528086
5,4,2001,2001-10-08,0.97,0.9599328
5,4,2001,2001-10-16,0.98,0.948727
5,4,2001,2001-10-24,0.98,0.95170164
5,4,2001,2001-11-01,0.98,0.9508449
5,4,2001,2001-11-09,0.98,0.9417672
5,4,2001,2001-11-17,0.97,0.9381995
5,4,2001,2001-11-25,0.93,0.9226587
5,4,2001,2001-12-03,0.84,0.8646251
5,4,2001,2001-12-11,0.62,0.7292907
5,4,2001,2001-12-19,0.5,0.39379686
5,4,2001,2001-12-27,0.22,0.2166871
5,4,2002,2002-07-04,0.3,0.22147015
5,4,2002,2002-07-12,0.43,0.43712747
5,4,2002,2002-07-20,0.56,0.5321088
5,4,2002,2002-07-28,0.54,0.67292225
5,4,2002,2002-08-05,0.62,0.60948384
5,4,2002,2002-08-13,0.85,0.64186513
5,4,2002,2002-08-21,0.85,0.8348856
5,4,2002,2002-08-29,0.87,0.89860594
5,4,2002,2002-09-06,0.86,0.89264584
5,4,2002,2002-09-14,0.95,0.85803723
5,4,2002,2002-09-22,0.97,0.9423398
5,4,2002,2002-09-30,0.98,0.96611845
5,4,2002,2002-10-08,0.98,0.96667314
5,4,2002,2002-10-16,0.97,0.94924283
5,4,2002,2002-10-24,0.98,0.9307685
5,4,2002,2002-11-01,0.98,0.94148004
5,4,2002,2002-11-09,0.97,0.940874
5,4,2002,2002-11-17,0.94,0.9273219
5,4,2002,2002-11-25,0.8,0.88085485
5,4,2002,2002-12-03,0.6,0.6722938
5,4,2002,2002-12-11,0.4,0.3674388
5,4,2002,2002-12-19,0.17,0.12898487
5,4,2002,2002-12-27,0.04,0.036658973
5,4,2003,2003-07-04,0.13,0.10102746
5,4,2003,2003-07-12,0.39,0.21488757
5,4,2003,2003-07-20,0.32,0.47629824
5,4,2003,2003-07-28,0.38,0.44423777
5,4,2003,2003-08-05,0.41,0.41991845
5,4,2003,2003-08-13,0.39,0.43074208
5,4,2003,2003-08-21,0.58,0.4677198
5,4,2003,2003-08-29,0.7,0.61713874
5,4,2003,2003-09-06,0.63,0.7167493
5,4,2003,2003-09-14,0.85,0.6339141
5,4,2003,2003-09-22,0.91,0.86626005
5,4,2003,2003-09-30,0.93,0.8890878
5,4,2003,2003-10-08,0.96,0.9051719
5,4,2003,2003-10-16,0.97,0.92119586
5,4,2003,2003-10-24,0.97,0.9190606
5,4,2003,2003-11-01,0.94,0.9182123
5,4,2003,2003-11-09,0.85,0.8742857
5,4,2003,2003-11-17,0.51,0.75157595
5,4,2003,2003-11-25,0.32,0.31473103
5,4,2003,2003-12-03,0.13,0.096373886
5,4,2003,2003-12-11,0.05,0.023626804
5,4,2003,2003-12-19,0.02,0.005988866
5,4,2003,2003-12-27,0.01,-0.0039819777
5,4,2004,2004-07-03,0.09,0.09554136
5,4,2004,2004-07-11,0.16,0.12788716
5,4,2004,2004-07-19,0.22,0.26542932
5,4,2004,2004-07-27,0.21,0.29639947
5,4,2004,2004-08-04,0.23,0.28076452
5,4,2004,2004-08-12,0.36,0.27951694
5,4,2004,2004-08-20,0.54,0.38252142
5,4,2004,2004-08-28,0.73,0.59514135
5,4,2004,2004-09-05,0.81,0.7565732
5,4,2004,2004-09-13,0.88,0.7839744
5,4,2004,2004-09-21,0.91,0.8827288
5,4,2004,2004-09-29,0.92,0.89528763
5,4,2004,2004-10-07,0.98,0.8936373
5,4,2004,2004-10-15,0.97,0.954007
5,4,2004,2004-10-23,0.97,0.92717314
5,4,2004,2004-10-31,0.96,0.9214088
5,4,2004,2004-11-08,0.74,0.88862705
5,4,2004,2004-11-16,0.47,0.5751208
5,4,2004,2004-11-24,0.26,0.17021376
5,4,2004,2004-12-02,0.16,0.06502107
5,4,2004,2004-12-10,0.02,0.042158723
5,4,2004,2004-12-18,0.02,-0.0020122528
5,4,2004,2004-12-26,0.01,0.017056197
5,4,2005,2005-07-04,0.1,0.08064845
5,4,2005,2005-07-12,0.07,0.12933525
5,4,2005,2005-07-20,0.08,0.12297718
5,4,2005,2005-07-28,0.13,0.14166257
5,4,2005,2005-08-05,0.2,0.17356509
5,4,2005,2005-08-13,0.13,0.24102256
5,4,2005,2005-08-21,0.47,0.21494564
5,4,2005,2005-08-29,0.55,0.5523442
5,4,2005,2005-09-06,0.73,0.6308007
5,4,2005,2005-09-14,0.83,0.7580943
5,4,2005,2005-09-22,0.88,0.82994044
5,4,2005,2005-09-30,0.89,0.86406446
5,4,2005,2005-10-08,0.93,0.8571687
5,4,2005,2005-10-16,0.95,0.9051168
5,4,2005,2005-10-24,0.97,0.9073616
5,4,2005,2005-11-01,0.97,0.92569077
5,4,2005,2005-11-09,0.92,0.91231084
5,4,2005,2005-11-17,0.83,0.772678
5,4,2005,2005-11-25,0.7,0.5769558
5,4,2005,2005-12-03,0.37,0.395455
5,4,2005,2005-12-11,0.13,0.15405843
5,4,2005,2005-12-19,0.11,0.04198286
5,4,2005,2005-12-27,0.07,0.04561007
5,4,2006,2006-07-04,0.2,0.16066986
5,4,2006,2006-07-12,0.27,0.23199636
5,4,2006,2006-07-20,0.29,0.28584784
5,4,2006,2006-07-28,0.23,0.30326715
5,4,2006,2006-08-05,0.39,0.25335196
5,4,2006,2006-08-13,0.54,0.39804667
5,4,2006,2006-08-21,0.51,0.51878804
5,4,2006,2006-08-29,0.69,0.57567227
5,4,2006,2006-09-06,0.77,0.70803654
5,4,2006,2006-09-14,0.82,0.78668684
5,4,2006,2006-09-22,0.92,0.8249172
5,4,2006,2006-09-30,0.93,0.9096763
5,4,2006,2006-10-08,0.92,0.8974812
5,4,2006,2006-10-16,0.95,0.88270164
5,4,2006,2006-10-24,0.96,0.90809834
5,4,2006,2006-11-01,0.98,0.9181019
5,4,2006,2006-11-09,0.96,0.93653226
5,4,2006,2006-11-17,0.94,0.88540006
5,4,2006,2006-11-25,0.8,0.83060443
5,4,2006,2006-12-03,0.6,0.60771406
5,4,2006,2006-12-11,0.2,0.28765482
5,4,2006,2006-12-19,0.14,0.049352676
5,4,2006,2006-12-27,0.03,0.053781986
5,4,2007,2007-07-04,0.06,0.11456987
5,4,2007,2007-07-12,0.15,0.1500662
5,4,2007,2007-07-20,0.11,0.250098
5,4,2007,2007-07-28,0.51,0.22607628
5,4,2007,2007-08-05,0.51,0.5693518
5,4,2007,2007-08-13,0.51,0.59959006
5,4,2007,2007-08-21,0.55,0.61096084
5,4,2007,2007-08-29,0.66,0.5906646
5,4,2007,2007-09-06,0.73,0.7234858
5,4,2007,2007-09-14,0.76,0.78604573
5,4,2007,2007-09-22,0.82,0.8022468
5,4,2007,2007-09-30,0.92,0.8586594
5,4,2007,2007-10-08,0.92,0.94144666
5,4,2007,2007-10-16,0.93,0.9170588
5,4,2007,2007-10-24,0.96,0.9192891
5,4,2007,2007-11-01,0.93,0.9415555
5,4,2007,2007-11-09,0.95,0.90325797
5,4,2007,2007-11-17,0.93,0.9149357
5,4,2007,2007-11-25,0.86,0.87672937
5,4,2007,2007-12-03,0.8,0.74026465
5,4,2007,2007-12-11,0.43,0.5934812
5,4,2007,2007-12-19,0.05,0.14822812
5,4,2007,2007-12-27,0.04,0.03796774
5,4,2008,2008-07-03,0.2,0.16274267
5,4,2008,2008-07-11,0.14,0.23545176
5,4,2008,2008-07-19,0.39,0.21128063
5,4,2008,2008-07-27,0.33,0.41495523
5,4,2008,2008-08-04,0.42,0.45948684
5,4,2008,2008-08-12,0.56,0.5090242
5,4,2008,2008-08-20,0.6,0.5945224
5,4,2008,2008-08-28,0.63,0.63020253
5,4,2008,2008-09-05,0.72,0.66216415
5,4,2008,2008-09-13,0.78,0.7393894
5,4,2008,2008-09-21,0.82,0.78537226
5,4,2008,2008-09-29,0.84,0.8218974
5,4,2008,2008-10-07,0.86,0.84691596
5,4,2008,2008-10-15,0.86,0.84462434
5,4,2008,2008-10-23,0.89,0.8304393
5,4,2008,2008-10-31,0.9,0.86601627
5,4,2008,2008-11-08,0.87,0.8589268
5,4,2008,2008-11-16,0.88,0.8246002
5,4,2008,2008-11-24,0.8,0.82319784
5,4,2008,2008-12-02,0.65,0.69653594
5,4,2008,2008-12-10,0.42,0.4884689
5,4,2008,2008-12-18,0.19,0.15261617
5,4,2008,2008-12-26,0.11,0.036732763
5,4,2009,2009-07-04,0.05,0.10542391
5,4,2009,2009-07-12,0.33,0.13187623
5,4,2009,2009-07-20,0.56,0.36816856
5,4,2009,2009-07-28,0.33,0.6318698
5,4,2009,2009-08-05,0.59,0.45917478
5,4,2009,2009-08-13,0.63,0.5990577
5,4,2009,2009-08-21,0.63,0.652429
5,4,2009,2009-08-29,0.63,0.66924393
5,4,2009,2009-09-06,0.76,0.6304746
5,4,2009,2009-09-14,0.82,0.7711065
5,4,2009,2009-09-22,0.85,0.8282292
5,4,2009,2009-09-30,0.85,0.8500283
5,4,2009,2009-10-08,0.88,0.82989573
5,4,2009,2009-10-16,0.9,0.85268474
5,4,2009,2009-10-24,0.9,0.8649229
5,4,2009,2009-11-01,0.91,0.86808
5,4,2009,2009-11-09,0.9,0.8727604
5,4,2009,2009-11-17,0.92,0.8434658
5,4,2009,2009-11-25,0.71,0.8727139
5,4,2009,2009-12-03,0.43,0.58026433
5,4,2009,2009-12-11,0.23,0.2014029
5,4,2009,2009-12-19,0.05,0.05256453
5,4,2009,2009-12-27,0.02,0.003963858
5,4,2010,2010-07-04,0.06,0.09664114
5,4,2010,2010-07-12,0.3,0.11059661
5,4,2010,2010-07-20,0.24,0.41108942
5,4,2010,2010-07-28,0.2,0.42305365
5,4,2010,2010-08-05,0.42,0.2912258
5,4,2010,2010-08-13,0.38,0.5140691
5,4,2010,2010-08-21,0.38,0.5022326
5,4,2010,2010-08-29,0.38,0.46586075
5,4,2010,2010-09-06,0.45,0.41460901
5,4,2010,2010-09-14,0.55,0.52620196
5,4,2010,2010-09-22,0.59,0.6342838
5,4,2010,2010-09-30,0.76,0.66390204
5,4,2010,2010-10-08,0.84,0.80355024
5,4,2010,2010-10-16,0.83,0.86586654
5,4,2010,2010-10-24,0.88,0.84222996
5,4,2010,2010-11-01,0.86,0.8702544
5,4,2010,2010-11-09,0.81,0.8309767
5,4,2010,2010-11-17,0.83,0.75873613
5,4,2010,2010-11-25,0.68,0.7811515
5,4,2010,2010-12-03,0.49,0.5301384
5,4,2010,2010-12-11,0.13,0.23997429
5,4,2010,2010-12-19,0.08,0.026844025
5,4,2010,2010-12-27,0.03,0.02226594
5,4,2011,2011-07-04,0.12,0.14372048
5,4,2011,2011-07-12,0.21,0.17163438
5,4,2011,2011-07-20,0.13,0.31702146
5,4,2011,2011-07-28,0.34,0.24419226
5,4,2011,2011-08-05,0.37,0.38444477
5,4,2011,2011-08-13,0.36,0.46546748
5,4,2011,2011-08-21,0.41,0.45664105
5,4,2011,2011-08-29,0.43,0.45283288
5,4,2011,2011-09-06,0.51,0.46345764
5,4,2011,2011-09-14,0.64,0.5565972
5,4,2011,2011-09-22,0.84,0.69060254
5,4,2011,2011-09-30,0.85,0.85156214
5,4,2011,2011-10-08,0.85,0.87606776
5,4,2011,2011-10-16,0.86,0.87019455
5,4,2011,2011-10-24,0.87,0.84320056
5,4,2011,2011-11-01,0.87,0.85294545
5,4,2011,2011-11-09,0.87,0.8350109
5,4,2011,2011-11-17,0.89,0.8149296
5,4,2011,2011-11-25,0.62,0.8478441
5,4,2011,2011-12-03,0.62,0.4793709
5,4,2011,2011-12-11,0.33,0.37342823
5,4,2011,2011-12-19,0.1,0.09686333
5,4,2011,2011-12-27,0.07,0.034991145
5,4,2012,2012-07-03,0.13,0.10536018
5,4,2012,2012-07-11,0.08,0.17476916
5,4,2012,2012-07-19,0.08,0.15487412
5,4,2012,2012-07-27,0.11,0.124842405
5,4,2012,2012-08-04,0.18,0.19874461
5,4,2012,2012-08-12,0.22,0.27397212
5,4,2012,2012-08-20,0.16,0.30369452
5,4,2012,2012-08-28,0.2,0.24421823
5,4,2012,2012-09-05,0.36,0.26110923
5,4,2012,2012-09-13,0.57,0.43419397
5,4,2012,2012-09-21,0.59,0.6569761
5,4,2012,2012-09-29,0.82,0.6898893
5,4,2012,2012-10-07,0.81,0.85180616
5,4,2012,2012-10-15,0.83,0.8144382
5,4,2012,2012-10-23,0.84,0.8194467
5,4,2012,2012-10-31,0.82,0.80571616
5,4,2012,2012-11-08,0.81,0.7788204
5,4,2012,2012-11-16,0.53,0.76052785
5,4,2012,2012-11-24,0.31,0.42396647
5,4,2012,2012-12-02,0.24,0.1099444
5,4,2012,2012-12-10,0.06,0.092677146
5,4,2012,2012-12-18,0.03,0.0048408806
5,4,2012,2012-12-26,0.01,-0.0026248395
5,5,2001,2001-07-04,0.34,0.36618593
5,5,2001,2001-07-12,0.24,0.40290588
5,5,2001,2001-07-20,0.15,0.31344274
5,5,2001,2001-07-28,0.12,0.23858492
5,5,2001,2001-08-05,0.33,0.22902814
5,5,2001,2001-08-13,0.28,0.3887594
5,5,2001,2001-08-21,0.45,0.38858253
5,5,2001,2001-08-29,0.61,0.5370636
5,5,2001,2001-09-06,0.75,0.70172584
5,5,2001,2001-09-14,0.8,0.7925987
5,5,2001,2001-09-22,0.88,0.8420551
5,5,2001,2001-09-30,0.92,0.9100094
5,5,2001,2001-10-08,0.91,0.93033755
5,5,2001,2001-10-16,0.95,0.9011333
5,5,2001,2001-10-24,0.92,0.92550063
5,5,2001,2001-11-01,0.91,0.8815962
5,5,2001,2001-11-09,0.89,0.85788524
5,5,2001,2001-11-17,0.87,0.81224847
5,5,2001,2001-11-25,0.81,0.78828084
5,5,2001,2001-12-03,0.63,0.70743704
5,5,2001,2001-12-11,0.39,0.46693838
5,5,2001,2001-12-19,0.28,0.162192
5,5,2001,2001-12-27,0.1,0.073848575
5,5,2002,2002-07-04,0.15,0.19101134
5,5,2002,2002-07-12,0.15,0.26254538
5,5,2002,2002-07-20,0.09,0.23047395
5,5,2002,2002-07-28,0.1,0.13641366
5,5,2002,2002-08-05,0.16,0.12453982
5,5,2002,2002-08-13,0.38,0.24152496
5,5,2002,2002-08-21,0.38,0.4415796
5,5,2002,2002-08-29,0.42,0.48870632
5,5,2002,2002-09-06,0.36,0.52676094
5,5,2002,2002-09-14,0.66,0.46658012
5,5,2002,2002-09-22,0.82,0.73274624
5,5,2002,2002-09-30,0.89,0.8487388
5,5,2002,2002-10-08,0.91,0.89471066
5,5,2002,2002-10-16,0.89,0.896858
5,5,2002,2002-10-24,0.91,0.8606559
5,5,2002,2002-11-01,0.9,0.8575293
5,5,2002,2002-11-09,0.9,0.8393922
5,5,2002,2002-11-17,0.84,0.8353735
5,5,2002,2002-11-25,0.67,0.7513248
5,5,2002,2002-12-03,0.43,0.5133904
5,5,2002,2002-12-11,0.27,0.18885688
5,5,2002,2002-12-19,0.1,0.06768897
5,5,2002,2002-12-27,0.02,0.024069637
5,5,2003,2003-07-04,0.07,0.07723114
5,5,2003,2003-07-12,0.21,0.120896205
5,5,2003,2003-07-20,0.16,0.2361994
5,5,2003,2003-07-28,0.16,0.1957384
5,5,2003,2003-08-05,0.15,0.17591357
5,5,2003,2003-08-13,0.13,0.17181157
5,5,2003,2003-08-21,0.18,0.21621445
5,5,2003,2003-08-29,0.26,0.24928747
5,5,2003,2003-09-06,0.32,0.31943983
5,5,2003,2003-09-14,0.53,0.35176924
5,5,2003,2003-09-22,0.75,0.60875845
5,5,2003,2003-09-30,0.83,0.7811441
5,5,2003,2003-10-08,0.9,0.8283409
5,5,2003,2003-10-16,0.89,0.8791617
5,5,2003,2003-10-24,0.87,0.84102464
5,5,2003,2003-11-01,0.8,0.80749404
5,5,2003,2003-11-09,0.71,0.7004545
5,5,2003,2003-11-17,0.38,0.5862217
5,5,2003,2003-11-25,0.29,0.20204175
5,5,2003,2003-12-03,0.08,0.095463514
5,5,2003,2003-12-11,0.0,0.00349316
5,5,2003,2003-12-19,0.02,-0.008564591
5,5,2003,2003-12-27,0.0,0.0040636957
5,5,2004,2004-07-03,0.02,0.052948534
5,5,2004,2004-07-11,0.05,0.04564601
5,5,2004,2004-07-19,0.04,0.10612251
5,5,2004,2004-07-27,0.05,0.089776605
5,5,2004,2004-08-04,0.06,0.09071633
5,5,2004,2004-08-12,0.09,0.09135485
5,5,2004,2004-08-20,0.13,0.11409241
5,5,2004,2004-08-28,0.39,0.16082165
5,5,2004,2004-09-05,0.48,0.41441727
5,5,2004,2004-09-13,0.8,0.5042608
5,5,2004,2004-09-21,0.89,0.7948402
5,5,2004,2004-09-29,0.88,0.8479409
5,5,2004,2004-10-07,0.92,0.84270394
5,5,2004,2004-10-15,0.89,0.8829322
5,5,2004,2004-10-23,0.89,0.8178283
5,5,2004,2004-10-31,0.9,0.8054079
5,5,2004,2004-11-08,0.64,0.7894791
5,5,2004,2004-11-16,0.45,0.463835
5,5,2004,2004-11-24,0.21,0.16986832
5,5,2004,2004-12-02,0.02,0.05718395
5,5,2004,2004-12-10,0.0,-0.004528463
5,5,2004,2004-12-18,0.0,-0.01398772
5,5,2004,2004-12-26,0.0,0.0026799738
5,5,2005,2005-07-04,0.03,0.085288495
5,5,2005,2005-07-12,0.03,0.049899608
5,5,2005,2005-07-20,0.04,0.051573813
5,5,2005,2005-07-28,0.04,0.058232933
5,5,2005,2005-08-05,0.09,0.06461546
5,5,2005,2005-08-13,0.02,0.106159925
5,5,2005,2005-08-21,0.12,0.061944753
5,5,2005,2005-08-29,0.23,0.14451158
5,5,2005,2005-09-06,0.36,0.30567724
5,5,2005,2005-09-14,0.7,0.44326538
5,5,2005,2005-09-22,0.88,0.7700087
5,5,2005,2005-09-30,0.85,0.84662664
5,5,2005,2005-10-08,0.9,0.81198084
5,5,2005,2005-10-16,0.91,0.8583473
5,5,2005,2005-10-24,0.93,0.8337522
5,5,2005,2005-11-01,0.92,0.86111975
5,5,2005,2005-11-09,0.82,0.8429285
5,5,2005,2005-11-17,0.72,0.6344709
5,5,2005,2005-11-25,0.66,0.4570052
5,5,2005,2005-12-03,0.31,0.3643262
5,5,2005,2005-12-11,0.11,0.124984235
5,5,2005,2005-12-19,0.03,0.039784163
5,5,2005,2005-12-27,0.04,0.0069527626
5,5,2006,2006-07-04,0.16,0.14849287
5,5,2006,2006-07-12,0.09,0.19102807
5,5,2006,2006-07-20,0.11,0.13292669
5,5,2006,2006-07-28,0.03,0.14230101
5,5,2006,2006-08-05,0.15,0.07617539
5,5,2006,2006-08-13,0.22,0.18903658
5,5,2006,2006-08-21,0.2,0.23833197
5,5,2006,2006-08-29,0.36,0.26196244
5,5,2006,2006-09-06,0.32,0.4198315
5,5,2006,2006-09-14,0.61,0.41882575
5,5,2006,2006-09-22,0.92,0.73000073
5,5,2006,2006-09-30,0.9,0.9173236
5,5,2006,2006-10-08,0.92,0.8824016
5,5,2006,2006-10-16,0.92,0.9074962
5,5,2006,2006-10-24,0.92,0.8752601
5,5,2006,2006-11-01,0.93,0.88114095
5,5,2006,2006-11-09,0.89,0.8809227
5,5,2006,2006-11-17,0.85,0.79324234
5,5,2006,2006-11-25,0.69,0.7123772
5,5,2006,2006-12-03,0.46,0.5035281
5,5,2006,2006-12-11,0.15,0.1929979
5,5,2006,2006-12-19,0.06,0.036127716
5,5,2006,2006-12-27,0.01,0.020933151
5,5,2007,2007-07-04,0.05,0.09348282
5,5,2007,2007-07-12,0.1,0.1276813
5,5,2007,2007-07-20,0.07,0.15212068
5,5,2007,2007-07-28,0.34,0.1344353
5,5,2007,2007-08-05,0.34,0.35389146
5,5,2007,2007-08-13,0.34,0.4002421
5,5,2007,2007-08-21,0.35,0.41676313
5,5,2007,2007-08-29,0.3,0.38632306
5,5,2007,2007-09-06,0.39,0.37093577
5,5,2007,2007-09-14,0.42,0.42840853
5,5,2007,2007-09-22,0.44,0.5290829
5,5,2007,2007-09-30,0.73,0.6026603
5,5,2007,2007-10-08,0.79,0.8085761
5,5,2007,2007-10-16,0.86,0.8333362
5,5,2007,2007-10-24,0.94,0.8760712
5,5,2007,2007-11-01,0.91,0.9385731
5,5,2007,2007-11-09,0.89,0.8875207
5,5,2007,2007-11-17,0.87,0.8316538
5,5,2007,2007-11-25,0.77,0.77863586
5,5,2007,2007-12-03,0.74,0.60752034
5,5,2007,2007-12-11,0.45,0.51170987
5,5,2007,2007-12-19,0.06,0.18989748
5,5,2007,2007-12-27,0.02,0.02329114
5,5,2008,2008-07-03,0.29,0.17294782
5,5,2008,2008-07-11,0.07,0.3260666
5,5,2008,2008-07-19,0.23,0.16665953
5,5,2008,2008-07-27,0.06,0.24430192
5,5,2008,2008-08-04,0.21,0.16870587
5,5,2008,2008-08-12,0.2,0.3011464
5,5,2008,2008-08-20,0.27,0.28253365
5,5,2008,2008-08-28,0.39,0.34636572
5,5,2008,2008-09-05,0.42,0.42853498
5,5,2008,2008-09-13,0.48,0.48539197
5,5,2008,2008-09-21,0.72,0.52879006
5,5,2008,2008-09-29,0.84,0.73368967
5,5,2008,2008-10-07,0.88,0.86721337
5,5,2008,2008-10-15,0.9,0.88266706
5,5,2008,2008-10-23,0.94,0.89807177
5,5,2008,2008-10-31,0.92,0.9366112
5,5,2008,2008-11-08,0.86,0.8789084
5,5,2008,2008-11-16,0.81,0.7818078
5,5,2008,2008-11-24,0.73,0.6934724
5,5,2008,2008-12-02,0.62,0.5693958
5,5,2008,2008-12-10,0.24,0.45403522
5,5,2008,2008-12-18,0.1,0.07212624
5,5,2008,2008-12-26,0.06,0.025165886
5,5,2009,2009-07-04,0.01,0.11375068
5,5,2009,2009-07-12,0.24,0.12993053
5,5,2009,2009-07-20,0.39,0.2693246
5,5,2009,2009-07-28,0.26,0.45432127
5,5,2009,2009-08-05,0.3,0.33170953
5,5,2009,2009-08-13,0.3,0.3357124
5,5,2009,2009-08-21,0.3,0.32436225
5,5,2009,2009-08-29,0.33,0.36254314
5,5,2009,2009-09-06,0.5,0.40466642
5,5,2009,2009-09-14,0.61,0.5607915
5,5,2009,2009-09-22,0.74,0.66382843
5,5,2009,2009-09-30,0.74,0.8022908
5,5,2009,2009-10-08,0.89,0.79863316
5,5,2009,2009-10-16,0.93,0.91454303
5,5,2009,2009-10-24,0.92,0.93041
5,5,2009,2009-11-01,0.94,0.91262615
5,5,2009,2009-11-09,0.92,0.9036416
5,5,2009,2009-11-17,0.92,0.8481257
5,5,2009,2009-11-25,0.75,0.8364564
5,5,2009,2009-12-03,0.41,0.59455496
5,5,2009,2009-12-11,0.26,0.18872482
5,5,2009,2009-12-19,0.06,0.057506233
5,5,2009,2009-12-27,0.0,0.010552883
5,5,2010,2010-07-04,0.12,0.09676725
5,5,2010,2010-07-12,0.19,0.15357766
5,5,2010,2010-07-20,0.12,0.28211248
5,5,2010,2010-07-28,0.06,0.2675466
5,5,2010,2010-08-05,0.15,0.15517856
5,5,2010,2010-08-13,0.23,0.2092183
5,5,2010,2010-08-21,0.19,0.29864514
5,5,2010,2010-08-29,0.23,0.28681725
5,5,2010,2010-09-06,0.22,0.3024783
5,5,2010,2010-09-14,0.37,0.33123007
5,5,2010,2010-09-22,0.39,0.49115658
5,5,2010,2010-09-30,0.65,0.52931863
5,5,2010,2010-10-08,0.88,0.7274914
5,5,2010,2010-10-16,0.88,0.9135232
5,5,2010,2010-10-24,0.94,0.89593005
5,5,2010,2010-11-01,0.9,0.9363333
5,5,2010,2010-11-09,0.88,0.8647196
5,5,2010,2010-11-17,0.83,0.82294035
5,5,2010,2010-11-25,0.76,0.7459051
5,5,2010,2010-12-03,0.47,0.60392547
5,5,2010,2010-12-11,0.24,0.20230243
5,5,2010,2010-12-19,0.15,0.061216503
5,5,2010,2010-12-27,0.02,0.040531367
5,5,2011,2011-07-04,0.09,0.11513972
5,5,2011,2011-07-12,0.09,0.15637314
5,5,2011,2011-07-20,0.05,0.17618385
5,5,2011,2011-07-28,0.12,0.12409027
5,5,2011,2011-08-05,0.16,0.15345398
5,5,2011,2011-08-13,0.13,0.21670331
5,5,2011,2011-08-21,0.17,0.22790065
5,5,2011,2011-08-29,0.31,0.23944542
5,5,2011,2011-09-06,0.29,0.36885995
5,5,2011,2011-09-14,0.41,0.36578137
5,5,2011,2011-09-22,0.93,0.49322236
5,5,2011,2011-09-30,0.94,0.90876734
5,5,2011,2011-10-08,0.94,0.9072424
5,5,2011,2011-10-16,0.94,0.93770754
5,5,2011,2011-10-24,0.93,0.93064976
5,5,2011,2011-11-01,0.95,0.91187394
5,5,2011,2011-11-09,0.92,0.90308154
5,5,2011,2011-11-17,0.91,0.8572358
5,5,2011,2011-11-25,0.59,0.82741904
5,5,2011,2011-12-03,0.58,0.40522122
5,5,2011,2011-12-11,0.34,0.27222732
5,5,2011,2011-12-19,0.09,0.10130653
5,5,2011,2011-12-27,0.01,0.03188184
5,5,2012,2012-07-03,0.15,0.08995041
5,5,2012,2012-07-11,0.08,0.18971416
5,5,2012,2012-07-19,0.01,0.13572428
5,5,2012,2012-07-27,0.0,0.059770405
5,5,2012,2012-08-04,0.05,0.052812964
5,5,2012,2012-08-12,0.1,0.10862669
5,5,2012,2012-08-20,0.08,0.15477124
5,5,2012,2012-08-28,0.06,0.15021712
5,5,2012,2012-09-05,0.2,0.16071543
5,5,2012,2012-09-13,0.38,0.27207816
5,5,2012,2012-09-21,0.58,0.47205755
5,5,2012,2012-09-29,0.8,0.7408435
5,5,2012,2012-10-07,0.88,0.84100187
5,5,2012,2012-10-15,0.92,0.88232183
5,5,2012,2012-10-23,0.93,0.9113635
5,5,2012,2012-10-31,0.87,0.89792657
5,5,2012,2012-11-08,0.86,0.813972
5,5,2012,2012-11-16,0.59,0.78011477
5,5,2012,2012-11-24,0.38,0.42988607
5,5,2012,2012-12-02,0.19,0.12243253
5,5,2012,2012-12-10,0.02,0.049399406
5,5,2012,2012-12-18,0.0,-0.008936495
5,5,2012,2012-12-26,0.0,-0.014508814
5,6,2001,2001-07-04,0.36,0.3726611
5,6,2001,2001-07-12,0.29,0.4452432
5,6,2001,2001-07-20,0.17,0.3947994
5,6,2001,2001-07-28,0.2,0.25162792
5,6,2001,2001-08-05,0.25,0.22968236
5,6,2001,2001-08-13,0.22,0.27509362
5,6,2001,2001-08-21,0.32,0.29123506
5,6,2001,2001-08-29,0.38,0.3891008
5,6,2001,2001-09-06,0.42,0.47821516
5,6,2001,2001-09-14,0.48,0.4877049
5,6,2001,2001-09-22,0.62,0.551552
5,6,2001,2001-09-30,0.71,0.6718705
5,6,2001,2001-10-08,0.77,0.7650256
5,6,2001,2001-10-16,0.79,0.8007674
5,6,2001,2001-10-24,0.79,0.79925567
5,6,2001,2001-11-01,0.78,0.7756568
5,6,2001,2001-11-09,0.78,0.7520765
5,6,2001,2001-11-17,0.78,0.7241167
5,6,2001,2001-11-25,0.77,0.7291554
5,6,2001,2001-12-03,0.66,0.71375
5,6,2001,2001-12-11,0.47,0.5781248
5,6,2001,2001-12-19,0.34,0.3136311
5,6,2001,2001-12-27,0.13,0.14538737
5,6,2002,2002-07-04,0.24,0.16629761
5,6,2002,2002-07-12,0.24,0.3425235
5,6,2002,2002-07-20,0.13,0.33489522
5,6,2002,2002-07-28,0.06,0.18548313
5,6,2002,2002-08-05,0.07,0.09829
5,6,2002,2002-08-13,0.17,0.12478225
5,6,2002,2002-08-21,0.17,0.2228129
5,6,2002,2002-08-29,0.09,0.2637644
5,6,2002,2002-09-06,0.05,0.20618162
5,6,2002,2002-09-14,0.26,0.15312499
5,6,2002,2002-09-22,0.47,0.34745708
5,6,2002,2002-09-30,0.68,0.5759312
5,6,2002,2002-10-08,0.76,0.74996287
5,6,2002,2002-10-16,0.75,0.79477966
5,6,2002,2002-10-24,0.77,0.7648343
5,6,2002,2002-11-01,0.81,0.74568737
5,6,2002,2002-11-09,0.81,0.77036107
5,6,2002,2002-11-17,0.8,0.76899546
5,6,2002,2002-11-25,0.71,0.749992
5,6,2002,2002-12-03,0.57,0.62990105
5,6,2002,2002-12-11,0.39,0.4205585
5,6,2002,2002-12-19,0.16,0.18939747
5,6,2002,2002-12-27,0.07,0.0498617
5,6,2003,2003-07-04,0.14,0.069474936
5,6,2003,2003-07-12,0.21,0.22202875
5,6,2003,2003-07-20,0.19,0.28593415
5,6,2003,2003-07-28,0.19,0.24631917
5,6,2003,2003-08-05,0.11,0.20026925
5,6,2003,2003-08-13,0.09,0.13544835
5,6,2003,2003-08-21,0.14,0.14411674
5,6,2003,2003-08-29,0.12,0.18758148
5,6,2003,2003-09-06,0.31,0.16277248
5,6,2003,2003-09-14,0.38,0.31412286
5,6,2003,2003-09-22,0.46,0.43789038
5,6,2003,2003-09-30,0.57,0.5607985
5,6,2003,2003-10-08,0.74,0.66404736
5,6,2003,2003-10-16,0.74,0.7855493
5,6,2003,2003-10-24,0.76,0.75969553
5,6,2003,2003-11-01,0.78,0.7499466
5,6,2003,2003-11-09,0.72,0.75314724
5,6,2003,2003-11-17,0.62,0.67767775
5,6,2003,2003-11-25,0.46,0.53715193
5,6,2003,2003-12-03,0.3,0.311278
5,6,2003,2003-12-11,0.07,0.14547437
5,6,2003,2003-12-19,0.01,0.014037132
5,6,2003,2003-12-27,0.0,-0.004645288
5,6,2004,2004-07-03,0.04,0.14490005
5,6,2004,2004-07-11,0.04,0.096850485
5,6,2004,2004-07-19,0.01,0.11397797
5,6,2004,2004-07-27,0.01,0.07588056
5,6,2004,2004-08-04,0.01,0.075917274
5,6,2004,2004-08-12,0.02,0.05568251
5,6,2004,2004-08-20,0.09,0.061657816
5,6,2004,2004-08-28,0.24,0.13255982
5,6,2004,2004-09-05,0.36,0.2661187
5,6,2004,2004-09-13,0.56,0.43010828
5,6,2004,2004-09-21,0.65,0.60422856
5,6,2004,2004-09-29,0.75,0.6701138
5,6,2004,2004-10-07,0.8,0.7484787
5,6,2004,2004-10-15,0.78,0.80330324
5,6,2004,2004-10-23,0.82,0.75710404
5,6,2004,2004-10-31,0.73,0.77510804
5,6,2004,2004-11-08,0.6,0.65952325
5,6,2004,2004-11-16,0.56,0.47930288
5,6,2004,2004-11-24,0.34,0.38473892
5,6,2004,2004-12-02,0.08,0.18361545
5,6,2004,2004-12-10,0.01,0.023458093
5,6,2004,2004-12-18,0.0,-0.0063337386
5,6,2004,2004-12-26,0.0,-0.0037915707
5,6,2005,2005-07-04,0.04,0.11898917
5,6,2005,2005-07-12,0.03,0.054741204
5,6,2005,2005-07-20,0.01,0.035153598
5,6,2005,2005-07-28,0.01,0.02111876
5,6,2005,2005-08-05,0.02,0.026070118
5,6,2005,2005-08-13,0.01,0.03418824
5,6,2005,2005-08-21,0.02,0.031977355
5,6,2005,2005-08-29,0.07,0.055103272
5,6,2005,2005-09-06,0.2,0.12975
5,6,2005,2005-09-14,0.48,0.26890385
5,6,2005,2005-09-22,0.72,0.553948
5,6,2005,2005-09-30,0.67,0.7242857
5,6,2005,2005-10-08,0.76,0.67439175
5,6,2005,2005-10-16,0.8,0.72440636
5,6,2005,2005-10-24,0.85,0.7290246
5,6,2005,2005-11-01,0.79,0.78948915
5,6,2005,2005-11-09,0.77,0.68032575
5,6,2005,2005-11-17,0.72,0.610692
5,6,2005,2005-11-25,0.71,0.5513961
5,6,2005,2005-12-03,0.48,0.5095267
5,6,2005,2005-12-11,0.3,0.26136136
5,6,2005,2005-12-19,0.16,0.12765324
5,6,2005,2005-12-27,0.19,0.06777033
5,6,2006,2006-07-04,0.17,0.21192208
5,6,2006,2006-07-12,0.17,0.20819613
5,6,2006,2006-07-20,0.11,0.19574286
5,6,2006,2006-07-28,0.06,0.13794345
5,6,2006,2006-08-05,0.08,0.091941416
5,6,2006,2006-08-13,0.19,0.10531807
5,6,2006,2006-08-21,0.12,0.20360814
5,6,2006,2006-08-29,0.2,0.16402794
5,6,2006,2006-09-06,0.2,0.2359301
5,6,2006,2006-09-14,0.41,0.26613373
5,6,2006,2006-09-22,0.69,0.53183025
5,6,2006,2006-09-30,0.69,0.7705309
5,6,2006,2006-10-08,0.77,0.74344635
5,6,2006,2006-10-16,0.79,0.78944933
5,6,2006,2006-10-24,0.75,0.78692704
5,6,2006,2006-11-01,0.81,0.744117
5,6,2006,2006-11-09,0.8,0.76469135
5,6,2006,2006-11-17,0.7,0.74507797
5,6,2006,2006-11-25,0.56,0.61637723
5,6,2006,2006-12-03,0.45,0.4290533
5,6,2006,2006-12-11,0.33,0.25249666
5,6,2006,2006-12-19,0.2,0.16196291
5,6,2006,2006-12-27,0.01,0.10218641
5,6,2007,2007-07-04,0.03,0.09826431
5,6,2007,2007-07-12,0.09,0.10812138
5,6,2007,2007-07-20,0.09,0.15742129
5,6,2007,2007-07-28,0.4,0.14387822
5,6,2007,2007-08-05,0.4,0.41279203
5,6,2007,2007-08-13,0.4,0.43037188
5,6,2007,2007-08-21,0.31,0.45185906
5,6,2007,2007-08-29,0.29,0.32661703
5,6,2007,2007-09-06,0.32,0.30229628
5,6,2007,2007-09-14,0.33,0.32943934
5,6,2007,2007-09-22,0.37,0.41019392
5,6,2007,2007-09-30,0.54,0.5052587
5,6,2007,2007-10-08,0.58,0.6274024
5,6,2007,2007-10-16,0.66,0.65881824
5,6,2007,2007-10-24,0.77,0.70430434
5,6,2007,2007-11-01,0.79,0.7749472
5,6,2007,2007-11-09,0.79,0.79606926
5,6,2007,2007-11-17,0.75,0.7707989
5,6,2007,2007-11-25,0.71,0.6703887
5,6,2007,2007-12-03,0.75,0.57113266
5,6,2007,2007-12-11,0.59,0.6119839
5,6,2007,2007-12-19,0.32,0.4583792
5,6,2007,2007-12-27,0.09,0.19225708
5,6,2008,2008-07-03,0.34,0.19484344
5,6,2008,2008-07-11,0.19,0.3621161
5,6,2008,2008-07-19,0.25,0.2711046
5,6,2008,2008-07-27,0.11,0.2772427
5,6,2008,2008-08-04,0.18,0.2238937
5,6,2008,2008-08-12,0.1,0.27964342
5,6,2008,2008-08-20,0.18,0.20304291
5,6,2008,2008-08-28,0.24,0.23657554
5,6,2008,2008-09-05,0.22,0.28863
5,6,2008,2008-09-13,0.3,0.30058643
5,6,2008,2008-09-21,0.56,0.36201963
5,6,2008,2008-09-29,0.6,0.6071782
5,6,2008,2008-10-07,0.67,0.6758567
5,6,2008,2008-10-15,0.78,0.71462584
5,6,2008,2008-10-23,0.79,0.80125844
5,6,2008,2008-10-31,0.8,0.81399953
5,6,2008,2008-11-08,0.76,0.8019256
5,6,2008,2008-11-16,0.77,0.72598386
5,6,2008,2008-11-24,0.77,0.70901567
5,6,2008,2008-12-02,0.76,0.7013614
5,6,2008,2008-12-10,0.71,0.7183842
5,6,2008,2008-12-18,0.45,0.6123791
5,6,2008,2008-12-26,0.39,0.26720476
5,6,2009,2009-07-04,0.03,0.091815114
5,6,2009,2009-07-12,0.35,0.15370563
5,6,2009,2009-07-20,0.42,0.4020969
5,6,2009,2009-07-28,0.29,0.4862487
5,6,2009,2009-08-05,0.33,0.34755993
5,6,2009,2009-08-13,0.3,0.32948247
5,6,2009,2009-08-21,0.3,0.29080397
5,6,2009,2009-08-29,0.26,0.33155245
5,6,2009,2009-09-06,0.42,0.30795002
5,6,2009,2009-09-14,0.48,0.44498357
5,6,2009,2009-09-22,0.6,0.52485037
5,6,2009,2009-09-30,0.6,0.68111134
5,6,2009,2009-10-08,0.66,0.66641665
5,6,2009,2009-10-16,0.74,0.6976377
5,6,2009,2009-10-24,0.76,0.77315116
5,6,2009,2009-11-01,0.76,0.775613
5,6,2009,2009-11-09,0.77,0.75186074
5,6,2009,2009-11-17,0.76,0.7249067
5,6,2009,2009-11-25,0.7,0.71359134
5,6,2009,2009-12-03,0.57,0.6424271
5,6,2009,2009-12-11,0.41,0.48091975
5,6,2009,2009-12-19,0.23,0.28048825
5,6,2009,2009-12-27,0.0,0.08976671
5,6,2010,2010-07-04,0.11,0.15577582
5,6,2010,2010-07-12,0.2,0.15394962
5,6,2010,2010-07-20,0.19,0.31236646
5,6,2010,2010-07-28,0.06,0.32015646
5,6,2010,2010-08-05,0.09,0.1619583
5,6,2010,2010-08-13,0.09,0.1446169
5,6,2010,2010-08-21,0.1,0.15164891
5,6,2010,2010-08-29,0.09,0.18302974
5,6,2010,2010-09-06,0.16,0.16199546
5,6,2010,2010-09-14,0.32,0.2632125
5,6,2010,2010-09-22,0.33,0.42374432
5,6,2010,2010-09-30,0.52,0.46599996
5,6,2010,2010-10-08,0.74,0.597182
5,6,2010,2010-10-16,0.75,0.7749965
5,6,2010,2010-10-24,0.71,0.7836274
5,6,2010,2010-11-01,0.8,0.7196741
5,6,2010,2010-11-09,0.79,0.7736579
5,6,2010,2010-11-17,0.8,0.7585908
5,6,2010,2010-11-25,0.8,0.76308775
5,6,2010,2010-12-03,0.69,0.7283602
5,6,2010,2010-12-11,0.58,0.56602955
5,6,2010,2010-12-19,0.4,0.3892544
5,6,2010,2010-12-27,0.11,0.20067875
5,6,2011,2011-07-04,0.18,0.12475455
5,6,2011,2011-07-12,0.22,0.22603445
5,6,2011,2011-07-20,0.11,0.2906984
5,6,2011,2011-07-28,0.13,0.20343877
5,6,2011,2011-08-05,0.1,0.15051904
5,6,2011,2011-08-13,0.1,0.12991986
5,6,2011,2011-08-21,0.1,0.14420585
5,6,2011,2011-08-29,0.17,0.14948383
5,6,2011,2011-09-06,0.18,0.20846024
5,6,2011,2011-09-14,0.29,0.2425395
5,6,2011,2011-09-22,0.72,0.38299397
5,6,2011,2011-09-30,0.72,0.74601245
5,6,2011,2011-10-08,0.74,0.76386356
5,6,2011,2011-10-16,0.79,0.7893331
5,6,2011,2011-10-24,0.81,0.8019229
5,6,2011,2011-11-01,0.85,0.78791
5,6,2011,2011-11-09,0.81,0.8402686
5,6,2011,2011-11-17,0.86,0.77482843
5,6,2011,2011-11-25,0.77,0.82573557
5,6,2011,2011-12-03,0.74,0.705214
5,6,2011,2011-12-11,0.4,0.63114333
5,6,2011,2011-12-19,0.18,0.22369069
5,6,2011,2011-12-27,0.05,0.048421204
5,6,2012,2012-07-03,0.22,0.10853203
5,6,2012,2012-07-11,0.1,0.2839542
5,6,2012,2012-07-19,0.02,0.20089367
5,6,2012,2012-07-27,0.04,0.08497444
5,6,2012,2012-08-04,0.03,0.078633875
5,6,2012,2012-08-12,0.05,0.077195674
5,6,2012,2012-08-20,0.04,0.10374269
5,6,2012,2012-08-28,0.05,0.09538004
5,6,2012,2012-09-05,0.18,0.122767895
5,6,2012,2012-09-13,0.44,0.23816183
5,6,2012,2012-09-21,0.66,0.511405
5,6,2012,2012-09-29,0.71,0.7634963
5,6,2012,2012-10-07,0.79,0.76785135
5,6,2012,2012-10-15,0.79,0.80296636
5,6,2012,2012-10-23,0.82,0.7868804
5,6,2012,2012-10-31,0.76,0.80584204
5,6,2012,2012-11-08,0.74,0.72784173
5,6,2012,2012-11-16,0.67,0.67465854
5,6,2012,2012-11-24,0.44,0.59927356
5,6,2012,2012-12-02,0.2,0.31742015
5,6,2012,2012-12-10,0.07,0.083675236
5,6,2012,2012-12-18,0.0,0.0037742853
5,6,2012,2012-12-26,0.0,-0.011042088
5,7,2001,2001-07-04,0.14,0.17198676
5,7,2001,2001-07-12,0.08,0.18052888
5,7,2001,2001-07-20,0.07,0.11179778
5,7,2001,2001-07-28,0.04,0.08663699
5,7,2001,2001-08-05,0.1,0.061142057
5,7,2001,2001-08-13,0.03,0.108050615
5,7,2001,2001-08-21,0.03,0.05848977
5,7,2001,2001-08-29,0.05,0.063375235
5,7,2001,2001-09-06,0.06,0.07473424
5,7,2001,2001-09-14,0.1,0.093618244
5,7,2001,2001-09-22,0.13,0.13497517
5,7,2001,2001-09-30,0.18,0.16691034
5,7,2001,2001-10-08,0.26,0.2239817
5,7,2001,2001-10-16,0.34,0.28847796
5,7,2001,2001-10-24,0.3,0.36688238
5,7,2001,2001-11-01,0.26,0.3286835
5,7,2001,2001-11-09,0.27,0.28938812
5,7,2001,2001-11-17,0.18,0.24258602
5,7,2001,2001-11-25,0.26,0.1769644
5,7,2001,2001-12-03,0.16,0.2454272
5,7,2001,2001-12-11,0.11,0.16037786
5,7,2001,2001-12-19,0.06,0.101706624
5,7,2001,2001-12-27,0.05,0.06112981
5,7,2002,2002-07-04,0.11,0.13985416
5,7,2002,2002-07-12,0.13,0.1358901
5,7,2002,2002-07-20,0.03,0.13381341
5,7,2002,2002-07-28,0.04,0.057937115
5,7,2002,2002-08-05,0.01,0.05256954
5,7,2002,2002-08-13,0.02,0.04686427
5,7,2002,2002-08-21,0.02,0.04437104
5,7,2002,2002-08-29,0.02,0.044255972
5,7,2002,2002-09-06,0.03,0.050060898
5,7,2002,2002-09-14,0.09,0.061119348
5,7,2002,2002-09-22,0.16,0.116785884
5,7,2002,2002-09-30,0.2,0.18291324
5,7,2002,2002-10-08,0.34,0.22933307
5,7,2002,2002-10-16,0.31,0.35922927
5,7,2002,2002-10-24,0.26,0.34496498
5,7,2002,2002-11-01,0.29,0.26023823
5,7,2002,2002-11-09,0.21,0.24416889
5,7,2002,2002-11-17,0.18,0.19508669
5,7,2002,2002-11-25,0.14,0.15182322
5,7,2002,2002-12-03,0.08,0.14362368
5,7,2002,2002-12-11,0.07,0.09025046
5,7,2002,2002-12-19,0.05,0.074407846
5,7,2002,2002-12-27,0.05,0.057569355
5,7,2003,2003-07-04,0.04,0.067379564
5,7,2003,2003-07-12,0.04,0.072460085
5,7,2003,2003-07-20,0.03,0.08079746
5,7,2003,2003-07-28,0.04,0.05127853
5,7,2003,2003-08-05,0.04,0.06020406
5,7,2003,2003-08-13,0.05,0.055081457
5,7,2003,2003-08-21,0.06,0.068766505
5,7,2003,2003-08-29,0.07,0.07648629
5,7,2003,2003-09-06,0.14,0.085675776
5,7,2003,2003-09-14,0.24,0.14320292
5,7,2003,2003-09-22,0.22,0.24557534
5,7,2003,2003-09-30,0.23,0.25036705
5,7,2003,2003-10-08,0.3,0.24819577
5,7,2003,2003-10-16,0.25,0.32542875
5,7,2003,2003-10-24,0.3,0.2749937
5,7,2003,2003-11-01,0.28,0.27652428
5,7,2003,2003-11-09,0.17,0.26409578
5,7,2003,2003-11-17,0.16,0.16346477
5,7,2003,2003-11-25,0.13,0.13380137
5,7,2003,2003-12-03,0.1,0.11739117
5,7,2003,2003-12-11,0.03,0.099126756
5,7,2003,2003-12-19,0.03,0.050720662
5,7,2003,2003-12-27,0.02,0.048294872
5,7,2004,2004-07-03,0.02,0.078867465
5,7,2004,2004-07-11,0.02,0.04173538
5,7,2004,2004-07-19,0.01,0.04653868
5,7,2004,2004-07-27,0.01,0.03399673
5,7,2004,2004-08-04,0.01,0.039283544
5,7,2004,2004-08-12,0.01,0.039205045
5,7,2004,2004-08-20,0.08,0.042157084
5,7,2004,2004-08-28,0.1,0.096974805
5,7,2004,2004-09-05,0.15,0.118796766
5,7,2004,2004-09-13,0.16,0.17658228
5,7,2004,2004-09-21,0.19,0.20362096
5,7,2004,2004-09-29,0.22,0.2137894
5,7,2004,2004-10-07,0.28,0.22812706
5,7,2004,2004-10-15,0.26,0.29119647
5,7,2004,2004-10-23,0.26,0.25972337
5,7,2004,2004-10-31,0.23,0.253991
5,7,2004,2004-11-08,0.18,0.21711598
5,7,2004,2004-11-16,0.18,0.1520088
5,7,2004,2004-11-24,0.1,0.14985804
5,7,2004,2004-12-02,0.08,0.09936388
5,7,2004,2004-12-10,0.02,0.08269784
5,7,2004,2004-12-18,0.08,0.030981809
5,7,2004,2004-12-26,0.07,0.07935077
5,7,2005,2005-07-04,0.08,0.09586397
5,7,2005,2005-07-12,0.04,0.0792723
5,7,2005,2005-07-20,0.04,0.05323699
5,7,2005,2005-07-28,0.0,0.050133288
5,7,2005,2005-08-05,0.02,0.023505777
5,7,2005,2005-08-13,0.0,0.038169473
5,7,2005,2005-08-21,0.01,0.024328977
5,7,2005,2005-08-29,0.05,0.04911551
5,7,2005,2005-09-06,0.1,0.082365304
5,7,2005,2005-09-14,0.21,0.13599354
5,7,2005,2005-09-22,0.27,0.22744341
5,7,2005,2005-09-30,0.22,0.28329694
5,7,2005,2005-10-08,0.31,0.23791076
5,7,2005,2005-10-16,0.34,0.30141622
5,7,2005,2005-10-24,0.38,0.31880677
5,7,2005,2005-11-01,0.31,0.34953478
5,7,2005,2005-11-09,0.28,0.27011383
5,7,2005,2005-11-17,0.22,0.21803379
5,7,2005,2005-11-25,0.22,0.1731693
5,7,2005,2005-12-03,0.18,0.16668037
5,7,2005,2005-12-11,0.09,0.14468324
5,7,2005,2005-12-19,0.05,0.074944496
5,7,2005,2005-12-27,0.09,0.05954936
5,7,2006,2006-07-04,0.13,0.12306529
5,7,2006,2006-07-12,0.08,0.14079432
5,7,2006,2006-07-20,0.06,0.094641715
5,7,2006,2006-07-28,0.03,0.071804255
5,7,2006,2006-08-05,0.1,0.040622562
5,7,2006,2006-08-13,0.12,0.10094541
5,7,2006,2006-08-21,0.1,0.11787152
5,7,2006,2006-08-29,0.11,0.10980487
5,7,2006,2006-09-06,0.1,0.11963703
5,7,2006,2006-09-14,0.14,0.12297484
5,7,2006,2006-09-22,0.26,0.18017946
5,7,2006,2006-09-30,0.28,0.29270425
5,7,2006,2006-10-08,0.3,0.29678094
5,7,2006,2006-10-16,0.29,0.31446168
5,7,2006,2006-10-24,0.24,0.29484758
5,7,2006,2006-11-01,0.27,0.250565
5,7,2006,2006-11-09,0.28,0.24278587
5,7,2006,2006-11-17,0.24,0.25177813
5,7,2006,2006-11-25,0.12,0.21490538
5,7,2006,2006-12-03,0.14,0.12026626
5,7,2006,2006-12-11,0.1,0.12242192
5,7,2006,2006-12-19,0.1,0.090964705
5,7,2006,2006-12-27,0.04,0.09419012
5,7,2007,2007-07-04,0.06,0.080026865
5,7,2007,2007-07-12,0.11,0.10350996
5,7,2007,2007-07-20,0.08,0.13211599
5,7,2007,2007-07-28,0.18,0.10511722
5,7,2007,2007-08-05,0.18,0.17403573
5,7,2007,2007-08-13,0.15,0.19695018
5,7,2007,2007-08-21,0.08,0.180349
5,7,2007,2007-08-29,0.11,0.10655488
5,7,2007,2007-09-06,0.08,0.12284666
5,7,2007,2007-09-14,0.14,0.10474792
5,7,2007,2007-09-22,0.13,0.16599265
5,7,2007,2007-09-30,0.19,0.1886951
5,7,2007,2007-10-08,0.22,0.24135521
5,7,2007,2007-10-16,0.23,0.2617634
5,7,2007,2007-10-24,0.25,0.2604701
5,7,2007,2007-11-01,0.34,0.25281852
5,7,2007,2007-11-09,0.29,0.33600366
5,7,2007,2007-11-17,0.28,0.30486083
5,7,2007,2007-11-25,0.27,0.26786673
5,7,2007,2007-12-03,0.31,0.2199446
5,7,2007,2007-12-11,0.21,0.2716875
5,7,2007,2007-12-19,0.16,0.19788532
5,7,2007,2007-12-27,0.05,0.14897057
5,7,2008,2008-07-03,0.09,0.10686794
5,7,2008,2008-07-11,0.08,0.119754165
5,7,2008,2008-07-19,0.1,0.12543999
5,7,2008,2008-07-27,0.06,0.12745789
5,7,2008,2008-08-04,0.1,0.11929178
5,7,2008,2008-08-12,0.07,0.1470729
5,7,2008,2008-08-20,0.08,0.1163284
5,7,2008,2008-08-28,0.12,0.10372916
5,7,2008,2008-09-05,0.15,0.14186868
5,7,2008,2008-09-13,0.19,0.16837128
5,7,2008,2008-09-21,0.21,0.22002971
5,7,2008,2008-09-29,0.18,0.23225272
5,7,2008,2008-10-07,0.22,0.21706791
5,7,2008,2008-10-15,0.28,0.24590941
5,7,2008,2008-10-23,0.35,0.2991796
5,7,2008,2008-10-31,0.39,0.36727777
5,7,2008,2008-11-08,0.35,0.418109
5,7,2008,2008-11-16,0.31,0.3574053
5,7,2008,2008-11-24,0.32,0.29104394
5,7,2008,2008-12-02,0.27,0.28936958
5,7,2008,2008-12-10,0.3,0.27264065
5,7,2008,2008-12-18,0.22,0.2735905
5,7,2008,2008-12-26,0.17,0.20237745
5,7,2009,2009-07-04,0.02,0.0778974
5,7,2009,2009-07-12,0.06,0.067888886
5,7,2009,2009-07-20,0.14,0.09292808
5,7,2009,2009-07-28,0.1,0.16656739
5,7,2009,2009-08-05,0.13,0.13349745
5,7,2009,2009-08-13,0.15,0.15847647
5,7,2009,2009-08-21,0.15,0.16357227
5,7,2009,2009-08-29,0.1,0.17196685
5,7,2009,2009-09-06,0.26,0.1376946
5,7,2009,2009-09-14,0.3,0.27481627
5,7,2009,2009-09-22,0.36,0.32817674
5,7,2009,2009-09-30,0.36,0.3848465
5,7,2009,2009-10-08,0.32,0.35758418
5,7,2009,2009-10-16,0.34,0.31883797
5,7,2009,2009-10-24,0.29,0.3372255
5,7,2009,2009-11-01,0.32,0.31421402
5,7,2009,2009-11-09,0.32,0.3393978
5,7,2009,2009-11-17,0.34,0.32463172
5,7,2009,2009-11-25,0.28,0.3310308
5,7,2009,2009-12-03,0.21,0.2810588
5,7,2009,2009-12-11,0.21,0.20599234
5,7,2009,2009-12-19,0.09,0.21008635
5,7,2009,2009-12-27,0.02,0.11683549
5,7,2010,2010-07-04,0.02,0.14360327
5,7,2010,2010-07-12,0.06,0.053302497
5,7,2010,2010-07-20,0.13,0.083061665
5,7,2010,2010-07-28,0.03,0.15618163
5,7,2010,2010-08-05,0.05,0.0863525
5,7,2010,2010-08-13,0.05,0.089018196
5,7,2010,2010-08-21,0.05,0.0889135
5,7,2010,2010-08-29,0.07,0.098378524
5,7,2010,2010-09-06,0.06,0.0988349
5,7,2010,2010-09-14,0.13,0.13004652
5,7,2010,2010-09-22,0.06,0.1961622
5,7,2010,2010-09-30,0.32,0.15377206
5,7,2010,2010-10-08,0.35,0.36086348
5,7,2010,2010-10-16,0.37,0.3776393
5,7,2010,2010-10-24,0.44,0.39019948
5,7,2010,2010-11-01,0.38,0.40667337
5,7,2010,2010-11-09,0.39,0.36504507
5,7,2010,2010-11-17,0.44,0.35712782
5,7,2010,2010-11-25,0.43,0.40394512
5,7,2010,2010-12-03,0.39,0.39211977
5,7,2010,2010-12-11,0.37,0.3317515
5,7,2010,2010-12-19,0.24,0.30766374
5,7,2010,2010-12-27,0.27,0.18687247
5,7,2011,2011-07-04,0.03,0.0790351
5,7,2011,2011-07-12,0.11,0.05884677
5,7,2011,2011-07-20,0.08,0.13347037
5,7,2011,2011-07-28,0.09,0.13315868
5,7,2011,2011-08-05,0.1,0.117657304
5,7,2011,2011-08-13,0.11,0.1219897
5,7,2011,2011-08-21,0.12,0.133536
5,7,2011,2011-08-29,0.17,0.14521709
5,7,2011,2011-09-06,0.14,0.19130194
5,7,2011,2011-09-14,0.23,0.16761525
5,7,2011,2011-09-22,0.22,0.25684112
5,7,2011,2011-09-30,0.22,0.23296398
5,7,2011,2011-10-08,0.19,0.294297
5,7,2011,2011-10-16,0.28,0.26223195
5,7,2011,2011-10-24,0.3,0.32836878
5,7,2011,2011-11-01,0.43,0.35850412
5,7,2011,2011-11-09,0.41,0.45337337
5,7,2011,2011-11-17,0.39,0.4303097
5,7,2011,2011-11-25,0.34,0.40501437
5,7,2011,2011-12-03,0.4,0.33516994
5,7,2011,2011-12-11,0.19,0.37556416
5,7,2011,2011-12-19,0.14,0.20754868
5,7,2011,2011-12-27,0.05,0.114483714
5,7,2012,2012-07-03,0.12,0.05660948
5,7,2012,2012-07-11,0.08,0.13363254
5,7,2012,2012-07-19,0.05,0.13060734
5,7,2012,2012-07-27,0.03,0.09771258
5,7,2012,2012-08-04,0.05,0.072978765
5,7,2012,2012-08-12,0.09,0.08973202
5,7,2012,2012-08-20,0.03,0.12860286
5,7,2012,2012-08-28,0.04,0.0889968
5,7,2012,2012-09-05,0.1,0.100558236
5,7,2012,2012-09-13,0.19,0.13783693
5,7,2012,2012-09-21,0.15,0.24596152
5,7,2012,2012-09-29,0.29,0.21609151
5,7,2012,2012-10-07,0.33,0.3184582
5,7,2012,2012-10-15,0.35,0.3438444
5,7,2012,2012-10-23,0.38,0.38626206
5,7,2012,2012-10-31,0.31,0.3977763
5,7,2012,2012-11-08,0.33,0.35893098
5,7,2012,2012-11-16,0.42,0.3452362
5,7,2012,2012-11-24,0.31,0.41563097
5,7,2012,2012-12-02,0.23,0.32331342
5,7,2012,2012-12-10,0.26,0.23987956
5,7,2012,2012-12-18,0.14,0.20458314
5,7,2012,2012-12-26,0.06,0.13285388
5,8,2001,2001-07-04,0.25,0.22593781
5,8,2001,2001-07-12,0.2,0.23926726
5,8,2001,2001-07-20,0.15,0.2071895
5,8,2001,2001-07-28,0.13,0.16725734
5,8,2001,2001-08-05,0.11,0.1376451
5,8,2001,2001-08-13,0.14,0.12919244
5,8,2001,2001-08-21,0.16,0.15158918
5,8,2001,2001-08-29,0.21,0.18116544
5,8,2001,2001-09-06,0.26,0.2360762
5,8,2001,2001-09-14,0.32,0.2875108
5,8,2001,2001-09-22,0.33,0.3467283
5,8,2001,2001-09-30,0.48,0.37137774
5,8,2001,2001-10-08,0.48,0.46214032
5,8,2001,2001-10-16,0.55,0.46995944
5,8,2001,2001-10-24,0.55,0.51272774
5,8,2001,2001-11-01,0.28,0.49217245
5,8,2001,2001-11-09,0.21,0.30218524
5,8,2001,2001-11-17,0.12,0.15740845
5,8,2001,2001-11-25,0.15,0.10989204
5,8,2001,2001-12-03,0.11,0.14166538
5,8,2001,2001-12-11,0.08,0.13290744
5,8,2001,2001-12-19,0.06,0.10942486
5,8,2001,2001-12-27,0.13,0.09472749
5,8,2002,2002-07-04,0.33,0.46035612
5,8,2002,2002-07-12,0.3,0.318414
5,8,2002,2002-07-20,0.21,0.24014093
5,8,2002,2002-07-28,0.2,0.18226472
5,8,2002,2002-08-05,0.2,0.18172151
5,8,2002,2002-08-13,0.26,0.18818174
5,8,2002,2002-08-21,0.26,0.25090608
5,8,2002,2002-08-29,0.17,0.26545355
5,8,2002,2002-09-06,0.17,0.20972374
5,8,2002,2002-09-14,0.28,0.19876811
5,8,2002,2002-09-22,0.33,0.292106
5,8,2002,2002-09-30,0.38,0.34925672
5,8,2002,2002-10-08,0.43,0.4139029
5,8,2002,2002-10-16,0.43,0.43669134
5,8,2002,2002-10-24,0.32,0.43902612
5,8,2002,2002-11-01,0.35,0.33618727
5,8,2002,2002-11-09,0.2,0.26977202
5,8,2002,2002-11-17,0.2,0.1651851
5,8,2002,2002-11-25,0.16,0.15778723
5,8,2002,2002-12-03,0.11,0.15728238
5,8,2002,2002-12-11,0.12,0.13495256
5,8,2002,2002-12-19,0.1,0.13263658
5,8,2002,2002-12-27,0.13,0.12103444
5,8,2003,2003-07-04,0.34,0.35557932
5,8,2003,2003-07-12,0.39,0.32034788
5,8,2003,2003-07-20,0.2,0.34273985
5,8,2003,2003-07-28,0.39,0.22237971
5,8,2003,2003-08-05,0.29,0.32702035
5,8,2003,2003-08-13,0.3,0.2889924
5,8,2003,2003-08-21,0.36,0.31170303
5,8,2003,2003-08-29,0.44,0.33971465
5,8,2003,2003-09-06,0.44,0.39568347
5,8,2003,2003-09-14,0.46,0.4024556
5,8,2003,2003-09-22,0.47,0.43527085
5,8,2003,2003-09-30,0.45,0.45129204
5,8,2003,2003-10-08,0.49,0.44263613
5,8,2003,2003-10-16,0.4,0.4683988
5,8,2003,2003-10-24,0.34,0.4040171
5,8,2003,2003-11-01,0.35,0.31746194
5,8,2003,2003-11-09,0.22,0.31570908
5,8,2003,2003-11-17,0.23,0.22219783
5,8,2003,2003-11-25,0.17,0.21560384
5,8,2003,2003-12-03,0.19,0.17859885
5,8,2003,2003-12-11,0.16,0.19257139
5,8,2003,2003-12-19,0.15,0.17875606
5,8,2003,2003-12-27,0.18,0.17270146
5,8,2004,2004-07-03,0.39,0.3587542
5,8,2004,2004-07-11,0.39,0.3564379
5,8,2004,2004-07-19,0.32,0.37142703
5,8,2004,2004-07-27,0.38,0.29255
5,8,2004,2004-08-04,0.38,0.36474794
5,8,2004,2004-08-12,0.34,0.35958275
5,8,2004,2004-08-20,0.33,0.33850893
5,8,2004,2004-08-28,0.42,0.32597134
5,8,2004,2004-09-05,0.48,0.415016
5,8,2004,2004-09-13,0.52,0.47187334
5,8,2004,2004-09-21,0.44,0.50585777
5,8,2004,2004-09-29,0.54,0.43944705
5,8,2004,2004-10-07,0.48,0.4910404
5,8,2004,2004-10-15,0.38,0.4626244
5,8,2004,2004-10-23,0.36,0.3661631
5,8,2004,2004-10-31,0.23,0.30753398
5,8,2004,2004-11-08,0.16,0.23027495
5,8,2004,2004-11-16,0.26,0.16099921
5,8,2004,2004-11-24,0.16,0.22987014
5,8,2004,2004-12-02,0.14,0.18586762
5,8,2004,2004-12-10,0.12,0.16996072
5,8,2004,2004-12-18,0.18,0.14318055
5,8,2004,2004-12-26,0.17,0.18955126
5,8,2005,2005-07-04,0.52,0.41399378
5,8,2005,2005-07-12,0.48,0.45105654
5,8,2005,2005-07-20,0.46,0.44969642
5,8,2005,2005-07-28,0.41,0.42036903
5,8,2005,2005-08-05,0.43,0.38505393
5,8,2005,2005-08-13,0.35,0.40123624
5,8,2005,2005-08-21,0.37,0.34288293
5,8,2005,2005-08-29,0.43,0.34306836
5,8,2005,2005-09-06,0.49,0.41263184
5,8,2005,2005-09-14,0.54,0.48831072
5,8,2005,2005-09-22,0.5,0.53361636
5,8,2005,2005-09-30,0.52,0.48143345
5,8,2005,2005-10-08,0.52,0.49852863
5,8,2005,2005-10-16,0.49,0.4842819
5,8,2005,2005-10-24,0.46,0.44439375
5,8,2005,2005-11-01,0.32,0.40752697
5,8,2005,2005-11-09,0.28,0.28520712
5,8,2005,2005-11-17,0.28,0.22953942
5,8,2005,2005-11-25,0.2,0.25884002
5,8,2005,2005-12-03,0.17,0.21390855
5,8,2005,2005-12-11,0.15,0.1782639
5,8,2005,2005-12-19,0.12,0.15757054
5,8,2005,2005-12-27,0.22,0.15903975
5,8,2006,2006-07-04,0.57,0.36484608
5,8,2006,2006-07-12,0.39,0.5383053
5,8,2006,2006-07-20,0.39,0.4185449
5,8,2006,2006-07-28,0.36,0.3602243
5,8,2006,2006-08-05,0.42,0.31093594
5,8,2006,2006-08-13,0.54,0.3949712
5,8,2006,2006-08-21,0.41,0.48741275
5,8,2006,2006-08-29,0.44,0.40800136
5,8,2006,2006-09-06,0.41,0.41531155
5,8,2006,2006-09-14,0.42,0.40017393
5,8,2006,2006-09-22,0.5,0.42580295
5,8,2006,2006-09-30,0.55,0.4742377
5,8,2006,2006-10-08,0.53,0.52686
5,8,2006,2006-10-16,0.44,0.51036966
5,8,2006,2006-10-24,0.24,0.41495293
5,8,2006,2006-11-01,0.3,0.22939995
5,8,2006,2006-11-09,0.24,0.22574581
5,8,2006,2006-11-17,0.19,0.21157017
5,8,2006,2006-11-25,0.15,0.20174861
5,8,2006,2006-12-03,0.09,0.15443018
5,8,2006,2006-12-11,0.08,0.11233617
5,8,2006,2006-12-19,0.07,0.10347131
5,8,2006,2006-12-27,0.09,0.09671427
5,8,2007,2007-07-04,0.46,0.41821516
5,8,2007,2007-07-12,0.51,0.46940774
5,8,2007,2007-07-20,0.38,0.48141342
5,8,2007,2007-07-28,0.48,0.38384753
5,8,2007,2007-08-05,0.48,0.4267089
5,8,2007,2007-08-13,0.44,0.460489
5,8,2007,2007-08-21,0.38,0.46998936
5,8,2007,2007-08-29,0.39,0.3812093
5,8,2007,2007-09-06,0.42,0.37352216
5,8,2007,2007-09-14,0.41,0.39859822
5,8,2007,2007-09-22,0.41,0.41162455
5,8,2007,2007-09-30,0.51,0.4243313
5,8,2007,2007-10-08,0.52,0.50730217
5,8,2007,2007-10-16,0.48,0.5207553
5,8,2007,2007-10-24,0.43,0.46709645
5,8,2007,2007-11-01,0.43,0.36622363
5,8,2007,2007-11-09,0.28,0.37592173
5,8,2007,2007-11-17,0.31,0.28090096
5,8,2007,2007-11-25,0.23,0.27638447
5,8,2007,2007-12-03,0.27,0.22039418
5,8,2007,2007-12-11,0.17,0.24273482
5,8,2007,2007-12-19,0.13,0.18081927
5,8,2007,2007-12-27,0.06,0.14686519
5,8,2008,2008-07-03,0.5,0.4884416
5,8,2008,2008-07-11,0.51,0.4806009
5,8,2008,2008-07-19,0.51,0.49606514
5,8,2008,2008-07-27,0.44,0.46637887
5,8,2008,2008-08-04,0.52,0.43330252
5,8,2008,2008-08-12,0.52,0.4933601
5,8,2008,2008-08-20,0.42,0.4977768
5,8,2008,2008-08-28,0.47,0.4056933
5,8,2008,2008-09-05,0.49,0.4251071
5,8,2008,2008-09-13,0.38,0.46510655
5,8,2008,2008-09-21,0.49,0.39344478
5,8,2008,2008-09-29,0.46,0.45699233
5,8,2008,2008-10-07,0.43,0.46752524
5,8,2008,2008-10-15,0.37,0.45060778
5,8,2008,2008-10-23,0.45,0.36883932
5,8,2008,2008-10-31,0.43,0.4151301
5,8,2008,2008-11-08,0.37,0.41933054
5,8,2008,2008-11-16,0.24,0.3466332
5,8,2008,2008-11-24,0.21,0.23638248
5,8,2008,2008-12-02,0.2,0.19194756
5,8,2008,2008-12-10,0.21,0.2090818
5,8,2008,2008-12-18,0.18,0.21247962
5,8,2008,2008-12-26,0.14,0.18798797
5,8,2009,2009-07-04,0.37,0.42116937
5,8,2009,2009-07-12,0.36,0.36032283
5,8,2009,2009-07-20,0.44,0.35190964
5,8,2009,2009-07-28,0.42,0.43196005
5,8,2009,2009-08-05,0.43,0.4138627
5,8,2009,2009-08-13,0.46,0.43804783
5,8,2009,2009-08-21,0.46,0.45737803
5,8,2009,2009-08-29,0.41,0.4363467
5,8,2009,2009-09-06,0.56,0.39858067
5,8,2009,2009-09-14,0.54,0.5428833
5,8,2009,2009-09-22,0.52,0.508755
5,8,2009,2009-09-30,0.55,0.51279604
5,8,2009,2009-10-08,0.53,0.51396286
5,8,2009,2009-10-16,0.45,0.4952016
5,8,2009,2009-10-24,0.32,0.4034743
5,8,2009,2009-11-01,0.26,0.2993394
5,8,2009,2009-11-09,0.21,0.24054973
5,8,2009,2009-11-17,0.21,0.2001944
5,8,2009,2009-11-25,0.19,0.1872395
5,8,2009,2009-12-03,0.11,0.18273976
5,8,2009,2009-12-11,0.08,0.13094142
5,8,2009,2009-12-19,0.04,0.11039406
5,8,2009,2009-12-27,0.05,0.07516387
5,8,2010,2010-07-04,0.46,0.54811907
5,8,2010,2010-07-12,0.49,0.43052694
5,8,2010,2010-07-20,0.62,0.43473363
5,8,2010,2010-07-28,0.57,0.56819
5,8,2010,2010-08-05,0.56,0.5582568
5,8,2010,2010-08-13,0.53,0.53705883
5,8,2010,2010-08-21,0.49,0.5016857
5,8,2010,2010-08-29,0.38,0.47313008
5,8,2010,2010-09-06,0.41,0.37268078
5,8,2010,2010-09-14,0.44,0.41099513
5,8,2010,2010-09-22,0.39,0.44405448
5,8,2010,2010-09-30,0.57,0.41647875
5,8,2010,2010-10-08,0.59,0.5439722
5,8,2010,2010-10-16,0.65,0.5734358
5,8,2010,2010-10-24,0.57,0.60715127
5,8,2010,2010-11-01,0.49,0.51348364
5,8,2010,2010-11-09,0.44,0.42598957
5,8,2010,2010-11-17,0.43,0.3676861
5,8,2010,2010-11-25,0.37,0.3766229
5,8,2010,2010-12-03,0.28,0.3447306
5,8,2010,2010-12-11,0.29,0.26379764
5,8,2010,2010-12-19,0.2,0.24924113
5,8,2010,2010-12-27,0.17,0.19372377
5,8,2011,2011-07-04,0.42,0.43446943
5,8,2011,2011-07-12,0.48,0.38592997
5,8,2011,2011-07-20,0.52,0.43372148
5,8,2011,2011-07-28,0.48,0.52173567
5,8,2011,2011-08-05,0.48,0.47731978
5,8,2011,2011-08-13,0.57,0.44495848
5,8,2011,2011-08-21,0.5,0.518826
5,8,2011,2011-08-29,0.62,0.46364635
5,8,2011,2011-09-06,0.59,0.5358716
5,8,2011,2011-09-14,0.55,0.5274301
5,8,2011,2011-09-22,0.52,0.5056572
5,8,2011,2011-09-30,0.5,0.44859394
5,8,2011,2011-10-08,0.48,0.48052096
5,8,2011,2011-10-16,0.41,0.46712363
5,8,2011,2011-10-24,0.24,0.40966743
5,8,2011,2011-11-01,0.19,0.22620206
5,8,2011,2011-11-09,0.3,0.15688673
5,8,2011,2011-11-17,0.25,0.2734214
5,8,2011,2011-11-25,0.22,0.28642458
5,8,2011,2011-12-03,0.16,0.24646086
5,8,2011,2011-12-11,0.1,0.17083497
5,8,2011,2011-12-19,0.05,0.13902983
5,8,2011,2011-12-27,0.03,0.094922304
5,8,2012,2012-07-03,0.58,0.43945077
5,8,2012,2012-07-11,0.44,0.557782
5,8,2012,2012-07-19,0.55,0.46080405
5,8,2012,2012-07-27,0.54,0.5426575
5,8,2012,2012-08-04,0.57,0.51943153
5,8,2012,2012-08-12,0.64,0.55480206
5,8,2012,2012-08-20,0.39,0.62944514
5,8,2012,2012-08-28,0.42,0.4105925
5,8,2012,2012-09-05,0.56,0.40427148
5,8,2012,2012-09-13,0.65,0.5335143
5,8,2012,2012-09-21,0.5,0.6405488
5,8,2012,2012-09-29,0.65,0.5059435
5,8,2012,2012-10-07,0.61,0.6039159
5,8,2012,2012-10-15,0.57,0.5681975
5,8,2012,2012-10-23,0.43,0.5312294
5,8,2012,2012-10-31,0.33,0.34524027
5,8,2012,2012-11-08,0.26,0.24686542
5,8,2012,2012-11-16,0.29,0.23454337
5,8,2012,2012-11-24,0.23,0.27715278
5,8,2012,2012-12-02,0.21,0.23800954
5,8,2012,2012-12-10,0.16,0.20474508
5,8,2012,2012-12-18,0.06,0.15122026
5,8,2012,2012-12-26,0.05,0.06915429
5,9,2001,2001-07-04,0.25,0.23265404
5,9,2001,2001-07-12,0.19,0.2105481
5,9,2001,2001-07-20,0.18,0.17727801
5,9,2001,2001-07-28,0.18,0.1945464
5,9,2001,2001-08-05,0.14,0.1980538
5,9,2001,2001-08-13,0.13,0.17457907
5,9,2001,2001-08-21,0.18,0.16399606
5,9,2001,2001-08-29,0.21,0.20839381
5,9,2001,2001-09-06,0.25,0.25585687
5,9,2001,2001-09-14,0.29,0.2915381
5,9,2001,2001-09-22,0.4,0.3417048
5,9,2001,2001-09-30,0.48,0.43524468
5,9,2001,2001-10-08,0.46,0.47866365
5,9,2001,2001-10-16,0.46,0.45186803
5,9,2001,2001-10-24,0.35,0.42743224
5,9,2001,2001-11-01,0.29,0.319504
5,9,2001,2001-11-09,0.27,0.26016414
5,9,2001,2001-11-17,0.18,0.22617695
5,9,2001,2001-11-25,0.2,0.18692514
5,9,2001,2001-12-03,0.2,0.20170227
5,9,2001,2001-12-11,0.18,0.21230227
5,9,2001,2001-12-19,0.16,0.21309993
5,9,2001,2001-12-27,0.21,0.18826908
5,9,2002,2002-07-04,0.52,0.5768627
5,9,2002,2002-07-12,0.37,0.4647327
5,9,2002,2002-07-20,0.36,0.30456695
5,9,2002,2002-07-28,0.33,0.2961078
5,9,2002,2002-08-05,0.35,0.29885548
5,9,2002,2002-08-13,0.39,0.32169795
5,9,2002,2002-08-21,0.39,0.35230684
5,9,2002,2002-08-29,0.32,0.37288702
5,9,2002,2002-09-06,0.31,0.33153808
5,9,2002,2002-09-14,0.41,0.31448507
5,9,2002,2002-09-22,0.47,0.38862646
5,9,2002,2002-09-30,0.45,0.46994138
5,9,2002,2002-10-08,0.55,0.4745717
5,9,2002,2002-10-16,0.5,0.5202968
5,9,2002,2002-10-24,0.41,0.48404214
5,9,2002,2002-11-01,0.43,0.38512695
5,9,2002,2002-11-09,0.24,0.3614032
5,9,2002,2002-11-17,0.34,0.25063807
5,9,2002,2002-11-25,0.32,0.28683057
5,9,2002,2002-12-03,0.33,0.30010894
5,9,2002,2002-12-11,0.29,0.3290769
5,9,2002,2002-12-19,0.29,0.29372263
5,9,2002,2002-12-27,0.31,0.2838319
5,9,2003,2003-07-04,0.47,0.45764005
5,9,2003,2003-07-12,0.47,0.4483266
5,9,2003,2003-07-20,0.41,0.41646612
5,9,2003,2003-07-28,0.47,0.38070434
5,9,2003,2003-08-05,0.4,0.41798645
5,9,2003,2003-08-13,0.42,0.39485663
5,9,2003,2003-08-21,0.45,0.41040462
5,9,2003,2003-08-29,0.58,0.42936918
5,9,2003,2003-09-06,0.6,0.513301
5,9,2003,2003-09-14,0.66,0.5405798
5,9,2003,2003-09-22,0.59,0.60241437
5,9,2003,2003-09-30,0.53,0.56880164
5,9,2003,2003-10-08,0.51,0.5070654
5,9,2003,2003-10-16,0.45,0.48771828
5,9,2003,2003-10-24,0.32,0.43871105
5,9,2003,2003-11-01,0.34,0.32639474
5,9,2003,2003-11-09,0.25,0.31808805
5,9,2003,2003-11-17,0.32,0.2501161
5,9,2003,2003-11-25,0.28,0.31324524
5,9,2003,2003-12-03,0.27,0.30326873
5,9,2003,2003-12-11,0.29,0.3047272
5,9,2003,2003-12-19,0.31,0.29807886
5,9,2003,2003-12-27,0.3,0.31860387
5,9,2004,2004-07-03,0.49,0.42754692
5,9,2004,2004-07-11,0.48,0.45139194
5,9,2004,2004-07-19,0.47,0.4638402
5,9,2004,2004-07-27,0.48,0.44915742
5,9,2004,2004-08-04,0.47,0.4616059
5,9,2004,2004-08-12,0.45,0.44736797
5,9,2004,2004-08-20,0.44,0.43650085
5,9,2004,2004-08-28,0.48,0.43110177
5,9,2004,2004-09-05,0.55,0.48646626
5,9,2004,2004-09-13,0.65,0.5437455
5,9,2004,2004-09-21,0.6,0.62724817
5,9,2004,2004-09-29,0.67,0.5846088
5,9,2004,2004-10-07,0.56,0.60685194
5,9,2004,2004-10-15,0.41,0.5234747
5,9,2004,2004-10-23,0.4,0.3962509
5,9,2004,2004-10-31,0.3,0.3308465
5,9,2004,2004-11-08,0.26,0.2914255
5,9,2004,2004-11-16,0.42,0.26215905
5,9,2004,2004-11-24,0.36,0.38296777
5,9,2004,2004-12-02,0.33,0.3768408
5,9,2004,2004-12-10,0.33,0.34615073
5,9,2004,2004-12-18,0.42,0.32748273
5,9,2004,2004-12-26,0.42,0.40036345
5,9,2005,2005-07-04,0.51,0.49405748
5,9,2005,2005-07-12,0.47,0.4623702
5,9,2005,2005-07-20,0.47,0.4636408
5,9,2005,2005-07-28,0.37,0.46514788
5,9,2005,2005-08-05,0.37,0.40012372
5,9,2005,2005-08-13,0.48,0.3825957
5,9,2005,2005-08-21,0.47,0.44946897
5,9,2005,2005-08-29,0.51,0.4691902
5,9,2005,2005-09-06,0.59,0.50253385
5,9,2005,2005-09-14,0.67,0.5663489
5,9,2005,2005-09-22,0.7,0.645506
5,9,2005,2005-09-30,0.65,0.66540086
5,9,2005,2005-10-08,0.62,0.64448345
5,9,2005,2005-10-16,0.56,0.5911019
5,9,2005,2005-10-24,0.46,0.5124197
5,9,2005,2005-11-01,0.44,0.4344893
5,9,2005,2005-11-09,0.44,0.3976583
5,9,2005,2005-11-17,0.43,0.39818066
5,9,2005,2005-11-25,0.4,0.43229237
5,9,2005,2005-12-03,0.35,0.41217923
5,9,2005,2005-12-11,0.3,0.36495233
5,9,2005,2005-12-19,0.35,0.3179036
5,9,2005,2005-12-27,0.41,0.3609326
5,9,2006,2006-07-04,0.5,0.39748836
5,9,2006,2006-07-12,0.43,0.44648874
5,9,2006,2006-07-20,0.4,0.42993313
5,9,2006,2006-07-28,0.39,0.40622556
5,9,2006,2006-08-05,0.43,0.3669794
5,9,2006,2006-08-13,0.46,0.40030855
5,9,2006,2006-08-21,0.42,0.45405078
5,9,2006,2006-08-29,0.5,0.43985406
5,9,2006,2006-09-06,0.46,0.48374987
5,9,2006,2006-09-14,0.5,0.47829074
5,9,2006,2006-09-22,0.64,0.5151832
5,9,2006,2006-09-30,0.56,0.6106405
5,9,2006,2006-10-08,0.52,0.56767035
5,9,2006,2006-10-16,0.41,0.51172507
5,9,2006,2006-10-24,0.29,0.39915222
5,9,2006,2006-11-01,0.28,0.29473826
5,9,2006,2006-11-09,0.27,0.27179474
5,9,2006,2006-11-17,0.25,0.28754914
5,9,2006,2006-11-25,0.25,0.29206675
5,9,2006,2006-12-03,0.22,0.2849205
5,9,2006,2006-12-11,0.26,0.25947642
5,9,2006,2006-12-19,0.24,0.27157685
5,9,2006,2006-12-27,0.36,0.2779062
5,9,2007,2007-07-04,0.45,0.3810778
5,9,2007,2007-07-12,0.41,0.42084357
5,9,2007,2007-07-20,0.39,0.40673465
5,9,2007,2007-07-28,0.39,0.38928264
5,9,2007,2007-08-05,0.39,0.3758327
5,9,2007,2007-08-13,0.41,0.39164725
5,9,2007,2007-08-21,0.4,0.4139526
5,9,2007,2007-08-29,0.45,0.4042146
5,9,2007,2007-09-06,0.52,0.4446336
5,9,2007,2007-09-14,0.44,0.49038497
5,9,2007,2007-09-22,0.53,0.45999342
5,9,2007,2007-09-30,0.52,0.52364784
5,9,2007,2007-10-08,0.44,0.5124328
5,9,2007,2007-10-16,0.42,0.45163384
5,9,2007,2007-10-24,0.33,0.38723218
5,9,2007,2007-11-01,0.31,0.31152755
5,9,2007,2007-11-09,0.3,0.2934881
5,9,2007,2007-11-17,0.33,0.2937808
5,9,2007,2007-11-25,0.25,0.32104176
5,9,2007,2007-12-03,0.27,0.28213704
5,9,2007,2007-12-11,0.25,0.27490038
5,9,2007,2007-12-19,0.24,0.2703529
5,9,2007,2007-12-27,0.25,0.26662475
5,9,2008,2008-07-03,0.45,0.4209106
5,9,2008,2008-07-11,0.44,0.42755428
5,9,2008,2008-07-19,0.42,0.4185613
5,9,2008,2008-07-27,0.4,0.40012166
5,9,2008,2008-08-04,0.4,0.38647446
5,9,2008,2008-08-12,0.44,0.38715458
5,9,2008,2008-08-20,0.33,0.42146754
5,9,2008,2008-08-28,0.38,0.35738975
5,9,2008,2008-09-05,0.59,0.37669787
5,9,2008,2008-09-13,0.47,0.5413523
5,9,2008,2008-09-21,0.49,0.489702
5,9,2008,2008-09-29,0.38,0.48365134
5,9,2008,2008-10-07,0.36,0.38851053
5,9,2008,2008-10-15,0.28,0.35247198
5,9,2008,2008-10-23,0.32,0.28593543
5,9,2008,2008-10-31,0.32,0.29928046
5,9,2008,2008-11-08,0.32,0.3107627
5,9,2008,2008-11-16,0.21,0.32214093
5,9,2008,2008-11-24,0.19,0.2600169
5,9,2008,2008-12-02,0.19,0.21494018
5,9,2008,2008-12-10,0.26,0.21370877
5,9,2008,2008-12-18,0.24,0.26603764
5,9,2008,2008-12-26,0.34,0.2681743
5,9,2009,2009-07-04,0.37,0.38214874
5,9,2009,2009-07-12,0.36,0.37680385
5,9,2009,2009-07-20,0.43,0.36575404
5,9,2009,2009-07-28,0.35,0.40979028
5,9,2009,2009-08-05,0.34,0.37153667
5,9,2009,2009-08-13,0.34,0.35061237
5,9,2009,2009-08-21,0.34,0.35055262
5,9,2009,2009-08-29,0.45,0.34091824
5,9,2009,2009-09-06,0.62,0.42090517
5,9,2009,2009-09-14,0.56,0.59045446
5,9,2009,2009-09-22,0.51,0.563686
5,9,2009,2009-09-30,0.52,0.5070566
5,9,2009,2009-10-08,0.41,0.46167392
5,9,2009,2009-10-16,0.39,0.39708316
5,9,2009,2009-10-24,0.26,0.35556123
5,9,2009,2009-11-01,0.2,0.2803687
5,9,2009,2009-11-09,0.19,0.23507121
5,9,2009,2009-11-17,0.2,0.22197847
5,9,2009,2009-11-25,0.2,0.21747532
5,9,2009,2009-12-03,0.19,0.21831308
5,9,2009,2009-12-11,0.17,0.21597597
5,9,2009,2009-12-19,0.19,0.21886253
5,9,2009,2009-12-27,0.26,0.22633688
5,9,2010,2010-07-04,0.53,0.62575066
5,9,2010,2010-07-12,0.56,0.53196764
5,9,2010,2010-07-20,0.56,0.5002254
5,9,2010,2010-07-28,0.52,0.52258337
5,9,2010,2010-08-05,0.49,0.49997514
5,9,2010,2010-08-13,0.46,0.4653396
5,9,2010,2010-08-21,0.44,0.4382267
5,9,2010,2010-08-29,0.37,0.42678502
5,9,2010,2010-09-06,0.41,0.4008795
5,9,2010,2010-09-14,0.46,0.44475675
5,9,2010,2010-09-22,0.51,0.472678
5,9,2010,2010-09-30,0.67,0.49984515
5,9,2010,2010-10-08,0.65,0.60422385
5,9,2010,2010-10-16,0.64,0.60182995
5,9,2010,2010-10-24,0.65,0.5911181
5,9,2010,2010-11-01,0.54,0.5645927
5,9,2010,2010-11-09,0.57,0.49205709
5,9,2010,2010-11-17,0.49,0.4914381
5,9,2010,2010-11-25,0.44,0.45267928
5,9,2010,2010-12-03,0.36,0.41893205
5,9,2010,2010-12-11,0.33,0.3538789
5,9,2010,2010-12-19,0.31,0.32019883
5,9,2010,2010-12-27,0.27,0.30700418
5,9,2011,2011-07-04,0.43,0.43935135
5,9,2011,2011-07-12,0.41,0.430957
5,9,2011,2011-07-20,0.44,0.40908602
5,9,2011,2011-07-28,0.4,0.43449768
5,9,2011,2011-08-05,0.47,0.4148441
5,9,2011,2011-08-13,0.62,0.44573033
5,9,2011,2011-08-21,0.57,0.5465586
5,9,2011,2011-08-29,0.58,0.5446919
5,9,2011,2011-09-06,0.61,0.5313426
5,9,2011,2011-09-14,0.51,0.54826325
5,9,2011,2011-09-22,0.41,0.5070367
5,9,2011,2011-09-30,0.41,0.43531948
5,9,2011,2011-10-08,0.38,0.43443772
5,9,2011,2011-10-16,0.35,0.4177483
5,9,2011,2011-10-24,0.25,0.39155158
5,9,2011,2011-11-01,0.19,0.31703463
5,9,2011,2011-11-09,0.32,0.24707745
5,9,2011,2011-11-17,0.29,0.32078165
5,9,2011,2011-11-25,0.38,0.32823384
5,9,2011,2011-12-03,0.37,0.37657017
5,9,2011,2011-12-11,0.49,0.36325386
5,9,2011,2011-12-19,0.38,0.43735644
5,9,2011,2011-12-27,0.21,0.3885594
5,9,2012,2012-07-03,0.4,0.39795378
5,9,2012,2012-07-11,0.32,0.40454316
5,9,2012,2012-07-19,0.32,0.352301
5,9,2012,2012-07-27,0.41,0.3402989
5,9,2012,2012-08-04,0.46,0.38734478
5,9,2012,2012-08-12,0.62,0.4519986
5,9,2012,2012-08-20,0.49,0.58494484
5,9,2012,2012-08-28,0.43,0.5292591
5,9,2012,2012-09-05,0.59,0.45859966
5,9,2012,2012-09-13,0.6,0.5370765
5,9,2012,2012-09-21,0.41,0.56255114
5,9,2012,2012-09-29,0.43,0.44100553
5,9,2012,2012-10-07,0.33,0.39413124
5,9,2012,2012-10-15,0.36,0.33600208
5,9,2012,2012-10-23,0.28,0.35188216
5,9,2012,2012-10-31,0.27,0.29161525
5,9,2012,2012-11-08,0.24,0.26808372
5,9,2012,2012-11-16,0.32,0.26797742
5,9,2012,2012-11-24,0.33,0.3186048
5,9,2012,2012-12-02,0.45,0.3530519
5,9,2012,2012-12-10,0.5,0.42652687
5,9,2012,2012-12-18,0.4,0.49134266
5,9,2012,2012-12-26,0.37,0.4297226
5,10,2001,2001-07-04,0.65,0.57533944
5,10,2001,2001-07-12,0.54,0.5920255
5,10,2001,2001-07-20,0.58,0.5469421
5,10,2001,2001-07-28,0.59,0.54327416
5,10,2001,2001-08-05,0.55,0.54972035
5,10,2001,2001-08-13,0.49,0.5393182
5,10,2001,2001-08-21,0.56,0.5080349
5,10,2001,2001-08-29,0.52,0.51929224
5,10,2001,2001-09-06,0.55,0.51620126
5,10,2001,2001-09-14,0.46,0.5169531
5,10,2001,2001-09-22,0.59,0.48648286
5,10,2001,2001-09-30,0.59,0.54080606
5,10,2001,2001-10-08,0.59,0.55895025
5,10,2001,2001-10-16,0.71,0.57474464
5,10,2001,2001-10-24,0.66,0.6242762
5,10,2001,2001-11-01,0.68,0.62010324
5,10,2001,2001-11-09,0.53,0.63661075
5,10,2001,2001-11-17,0.47,0.56615824
5,10,2001,2001-11-25,0.53,0.51566845
5,10,2001,2001-12-03,0.65,0.511598
5,10,2001,2001-12-11,0.6,0.5709138
5,10,2001,2001-12-19,0.63,0.579957
5,10,2001,2001-12-27,0.65,0.5841313
5,10,2002,2002-07-04,0.76,0.7793406
5,10,2002,2002-07-12,0.78,0.7343315
5,10,2002,2002-07-20,0.74,0.7132536
5,10,2002,2002-07-28,0.67,0.6923684
5,10,2002,2002-08-05,0.68,0.6572149
5,10,2002,2002-08-13,0.74,0.64425814
5,10,2002,2002-08-21,0.74,0.6609752
5,10,2002,2002-08-29,0.65,0.677693
5,10,2002,2002-09-06,0.67,0.6397145
5,10,2002,2002-09-14,0.73,0.6358723
5,10,2002,2002-09-22,0.71,0.6499743
5,10,2002,2002-09-30,0.63,0.66523373
5,10,2002,2002-10-08,0.74,0.6335627
5,10,2002,2002-10-16,0.7,0.67020965
5,10,2002,2002-10-24,0.72,0.6754529
5,10,2002,2002-11-01,0.73,0.6817148
5,10,2002,2002-11-09,0.61,0.68884563
5,10,2002,2002-11-17,0.75,0.6182974
5,10,2002,2002-11-25,0.74,0.6544598
5,10,2002,2002-12-03,0.67,0.66978633
5,10,2002,2002-12-11,0.62,0.66251034
5,10,2002,2002-12-19,0.69,0.62558955
5,10,2002,2002-12-27,0.73,0.6460526
5,10,2003,2003-07-04,0.83,0.7288662
5,10,2003,2003-07-12,0.83,0.7514585
5,10,2003,2003-07-20,0.81,0.7622514
5,10,2003,2003-07-28,0.83,0.7536423
5,10,2003,2003-08-05,0.77,0.75391185
5,10,2003,2003-08-13,0.7,0.7280177
5,10,2003,2003-08-21,0.72,0.6956046
5,10,2003,2003-08-29,0.69,0.69234073
5,10,2003,2003-09-06,0.74,0.6663226
5,10,2003,2003-09-14,0.77,0.6857132
5,10,2003,2003-09-22,0.71,0.71182394
5,10,2003,2003-09-30,0.71,0.6924358
5,10,2003,2003-10-08,0.75,0.6757778
5,10,2003,2003-10-16,0.75,0.70122516
5,10,2003,2003-10-24,0.74,0.7036823
5,10,2003,2003-11-01,0.72,0.70400226
5,10,2003,2003-11-09,0.62,0.69444275
5,10,2003,2003-11-17,0.71,0.6320008
5,10,2003,2003-11-25,0.73,0.67038363
5,10,2003,2003-12-03,0.7,0.68733704
5,10,2003,2003-12-11,0.78,0.6756985
5,10,2003,2003-12-19,0.79,0.700986
5,10,2003,2003-12-27,0.77,0.7220795
5,10,2004,2004-07-03,0.86,0.7828851
5,10,2004,2004-07-11,0.86,0.7957926
5,10,2004,2004-07-19,0.93,0.7948351
5,10,2004,2004-07-27,0.87,0.8233068
5,10,2004,2004-08-04,0.77,0.8080685
5,10,2004,2004-08-12,0.83,0.7550447
5,10,2004,2004-08-20,0.77,0.7590629
5,10,2004,2004-08-28,0.81,0.7333634
5,10,2004,2004-09-05,0.82,0.7430283
5,10,2004,2004-09-13,0.84,0.7554563
5,10,2004,2004-09-21,0.78,0.7695577
5,10,2004,2004-09-29,0.79,0.7425419
5,10,2004,2004-10-07,0.89,0.73915905
5,10,2004,2004-10-15,0.83,0.78673184
5,10,2004,2004-10-23,0.8,0.77104795
5,10,2004,2004-10-31,0.74,0.7563504
5,10,2004,2004-11-08,0.72,0.7202946
5,10,2004,2004-11-16,0.87,0.6880914
5,10,2004,2004-11-24,0.89,0.76053137
5,10,2004,2004-12-02,0.8,0.7843026
5,10,2004,2004-12-10,0.87,0.7569859
5,10,2004,2004-12-18,0.9,0.7899252
5,10,2004,2004-12-26,0.87,0.8069976
5,10,2005,2005-07-04,0.91,0.786706
5,10,2005,2005-07-12,0.91,0.82246804
5,10,2005,2005-07-20,0.85,0.8239057
5,10,2005,2005-07-28,0.91,0.8076688
5,10,2005,2005-08-05,0.84,0.82582915
5,10,2005,2005-08-13,0.83,0.78649735
5,10,2005,2005-08-21,0.75,0.7812867
5,10,2005,2005-08-29,0.78,0.7335781
5,10,2005,2005-09-06,0.84,0.7403796
5,10,2005,2005-09-14,0.78,0.7679534
5,10,2005,2005-09-22,0.74,0.75079966
5,10,2005,2005-09-30,0.8,0.7229533
5,10,2005,2005-10-08,0.86,0.7430156
5,10,2005,2005-10-16,0.88,0.7841739
5,10,2005,2005-10-24,0.8,0.79516053
5,10,2005,2005-11-01,0.76,0.76630616
5,10,2005,2005-11-09,0.8,0.73186845
5,10,2005,2005-11-17,0.83,0.7386211
5,10,2005,2005-11-25,0.8,0.7698673
5,10,2005,2005-12-03,0.74,0.7645687
5,10,2005,2005-12-11,0.74,0.72884256
5,10,2005,2005-12-19,0.72,0.7242836
5,10,2005,2005-12-27,0.67,0.71519744
5,10,2006,2006-07-04,0.9,0.7740036
5,10,2006,2006-07-12,0.83,0.8164556
5,10,2006,2006-07-20,0.74,0.7902647
5,10,2006,2006-07-28,0.67,0.7397493
5,10,2006,2006-08-05,0.71,0.6943419
5,10,2006,2006-08-13,0.76,0.69144225
5,10,2006,2006-08-21,0.71,0.7146501
5,10,2006,2006-08-29,0.7,0.6918419
5,10,2006,2006-09-06,0.63,0.68567485
5,10,2006,2006-09-14,0.69,0.6563299
5,10,2006,2006-09-22,0.72,0.667528
5,10,2006,2006-09-30,0.75,0.67977154
5,10,2006,2006-10-08,0.76,0.70591533
5,10,2006,2006-10-16,0.72,0.7248163
5,10,2006,2006-10-24,0.71,0.7147298
5,10,2006,2006-11-01,0.67,0.6966555
5,10,2006,2006-11-09,0.72,0.6670993
5,10,2006,2006-11-17,0.64,0.6877507
5,10,2006,2006-11-25,0.62,0.66165006
5,10,2006,2006-12-03,0.61,0.6403763
5,10,2006,2006-12-11,0.66,0.6176026
5,10,2006,2006-12-19,0.72,0.63703823
5,10,2006,2006-12-27,0.79,0.66971004
5,10,2007,2007-07-04,0.8,0.73550737
5,10,2007,2007-07-12,0.65,0.7596456
5,10,2007,2007-07-20,0.69,0.6859244
5,10,2007,2007-07-28,0.68,0.6728202
5,10,2007,2007-08-05,0.68,0.6527294
5,10,2007,2007-08-13,0.66,0.6600701
5,10,2007,2007-08-21,0.57,0.65822005
5,10,2007,2007-08-29,0.64,0.6109211
5,10,2007,2007-09-06,0.62,0.62220025
5,10,2007,2007-09-14,0.59,0.60990804
5,10,2007,2007-09-22,0.56,0.604516
5,10,2007,2007-09-30,0.56,0.58882856
5,10,2007,2007-10-08,0.59,0.58688474
5,10,2007,2007-10-16,0.7,0.5994445
5,10,2007,2007-10-24,0.61,0.6494808
5,10,2007,2007-11-01,0.63,0.6280967
5,10,2007,2007-11-09,0.64,0.6236645
5,10,2007,2007-11-17,0.69,0.63035715
5,10,2007,2007-11-25,0.57,0.6485722
5,10,2007,2007-12-03,0.65,0.60116374
5,10,2007,2007-12-11,0.59,0.6166708
5,10,2007,2007-12-19,0.61,0.60149276
5,10,2007,2007-12-27,0.67,0.61471593
5,10,2008,2008-07-03,0.72,0.75187826
5,10,2008,2008-07-11,0.68,0.7152282
5,10,2008,2008-07-19,0.71,0.66638505
5,10,2008,2008-07-27,0.65,0.67060184
5,10,2008,2008-08-04,0.65,0.64479816
5,10,2008,2008-08-12,0.69,0.63882816
5,10,2008,2008-08-20,0.61,0.6500176
5,10,2008,2008-08-28,0.65,0.61085176
5,10,2008,2008-09-05,0.58,0.62315226
5,10,2008,2008-09-13,0.54,0.5926466
5,10,2008,2008-09-21,0.62,0.5627912
5,10,2008,2008-09-29,0.58,0.580066
5,10,2008,2008-10-07,0.6,0.5745166
5,10,2008,2008-10-15,0.64,0.58610237
5,10,2008,2008-10-23,0.7,0.61809266
5,10,2008,2008-10-31,0.73,0.64496887
5,10,2008,2008-11-08,0.68,0.67047834
5,10,2008,2008-11-16,0.57,0.6587081
5,10,2008,2008-11-24,0.55,0.61058307
5,10,2008,2008-12-02,0.59,0.5627621
5,10,2008,2008-12-10,0.65,0.57684135
5,10,2008,2008-12-18,0.57,0.6057623
5,10,2008,2008-12-26,0.63,0.5871395
5,10,2009,2009-07-04,0.63,0.65864253
5,10,2009,2009-07-12,0.72,0.64162195
5,10,2009,2009-07-20,0.68,0.6651751
5,10,2009,2009-07-28,0.62,0.6645616
5,10,2009,2009-08-05,0.61,0.6395966
5,10,2009,2009-08-13,0.57,0.6221645
5,10,2009,2009-08-21,0.57,0.60277426
5,10,2009,2009-08-29,0.53,0.5882368
5,10,2009,2009-09-06,0.59,0.57083476
5,10,2009,2009-09-14,0.56,0.578906
5,10,2009,2009-09-22,0.55,0.5704081
5,10,2009,2009-09-30,0.59,0.5710227
5,10,2009,2009-10-08,0.6,0.58156466
5,10,2009,2009-10-16,0.61,0.59240854
5,10,2009,2009-10-24,0.61,0.60457945
5,10,2009,2009-11-01,0.54,0.61521363
5,10,2009,2009-11-09,0.58,0.59617627
5,10,2009,2009-11-17,0.62,0.5944693
5,10,2009,2009-11-25,0.61,0.5980278
5,10,2009,2009-12-03,0.57,0.597859
5,10,2009,2009-12-11,0.54,0.5884583
5,10,2009,2009-12-19,0.6,0.5777221
5,10,2009,2009-12-27,0.53,0.5853983
5,10,2010,2010-07-04,0.75,0.7368357
5,10,2010,2010-07-12,0.83,0.7139102
5,10,2010,2010-07-20,0.89,0.7507274
5,10,2010,2010-07-28,0.73,0.77722204
5,10,2010,2010-08-05,0.81,0.71756434
5,10,2010,2010-08-13,0.76,0.731743
5,10,2010,2010-08-21,0.66,0.7058655
5,10,2010,2010-08-29,0.66,0.6582434
5,10,2010,2010-09-06,0.7,0.6321951
5,10,2010,2010-09-14,0.7,0.65076035
5,10,2010,2010-09-22,0.6,0.65503424
5,10,2010,2010-09-30,0.74,0.6133192
5,10,2010,2010-10-08,0.75,0.6625705
5,10,2010,2010-10-16,0.68,0.6834568
5,10,2010,2010-10-24,0.71,0.6656159
5,10,2010,2010-11-01,0.56,0.6688446
5,10,2010,2010-11-09,0.69,0.5938134
5,10,2010,2010-11-17,0.73,0.6317322
5,10,2010,2010-11-25,0.68,0.6655687
5,10,2010,2010-12-03,0.58,0.65902245
5,10,2010,2010-12-11,0.57,0.6051023
5,10,2010,2010-12-19,0.58,0.5709865
5,10,2010,2010-12-27,0.62,0.574265
5,10,2011,2011-07-04,0.76,0.7029736
5,10,2011,2011-07-12,0.7,0.7050482
5,10,2011,2011-07-20,0.75,0.69383967
5,10,2011,2011-07-28,0.63,0.7119595
5,10,2011,2011-08-05,0.74,0.6619573
5,10,2011,2011-08-13,0.73,0.68837404
5,10,2011,2011-08-21,0.59,0.68942916
5,10,2011,2011-08-29,0.73,0.6361563
5,10,2011,2011-09-06,0.61,0.661493
5,10,2011,2011-09-14,0.68,0.6320144
5,10,2011,2011-09-22,0.59,0.64641184
5,10,2011,2011-09-30,0.68,0.6110853
5,10,2011,2011-10-08,0.6,0.64065814
5,10,2011,2011-10-16,0.58,0.6256497
5,10,2011,2011-10-24,0.67,0.6061423
5,10,2011,2011-11-01,0.69,0.6298481
5,10,2011,2011-11-09,0.72,0.6355797
5,10,2011,2011-11-17,0.7,0.6634371
5,10,2011,2011-11-25,0.77,0.6712462
5,10,2011,2011-12-03,0.84,0.6931237
5,10,2011,2011-12-11,0.71,0.7183788
5,10,2011,2011-12-19,0.61,0.6860852
5,10,2011,2011-12-27,0.54,0.6372353
5,10,2012,2012-07-03,0.8,0.6893636
5,10,2012,2012-07-11,0.77,0.7197149
5,10,2012,2012-07-19,0.71,0.7159401
5,10,2012,2012-07-27,0.76,0.69903576
5,10,2012,2012-08-04,0.69,0.69905543
5,10,2012,2012-08-12,0.71,0.6828946
5,10,2012,2012-08-20,0.74,0.6824331
5,10,2012,2012-08-28,0.63,0.68085635
5,10,2012,2012-09-05,0.64,0.6538838
5,10,2012,2012-09-13,0.74,0.6343832
5,10,2012,2012-09-21,0.62,0.6693386
5,10,2012,2012-09-29,0.69,0.6337974
5,10,2012,2012-10-07,0.66,0.65325165
5,10,2012,2012-10-15,0.69,0.64073634
5,10,2012,2012-10-23,0.66,0.64631426
5,10,2012,2012-10-31,0.68,0.6461457
5,10,2012,2012-11-08,0.65,0.6545075
5,10,2012,2012-11-16,0.72,0.6493635
5,10,2012,2012-11-24,0.71,0.66930723
5,10,2012,2012-12-02,0.71,0.6805172
5,10,2012,2012-12-10,0.77,0.6908064
5,10,2012,2012-12-18,0.69,0.704846
5,10,2012,2012-12-26,0.69,0.6741414
6,0,2001,2001-07-04,0.07,0.119271606
6,0,2001,2001-07-12,0.1,0.15598501
6,0,2001,2001-07-20,0.09,0.19572261
6,0,2001,2001-07-28,0.14,0.23428132
6,0,2001,2001-08-05,0.27,0.3576428
6,0,2001,2001-08-13,0.2,0.49925017
6,0,2001,2001-08-21,0.69,0.4255274
6,0,2001,2001-08-29,1.0,0.8431077
6,0,2001,2001-09-06,1.0,0.98324835
6,0,2001,2001-09-14,1.0,0.9789021
6,0,2001,2001-09-22,1.0,1.0162178
6,0,2001,2001-09-30,1.0,0.9941478
6,0,2001,2001-10-08,1.0,0.99083734
6,0,2001,2001-10-16,1.0,0.99011874
6,0,2001,2001-10-24,1.0,0.99011874
6,0,2001,2001-11-01,0.99,0.99011874
6,0,2001,2001-11-09,0.94,0.972839
6,0,2001,2001-11-17,0.88,0.9047451
6,0,2001,2001-11-25,0.8,0.8136662
6,0,2001,2001-12-03,0.72,0.6889099
6,0,2001,2001-12-11,0.71,0.54812837
6,0,2001,2001-12-19,0.6,0.5530491
6,0,2001,2001-12-27,0.4,0.48724428
6,0,2002,2002-07-04,0.04,0.06452772
6,0,2002,2002-07-12,0.06,0.101984024
6,0,2002,2002-07-20,0.12,0.1319822
6,0,2002,2002-07-28,0.2,0.18486978
6,0,2002,2002-08-05,0.39,0.27586463
6,0,2002,2002-08-13,0.54,0.4922778
6,0,2002,2002-08-21,0.72,0.5997324
6,0,2002,2002-08-29,0.97,0.81891584
6,0,2002,2002-09-06,1.0,0.9797307
6,0,2002,2002-09-14,0.99,0.98446834
6,0,2002,2002-09-22,1.0,0.9964018
6,0,2002,2002-09-30,1.0,0.98801744
6,0,2002,2002-10-08,1.0,0.9831228
6,0,2002,2002-10-16,1.0,0.98384285
6,0,2002,2002-10-24,0.98,0.982216
6,0,2002,2002-11-01,0.99,0.95479465
6,0,2002,2002-11-09,0.89,0.96693194
6,0,2002,2002-11-17,0.87,0.81291616
6,0,2002,2002-11-25,0.72,0.7697606
6,0,2002,2002-12-03,0.62,0.5502552
6,0,2002,2002-12-11,0.6,0.436716
6,0,2002,2002-12-19,0.55,0.4536777
6,0,2002,2002-12-27,0.37,0.45741898
6,0,2003,2003-07-04,0.03,0.04839936
6,0,2003,2003-07-12,0.03,0.08935726
6,0,2003,2003-07-20,0.16,0.09782925
6,0,2003,2003-07-28,0.12,0.24536406
6,0,2003,2003-08-05,0.05,0.23196349
6,0,2003,2003-08-13,0.06,0.19669002
6,0,2003,2003-08-21,0.17,0.21136005
6,0,2003,2003-08-29,0.34,0.35661018
6,0,2003,2003-09-06,0.25,0.5622753
6,0,2003,2003-09-14,0.49,0.45906663
6,0,2003,2003-09-22,0.73,0.5948777
6,0,2003,2003-09-30,0.94,0.81387496
6,0,2003,2003-10-08,0.94,0.95902014
6,0,2003,2003-10-16,0.94,0.951339
6,0,2003,2003-10-24,0.88,0.9417703
6,0,2003,2003-11-01,0.84,0.825994
6,0,2003,2003-11-09,0.71,0.7753099
6,0,2003,2003-11-17,0.65,0.56150264
6,0,2003,2003-11-25,0.43,0.4981906
6,0,2003,2003-12-03,0.26,0.23320986
6,0,2003,2003-12-11,0.15,0.10751021
6,0,2003,2003-12-19,0.03,0.067831546
6,0,2003,2003-12-27,0.0,0.042218298
6,0,2004,2004-07-03,0.01,0.035128593
6,0,2004,2004-07-11,0.02,0.05196497
6,0,2004,2004-07-19,0.04,0.062877566
6,0,2004,2004-07-27,0.16,0.11704311
6,0,2004,2004-08-04,0.28,0.21622676
6,0,2004,2004-08-12,0.55,0.3144822
6,0,2004,2004-08-20,0.65,0.5697123
6,0,2004,2004-08-28,0.74,0.66949093
6,0,2004,2004-09-05,0.8,0.7508573
6,0,2004,2004-09-13,0.93,0.76076746
6,0,2004,2004-09-21,1.0,0.9136646
6,0,2004,2004-09-29,0.99,0.98816407
6,0,2004,2004-10-07,0.98,0.998932
6,0,2004,2004-10-15,0.91,0.9728664
6,0,2004,2004-10-23,0.79,0.8642813
6,0,2004,2004-10-31,0.83,0.6616082
6,0,2004,2004-11-08,0.64,0.71478486
6,0,2004,2004-11-16,0.53,0.47349298
6,0,2004,2004-11-24,0.29,0.35486475
6,0,2004,2004-12-02,0.18,0.103011146
6,0,2004,2004-12-10,0.06,0.055944026
6,0,2004,2004-12-18,0.01,0.007576138
6,0,2004,2004-12-26,0.01,-0.00655213
6,0,2005,2005-07-04,0.03,0.060094982
6,0,2005,2005-07-12,0.08,0.09105694
6,0,2005,2005-07-20,0.01,0.14637366
6,0,2005,2005-07-28,0.05,0.09633744
6,0,2005,2005-08-05,0.1,0.15474705
6,0,2005,2005-08-13,0.31,0.23361212
6,0,2005,2005-08-21,0.73,0.5132639
6,0,2005,2005-08-29,0.9,0.8305595
6,0,2005,2005-09-06,0.93,0.9085648
6,0,2005,2005-09-14,0.97,0.9430078
6,0,2005,2005-09-22,0.98,1.0139152
6,0,2005,2005-09-30,0.99,1.017574
6,0,2005,2005-10-08,0.99,1.0047245
6,0,2005,2005-10-16,0.99,0.98346627
6,0,2005,2005-10-24,0.99,0.9525082
6,0,2005,2005-11-01,0.96,0.9175527
6,0,2005,2005-11-09,0.9,0.9101168
6,0,2005,2005-11-17,0.77,0.7762537
6,0,2005,2005-11-25,0.79,0.5916619
6,0,2005,2005-12-03,0.63,0.56200063
6,0,2005,2005-12-11,0.48,0.45785528
6,0,2005,2005-12-19,0.41,0.3473409
6,0,2005,2005-12-27,0.26,0.2940362
6,0,2006,2006-07-04,0.02,0.053090006
6,0,2006,2006-07-12,0.01,0.071403384
6,0,2006,2006-07-20,0.01,0.077774614
6,0,2006,2006-07-28,0.01,0.05665049
6,0,2006,2006-08-05,0.19,0.06302109
6,0,2006,2006-08-13,0.5,0.2479183
6,0,2006,2006-08-21,0.58,0.60512376
6,0,2006,2006-08-29,0.77,0.7262366
6,0,2006,2006-09-06,0.8,0.83450556
6,0,2006,2006-09-14,0.9,0.84904397
6,0,2006,2006-09-22,0.93,0.93286645
6,0,2006,2006-09-30,0.95,0.9450599
6,0,2006,2006-10-08,0.96,0.9570813
6,0,2006,2006-10-16,0.98,0.95184374
6,0,2006,2006-10-24,0.99,0.970189
6,0,2006,2006-11-01,0.96,0.9770304
6,0,2006,2006-11-09,0.89,0.923192
6,0,2006,2006-11-17,0.79,0.80493164
6,0,2006,2006-11-25,0.68,0.62162435
6,0,2006,2006-12-03,0.52,0.51114756
6,0,2006,2006-12-11,0.37,0.31638876
6,0,2006,2006-12-19,0.23,0.18225777
6,0,2006,2006-12-27,0.1,0.10661857
6,0,2007,2007-07-04,0.01,0.064982116
6,0,2007,2007-07-12,0.0,0.07727566
6,0,2007,2007-07-20,0.04,0.06694731
6,0,2007,2007-07-28,0.33,0.102475345
6,0,2007,2007-08-05,0.46,0.39731026
6,0,2007,2007-08-13,0.46,0.5765823
6,0,2007,2007-08-21,0.4,0.6354996
6,0,2007,2007-08-29,0.59,0.5655768
6,0,2007,2007-09-06,0.58,0.7205214
6,0,2007,2007-09-14,0.63,0.7052689
6,0,2007,2007-09-22,0.59,0.7395123
6,0,2007,2007-09-30,0.8,0.6622621
6,0,2007,2007-10-08,0.82,0.8846004
6,0,2007,2007-10-16,0.92,0.8837944
6,0,2007,2007-10-24,0.97,0.9742712
6,0,2007,2007-11-01,0.97,1.0081065
6,0,2007,2007-11-09,0.9,0.9819044
6,0,2007,2007-11-17,0.85,0.8466035
6,0,2007,2007-11-25,0.73,0.7262045
6,0,2007,2007-12-03,0.73,0.546024
6,0,2007,2007-12-11,0.56,0.5496385
6,0,2007,2007-12-19,0.31,0.38895386
6,0,2007,2007-12-27,0.24,0.18303545
6,0,2008,2008-07-03,0.01,0.056053817
6,0,2008,2008-07-11,0.01,0.061056018
6,0,2008,2008-07-19,0.06,0.06502381
6,0,2008,2008-07-27,0.32,0.12322417
6,0,2008,2008-08-04,0.47,0.46986336
6,0,2008,2008-08-12,0.63,0.6212169
6,0,2008,2008-08-20,0.66,0.7118931
6,0,2008,2008-08-28,0.83,0.70861995
6,0,2008,2008-09-05,0.81,0.8739166
6,0,2008,2008-09-13,0.77,0.8367124
6,0,2008,2008-09-21,0.75,0.78901345
6,0,2008,2008-09-29,0.85,0.7085599
6,0,2008,2008-10-07,0.9,0.8958976
6,0,2008,2008-10-15,0.91,0.92914736
6,0,2008,2008-10-23,0.93,0.9475827
6,0,2008,2008-10-31,0.9,0.95576835
6,0,2008,2008-11-08,0.81,0.8985727
6,0,2008,2008-11-16,0.77,0.7389649
6,0,2008,2008-11-24,0.74,0.653159
6,0,2008,2008-12-02,0.59,0.605368
6,0,2008,2008-12-10,0.58,0.48321843
6,0,2008,2008-12-18,0.48,0.43612182
6,0,2008,2008-12-26,0.27,0.31762764
6,0,2009,2009-07-04,0.01,0.034152627
6,0,2009,2009-07-12,0.03,0.0445441
6,0,2009,2009-07-20,0.07,0.06581882
6,0,2009,2009-07-28,0.1,0.117628485
6,0,2009,2009-08-05,0.28,0.219239
6,0,2009,2009-08-13,0.55,0.41781616
6,0,2009,2009-08-21,0.55,0.6636276
6,0,2009,2009-08-29,0.58,0.64417267
6,0,2009,2009-09-06,0.7,0.6496604
6,0,2009,2009-09-14,0.75,0.72230184
6,0,2009,2009-09-22,0.83,0.7524954
6,0,2009,2009-09-30,0.83,0.81874263
6,0,2009,2009-10-08,0.93,0.83314896
6,0,2009,2009-10-16,0.97,0.94116426
6,0,2009,2009-10-24,0.95,0.9649335
6,0,2009,2009-11-01,0.92,0.93516266
6,0,2009,2009-11-09,0.81,0.8702805
6,0,2009,2009-11-17,0.7,0.68587184
6,0,2009,2009-11-25,0.62,0.5313337
6,0,2009,2009-12-03,0.44,0.44876736
6,0,2009,2009-12-11,0.26,0.26766706
6,0,2009,2009-12-19,0.08,0.1363188
6,0,2009,2009-12-27,0.01,0.025611252
6,0,2010,2010-07-04,0.01,0.06553462
6,0,2010,2010-07-12,0.04,0.06868029
6,0,2010,2010-07-20,0.02,0.10129672
6,0,2010,2010-07-28,0.02,0.09818335
6,0,2010,2010-08-05,0.05,0.103543326
6,0,2010,2010-08-13,0.16,0.17637119
6,0,2010,2010-08-21,0.21,0.35567263
6,0,2010,2010-08-29,0.27,0.3973523
6,0,2010,2010-09-06,0.43,0.41980982
6,0,2010,2010-09-14,0.43,0.5675541
6,0,2010,2010-09-22,0.48,0.57415044
6,0,2010,2010-09-30,0.6,0.5950765
6,0,2010,2010-10-08,0.77,0.67923915
6,0,2010,2010-10-16,0.8,0.85588014
6,0,2010,2010-10-24,0.83,0.8668195
6,0,2010,2010-11-01,0.78,0.86631835
6,0,2010,2010-11-09,0.7,0.76266146
6,0,2010,2010-11-17,0.68,0.6049678
6,0,2010,2010-11-25,0.55,0.5415502
6,0,2010,2010-12-03,0.47,0.41645968
6,0,2010,2010-12-11,0.29,0.32559198
6,0,2010,2010-12-19,0.17,0.15869117
6,0,2010,2010-12-27,0.13,0.08060512
6,0,2011,2011-07-04,0.02,0.07425025
6,0,2011,2011-07-12,0.06,0.085088044
6,0,2011,2011-07-20,0.05,0.13359244
6,0,2011,2011-07-28,0.36,0.12495133
6,0,2011,2011-08-05,0.31,0.43439502
6,0,2011,2011-08-13,0.63,0.41916203
6,0,2011,2011-08-21,0.73,0.70639396
6,0,2011,2011-08-29,0.79,0.7765008
6,0,2011,2011-09-06,0.84,0.817078
6,0,2011,2011-09-14,0.88,0.87411463
6,0,2011,2011-09-22,0.96,0.8895886
6,0,2011,2011-09-30,0.99,0.9564589
6,0,2011,2011-10-08,0.99,0.9956267
6,0,2011,2011-10-16,0.99,1.0144925
6,0,2011,2011-10-24,0.99,0.9978461
6,0,2011,2011-11-01,0.99,0.98753583
6,0,2011,2011-11-09,0.98,0.9569167
6,0,2011,2011-11-17,0.95,0.9189943
6,0,2011,2011-11-25,0.85,0.8821287
6,0,2011,2011-12-03,0.76,0.72386754
6,0,2011,2011-12-11,0.6,0.59972584
6,0,2011,2011-12-19,0.4,0.39127746
6,0,2011,2011-12-27,0.35,0.23019728
6,0,2012,2012-07-03,0.05,0.045700878
6,0,2012,2012-07-11,0.03,0.094350725
6,0,2012,2012-07-19,0.04,0.091689795
6,0,2012,2012-07-27,0.16,0.095519036
6,0,2012,2012-08-04,0.04,0.29473186
6,0,2012,2012-08-12,0.05,0.18634024
6,0,2012,2012-08-20,0.08,0.21668652
6,0,2012,2012-08-28,0.26,0.2459981
6,0,2012,2012-09-05,0.56,0.42686036
6,0,2012,2012-09-13,0.71,0.68498385
6,0,2012,2012-09-21,0.73,0.7824056
6,0,2012,2012-09-29,0.84,0.79180706
6,0,2012,2012-10-07,0.89,0.88143706
6,0,2012,2012-10-15,0.93,0.91015124
6,0,2012,2012-10-23,0.86,0.9402356
6,0,2012,2012-10-31,0.76,0.832438
6,0,2012,2012-11-08,0.63,0.67869043
6,0,2012,2012-11-16,0.41,0.47990265
6,0,2012,2012-11-24,0.29,0.23111188
6,0,2012,2012-12-02,0.18,0.12092976
6,0,2012,2012-12-10,0.04,0.07617712
6,0,2012,2012-12-18,0.02,0.015681565
6,0,2012,2012-12-26,0.0,0.008541375
6,1,2001,2001-07-04,0.36,0.47721374
6,1,2001,2001-07-12,0.42,0.5085787
6,1,2001,2001-07-20,0.44,0.53543043
6,1,2001,2001-07-28,0.57,0.54812634
6,1,2001,2001-08-05,0.79,0.6988821
6,1,2001,2001-08-13,0.8,0.8641044
6,1,2001,2001-08-21,0.94,0.84742093
6,1,2001,2001-08-29,0.99,0.9716989
6,1,2001,2001-09-06,0.98,1.0062298
6,1,2001,2001-09-14,0.97,0.9885036
6,1,2001,2001-09-22,0.99,0.97423124
6,1,2001,2001-09-30,0.98,0.9936372
6,1,2001,2001-10-08,0.97,0.9751115
6,1,2001,2001-10-16,0.98,0.96407413
6,1,2001,2001-10-24,0.97,0.9769554
6,1,2001,2001-11-01,0.97,0.9616083
6,1,2001,2001-11-09,0.98,0.96162474
6,1,2001,2001-11-17,0.97,0.97547555
6,1,2001,2001-11-25,0.97,0.9601196
6,1,2001,2001-12-03,0.94,0.96578276
6,1,2001,2001-12-11,0.94,0.9224657
6,1,2001,2001-12-19,0.88,0.9250424
6,1,2001,2001-12-27,0.8,0.84261227
6,1,2002,2002-07-04,0.12,0.15615737
6,1,2002,2002-07-12,0.21,0.26062176
6,1,2002,2002-07-20,0.44,0.35727137
6,1,2002,2002-07-28,0.51,0.5581356
6,1,2002,2002-08-05,0.8,0.63206995
6,1,2002,2002-08-13,0.92,0.87554634
6,1,2002,2002-08-21,0.92,0.92670166
6,1,2002,2002-08-29,0.98,0.9469894
6,1,2002,2002-09-06,0.98,1.0102819
6,1,2002,2002-09-14,0.98,0.98627234
6,1,2002,2002-09-22,0.99,0.9725257
6,1,2002,2002-09-30,0.99,0.98285127
6,1,2002,2002-10-08,0.98,0.9770595
6,1,2002,2002-10-16,0.98,0.96057665
6,1,2002,2002-10-24,0.98,0.9635798
6,1,2002,2002-11-01,0.97,0.96112084
6,1,2002,2002-11-09,0.97,0.95079625
6,1,2002,2002-11-17,0.97,0.95489943
6,1,2002,2002-11-25,0.95,0.95194626
6,1,2002,2002-12-03,0.91,0.92759657
6,1,2002,2002-12-11,0.85,0.8640281
6,1,2002,2002-12-19,0.72,0.7876011
6,1,2002,2002-12-27,0.59,0.59729636
6,1,2003,2003-07-04,0.03,0.05730328
6,1,2003,2003-07-12,0.06,0.10885072
6,1,2003,2003-07-20,0.2,0.16548976
6,1,2003,2003-07-28,0.3,0.3603998
6,1,2003,2003-08-05,0.31,0.4631132
6,1,2003,2003-08-13,0.23,0.5159164
6,1,2003,2003-08-21,0.64,0.43033233
6,1,2003,2003-08-29,0.81,0.76339495
6,1,2003,2003-09-06,0.72,0.86861145
6,1,2003,2003-09-14,0.88,0.79383177
6,1,2003,2003-09-22,0.91,0.91834295
6,1,2003,2003-09-30,0.95,0.93065345
6,1,2003,2003-10-08,0.95,0.9686581
6,1,2003,2003-10-16,0.94,0.9470998
6,1,2003,2003-10-24,0.94,0.92731845
6,1,2003,2003-11-01,0.93,0.92129624
6,1,2003,2003-11-09,0.89,0.9067234
6,1,2003,2003-11-17,0.83,0.85777533
6,1,2003,2003-11-25,0.63,0.7789975
6,1,2003,2003-12-03,0.55,0.5116045
6,1,2003,2003-12-11,0.32,0.38568124
6,1,2003,2003-12-19,0.1,0.16934988
6,1,2003,2003-12-27,0.03,0.03415373
6,1,2004,2004-07-03,0.02,0.05627075
6,1,2004,2004-07-11,0.02,0.07279715
6,1,2004,2004-07-19,0.15,0.082662225
6,1,2004,2004-07-27,0.58,0.2444866
6,1,2004,2004-08-04,0.75,0.6742605
6,1,2004,2004-08-12,0.86,0.77544653
6,1,2004,2004-08-20,0.92,0.8178699
6,1,2004,2004-08-28,0.91,0.94329
6,1,2004,2004-09-05,0.95,0.9389757
6,1,2004,2004-09-13,0.96,0.93458235
6,1,2004,2004-09-21,0.98,0.9739572
6,1,2004,2004-09-29,0.96,0.9826232
6,1,2004,2004-10-07,0.96,0.9590272
6,1,2004,2004-10-15,0.94,0.9433533
6,1,2004,2004-10-23,0.94,0.9076903
6,1,2004,2004-10-31,0.94,0.91078484
6,1,2004,2004-11-08,0.9,0.9100779
6,1,2004,2004-11-16,0.81,0.84966815
6,1,2004,2004-11-24,0.62,0.711941
6,1,2004,2004-12-02,0.42,0.40362138
6,1,2004,2004-12-10,0.16,0.19129823
6,1,2004,2004-12-18,0.05,0.034046024
6,1,2004,2004-12-26,0.04,-0.0028827786
6,1,2005,2005-07-04,0.04,0.056393355
6,1,2005,2005-07-12,0.18,0.09534016
6,1,2005,2005-07-20,0.02,0.23274268
6,1,2005,2005-07-28,0.29,0.14522547
6,1,2005,2005-08-05,0.65,0.49883926
6,1,2005,2005-08-13,0.83,0.76689875
6,1,2005,2005-08-21,0.94,0.86699176
6,1,2005,2005-08-29,0.97,0.95046127
6,1,2005,2005-09-06,0.97,0.9875603
6,1,2005,2005-09-14,0.97,0.9844717
6,1,2005,2005-09-22,0.97,0.96670246
6,1,2005,2005-09-30,0.98,0.96557105
6,1,2005,2005-10-08,0.97,0.9665543
6,1,2005,2005-10-16,0.96,0.9530338
6,1,2005,2005-10-24,0.97,0.93232155
6,1,2005,2005-11-01,0.96,0.94924176
6,1,2005,2005-11-09,0.94,0.939698
6,1,2005,2005-11-17,0.95,0.90329516
6,1,2005,2005-11-25,0.94,0.8897202
6,1,2005,2005-12-03,0.87,0.8295568
6,1,2005,2005-12-11,0.76,0.7067492
6,1,2005,2005-12-19,0.7,0.52298117
6,1,2005,2005-12-27,0.51,0.48440224
6,1,2006,2006-07-04,0.02,0.07768464
6,1,2006,2006-07-12,0.05,0.082644075
6,1,2006,2006-07-20,0.04,0.14828347
6,1,2006,2006-07-28,0.11,0.09993091
6,1,2006,2006-08-05,0.62,0.23172829
6,1,2006,2006-08-13,0.85,0.7757543
6,1,2006,2006-08-21,0.86,0.8727342
6,1,2006,2006-08-29,0.94,0.8746989
6,1,2006,2006-09-06,0.93,0.97037625
6,1,2006,2006-09-14,0.92,0.93751585
6,1,2006,2006-09-22,0.92,0.90989864
6,1,2006,2006-09-30,0.95,0.89369607
6,1,2006,2006-10-08,0.95,0.94136107
6,1,2006,2006-10-16,0.95,0.9359381
6,1,2006,2006-10-24,0.95,0.9302118
6,1,2006,2006-11-01,0.95,0.9289192
6,1,2006,2006-11-09,0.94,0.92573416
6,1,2006,2006-11-17,0.92,0.9066912
6,1,2006,2006-11-25,0.9,0.88544273
6,1,2006,2006-12-03,0.79,0.8575038
6,1,2006,2006-12-11,0.68,0.68913007
6,1,2006,2006-12-19,0.52,0.5025958
6,1,2006,2006-12-27,0.27,0.31162697
6,1,2007,2007-07-04,0.0,0.07176435
6,1,2007,2007-07-12,0.01,0.06196806
6,1,2007,2007-07-20,0.03,0.07732794
6,1,2007,2007-07-28,0.36,0.092431694
6,1,2007,2007-08-05,0.71,0.44212222
6,1,2007,2007-08-13,0.74,0.81655145
6,1,2007,2007-08-21,0.81,0.82976204
6,1,2007,2007-08-29,0.86,0.85339844
6,1,2007,2007-09-06,0.85,0.9111811
6,1,2007,2007-09-14,0.89,0.8717803
6,1,2007,2007-09-22,0.85,0.8955939
6,1,2007,2007-09-30,0.9,0.8314402
6,1,2007,2007-10-08,0.91,0.90515125
6,1,2007,2007-10-16,0.93,0.9092505
6,1,2007,2007-10-24,0.92,0.93342984
6,1,2007,2007-11-01,0.91,0.9078398
6,1,2007,2007-11-09,0.9,0.89073515
6,1,2007,2007-11-17,0.9,0.87075055
6,1,2007,2007-11-25,0.89,0.8690978
6,1,2007,2007-12-03,0.88,0.8558819
6,1,2007,2007-12-11,0.74,0.81317294
6,1,2007,2007-12-19,0.46,0.60889554
6,1,2007,2007-12-27,0.31,0.24563622
6,1,2008,2008-07-03,0.02,0.072016776
6,1,2008,2008-07-11,0.01,0.0721198
6,1,2008,2008-07-19,0.12,0.06666449
6,1,2008,2008-07-27,0.46,0.17136744
6,1,2008,2008-08-04,0.7,0.59903693
6,1,2008,2008-08-12,0.89,0.8050424
6,1,2008,2008-08-20,0.92,0.8858578
6,1,2008,2008-08-28,0.92,0.9327462
6,1,2008,2008-09-05,0.92,0.93989086
6,1,2008,2008-09-13,0.89,0.9118873
6,1,2008,2008-09-21,0.91,0.8754164
6,1,2008,2008-09-29,0.92,0.88117325
6,1,2008,2008-10-07,0.93,0.9146409
6,1,2008,2008-10-15,0.92,0.92700934
6,1,2008,2008-10-23,0.92,0.9146217
6,1,2008,2008-10-31,0.9,0.9027207
6,1,2008,2008-11-08,0.92,0.8714458
6,1,2008,2008-11-16,0.92,0.897194
6,1,2008,2008-11-24,0.9,0.901217
6,1,2008,2008-12-02,0.87,0.8760997
6,1,2008,2008-12-10,0.79,0.83147204
6,1,2008,2008-12-18,0.76,0.6828395
6,1,2008,2008-12-26,0.45,0.56366265
6,1,2009,2009-07-04,0.01,0.06148514
6,1,2009,2009-07-12,0.05,0.06299624
6,1,2009,2009-07-20,0.38,0.095955655
6,1,2009,2009-07-28,0.47,0.45429826
6,1,2009,2009-08-05,0.78,0.6091347
6,1,2009,2009-08-13,0.85,0.845047
6,1,2009,2009-08-21,0.85,0.8888389
6,1,2009,2009-08-29,0.86,0.8812858
6,1,2009,2009-09-06,0.89,0.8655331
6,1,2009,2009-09-14,0.91,0.87865233
6,1,2009,2009-09-22,0.94,0.8897227
6,1,2009,2009-09-30,0.92,0.9314929
6,1,2009,2009-10-08,0.94,0.9001869
6,1,2009,2009-10-16,0.95,0.92377067
6,1,2009,2009-10-24,0.92,0.9258032
6,1,2009,2009-11-01,0.93,0.8875805
6,1,2009,2009-11-09,0.9,0.89014065
6,1,2009,2009-11-17,0.91,0.8604429
6,1,2009,2009-11-25,0.77,0.8797245
6,1,2009,2009-12-03,0.59,0.6880388
6,1,2009,2009-12-11,0.48,0.43071008
6,1,2009,2009-12-19,0.12,0.26317748
6,1,2009,2009-12-27,0.03,0.031255573
6,1,2010,2010-07-04,0.01,0.07206708
6,1,2010,2010-07-12,0.03,0.066599876
6,1,2010,2010-07-20,0.0,0.0951173
6,1,2010,2010-07-28,0.02,0.15890852
6,1,2010,2010-08-05,0.07,0.19968261
6,1,2010,2010-08-13,0.26,0.31024054
6,1,2010,2010-08-21,0.37,0.47961122
6,1,2010,2010-08-29,0.7,0.55542344
6,1,2010,2010-09-06,0.74,0.80381167
6,1,2010,2010-09-14,0.82,0.81800604
6,1,2010,2010-09-22,0.82,0.8677895
6,1,2010,2010-09-30,0.86,0.84931195
6,1,2010,2010-10-08,0.92,0.8707012
6,1,2010,2010-10-16,0.93,0.93518734
6,1,2010,2010-10-24,0.93,0.93830216
6,1,2010,2010-11-01,0.9,0.91649675
6,1,2010,2010-11-09,0.84,0.8689642
6,1,2010,2010-11-17,0.78,0.7748897
6,1,2010,2010-11-25,0.64,0.7019364
6,1,2010,2010-12-03,0.53,0.481108
6,1,2010,2010-12-11,0.33,0.31631148
6,1,2010,2010-12-19,0.16,0.14921054
6,1,2010,2010-12-27,0.1,0.037615627
6,1,2011,2011-07-04,0.13,0.06731996
6,1,2011,2011-07-12,0.23,0.1764063
6,1,2011,2011-07-20,0.12,0.28776652
6,1,2011,2011-07-28,0.7,0.20384885
6,1,2011,2011-08-05,0.69,0.7322223
6,1,2011,2011-08-13,0.84,0.7171583
6,1,2011,2011-08-21,0.85,0.8209015
6,1,2011,2011-08-29,0.87,0.85463905
6,1,2011,2011-09-06,0.87,0.91183805
6,1,2011,2011-09-14,0.87,0.89394844
6,1,2011,2011-09-22,0.87,0.8899149
6,1,2011,2011-09-30,0.9,0.8627186
6,1,2011,2011-10-08,0.9,0.9010179
6,1,2011,2011-10-16,0.89,0.9085361
6,1,2011,2011-10-24,0.9,0.8889935
6,1,2011,2011-11-01,0.9,0.888386
6,1,2011,2011-11-09,0.93,0.8745507
6,1,2011,2011-11-17,0.93,0.8966135
6,1,2011,2011-11-25,0.89,0.8834151
6,1,2011,2011-12-03,0.87,0.8003487
6,1,2011,2011-12-11,0.82,0.752043
6,1,2011,2011-12-19,0.56,0.66094244
6,1,2011,2011-12-27,0.58,0.38632756
6,1,2012,2012-07-03,0.03,0.05475518
6,1,2012,2012-07-11,0.18,0.10686034
6,1,2012,2012-07-19,0.12,0.28021923
6,1,2012,2012-07-27,0.14,0.20680687
6,1,2012,2012-08-04,0.14,0.34875467
6,1,2012,2012-08-12,0.11,0.31721377
6,1,2012,2012-08-20,0.45,0.28156
6,1,2012,2012-08-28,0.68,0.58288217
6,1,2012,2012-09-05,0.78,0.759004
6,1,2012,2012-09-13,0.85,0.81630003
6,1,2012,2012-09-21,0.85,0.8658856
6,1,2012,2012-09-29,0.91,0.845361
6,1,2012,2012-10-07,0.84,0.9083638
6,1,2012,2012-10-15,0.88,0.80645454
6,1,2012,2012-10-23,0.81,0.8473736
6,1,2012,2012-10-31,0.77,0.75122595
6,1,2012,2012-11-08,0.71,0.7100338
6,1,2012,2012-11-16,0.44,0.6358582
6,1,2012,2012-11-24,0.4,0.32447445
6,1,2012,2012-12-02,0.24,0.24068654
6,1,2012,2012-12-10,0.1,0.13623154
6,1,2012,2012-12-18,0.03,0.07996175
6,1,2012,2012-12-26,0.0,0.006080121
6,2,2001,2001-07-04,0.26,0.30582812
6,2,2001,2001-07-12,0.33,0.34386432
6,2,2001,2001-07-20,0.49,0.4692536
6,2,2001,2001-07-28,0.62,0.59466577
6,2,2001,2001-08-05,0.62,0.7434031
6,2,2001,2001-08-13,0.55,0.7460171
6,2,2001,2001-08-21,0.91,0.6443703
6,2,2001,2001-08-29,0.93,0.9806454
6,2,2001,2001-09-06,0.93,0.9430344
6,2,2001,2001-09-14,0.88,0.8688482
6,2,2001,2001-09-22,0.9,0.90430367
6,2,2001,2001-09-30,0.88,0.91117716
6,2,2001,2001-10-08,0.87,0.8883704
6,2,2001,2001-10-16,0.84,0.8579192
6,2,2001,2001-10-24,0.87,0.8107817
6,2,2001,2001-11-01,0.87,0.8450947
6,2,2001,2001-11-09,0.85,0.85229254
6,2,2001,2001-11-17,0.9,0.8289976
6,2,2001,2001-11-25,0.89,0.88842
6,2,2001,2001-12-03,0.9,0.8803221
6,2,2001,2001-12-11,0.89,0.8922845
6,2,2001,2001-12-19,0.79,0.8601699
6,2,2001,2001-12-27,0.61,0.71946704
6,2,2002,2002-07-04,0.12,0.14074259
6,2,2002,2002-07-12,0.28,0.23621872
6,2,2002,2002-07-20,0.46,0.407477
6,2,2002,2002-07-28,0.54,0.59709585
6,2,2002,2002-08-05,0.74,0.6716665
6,2,2002,2002-08-13,0.87,0.79617286
6,2,2002,2002-08-21,0.88,0.8726435
6,2,2002,2002-08-29,0.9,0.94197845
6,2,2002,2002-09-06,0.85,0.9342096
6,2,2002,2002-09-14,0.92,0.85303605
6,2,2002,2002-09-22,0.92,0.89475477
6,2,2002,2002-09-30,0.92,0.90301394
6,2,2002,2002-10-08,0.91,0.8999678
6,2,2002,2002-10-16,0.87,0.87463236
6,2,2002,2002-10-24,0.88,0.81309724
6,2,2002,2002-11-01,0.88,0.8439884
6,2,2002,2002-11-09,0.9,0.85153925
6,2,2002,2002-11-17,0.91,0.8785144
6,2,2002,2002-11-25,0.9,0.90392256
6,2,2002,2002-12-03,0.84,0.8816215
6,2,2002,2002-12-11,0.72,0.80177796
6,2,2002,2002-12-19,0.5,0.62748873
6,2,2002,2002-12-27,0.24,0.31522167
6,2,2003,2003-07-04,0.05,0.06592178
6,2,2003,2003-07-12,0.12,0.12860322
6,2,2003,2003-07-20,0.13,0.24188164
6,2,2003,2003-07-28,0.25,0.30477095
6,2,2003,2003-08-05,0.35,0.4134969
6,2,2003,2003-08-13,0.28,0.5304483
6,2,2003,2003-08-21,0.54,0.48511496
6,2,2003,2003-08-29,0.68,0.6615428
6,2,2003,2003-09-06,0.59,0.7700032
6,2,2003,2003-09-14,0.76,0.67496264
6,2,2003,2003-09-22,0.79,0.8133315
6,2,2003,2003-09-30,0.78,0.82277966
6,2,2003,2003-10-08,0.78,0.8085381
6,2,2003,2003-10-16,0.77,0.76724553
6,2,2003,2003-10-24,0.8,0.73624504
6,2,2003,2003-11-01,0.8,0.7850098
6,2,2003,2003-11-09,0.8,0.7897874
6,2,2003,2003-11-17,0.84,0.79706657
6,2,2003,2003-11-25,0.61,0.84005284
6,2,2003,2003-12-03,0.5,0.5608815
6,2,2003,2003-12-11,0.29,0.35134012
6,2,2003,2003-12-19,0.08,0.11668874
6,2,2003,2003-12-27,0.02,0.012718737
6,2,2004,2004-07-03,0.04,0.058050126
6,2,2004,2004-07-11,0.09,0.09230673
6,2,2004,2004-07-19,0.25,0.16514392
6,2,2004,2004-07-27,0.48,0.32485455
6,2,2004,2004-08-04,0.53,0.5697567
6,2,2004,2004-08-12,0.67,0.62825
6,2,2004,2004-08-20,0.78,0.6944008
6,2,2004,2004-08-28,0.85,0.8231674
6,2,2004,2004-09-05,0.83,0.8814193
6,2,2004,2004-09-13,0.89,0.8284726
6,2,2004,2004-09-21,0.92,0.90653074
6,2,2004,2004-09-29,0.88,0.9200978
6,2,2004,2004-10-07,0.9,0.8649125
6,2,2004,2004-10-15,0.88,0.86455715
6,2,2004,2004-10-23,0.91,0.8323935
6,2,2004,2004-10-31,0.93,0.88758504
6,2,2004,2004-11-08,0.9,0.90620697
6,2,2004,2004-11-16,0.82,0.86887014
6,2,2004,2004-11-24,0.69,0.77082384
6,2,2004,2004-12-02,0.34,0.51571673
6,2,2004,2004-12-10,0.09,0.14079694
6,2,2004,2004-12-18,0.04,0.02112624
6,2,2004,2004-12-26,0.05,-0.000734359
6,2,2005,2005-07-04,0.08,0.061593145
6,2,2005,2005-07-12,0.11,0.13327712
6,2,2005,2005-07-20,0.04,0.18546939
6,2,2005,2005-07-28,0.42,0.17159681
6,2,2005,2005-08-05,0.48,0.58063406
6,2,2005,2005-08-13,0.7,0.6229359
6,2,2005,2005-08-21,0.8,0.7783259
6,2,2005,2005-08-29,0.86,0.8581797
6,2,2005,2005-09-06,0.9,0.9002489
6,2,2005,2005-09-14,0.92,0.91432035
6,2,2005,2005-09-22,0.94,0.93253374
6,2,2005,2005-09-30,0.91,0.9445164
6,2,2005,2005-10-08,0.92,0.88163567
6,2,2005,2005-10-16,0.93,0.89280236
6,2,2005,2005-10-24,0.92,0.8961971
6,2,2005,2005-11-01,0.93,0.90173626
6,2,2005,2005-11-09,0.92,0.91510916
6,2,2005,2005-11-17,0.91,0.8882259
6,2,2005,2005-11-25,0.93,0.84901917
6,2,2005,2005-12-03,0.82,0.8390118
6,2,2005,2005-12-11,0.64,0.61066234
6,2,2005,2005-12-19,0.55,0.35744
6,2,2005,2005-12-27,0.32,0.2985018
6,2,2006,2006-07-04,0.04,0.090058714
6,2,2006,2006-07-12,0.15,0.11259614
6,2,2006,2006-07-20,0.13,0.22420776
6,2,2006,2006-07-28,0.18,0.1987375
6,2,2006,2006-08-05,0.46,0.33956185
6,2,2006,2006-08-13,0.79,0.5885578
6,2,2006,2006-08-21,0.79,0.85425234
6,2,2006,2006-08-29,0.85,0.8476348
6,2,2006,2006-09-06,0.85,0.88546467
6,2,2006,2006-09-14,0.83,0.8706217
6,2,2006,2006-09-22,0.83,0.83392155
6,2,2006,2006-09-30,0.88,0.817673
6,2,2006,2006-10-08,0.89,0.8679279
6,2,2006,2006-10-16,0.91,0.8854139
6,2,2006,2006-10-24,0.93,0.9071021
6,2,2006,2006-11-01,0.92,0.91849303
6,2,2006,2006-11-09,0.92,0.90361035
6,2,2006,2006-11-17,0.92,0.8935268
6,2,2006,2006-11-25,0.89,0.88824236
6,2,2006,2006-12-03,0.85,0.8584794
6,2,2006,2006-12-11,0.7,0.76728976
6,2,2006,2006-12-19,0.58,0.5172126
6,2,2006,2006-12-27,0.26,0.35659146
6,2,2007,2007-07-04,0.01,0.07381588
6,2,2007,2007-07-12,0.02,0.07417318
6,2,2007,2007-07-20,0.01,0.11208479
6,2,2007,2007-07-28,0.62,0.10058263
6,2,2007,2007-08-05,0.64,0.7139672
6,2,2007,2007-08-13,0.69,0.73140204
6,2,2007,2007-08-21,0.63,0.7827891
6,2,2007,2007-08-29,0.82,0.7188003
6,2,2007,2007-09-06,0.79,0.8758061
6,2,2007,2007-09-14,0.84,0.8191961
6,2,2007,2007-09-22,0.77,0.8540859
6,2,2007,2007-09-30,0.81,0.739738
6,2,2007,2007-10-08,0.85,0.8064781
6,2,2007,2007-10-16,0.87,0.8530468
6,2,2007,2007-10-24,0.89,0.88457584
6,2,2007,2007-11-01,0.8,0.8977077
6,2,2007,2007-11-09,0.91,0.7684065
6,2,2007,2007-11-17,0.91,0.9031956
6,2,2007,2007-11-25,0.9,0.9010103
6,2,2007,2007-12-03,0.9,0.88567805
6,2,2007,2007-12-11,0.74,0.8533063
6,2,2007,2007-12-19,0.36,0.602383
6,2,2007,2007-12-27,0.27,0.15715499
6,2,2008,2008-07-03,0.04,0.080489725
6,2,2008,2008-07-11,0.06,0.091896296
6,2,2008,2008-07-19,0.25,0.11506446
6,2,2008,2008-07-27,0.49,0.2962197
6,2,2008,2008-08-04,0.63,0.6765708
6,2,2008,2008-08-12,0.83,0.74680483
6,2,2008,2008-08-20,0.84,0.85745883
6,2,2008,2008-08-28,0.81,0.85609543
6,2,2008,2008-09-05,0.82,0.851601
6,2,2008,2008-09-13,0.81,0.8135594
6,2,2008,2008-09-21,0.84,0.81022775
6,2,2008,2008-09-29,0.82,0.81289124
6,2,2008,2008-10-07,0.85,0.8050326
6,2,2008,2008-10-15,0.85,0.850394
6,2,2008,2008-10-23,0.89,0.849887
6,2,2008,2008-10-31,0.88,0.8969251
6,2,2008,2008-11-08,0.9,0.84463465
6,2,2008,2008-11-16,0.91,0.90614486
6,2,2008,2008-11-24,0.9,0.9034947
6,2,2008,2008-12-02,0.88,0.8865708
6,2,2008,2008-12-10,0.8,0.8481703
6,2,2008,2008-12-18,0.67,0.68743384
6,2,2008,2008-12-26,0.42,0.40740645
6,2,2009,2009-07-04,0.02,0.07532287
6,2,2009,2009-07-12,0.07,0.07763195
6,2,2009,2009-07-20,0.41,0.12927486
6,2,2009,2009-07-28,0.29,0.5179077
6,2,2009,2009-08-05,0.74,0.48427397
6,2,2009,2009-08-13,0.84,0.82995826
6,2,2009,2009-08-21,0.84,0.8795506
6,2,2009,2009-08-29,0.72,0.8639523
6,2,2009,2009-09-06,0.82,0.70837325
6,2,2009,2009-09-14,0.83,0.7852105
6,2,2009,2009-09-22,0.82,0.8096399
6,2,2009,2009-09-30,0.81,0.8223531
6,2,2009,2009-10-08,0.86,0.78078127
6,2,2009,2009-10-16,0.88,0.85194135
6,2,2009,2009-10-24,0.89,0.87267995
6,2,2009,2009-11-01,0.91,0.89141357
6,2,2009,2009-11-09,0.89,0.8964782
6,2,2009,2009-11-17,0.92,0.87081933
6,2,2009,2009-11-25,0.75,0.90459037
6,2,2009,2009-12-03,0.55,0.67982745
6,2,2009,2009-12-11,0.35,0.39188138
6,2,2009,2009-12-19,0.13,0.13994531
6,2,2009,2009-12-27,0.03,0.025887638
6,2,2010,2010-07-04,0.05,0.07030004
6,2,2010,2010-07-12,0.12,0.0973108
6,2,2010,2010-07-20,0.05,0.17888218
6,2,2010,2010-07-28,0.09,0.21359247
6,2,2010,2010-08-05,0.37,0.20270714
6,2,2010,2010-08-13,0.4,0.56845176
6,2,2010,2010-08-21,0.42,0.5948889
6,2,2010,2010-08-29,0.64,0.5460522
6,2,2010,2010-09-06,0.74,0.6781446
6,2,2010,2010-09-14,0.78,0.79489225
6,2,2010,2010-09-22,0.85,0.81802845
6,2,2010,2010-09-30,0.87,0.86182773
6,2,2010,2010-10-08,0.91,0.8619621
6,2,2010,2010-10-16,0.86,0.9113934
6,2,2010,2010-10-24,0.86,0.841858
6,2,2010,2010-11-01,0.82,0.83282375
6,2,2010,2010-11-09,0.7,0.7770364
6,2,2010,2010-11-17,0.65,0.62255037
6,2,2010,2010-11-25,0.51,0.5560307
6,2,2010,2010-12-03,0.41,0.3531139
6,2,2010,2010-12-11,0.16,0.23294163
6,2,2010,2010-12-19,0.05,0.04649058
6,2,2010,2010-12-27,0.02,0.0010080338
6,2,2011,2011-07-04,0.1,0.084953696
6,2,2011,2011-07-12,0.21,0.16033718
6,2,2011,2011-07-20,0.17,0.29041684
6,2,2011,2011-07-28,0.54,0.2518291
6,2,2011,2011-08-05,0.52,0.59544533
6,2,2011,2011-08-13,0.68,0.6321945
6,2,2011,2011-08-21,0.67,0.7335377
6,2,2011,2011-08-29,0.76,0.7163889
6,2,2011,2011-09-06,0.8,0.8180506
6,2,2011,2011-09-14,0.83,0.84893405
6,2,2011,2011-09-22,0.85,0.8638946
6,2,2011,2011-09-30,0.9,0.8751918
6,2,2011,2011-10-08,0.9,0.9146694
6,2,2011,2011-10-16,0.89,0.90971243
6,2,2011,2011-10-24,0.89,0.865556
6,2,2011,2011-11-01,0.92,0.85534894
6,2,2011,2011-11-09,0.92,0.88299584
6,2,2011,2011-11-17,0.93,0.8545064
6,2,2011,2011-11-25,0.91,0.86275125
6,2,2011,2011-12-03,0.87,0.80432475
6,2,2011,2011-12-11,0.7,0.7510817
6,2,2011,2011-12-19,0.32,0.500458
6,2,2011,2011-12-27,0.34,0.15512627
6,2,2012,2012-07-03,0.06,0.052149177
6,2,2012,2012-07-11,0.17,0.108126044
6,2,2012,2012-07-19,0.09,0.2421392
6,2,2012,2012-07-27,0.07,0.15889025
6,2,2012,2012-08-04,0.18,0.20187059
6,2,2012,2012-08-12,0.16,0.27027506
6,2,2012,2012-08-20,0.44,0.2893962
6,2,2012,2012-08-28,0.58,0.51910186
6,2,2012,2012-09-05,0.65,0.6379358
6,2,2012,2012-09-13,0.8,0.67953503
6,2,2012,2012-09-21,0.8,0.79932296
6,2,2012,2012-09-29,0.9,0.778246
6,2,2012,2012-10-07,0.88,0.887516
6,2,2012,2012-10-15,0.86,0.8354497
6,2,2012,2012-10-23,0.75,0.8006518
6,2,2012,2012-10-31,0.46,0.6385985
6,2,2012,2012-11-08,0.41,0.2931267
6,2,2012,2012-11-16,0.14,0.2229482
6,2,2012,2012-11-24,0.1,0.052166283
6,2,2012,2012-12-02,0.08,0.062651485
6,2,2012,2012-12-10,0.02,0.084367275
6,2,2012,2012-12-18,0.01,0.05540231
6,2,2012,2012-12-26,0.0,-0.00809592
6,3,2001,2001-07-04,0.2,0.23576929
6,3,2001,2001-07-12,0.13,0.25293672
6,3,2001,2001-07-20,0.3,0.19937466
6,3,2001,2001-07-28,0.28,0.3556759
6,3,2001,2001-08-05,0.19,0.40039593
6,3,2001,2001-08-13,0.22,0.28993458
6,3,2001,2001-08-21,0.51,0.2422463
6,3,2001,2001-08-29,0.53,0.5246457
6,3,2001,2001-09-06,0.64,0.6080999
6,3,2001,2001-09-14,0.68,0.65060085
6,3,2001,2001-09-22,0.66,0.72793055
6,3,2001,2001-09-30,0.66,0.7046977
6,3,2001,2001-10-08,0.63,0.67656904
6,3,2001,2001-10-16,0.66,0.5987978
6,3,2001,2001-10-24,0.66,0.62709546
6,3,2001,2001-11-01,0.65,0.6319554
6,3,2001,2001-11-09,0.59,0.6114384
6,3,2001,2001-11-17,0.68,0.53786683
6,3,2001,2001-11-25,0.69,0.65038353
6,3,2001,2001-12-03,0.6,0.67516327
6,3,2001,2001-12-11,0.55,0.55899364
6,3,2001,2001-12-19,0.43,0.44051507
6,3,2001,2001-12-27,0.29,0.28834745
6,3,2002,2002-07-04,0.12,0.19798139
6,3,2002,2002-07-12,0.21,0.18665294
6,3,2002,2002-07-20,0.26,0.233536
6,3,2002,2002-07-28,0.21,0.32437146
6,3,2002,2002-08-05,0.26,0.2837327
6,3,2002,2002-08-13,0.47,0.26870823
6,3,2002,2002-08-21,0.47,0.46417195
6,3,2002,2002-08-29,0.52,0.55355895
6,3,2002,2002-09-06,0.4,0.57340574
6,3,2002,2002-09-14,0.6,0.45258656
6,3,2002,2002-09-22,0.65,0.61505747
6,3,2002,2002-09-30,0.71,0.6536722
6,3,2002,2002-10-08,0.7,0.7065904
6,3,2002,2002-10-16,0.61,0.666366
6,3,2002,2002-10-24,0.59,0.5685293
6,3,2002,2002-11-01,0.62,0.5228326
6,3,2002,2002-11-09,0.62,0.56484705
6,3,2002,2002-11-17,0.62,0.5714439
6,3,2002,2002-11-25,0.5,0.6022335
6,3,2002,2002-12-03,0.43,0.47586432
6,3,2002,2002-12-11,0.33,0.3538194
6,3,2002,2002-12-19,0.22,0.24205086
6,3,2002,2002-12-27,0.07,0.15604523
6,3,2003,2003-07-04,0.13,0.12154262
6,3,2003,2003-07-12,0.18,0.1570374
6,3,2003,2003-07-20,0.09,0.22683138
6,3,2003,2003-07-28,0.26,0.17146513
6,3,2003,2003-08-05,0.16,0.27254513
6,3,2003,2003-08-13,0.19,0.21604085
6,3,2003,2003-08-21,0.29,0.27562517
6,3,2003,2003-08-29,0.28,0.34230167
6,3,2003,2003-09-06,0.23,0.35402766
6,3,2003,2003-09-14,0.41,0.25502223
6,3,2003,2003-09-22,0.59,0.44542456
6,3,2003,2003-09-30,0.51,0.6187646
6,3,2003,2003-10-08,0.55,0.5707525
6,3,2003,2003-10-16,0.58,0.54053205
6,3,2003,2003-10-24,0.57,0.5210711
6,3,2003,2003-11-01,0.52,0.5229802
6,3,2003,2003-11-09,0.44,0.4791308
6,3,2003,2003-11-17,0.42,0.39544702
6,3,2003,2003-11-25,0.3,0.36962152
6,3,2003,2003-12-03,0.21,0.24607675
6,3,2003,2003-12-11,0.15,0.15992783
6,3,2003,2003-12-19,0.08,0.1104361
6,3,2003,2003-12-27,0.04,0.07418829
6,3,2004,2004-07-03,0.08,0.10706715
6,3,2004,2004-07-11,0.09,0.11810219
6,3,2004,2004-07-19,0.06,0.14046237
6,3,2004,2004-07-27,0.13,0.09531546
6,3,2004,2004-08-04,0.16,0.18760899
6,3,2004,2004-08-12,0.27,0.1945701
6,3,2004,2004-08-20,0.42,0.29664394
6,3,2004,2004-08-28,0.51,0.44894695
6,3,2004,2004-09-05,0.54,0.5249955
6,3,2004,2004-09-13,0.66,0.5178802
6,3,2004,2004-09-21,0.71,0.64588
6,3,2004,2004-09-29,0.63,0.71404827
6,3,2004,2004-10-07,0.67,0.61082935
6,3,2004,2004-10-15,0.6,0.6107832
6,3,2004,2004-10-23,0.64,0.5389546
6,3,2004,2004-10-31,0.63,0.58352315
6,3,2004,2004-11-08,0.51,0.5573661
6,3,2004,2004-11-16,0.37,0.427994
6,3,2004,2004-11-24,0.35,0.2694623
6,3,2004,2004-12-02,0.2,0.22934273
6,3,2004,2004-12-10,0.07,0.13853177
6,3,2004,2004-12-18,0.08,0.053339332
6,3,2004,2004-12-26,0.07,0.056131184
6,3,2005,2005-07-04,0.09,0.14492795
6,3,2005,2005-07-12,0.11,0.116226554
6,3,2005,2005-07-20,0.11,0.1287852
6,3,2005,2005-07-28,0.06,0.12022889
6,3,2005,2005-08-05,0.15,0.10076396
6,3,2005,2005-08-13,0.14,0.17446603
6,3,2005,2005-08-21,0.34,0.20150307
6,3,2005,2005-08-29,0.45,0.41006634
6,3,2005,2005-09-06,0.56,0.5096061
6,3,2005,2005-09-14,0.62,0.58551687
6,3,2005,2005-09-22,0.71,0.63315755
6,3,2005,2005-09-30,0.68,0.7011647
6,3,2005,2005-10-08,0.66,0.6346898
6,3,2005,2005-10-16,0.67,0.6011574
6,3,2005,2005-10-24,0.71,0.57702506
6,3,2005,2005-11-01,0.72,0.64839935
6,3,2005,2005-11-09,0.67,0.65912676
6,3,2005,2005-11-17,0.57,0.5739553
6,3,2005,2005-11-25,0.49,0.4204251
6,3,2005,2005-12-03,0.33,0.34298173
6,3,2005,2005-12-11,0.22,0.20181899
6,3,2005,2005-12-19,0.17,0.11306995
6,3,2005,2005-12-27,0.14,0.10403073
6,3,2006,2006-07-04,0.12,0.15521422
6,3,2006,2006-07-12,0.15,0.15294817
6,3,2006,2006-07-20,0.17,0.17721547
6,3,2006,2006-07-28,0.12,0.19551396
6,3,2006,2006-08-05,0.23,0.14346236
6,3,2006,2006-08-13,0.29,0.24903238
6,3,2006,2006-08-21,0.31,0.30917755
6,3,2006,2006-08-29,0.43,0.38146323
6,3,2006,2006-09-06,0.51,0.48760486
6,3,2006,2006-09-14,0.51,0.56489015
6,3,2006,2006-09-22,0.64,0.55440855
6,3,2006,2006-09-30,0.65,0.66057515
6,3,2006,2006-10-08,0.71,0.64473546
6,3,2006,2006-10-16,0.72,0.68250525
6,3,2006,2006-10-24,0.76,0.67939043
6,3,2006,2006-11-01,0.76,0.72929955
6,3,2006,2006-11-09,0.69,0.72105753
6,3,2006,2006-11-17,0.65,0.62306607
6,3,2006,2006-11-25,0.54,0.5306078
6,3,2006,2006-12-03,0.44,0.40072623
6,3,2006,2006-12-11,0.24,0.28660965
6,3,2006,2006-12-19,0.22,0.12820655
6,3,2006,2006-12-27,0.11,0.13077141
6,3,2007,2007-07-04,0.08,0.12459244
6,3,2007,2007-07-12,0.14,0.1317614
6,3,2007,2007-07-20,0.07,0.18979661
6,3,2007,2007-07-28,0.29,0.14426227
6,3,2007,2007-08-05,0.3,0.31224987
6,3,2007,2007-08-13,0.3,0.35909104
6,3,2007,2007-08-21,0.26,0.37496287
6,3,2007,2007-08-29,0.41,0.31015167
6,3,2007,2007-09-06,0.41,0.45844793
6,3,2007,2007-09-14,0.52,0.4847936
6,3,2007,2007-09-22,0.49,0.5606748
6,3,2007,2007-09-30,0.52,0.54479164
6,3,2007,2007-10-08,0.64,0.55044925
6,3,2007,2007-10-16,0.66,0.66202044
6,3,2007,2007-10-24,0.68,0.6777555
6,3,2007,2007-11-01,0.6,0.6898106
6,3,2007,2007-11-09,0.69,0.57896423
6,3,2007,2007-11-17,0.63,0.64001536
6,3,2007,2007-11-25,0.61,0.57454395
6,3,2007,2007-12-03,0.57,0.53361386
6,3,2007,2007-12-11,0.42,0.46004802
6,3,2007,2007-12-19,0.14,0.29511702
6,3,2007,2007-12-27,0.11,0.08334759
6,3,2008,2008-07-03,0.19,0.18796712
6,3,2008,2008-07-11,0.16,0.20728374
6,3,2008,2008-07-19,0.2,0.19846559
6,3,2008,2008-07-27,0.2,0.2058607
6,3,2008,2008-08-04,0.19,0.26272082
6,3,2008,2008-08-12,0.29,0.2567712
6,3,2008,2008-08-20,0.44,0.3255751
6,3,2008,2008-08-28,0.46,0.4479673
6,3,2008,2008-09-05,0.44,0.5089184
6,3,2008,2008-09-13,0.48,0.46867368
6,3,2008,2008-09-21,0.57,0.49644
6,3,2008,2008-09-29,0.55,0.56124026
6,3,2008,2008-10-07,0.61,0.5521591
6,3,2008,2008-10-15,0.65,0.61875606
6,3,2008,2008-10-23,0.62,0.6465452
6,3,2008,2008-10-31,0.59,0.61346376
6,3,2008,2008-11-08,0.61,0.5350587
6,3,2008,2008-11-16,0.65,0.5755541
6,3,2008,2008-11-24,0.61,0.609274
6,3,2008,2008-12-02,0.6,0.5726397
6,3,2008,2008-12-10,0.42,0.539244
6,3,2008,2008-12-18,0.25,0.32634026
6,3,2008,2008-12-26,0.15,0.11696179
6,3,2009,2009-07-04,0.13,0.19607669
6,3,2009,2009-07-12,0.22,0.18318331
6,3,2009,2009-07-20,0.34,0.24351361
6,3,2009,2009-07-28,0.21,0.36226088
6,3,2009,2009-08-05,0.33,0.2682382
6,3,2009,2009-08-13,0.4,0.32161316
6,3,2009,2009-08-21,0.4,0.41122323
6,3,2009,2009-08-29,0.34,0.46484047
6,3,2009,2009-09-06,0.5,0.3849414
6,3,2009,2009-09-14,0.54,0.4887508
6,3,2009,2009-09-22,0.5,0.54384613
6,3,2009,2009-09-30,0.5,0.5285789
6,3,2009,2009-10-08,0.58,0.48375168
6,3,2009,2009-10-16,0.64,0.5671618
6,3,2009,2009-10-24,0.6,0.6386354
6,3,2009,2009-11-01,0.67,0.5866549
6,3,2009,2009-11-09,0.63,0.6223792
6,3,2009,2009-11-17,0.64,0.5859883
6,3,2009,2009-11-25,0.45,0.6081902
6,3,2009,2009-12-03,0.38,0.39409208
6,3,2009,2009-12-11,0.18,0.29010686
6,3,2009,2009-12-19,0.13,0.09365493
6,3,2009,2009-12-27,0.09,0.06104043
6,3,2010,2010-07-04,0.1,0.14417088
6,3,2010,2010-07-12,0.19,0.15061088
6,3,2010,2010-07-20,0.15,0.24701022
6,3,2010,2010-07-28,0.15,0.24762873
6,3,2010,2010-08-05,0.25,0.19800253
6,3,2010,2010-08-13,0.24,0.29621023
6,3,2010,2010-08-21,0.26,0.32035488
6,3,2010,2010-08-29,0.3,0.32461277
6,3,2010,2010-09-06,0.38,0.32104394
6,3,2010,2010-09-14,0.43,0.43648615
6,3,2010,2010-09-22,0.45,0.48952278
6,3,2010,2010-09-30,0.55,0.47947234
6,3,2010,2010-10-08,0.6,0.5476935
6,3,2010,2010-10-16,0.6,0.6129197
6,3,2010,2010-10-24,0.65,0.6186726
6,3,2010,2010-11-01,0.62,0.62997687
6,3,2010,2010-11-09,0.59,0.6068373
6,3,2010,2010-11-17,0.56,0.5520731
6,3,2010,2010-11-25,0.44,0.5103049
6,3,2010,2010-12-03,0.33,0.34098017
6,3,2010,2010-12-11,0.15,0.22191726
6,3,2010,2010-12-19,0.12,0.068726
6,3,2010,2010-12-27,0.08,0.0711728
6,3,2011,2011-07-04,0.18,0.14759059
6,3,2011,2011-07-12,0.24,0.21186328
6,3,2011,2011-07-20,0.14,0.29136258
6,3,2011,2011-07-28,0.24,0.20418358
6,3,2011,2011-08-05,0.23,0.25288296
6,3,2011,2011-08-13,0.33,0.27559727
6,3,2011,2011-08-21,0.32,0.36957186
6,3,2011,2011-08-29,0.41,0.3595921
6,3,2011,2011-09-06,0.42,0.43479237
6,3,2011,2011-09-14,0.52,0.45758408
6,3,2011,2011-09-22,0.65,0.5461973
6,3,2011,2011-09-30,0.69,0.65152764
6,3,2011,2011-10-08,0.7,0.70125437
6,3,2011,2011-10-16,0.66,0.7011808
6,3,2011,2011-10-24,0.68,0.6360706
6,3,2011,2011-11-01,0.71,0.6477933
6,3,2011,2011-11-09,0.66,0.66714823
6,3,2011,2011-11-17,0.7,0.61349267
6,3,2011,2011-11-25,0.59,0.63666475
6,3,2011,2011-12-03,0.55,0.49877495
6,3,2011,2011-12-11,0.41,0.42911398
6,3,2011,2011-12-19,0.22,0.265376
6,3,2011,2011-12-27,0.17,0.1413978
6,3,2012,2012-07-03,0.2,0.13465133
6,3,2012,2012-07-11,0.19,0.23390052
6,3,2012,2012-07-19,0.13,0.23819089
6,3,2012,2012-07-27,0.11,0.15539569
6,3,2012,2012-08-04,0.17,0.13997461
6,3,2012,2012-08-12,0.19,0.19338268
6,3,2012,2012-08-20,0.2,0.25150803
6,3,2012,2012-08-28,0.25,0.25134137
6,3,2012,2012-09-05,0.3,0.30261603
6,3,2012,2012-09-13,0.52,0.34294507
6,3,2012,2012-09-21,0.5,0.5646985
6,3,2012,2012-09-29,0.66,0.5620092
6,3,2012,2012-10-07,0.62,0.67713195
6,3,2012,2012-10-15,0.66,0.6154052
6,3,2012,2012-10-23,0.61,0.62193525
6,3,2012,2012-10-31,0.54,0.55468565
6,3,2012,2012-11-08,0.48,0.4886312
6,3,2012,2012-11-16,0.37,0.39748067
6,3,2012,2012-11-24,0.24,0.30723906
6,3,2012,2012-12-02,0.22,0.1702933
6,3,2012,2012-12-10,0.09,0.16205144
6,3,2012,2012-12-18,0.07,0.07271069
6,3,2012,2012-12-26,0.06,0.045315236
6,4,2001,2001-07-04,0.27,0.29529905
6,4,2001,2001-07-12,0.15,0.3293812
6,4,2001,2001-07-20,0.35,0.2280567
6,4,2001,2001-07-28,0.28,0.37919253
6,4,2001,2001-08-05,0.24,0.35532406
6,4,2001,2001-08-13,0.22,0.29043007
6,4,2001,2001-08-21,0.4,0.2410247
6,4,2001,2001-08-29,0.36,0.4214001
6,4,2001,2001-09-06,0.49,0.44625193
6,4,2001,2001-09-14,0.61,0.5142789
6,4,2001,2001-09-22,0.62,0.6708846
6,4,2001,2001-09-30,0.64,0.6726129
6,4,2001,2001-10-08,0.56,0.66988647
6,4,2001,2001-10-16,0.65,0.53765893
6,4,2001,2001-10-24,0.64,0.6206249
6,4,2001,2001-11-01,0.63,0.6127287
6,4,2001,2001-11-09,0.62,0.60550916
6,4,2001,2001-11-17,0.69,0.5711448
6,4,2001,2001-11-25,0.65,0.6547605
6,4,2001,2001-12-03,0.55,0.6160556
6,4,2001,2001-12-11,0.52,0.47909138
6,4,2001,2001-12-19,0.42,0.41019404
6,4,2001,2001-12-27,0.3,0.2946759
6,4,2002,2002-07-04,0.13,0.22244313
6,4,2002,2002-07-12,0.22,0.21246979
6,4,2002,2002-07-20,0.26,0.24240094
6,4,2002,2002-07-28,0.19,0.32639712
6,4,2002,2002-08-05,0.22,0.25901154
6,4,2002,2002-08-13,0.37,0.23617059
6,4,2002,2002-08-21,0.37,0.36247045
6,4,2002,2002-08-29,0.39,0.43660924
6,4,2002,2002-09-06,0.32,0.42874753
6,4,2002,2002-09-14,0.49,0.36677572
6,4,2002,2002-09-22,0.6,0.5341142
6,4,2002,2002-09-30,0.65,0.6295035
6,4,2002,2002-10-08,0.68,0.6671815
6,4,2002,2002-10-16,0.61,0.64826465
6,4,2002,2002-10-24,0.64,0.5853746
6,4,2002,2002-11-01,0.66,0.59451276
6,4,2002,2002-11-09,0.68,0.6151971
6,4,2002,2002-11-17,0.73,0.64011174
6,4,2002,2002-11-25,0.52,0.70804536
6,4,2002,2002-12-03,0.42,0.4826792
6,4,2002,2002-12-11,0.35,0.29534245
6,4,2002,2002-12-19,0.21,0.22201486
6,4,2002,2002-12-27,0.07,0.15541388
6,4,2003,2003-07-04,0.11,0.13354976
6,4,2003,2003-07-12,0.22,0.14264537
6,4,2003,2003-07-20,0.14,0.25620022
6,4,2003,2003-07-28,0.23,0.21346658
6,4,2003,2003-08-05,0.18,0.2425707
6,4,2003,2003-08-13,0.22,0.20620042
6,4,2003,2003-08-21,0.29,0.2758928
6,4,2003,2003-08-29,0.26,0.3289076
6,4,2003,2003-09-06,0.26,0.31056327
6,4,2003,2003-09-14,0.45,0.26760596
6,4,2003,2003-09-22,0.59,0.47236213
6,4,2003,2003-09-30,0.6,0.6197523
6,4,2003,2003-10-08,0.7,0.62815475
6,4,2003,2003-10-16,0.59,0.68516743
6,4,2003,2003-10-24,0.6,0.5475104
6,4,2003,2003-11-01,0.6,0.5350074
6,4,2003,2003-11-09,0.54,0.53494436
6,4,2003,2003-11-17,0.4,0.50354975
6,4,2003,2003-11-25,0.37,0.36233702
6,4,2003,2003-12-03,0.21,0.25709283
6,4,2003,2003-12-11,0.17,0.13256219
6,4,2003,2003-12-19,0.08,0.118637785
6,4,2003,2003-12-27,0.05,0.06427726
6,4,2004,2004-07-03,0.09,0.1357333
6,4,2004,2004-07-11,0.11,0.1267311
6,4,2004,2004-07-19,0.09,0.16830789
6,4,2004,2004-07-27,0.09,0.13339767
6,4,2004,2004-08-04,0.12,0.14712587
6,4,2004,2004-08-12,0.17,0.1563637
6,4,2004,2004-08-20,0.26,0.21299057
6,4,2004,2004-08-28,0.41,0.30908412
6,4,2004,2004-09-05,0.55,0.4322173
6,4,2004,2004-09-13,0.65,0.54669917
6,4,2004,2004-09-21,0.72,0.6604903
6,4,2004,2004-09-29,0.69,0.7248515
6,4,2004,2004-10-07,0.75,0.67800355
6,4,2004,2004-10-15,0.67,0.72867954
6,4,2004,2004-10-23,0.69,0.5989584
6,4,2004,2004-10-31,0.66,0.6123352
6,4,2004,2004-11-08,0.58,0.577984
6,4,2004,2004-11-16,0.49,0.49878377
6,4,2004,2004-11-24,0.37,0.35785758
6,4,2004,2004-12-02,0.19,0.2534644
6,4,2004,2004-12-10,0.08,0.10841574
6,4,2004,2004-12-18,0.08,0.048490733
6,4,2004,2004-12-26,0.08,0.055850953
6,4,2005,2005-07-04,0.09,0.0922392
6,4,2005,2005-07-12,0.11,0.1039013
6,4,2005,2005-07-20,0.1,0.12542877
6,4,2005,2005-07-28,0.09,0.116362244
6,4,2005,2005-08-05,0.12,0.10474385
6,4,2005,2005-08-13,0.06,0.13254759
6,4,2005,2005-08-21,0.2,0.102964506
6,4,2005,2005-08-29,0.26,0.2308375
6,4,2005,2005-09-06,0.42,0.32068947
6,4,2005,2005-09-14,0.58,0.48415482
6,4,2005,2005-09-22,0.68,0.6074097
6,4,2005,2005-09-30,0.68,0.67870677
6,4,2005,2005-10-08,0.68,0.646129
6,4,2005,2005-10-16,0.68,0.63315725
6,4,2005,2005-10-24,0.72,0.59034866
6,4,2005,2005-11-01,0.73,0.64377105
6,4,2005,2005-11-09,0.63,0.6473378
6,4,2005,2005-11-17,0.66,0.52540714
6,4,2005,2005-11-25,0.49,0.5175534
6,4,2005,2005-12-03,0.35,0.34173182
6,4,2005,2005-12-11,0.22,0.19208983
6,4,2005,2005-12-19,0.18,0.093878716
6,4,2005,2005-12-27,0.13,0.10481104
6,4,2006,2006-07-04,0.13,0.13489924
6,4,2006,2006-07-12,0.17,0.15344077
6,4,2006,2006-07-20,0.17,0.19455686
6,4,2006,2006-07-28,0.13,0.1913841
6,4,2006,2006-08-05,0.18,0.15134469
6,4,2006,2006-08-13,0.23,0.19043164
6,4,2006,2006-08-21,0.22,0.22514473
6,4,2006,2006-08-29,0.32,0.25963652
6,4,2006,2006-09-06,0.46,0.35131875
6,4,2006,2006-09-14,0.47,0.5076389
6,4,2006,2006-09-22,0.68,0.5404316
6,4,2006,2006-09-30,0.69,0.7055006
6,4,2006,2006-10-08,0.72,0.688198
6,4,2006,2006-10-16,0.74,0.69254196
6,4,2006,2006-10-24,0.78,0.6860256
6,4,2006,2006-11-01,0.78,0.73681754
6,4,2006,2006-11-09,0.68,0.7308521
6,4,2006,2006-11-17,0.66,0.5861156
6,4,2006,2006-11-25,0.54,0.5547338
6,4,2006,2006-12-03,0.47,0.39001322
6,4,2006,2006-12-11,0.3,0.30982453
6,4,2006,2006-12-19,0.29,0.16235046
6,4,2006,2006-12-27,0.16,0.18683688
6,4,2007,2007-07-04,0.13,0.170578
6,4,2007,2007-07-12,0.14,0.17699617
6,4,2007,2007-07-20,0.14,0.18977883
6,4,2007,2007-07-28,0.24,0.19211036
6,4,2007,2007-08-05,0.25,0.26327735
6,4,2007,2007-08-13,0.25,0.29299653
6,4,2007,2007-08-21,0.22,0.3039071
6,4,2007,2007-08-29,0.31,0.2606886
6,4,2007,2007-09-06,0.35,0.35221586
6,4,2007,2007-09-14,0.42,0.42773616
6,4,2007,2007-09-22,0.52,0.48340088
6,4,2007,2007-09-30,0.6,0.597196
6,4,2007,2007-10-08,0.69,0.6480218
6,4,2007,2007-10-16,0.73,0.71213305
6,4,2007,2007-10-24,0.78,0.73348266
6,4,2007,2007-11-01,0.66,0.77637124
6,4,2007,2007-11-09,0.72,0.63482404
6,4,2007,2007-11-17,0.67,0.6413543
6,4,2007,2007-11-25,0.64,0.5881195
6,4,2007,2007-12-03,0.58,0.55080247
6,4,2007,2007-12-11,0.4,0.4710183
6,4,2007,2007-12-19,0.11,0.27826452
6,4,2007,2007-12-27,0.07,0.06742868
6,4,2008,2008-07-03,0.16,0.20487684
6,4,2008,2008-07-11,0.14,0.18394886
6,4,2008,2008-07-19,0.16,0.1670107
6,4,2008,2008-07-27,0.16,0.18110555
6,4,2008,2008-08-04,0.15,0.21013525
6,4,2008,2008-08-12,0.21,0.20530781
6,4,2008,2008-08-20,0.26,0.24553585
6,4,2008,2008-08-28,0.35,0.28252482
6,4,2008,2008-09-05,0.4,0.38580918
6,4,2008,2008-09-13,0.48,0.43593216
6,4,2008,2008-09-21,0.54,0.5075723
6,4,2008,2008-09-29,0.6,0.5658688
6,4,2008,2008-10-07,0.64,0.6195196
6,4,2008,2008-10-15,0.69,0.65521216
6,4,2008,2008-10-23,0.68,0.689459
6,4,2008,2008-10-31,0.65,0.6749967
6,4,2008,2008-11-08,0.68,0.5936339
6,4,2008,2008-11-16,0.64,0.63177997
6,4,2008,2008-11-24,0.62,0.5841175
6,4,2008,2008-12-02,0.59,0.56171143
6,4,2008,2008-12-10,0.47,0.5106374
6,4,2008,2008-12-18,0.23,0.36399305
6,4,2008,2008-12-26,0.13,0.11243841
6,4,2009,2009-07-04,0.09,0.21253002
6,4,2009,2009-07-12,0.17,0.14109404
6,4,2009,2009-07-20,0.29,0.1851506
6,4,2009,2009-07-28,0.15,0.30201274
6,4,2009,2009-08-05,0.25,0.21459702
6,4,2009,2009-08-13,0.3,0.25271815
6,4,2009,2009-08-21,0.3,0.31229115
6,4,2009,2009-08-29,0.25,0.34683368
6,4,2009,2009-09-06,0.39,0.30431396
6,4,2009,2009-09-14,0.48,0.41693318
6,4,2009,2009-09-22,0.57,0.51920414
6,4,2009,2009-09-30,0.57,0.6031295
6,4,2009,2009-10-08,0.62,0.5940786
6,4,2009,2009-10-16,0.7,0.62086093
6,4,2009,2009-10-24,0.64,0.6927885
6,4,2009,2009-11-01,0.72,0.62495863
6,4,2009,2009-11-09,0.66,0.6740608
6,4,2009,2009-11-17,0.72,0.6143272
6,4,2009,2009-11-25,0.53,0.66806126
6,4,2009,2009-12-03,0.34,0.46300727
6,4,2009,2009-12-11,0.2,0.24592054
6,4,2009,2009-12-19,0.12,0.094141334
6,4,2009,2009-12-27,0.05,0.047815442
6,4,2010,2010-07-04,0.08,0.18364017
6,4,2010,2010-07-12,0.14,0.12625076
6,4,2010,2010-07-20,0.13,0.18355298
6,4,2010,2010-07-28,0.11,0.20940849
6,4,2010,2010-08-05,0.16,0.16245072
6,4,2010,2010-08-13,0.18,0.20966165
6,4,2010,2010-08-21,0.2,0.24669454
6,4,2010,2010-08-29,0.19,0.267883
6,4,2010,2010-09-06,0.28,0.23329285
6,4,2010,2010-09-14,0.44,0.33993173
6,4,2010,2010-09-22,0.45,0.50648767
6,4,2010,2010-09-30,0.57,0.53511566
6,4,2010,2010-10-08,0.63,0.60050464
6,4,2010,2010-10-16,0.61,0.6458473
6,4,2010,2010-10-24,0.76,0.633729
6,4,2010,2010-11-01,0.64,0.7375894
6,4,2010,2010-11-09,0.57,0.6342207
6,4,2010,2010-11-17,0.55,0.5145616
6,4,2010,2010-11-25,0.42,0.47774464
6,4,2010,2010-12-03,0.33,0.32622287
6,4,2010,2010-12-11,0.13,0.20313291
6,4,2010,2010-12-19,0.09,0.056441993
6,4,2010,2010-12-27,0.08,0.052992254
6,4,2011,2011-07-04,0.12,0.19342689
6,4,2011,2011-07-12,0.16,0.15843679
6,4,2011,2011-07-20,0.11,0.1965144
6,4,2011,2011-07-28,0.14,0.15845953
6,4,2011,2011-08-05,0.17,0.17181277
6,4,2011,2011-08-13,0.19,0.20696515
6,4,2011,2011-08-21,0.22,0.23938885
6,4,2011,2011-08-29,0.3,0.26561612
6,4,2011,2011-09-06,0.45,0.32638377
6,4,2011,2011-09-14,0.54,0.4805014
6,4,2011,2011-09-22,0.68,0.59111226
6,4,2011,2011-09-30,0.71,0.6869061
6,4,2011,2011-10-08,0.7,0.71990836
6,4,2011,2011-10-16,0.7,0.70265377
6,4,2011,2011-10-24,0.74,0.66764253
6,4,2011,2011-11-01,0.69,0.7348918
6,4,2011,2011-11-09,0.7,0.6435723
6,4,2011,2011-11-17,0.7,0.621127
6,4,2011,2011-11-25,0.56,0.61611503
6,4,2011,2011-12-03,0.47,0.46798506
6,4,2011,2011-12-11,0.34,0.3400873
6,4,2011,2011-12-19,0.14,0.19681332
6,4,2011,2011-12-27,0.12,0.0883258
6,4,2012,2012-07-03,0.16,0.15273131
6,4,2012,2012-07-11,0.13,0.17746033
6,4,2012,2012-07-19,0.09,0.16132297
6,4,2012,2012-07-27,0.1,0.116315335
6,4,2012,2012-08-04,0.12,0.12339066
6,4,2012,2012-08-12,0.15,0.15286654
6,4,2012,2012-08-20,0.12,0.18986474
6,4,2012,2012-08-28,0.16,0.170749
6,4,2012,2012-09-05,0.33,0.21345904
6,4,2012,2012-09-13,0.47,0.39847332
6,4,2012,2012-09-21,0.48,0.5377107
6,4,2012,2012-09-29,0.65,0.55429417
6,4,2012,2012-10-07,0.6,0.66626614
6,4,2012,2012-10-15,0.65,0.5989659
6,4,2012,2012-10-23,0.62,0.6187315
6,4,2012,2012-10-31,0.55,0.5785873
6,4,2012,2012-11-08,0.52,0.4921779
6,4,2012,2012-11-16,0.41,0.4452471
6,4,2012,2012-11-24,0.22,0.3453531
6,4,2012,2012-12-02,0.19,0.15079832
6,4,2012,2012-12-10,0.1,0.11033659
6,4,2012,2012-12-18,0.07,0.069728255
6,4,2012,2012-12-26,0.07,0.050041944
6,5,2001,2001-07-04,0.16,0.18569447
6,5,2001,2001-07-12,0.04,0.22311462
6,5,2001,2001-07-20,0.07,0.10652511
6,5,2001,2001-07-28,0.06,0.11613485
6,5,2001,2001-08-05,0.05,0.109371126
6,5,2001,2001-08-13,0.05,0.093841106
6,5,2001,2001-08-21,0.1,0.08937809
6,5,2001,2001-08-29,0.11,0.13558929
6,5,2001,2001-09-06,0.21,0.17259812
6,5,2001,2001-09-14,0.38,0.24741334
6,5,2001,2001-09-22,0.45,0.41493806
6,5,2001,2001-09-30,0.57,0.5386726
6,5,2001,2001-10-08,0.57,0.6282102
6,5,2001,2001-10-16,0.57,0.6074959
6,5,2001,2001-10-24,0.59,0.5732949
6,5,2001,2001-11-01,0.59,0.5633561
6,5,2001,2001-11-09,0.64,0.5595959
6,5,2001,2001-11-17,0.64,0.59702003
6,5,2001,2001-11-25,0.54,0.60468495
6,5,2001,2001-12-03,0.37,0.48507807
6,5,2001,2001-12-11,0.27,0.26583493
6,5,2001,2001-12-19,0.17,0.15191613
6,5,2001,2001-12-27,0.04,0.086251765
6,5,2002,2002-07-04,0.11,0.17857286
6,5,2002,2002-07-12,0.1,0.16767515
6,5,2002,2002-07-20,0.03,0.1178495
6,5,2002,2002-07-28,0.05,0.0601888
6,5,2002,2002-08-05,0.03,0.07207498
6,5,2002,2002-08-13,0.07,0.060893506
6,5,2002,2002-08-21,0.07,0.09455454
6,5,2002,2002-08-29,0.04,0.10886966
6,5,2002,2002-09-06,0.05,0.0901964
6,5,2002,2002-09-14,0.2,0.11394185
6,5,2002,2002-09-22,0.44,0.28164172
6,5,2002,2002-09-30,0.53,0.50810283
6,5,2002,2002-10-08,0.6,0.59555936
6,5,2002,2002-10-16,0.57,0.6149424
6,5,2002,2002-10-24,0.61,0.5531541
6,5,2002,2002-11-01,0.62,0.5674094
6,5,2002,2002-11-09,0.59,0.5700582
6,5,2002,2002-11-17,0.55,0.5538744
6,5,2002,2002-11-25,0.44,0.4969529
6,5,2002,2002-12-03,0.21,0.35116598
6,5,2002,2002-12-11,0.14,0.11394873
6,5,2002,2002-12-19,0.04,0.06077537
6,5,2002,2002-12-27,0.02,0.023772657
6,5,2003,2003-07-04,0.02,0.07654214
6,5,2003,2003-07-12,0.03,0.058876395
6,5,2003,2003-07-20,0.03,0.062098563
6,5,2003,2003-07-28,0.03,0.047920644
6,5,2003,2003-08-05,0.03,0.05420205
6,5,2003,2003-08-13,0.06,0.05081007
6,5,2003,2003-08-21,0.05,0.0847469
6,5,2003,2003-08-29,0.07,0.07922712
6,5,2003,2003-09-06,0.08,0.08589998
6,5,2003,2003-09-14,0.3,0.09401962
6,5,2003,2003-09-22,0.45,0.3225118
6,5,2003,2003-09-30,0.49,0.5069779
6,5,2003,2003-10-08,0.6,0.5427421
6,5,2003,2003-10-16,0.55,0.599023
6,5,2003,2003-10-24,0.55,0.5194204
6,5,2003,2003-11-01,0.6,0.49783912
6,5,2003,2003-11-09,0.46,0.534318
6,5,2003,2003-11-17,0.26,0.4030982
6,5,2003,2003-11-25,0.19,0.1843122
6,5,2003,2003-12-03,0.06,0.09607011
6,5,2003,2003-12-11,0.01,0.01686135
6,5,2003,2003-12-19,0.01,0.007861108
6,5,2003,2003-12-27,0.01,0.008659393
6,5,2004,2004-07-03,0.02,0.038271964
6,5,2004,2004-07-11,0.03,0.034451067
6,5,2004,2004-07-19,0.02,0.049386054
6,5,2004,2004-07-27,0.02,0.0445908
6,5,2004,2004-08-04,0.03,0.04399085
6,5,2004,2004-08-12,0.05,0.050323248
6,5,2004,2004-08-20,0.1,0.0737336
6,5,2004,2004-08-28,0.24,0.1116128
6,5,2004,2004-09-05,0.38,0.23475547
6,5,2004,2004-09-13,0.5,0.3624788
6,5,2004,2004-09-21,0.62,0.51552343
6,5,2004,2004-09-29,0.62,0.61969185
6,5,2004,2004-10-07,0.64,0.59951115
6,5,2004,2004-10-15,0.61,0.60620403
6,5,2004,2004-10-23,0.62,0.53606975
6,5,2004,2004-10-31,0.6,0.5329919
6,5,2004,2004-11-08,0.44,0.52352107
6,5,2004,2004-11-16,0.37,0.3380221
6,5,2004,2004-11-24,0.27,0.20368192
6,5,2004,2004-12-02,0.03,0.14152321
6,5,2004,2004-12-10,0.01,0.010642141
6,5,2004,2004-12-18,0.01,-0.0010566413
6,5,2004,2004-12-26,0.01,0.008947223
6,5,2005,2005-07-04,0.02,0.066881925
6,5,2005,2005-07-12,0.03,0.036711305
6,5,2005,2005-07-20,0.03,0.043789238
6,5,2005,2005-07-28,0.02,0.043182164
6,5,2005,2005-08-05,0.02,0.03853616
6,5,2005,2005-08-13,0.01,0.039304405
6,5,2005,2005-08-21,0.03,0.036733806
6,5,2005,2005-08-29,0.07,0.062418133
6,5,2005,2005-09-06,0.14,0.12646638
6,5,2005,2005-09-14,0.34,0.21648178
6,5,2005,2005-09-22,0.47,0.40614638
6,5,2005,2005-09-30,0.52,0.5220699
6,5,2005,2005-10-08,0.58,0.52965754
6,5,2005,2005-10-16,0.65,0.5459202
6,5,2005,2005-10-24,0.62,0.5834986
6,5,2005,2005-11-01,0.64,0.5514593
6,5,2005,2005-11-09,0.54,0.5504576
6,5,2005,2005-11-17,0.55,0.40437165
6,5,2005,2005-11-25,0.31,0.39563262
6,5,2005,2005-12-03,0.13,0.19090807
6,5,2005,2005-12-11,0.06,0.041095078
6,5,2005,2005-12-19,0.05,0.015087813
6,5,2005,2005-12-27,0.02,0.028851211
6,5,2006,2006-07-04,0.08,0.088201374
6,5,2006,2006-07-12,0.03,0.09394029
6,5,2006,2006-07-20,0.03,0.06036699
6,5,2006,2006-07-28,0.02,0.0563505
6,5,2006,2006-08-05,0.03,0.045938194
6,5,2006,2006-08-13,0.04,0.05563137
6,5,2006,2006-08-21,0.04,0.061701894
6,5,2006,2006-08-29,0.12,0.06842506
6,5,2006,2006-09-06,0.13,0.1422911
6,5,2006,2006-09-14,0.22,0.17345132
6,5,2006,2006-09-22,0.49,0.2984143
6,5,2006,2006-09-30,0.47,0.5503973
6,5,2006,2006-10-08,0.63,0.5356829
6,5,2006,2006-10-16,0.6,0.6338928
6,5,2006,2006-10-24,0.65,0.5967164
6,5,2006,2006-11-01,0.68,0.6139389
6,5,2006,2006-11-09,0.61,0.6275368
6,5,2006,2006-11-17,0.58,0.53012395
6,5,2006,2006-11-25,0.43,0.48563606
6,5,2006,2006-12-03,0.22,0.28178895
6,5,2006,2006-12-11,0.08,0.09691417
6,5,2006,2006-12-19,0.05,0.02481237
6,5,2006,2006-12-27,0.02,0.03202313
6,5,2007,2007-07-04,0.13,0.11838016
6,5,2007,2007-07-12,0.12,0.15551521
6,5,2007,2007-07-20,0.06,0.13385868
6,5,2007,2007-07-28,0.04,0.08401474
6,5,2007,2007-08-05,0.04,0.058493078
6,5,2007,2007-08-13,0.04,0.061682135
6,5,2007,2007-08-21,0.03,0.06848833
6,5,2007,2007-08-29,0.04,0.0623852
6,5,2007,2007-09-06,0.05,0.087936044
6,5,2007,2007-09-14,0.09,0.0986689
6,5,2007,2007-09-22,0.15,0.15281203
6,5,2007,2007-09-30,0.36,0.2695015
6,5,2007,2007-10-08,0.45,0.4387328
6,5,2007,2007-10-16,0.56,0.53628063
6,5,2007,2007-10-24,0.65,0.5893499
6,5,2007,2007-11-01,0.58,0.6504533
6,5,2007,2007-11-09,0.63,0.57361364
6,5,2007,2007-11-17,0.61,0.56787854
6,5,2007,2007-11-25,0.6,0.5318457
6,5,2007,2007-12-03,0.5,0.49384448
6,5,2007,2007-12-11,0.32,0.34649166
6,5,2007,2007-12-19,0.03,0.1760261
6,5,2007,2007-12-27,0.02,0.011595875
6,5,2008,2008-07-03,0.14,0.23113579
6,5,2008,2008-07-11,0.05,0.19065748
6,5,2008,2008-07-19,0.04,0.10160859
6,5,2008,2008-07-27,0.02,0.060248494
6,5,2008,2008-08-04,0.02,0.04692158
6,5,2008,2008-08-12,0.03,0.05356276
6,5,2008,2008-08-20,0.05,0.063803345
6,5,2008,2008-08-28,0.08,0.07983601
6,5,2008,2008-09-05,0.1,0.10800868
6,5,2008,2008-09-13,0.18,0.12926126
6,5,2008,2008-09-21,0.35,0.206536
6,5,2008,2008-09-29,0.49,0.37258804
6,5,2008,2008-10-07,0.51,0.5442275
6,5,2008,2008-10-15,0.61,0.56392753
6,5,2008,2008-10-23,0.6,0.630643
6,5,2008,2008-10-31,0.6,0.61595356
6,5,2008,2008-11-08,0.58,0.5708783
6,5,2008,2008-11-16,0.54,0.53707325
6,5,2008,2008-11-24,0.48,0.48737812
6,5,2008,2008-12-02,0.38,0.42314246
6,5,2008,2008-12-10,0.23,0.2994884
6,5,2008,2008-12-18,0.07,0.14093792
6,5,2008,2008-12-26,0.02,0.011786848
6,5,2009,2009-07-04,0.01,0.17873761
6,5,2009,2009-07-12,0.09,0.079321176
6,5,2009,2009-07-20,0.09,0.09359002
6,5,2009,2009-07-28,0.02,0.09636024
6,5,2009,2009-08-05,0.03,0.05472392
6,5,2009,2009-08-13,0.05,0.052725732
6,5,2009,2009-08-21,0.05,0.07103175
6,5,2009,2009-08-29,0.05,0.08360359
6,5,2009,2009-09-06,0.11,0.09009594
6,5,2009,2009-09-14,0.18,0.14050631
6,5,2009,2009-09-22,0.29,0.22225213
6,5,2009,2009-09-30,0.29,0.36190856
6,5,2009,2009-10-08,0.48,0.3861208
6,5,2009,2009-10-16,0.6,0.5190926
6,5,2009,2009-10-24,0.58,0.6230923
6,5,2009,2009-11-01,0.63,0.5892787
6,5,2009,2009-11-09,0.6,0.5938542
6,5,2009,2009-11-17,0.66,0.54098856
6,5,2009,2009-11-25,0.43,0.58978635
6,5,2009,2009-12-03,0.28,0.3562295
6,5,2009,2009-12-11,0.11,0.16851993
6,5,2009,2009-12-19,0.02,0.0374811
6,5,2009,2009-12-27,0.01,0.00023886561
6,5,2010,2010-07-04,0.06,0.14214809
6,5,2010,2010-07-12,0.06,0.08748528
6,5,2010,2010-07-20,0.05,0.0936079
6,5,2010,2010-07-28,0.02,0.08604136
6,5,2010,2010-08-05,0.02,0.051805884
6,5,2010,2010-08-13,0.03,0.048454285
6,5,2010,2010-08-21,0.04,0.062188625
6,5,2010,2010-08-29,0.04,0.07519218
6,5,2010,2010-09-06,0.08,0.07550511
6,5,2010,2010-09-14,0.19,0.12021202
6,5,2010,2010-09-22,0.19,0.23209424
6,5,2010,2010-09-30,0.42,0.26626238
6,5,2010,2010-10-08,0.5,0.45007074
6,5,2010,2010-10-16,0.49,0.54904836
6,5,2010,2010-10-24,0.6,0.54903173
6,5,2010,2010-11-01,0.56,0.59188175
6,5,2010,2010-11-09,0.53,0.5493398
6,5,2010,2010-11-17,0.52,0.4903186
6,5,2010,2010-11-25,0.47,0.47443384
6,5,2010,2010-12-03,0.31,0.37069646
6,5,2010,2010-12-11,0.1,0.19845352
6,5,2010,2010-12-19,0.05,0.035148293
6,5,2010,2010-12-27,0.02,0.016103834
6,5,2011,2011-07-04,0.09,0.135102
6,5,2011,2011-07-12,0.06,0.1213101
6,5,2011,2011-07-20,0.02,0.093942255
6,5,2011,2011-07-28,0.02,0.062281817
6,5,2011,2011-08-05,0.06,0.051751584
6,5,2011,2011-08-13,0.04,0.083899885
6,5,2011,2011-08-21,0.04,0.077980995
6,5,2011,2011-08-29,0.1,0.0804216
6,5,2011,2011-09-06,0.17,0.12528285
6,5,2011,2011-09-14,0.27,0.20065427
6,5,2011,2011-09-22,0.49,0.3224426
6,5,2011,2011-09-30,0.5,0.5112688
6,5,2011,2011-10-08,0.54,0.56612754
6,5,2011,2011-10-16,0.61,0.5842798
6,5,2011,2011-10-24,0.59,0.6062528
6,5,2011,2011-11-01,0.61,0.5990906
6,5,2011,2011-11-09,0.62,0.58464646
6,5,2011,2011-11-17,0.62,0.5716834
6,5,2011,2011-11-25,0.49,0.5691318
6,5,2011,2011-12-03,0.46,0.42921686
6,5,2011,2011-12-11,0.22,0.33771175
6,5,2011,2011-12-19,0.08,0.11691283
6,5,2011,2011-12-27,0.03,0.038196534
6,5,2012,2012-07-03,0.15,0.085822254
6,5,2012,2012-07-11,0.04,0.16786721
6,5,2012,2012-07-19,0.01,0.08145782
6,5,2012,2012-07-27,0.03,0.041735858
6,5,2012,2012-08-04,0.02,0.04736975
6,5,2012,2012-08-12,0.03,0.059882194
6,5,2012,2012-08-20,0.03,0.06588471
6,5,2012,2012-08-28,0.03,0.06449914
6,5,2012,2012-09-05,0.08,0.07844767
6,5,2012,2012-09-13,0.25,0.13513568
6,5,2012,2012-09-21,0.32,0.30788767
6,5,2012,2012-09-29,0.47,0.42376858
6,5,2012,2012-10-07,0.54,0.5290817
6,5,2012,2012-10-15,0.58,0.56565267
6,5,2012,2012-10-23,0.57,0.59073114
6,5,2012,2012-10-31,0.5,0.5487112
6,5,2012,2012-11-08,0.43,0.460881
6,5,2012,2012-11-16,0.44,0.3720234
6,5,2012,2012-11-24,0.19,0.38361564
6,5,2012,2012-12-02,0.12,0.1590068
6,5,2012,2012-12-10,0.03,0.08292803
6,5,2012,2012-12-18,0.01,0.010812819
6,5,2012,2012-12-26,0.01,0.012812406
6,6,2001,2001-07-04,0.26,0.27724087
6,6,2001,2001-07-12,0.08,0.32923216
6,6,2001,2001-07-20,0.05,0.17651463
6,6,2001,2001-07-28,0.09,0.10709222
6,6,2001,2001-08-05,0.1,0.12427311
6,6,2001,2001-08-13,0.07,0.14565316
6,6,2001,2001-08-21,0.11,0.13057265
6,6,2001,2001-08-29,0.14,0.16785167
6,6,2001,2001-09-06,0.19,0.2179597
6,6,2001,2001-09-14,0.29,0.2523756
6,6,2001,2001-09-22,0.36,0.37171757
6,6,2001,2001-09-30,0.45,0.4736083
6,6,2001,2001-10-08,0.56,0.5389557
6,6,2001,2001-10-16,0.54,0.6201892
6,6,2001,2001-10-24,0.56,0.59581834
6,6,2001,2001-11-01,0.59,0.5799575
6,6,2001,2001-11-09,0.71,0.61299455
6,6,2001,2001-11-17,0.61,0.6952702
6,6,2001,2001-11-25,0.65,0.60981596
6,6,2001,2001-12-03,0.53,0.6145166
6,6,2001,2001-12-11,0.38,0.43994692
6,6,2001,2001-12-19,0.27,0.27934253
6,6,2001,2001-12-27,0.15,0.16718502
6,6,2002,2002-07-04,0.09,0.15087123
6,6,2002,2002-07-12,0.12,0.17881139
6,6,2002,2002-07-20,0.05,0.15246989
6,6,2002,2002-07-28,0.02,0.08090937
6,6,2002,2002-08-05,0.02,0.062556714
6,6,2002,2002-08-13,0.06,0.06650874
6,6,2002,2002-08-21,0.06,0.095929444
6,6,2002,2002-08-29,0.02,0.10977322
6,6,2002,2002-09-06,0.03,0.08663002
6,6,2002,2002-09-14,0.14,0.099548936
6,6,2002,2002-09-22,0.29,0.21482268
6,6,2002,2002-09-30,0.42,0.37156492
6,6,2002,2002-10-08,0.62,0.50362384
6,6,2002,2002-10-16,0.56,0.6701255
6,6,2002,2002-10-24,0.6,0.6004633
6,6,2002,2002-11-01,0.68,0.5888094
6,6,2002,2002-11-09,0.69,0.650823
6,6,2002,2002-11-17,0.64,0.6953863
6,6,2002,2002-11-25,0.56,0.60132104
6,6,2002,2002-12-03,0.35,0.4960251
6,6,2002,2002-12-11,0.25,0.24519593
6,6,2002,2002-12-19,0.12,0.13109687
6,6,2002,2002-12-27,0.08,0.06112799
6,6,2003,2003-07-04,0.04,0.06386265
6,6,2003,2003-07-12,0.07,0.0816066
6,6,2003,2003-07-20,0.04,0.11348209
6,6,2003,2003-07-28,0.05,0.07779884
6,6,2003,2003-08-05,0.04,0.07177943
6,6,2003,2003-08-13,0.03,0.06287196
6,6,2003,2003-08-21,0.06,0.06902695
6,6,2003,2003-08-29,0.09,0.09191221
6,6,2003,2003-09-06,0.11,0.10852966
6,6,2003,2003-09-14,0.26,0.12942806
6,6,2003,2003-09-22,0.31,0.2875773
6,6,2003,2003-09-30,0.41,0.37423962
6,6,2003,2003-10-08,0.58,0.47893316
6,6,2003,2003-10-16,0.55,0.63753307
6,6,2003,2003-10-24,0.55,0.5800148
6,6,2003,2003-11-01,0.66,0.53814083
6,6,2003,2003-11-09,0.56,0.64157736
6,6,2003,2003-11-17,0.41,0.5520769
6,6,2003,2003-11-25,0.34,0.35439706
6,6,2003,2003-12-03,0.26,0.2226721
6,6,2003,2003-12-11,0.12,0.15169843
6,6,2003,2003-12-19,0.04,0.07759023
6,6,2003,2003-12-27,0.02,0.027007163
6,6,2004,2004-07-03,0.03,0.07228711
6,6,2004,2004-07-11,0.03,0.060138613
6,6,2004,2004-07-19,0.0,0.07349625
6,6,2004,2004-07-27,0.01,0.042164892
6,6,2004,2004-08-04,0.01,0.04931575
6,6,2004,2004-08-12,0.02,0.046110004
6,6,2004,2004-08-20,0.05,0.05441338
6,6,2004,2004-08-28,0.11,0.085244805
6,6,2004,2004-09-05,0.2,0.14541268
6,6,2004,2004-09-13,0.36,0.23230687
6,6,2004,2004-09-21,0.61,0.41431668
6,6,2004,2004-09-29,0.64,0.6285159
6,6,2004,2004-10-07,0.64,0.6592095
6,6,2004,2004-10-15,0.63,0.6627978
6,6,2004,2004-10-23,0.7,0.606132
6,6,2004,2004-10-31,0.66,0.6530199
6,6,2004,2004-11-08,0.52,0.6374809
6,6,2004,2004-11-16,0.46,0.46176535
6,6,2004,2004-11-24,0.36,0.31585285
6,6,2004,2004-12-02,0.19,0.23423405
6,6,2004,2004-12-10,0.07,0.13317916
6,6,2004,2004-12-18,0.05,0.042066008
6,6,2004,2004-12-26,0.04,0.034504026
6,6,2005,2005-07-04,0.06,0.077267975
6,6,2005,2005-07-12,0.04,0.07569948
6,6,2005,2005-07-20,0.07,0.056052238
6,6,2005,2005-07-28,0.02,0.07420036
6,6,2005,2005-08-05,0.04,0.04163009
6,6,2005,2005-08-13,0.01,0.05456236
6,6,2005,2005-08-21,0.03,0.034384936
6,6,2005,2005-08-29,0.06,0.057095796
6,6,2005,2005-09-06,0.11,0.0937458
6,6,2005,2005-09-14,0.27,0.15939796
6,6,2005,2005-09-22,0.38,0.33417335
6,6,2005,2005-09-30,0.48,0.47767484
6,6,2005,2005-10-08,0.62,0.5352931
6,6,2005,2005-10-16,0.68,0.61335176
6,6,2005,2005-10-24,0.73,0.6425025
6,6,2005,2005-11-01,0.7,0.6912719
6,6,2005,2005-11-09,0.73,0.6310059
6,6,2005,2005-11-17,0.67,0.60799986
6,6,2005,2005-11-25,0.52,0.5324408
6,6,2005,2005-12-03,0.39,0.37213564
6,6,2005,2005-12-11,0.28,0.21532491
6,6,2005,2005-12-19,0.16,0.13620132
6,6,2005,2005-12-27,0.16,0.08967337
6,6,2006,2006-07-04,0.07,0.08558825
6,6,2006,2006-07-12,0.07,0.10764901
6,6,2006,2006-07-20,0.07,0.10027
6,6,2006,2006-07-28,0.02,0.11167884
6,6,2006,2006-08-05,0.05,0.059182614
6,6,2006,2006-08-13,0.09,0.08174017
6,6,2006,2006-08-21,0.07,0.10729003
6,6,2006,2006-08-29,0.1,0.106182575
6,6,2006,2006-09-06,0.09,0.13469002
6,6,2006,2006-09-14,0.16,0.13926542
6,6,2006,2006-09-22,0.42,0.23887955
6,6,2006,2006-09-30,0.45,0.4934795
6,6,2006,2006-10-08,0.57,0.5407103
6,6,2006,2006-10-16,0.64,0.6339117
6,6,2006,2006-10-24,0.62,0.673548
6,6,2006,2006-11-01,0.75,0.6450279
6,6,2006,2006-11-09,0.72,0.73119384
6,6,2006,2006-11-17,0.66,0.69727033
6,6,2006,2006-11-25,0.54,0.6065515
6,6,2006,2006-12-03,0.39,0.40143755
6,6,2006,2006-12-11,0.31,0.23030402
6,6,2006,2006-12-19,0.31,0.17590305
6,6,2006,2006-12-27,0.09,0.21378812
6,6,2007,2007-07-04,0.09,0.07241225
6,6,2007,2007-07-12,0.16,0.12248181
6,6,2007,2007-07-20,0.05,0.184284
6,6,2007,2007-07-28,0.09,0.101952
6,6,2007,2007-08-05,0.09,0.10118309
6,6,2007,2007-08-13,0.13,0.106898084
6,6,2007,2007-08-21,0.05,0.16121626
6,6,2007,2007-08-29,0.12,0.09535572
6,6,2007,2007-09-06,0.11,0.14604098
6,6,2007,2007-09-14,0.1,0.13779058
6,6,2007,2007-09-22,0.1,0.15231268
6,6,2007,2007-09-30,0.26,0.20732182
6,6,2007,2007-10-08,0.36,0.34760356
6,6,2007,2007-10-16,0.52,0.45709655
6,6,2007,2007-10-24,0.64,0.5871602
6,6,2007,2007-11-01,0.73,0.6550906
6,6,2007,2007-11-09,0.7,0.74125993
6,6,2007,2007-11-17,0.66,0.68214893
6,6,2007,2007-11-25,0.69,0.5923292
6,6,2007,2007-12-03,0.72,0.56817913
6,6,2007,2007-12-11,0.49,0.5890182
6,6,2007,2007-12-19,0.25,0.37647486
6,6,2007,2007-12-27,0.16,0.15215191
6,6,2008,2008-07-03,0.19,0.16431563
6,6,2008,2008-07-11,0.08,0.23425964
6,6,2008,2008-07-19,0.1,0.16588426
6,6,2008,2008-07-27,0.03,0.1303883
6,6,2008,2008-08-04,0.06,0.078330696
6,6,2008,2008-08-12,0.03,0.1046747
6,6,2008,2008-08-20,0.09,0.09396359
6,6,2008,2008-08-28,0.1,0.12473598
6,6,2008,2008-09-05,0.12,0.15212038
6,6,2008,2008-09-13,0.14,0.17213382
6,6,2008,2008-09-21,0.27,0.1848504
6,6,2008,2008-09-29,0.42,0.29648954
6,6,2008,2008-10-07,0.5,0.47724074
6,6,2008,2008-10-15,0.67,0.5689143
6,6,2008,2008-10-23,0.68,0.71593404
6,6,2008,2008-10-31,0.71,0.7257682
6,6,2008,2008-11-08,0.75,0.7401717
6,6,2008,2008-11-16,0.69,0.73648095
6,6,2008,2008-11-24,0.67,0.6495176
6,6,2008,2008-12-02,0.6,0.61701745
6,6,2008,2008-12-10,0.57,0.5472944
6,6,2008,2008-12-18,0.37,0.45879933
6,6,2008,2008-12-26,0.28,0.21947944
6,6,2009,2009-07-04,0.02,0.120797396
6,6,2009,2009-07-12,0.18,0.10254513
6,6,2009,2009-07-20,0.2,0.1981268
6,6,2009,2009-07-28,0.09,0.2300392
6,6,2009,2009-08-05,0.13,0.13165085
6,6,2009,2009-08-13,0.13,0.14322892
6,6,2009,2009-08-21,0.13,0.14073987
6,6,2009,2009-08-29,0.16,0.16889226
6,6,2009,2009-09-06,0.21,0.19245656
6,6,2009,2009-09-14,0.24,0.24234766
6,6,2009,2009-09-22,0.31,0.2746851
6,6,2009,2009-09-30,0.34,0.36450276
6,6,2009,2009-10-08,0.46,0.42124137
6,6,2009,2009-10-16,0.69,0.5255364
6,6,2009,2009-10-24,0.66,0.73602486
6,6,2009,2009-11-01,0.72,0.69632816
6,6,2009,2009-11-09,0.71,0.71627367
6,6,2009,2009-11-17,0.75,0.6840596
6,6,2009,2009-11-25,0.63,0.70367527
6,6,2009,2009-12-03,0.58,0.55964446
6,6,2009,2009-12-11,0.45,0.46940064
6,6,2009,2009-12-19,0.26,0.33442461
6,6,2009,2009-12-27,0.04,0.1528769
6,6,2010,2010-07-04,0.01,0.10507327
6,6,2010,2010-07-12,0.13,0.051018924
6,6,2010,2010-07-20,0.16,0.17902078
6,6,2010,2010-07-28,0.05,0.21396308
6,6,2010,2010-08-05,0.06,0.10514097
6,6,2010,2010-08-13,0.1,0.08988193
6,6,2010,2010-08-21,0.07,0.12359762
6,6,2010,2010-08-29,0.05,0.118760526
6,6,2010,2010-09-06,0.08,0.103702754
6,6,2010,2010-09-14,0.12,0.1343375
6,6,2010,2010-09-22,0.12,0.17929211
6,6,2010,2010-09-30,0.38,0.19840932
6,6,2010,2010-10-08,0.52,0.4271652
6,6,2010,2010-10-16,0.56,0.56816965
6,6,2010,2010-10-24,0.69,0.635458
6,6,2010,2010-11-01,0.69,0.6945883
6,6,2010,2010-11-09,0.75,0.685003
6,6,2010,2010-11-17,0.76,0.71662366
6,6,2010,2010-11-25,0.77,0.72045517
6,6,2010,2010-12-03,0.61,0.6882119
6,6,2010,2010-12-11,0.54,0.49577665
6,6,2010,2010-12-19,0.34,0.3674862
6,6,2010,2010-12-27,0.26,0.17314567
6,6,2011,2011-07-04,0.07,0.10742986
6,6,2011,2011-07-12,0.18,0.10544573
6,6,2011,2011-07-20,0.1,0.22953227
6,6,2011,2011-07-28,0.15,0.18497056
6,6,2011,2011-08-05,0.14,0.18338042
6,6,2011,2011-08-13,0.14,0.16757831
6,6,2011,2011-08-21,0.15,0.18738133
6,6,2011,2011-08-29,0.17,0.18833718
6,6,2011,2011-09-06,0.12,0.20038036
6,6,2011,2011-09-14,0.23,0.16796517
6,6,2011,2011-09-22,0.52,0.26786727
6,6,2011,2011-09-30,0.52,0.5318867
6,6,2011,2011-10-08,0.56,0.6032476
6,6,2011,2011-10-16,0.69,0.6371461
6,6,2011,2011-10-24,0.75,0.71928144
6,6,2011,2011-11-01,0.76,0.7811644
6,6,2011,2011-11-09,0.77,0.7689158
6,6,2011,2011-11-17,0.82,0.765874
6,6,2011,2011-11-25,0.68,0.8005676
6,6,2011,2011-12-03,0.74,0.6453804
6,6,2011,2011-12-11,0.45,0.6344006
6,6,2011,2011-12-19,0.29,0.31568387
6,6,2011,2011-12-27,0.12,0.13867469
6,6,2012,2012-07-03,0.2,0.10855663
6,6,2012,2012-07-11,0.08,0.23162436
6,6,2012,2012-07-19,0.04,0.16633166
6,6,2012,2012-07-27,0.04,0.10013029
6,6,2012,2012-08-04,0.07,0.09250513
6,6,2012,2012-08-12,0.08,0.12273963
6,6,2012,2012-08-20,0.03,0.140055
6,6,2012,2012-08-28,0.06,0.10202645
6,6,2012,2012-09-05,0.08,0.12327945
6,6,2012,2012-09-13,0.21,0.12887956
6,6,2012,2012-09-21,0.24,0.27653074
6,6,2012,2012-09-29,0.29,0.38069165
6,6,2012,2012-10-07,0.52,0.41611552
6,6,2012,2012-10-15,0.62,0.5936569
6,6,2012,2012-10-23,0.71,0.68805087
6,6,2012,2012-10-31,0.67,0.75295544
6,6,2012,2012-11-08,0.65,0.6916011
6,6,2012,2012-11-16,0.67,0.63253206
6,6,2012,2012-11-24,0.5,0.64720386
6,6,2012,2012-12-02,0.29,0.43314856
6,6,2012,2012-12-10,0.23,0.20890415
6,6,2012,2012-12-18,0.07,0.094985425
6,6,2012,2012-12-26,0.03,0.031829536
6,7,2001,2001-07-04,0.24,0.27527016
6,7,2001,2001-07-12,0.19,0.3212781
6,7,2001,2001-07-20,0.12,0.25724617
6,7,2001,2001-07-28,0.13,0.1620234
6,7,2001,2001-08-05,0.1,0.14273536
6,7,2001,2001-08-13,0.09,0.12564425
6,7,2001,2001-08-21,0.09,0.13245636
6,7,2001,2001-08-29,0.11,0.14031424
6,7,2001,2001-09-06,0.15,0.1725079
6,7,2001,2001-09-14,0.22,0.20407575
6,7,2001,2001-09-22,0.27,0.2900841
6,7,2001,2001-09-30,0.35,0.3538036
6,7,2001,2001-10-08,0.46,0.42345595
6,7,2001,2001-10-16,0.48,0.49634826
6,7,2001,2001-10-24,0.5,0.51143515
6,7,2001,2001-11-01,0.5,0.5193717
6,7,2001,2001-11-09,0.62,0.5204052
6,7,2001,2001-11-17,0.44,0.58883953
6,7,2001,2001-11-25,0.48,0.41966587
6,7,2001,2001-12-03,0.39,0.41492647
6,7,2001,2001-12-11,0.27,0.30526662
6,7,2001,2001-12-19,0.16,0.23234522
6,7,2001,2001-12-27,0.07,0.106563374
6,7,2002,2002-07-04,0.11,0.19434749
6,7,2002,2002-07-12,0.14,0.18435556
6,7,2002,2002-07-20,0.08,0.18137878
6,7,2002,2002-07-28,0.08,0.11309314
6,7,2002,2002-08-05,0.04,0.11082548
6,7,2002,2002-08-13,0.15,0.07711047
6,7,2002,2002-08-21,0.15,0.16527498
6,7,2002,2002-08-29,0.04,0.17467785
6,7,2002,2002-09-06,0.04,0.099059984
6,7,2002,2002-09-14,0.12,0.08735132
6,7,2002,2002-09-22,0.21,0.16701591
6,7,2002,2002-09-30,0.3,0.2697005
6,7,2002,2002-10-08,0.49,0.36769146
6,7,2002,2002-10-16,0.48,0.5430985
6,7,2002,2002-10-24,0.46,0.5265801
6,7,2002,2002-11-01,0.55,0.47168356
6,7,2002,2002-11-09,0.42,0.51933527
6,7,2002,2002-11-17,0.48,0.438599
6,7,2002,2002-11-25,0.43,0.416402
6,7,2002,2002-12-03,0.31,0.3815813
6,7,2002,2002-12-11,0.2,0.27358195
6,7,2002,2002-12-19,0.07,0.14491692
6,7,2002,2002-12-27,0.08,0.04998812
6,7,2003,2003-07-04,0.1,0.112754956
6,7,2003,2003-07-12,0.14,0.13673805
6,7,2003,2003-07-20,0.19,0.17741492
6,7,2003,2003-07-28,0.14,0.20445514
6,7,2003,2003-08-05,0.11,0.1654074
6,7,2003,2003-08-13,0.06,0.12260795
6,7,2003,2003-08-21,0.16,0.10550155
6,7,2003,2003-08-29,0.17,0.18687184
6,7,2003,2003-09-06,0.16,0.17960836
6,7,2003,2003-09-14,0.26,0.17021982
6,7,2003,2003-09-22,0.3,0.266832
6,7,2003,2003-09-30,0.35,0.3343412
6,7,2003,2003-10-08,0.48,0.39504758
6,7,2003,2003-10-16,0.48,0.5320862
6,7,2003,2003-10-24,0.43,0.51612574
6,7,2003,2003-11-01,0.56,0.43012634
6,7,2003,2003-11-09,0.39,0.5438625
6,7,2003,2003-11-17,0.41,0.3760326
6,7,2003,2003-11-25,0.28,0.3664866
6,7,2003,2003-12-03,0.28,0.2385292
6,7,2003,2003-12-11,0.1,0.23113744
6,7,2003,2003-12-19,0.03,0.085724294
6,7,2003,2003-12-27,0.02,0.028541416
6,7,2004,2004-07-03,0.1,0.12358867
6,7,2004,2004-07-11,0.08,0.13100033
6,7,2004,2004-07-19,0.04,0.13307908
6,7,2004,2004-07-27,0.06,0.10656574
6,7,2004,2004-08-04,0.06,0.10427937
6,7,2004,2004-08-12,0.08,0.09824623
6,7,2004,2004-08-20,0.06,0.10463488
6,7,2004,2004-08-28,0.11,0.11524247
6,7,2004,2004-09-05,0.15,0.15839149
6,7,2004,2004-09-13,0.28,0.19056627
6,7,2004,2004-09-21,0.39,0.3274506
6,7,2004,2004-09-29,0.47,0.43159103
6,7,2004,2004-10-07,0.5,0.5040992
6,7,2004,2004-10-15,0.5,0.5364152
6,7,2004,2004-10-23,0.52,0.5102915
6,7,2004,2004-10-31,0.51,0.48802954
6,7,2004,2004-11-08,0.41,0.50290316
6,7,2004,2004-11-16,0.42,0.3659908
6,7,2004,2004-11-24,0.3,0.35656914
6,7,2004,2004-12-02,0.2,0.23989354
6,7,2004,2004-12-10,0.07,0.17451672
6,7,2004,2004-12-18,0.07,0.05224943
6,7,2004,2004-12-26,0.05,0.055906802
6,7,2005,2005-07-04,0.14,0.0858005
6,7,2005,2005-07-12,0.14,0.15457144
6,7,2005,2005-07-20,0.12,0.15927729
6,7,2005,2005-07-28,0.09,0.1309292
6,7,2005,2005-08-05,0.15,0.103745
6,7,2005,2005-08-13,0.04,0.1500364
6,7,2005,2005-08-21,0.11,0.08070353
6,7,2005,2005-08-29,0.13,0.11809465
6,7,2005,2005-09-06,0.16,0.14634232
6,7,2005,2005-09-14,0.24,0.19185212
6,7,2005,2005-09-22,0.36,0.2842104
6,7,2005,2005-09-30,0.42,0.40865013
6,7,2005,2005-10-08,0.5,0.46607196
6,7,2005,2005-10-16,0.58,0.51155496
6,7,2005,2005-10-24,0.6,0.5570872
6,7,2005,2005-11-01,0.59,0.56622803
6,7,2005,2005-11-09,0.54,0.5365
6,7,2005,2005-11-17,0.54,0.4460914
6,7,2005,2005-11-25,0.51,0.44461688
6,7,2005,2005-12-03,0.46,0.4013808
6,7,2005,2005-12-11,0.36,0.34813944
6,7,2005,2005-12-19,0.21,0.24159819
6,7,2005,2005-12-27,0.25,0.14220735
6,7,2006,2006-07-04,0.18,0.09326476
6,7,2006,2006-07-12,0.18,0.21687034
6,7,2006,2006-07-20,0.11,0.22677514
6,7,2006,2006-07-28,0.09,0.1578761
6,7,2006,2006-08-05,0.23,0.11220078
6,7,2006,2006-08-13,0.28,0.2428836
6,7,2006,2006-08-21,0.2,0.27907395
6,7,2006,2006-08-29,0.22,0.23328142
6,7,2006,2006-09-06,0.17,0.22927554
6,7,2006,2006-09-14,0.21,0.19751017
6,7,2006,2006-09-22,0.34,0.24825178
6,7,2006,2006-09-30,0.41,0.39001554
6,7,2006,2006-10-08,0.48,0.46978855
6,7,2006,2006-10-16,0.49,0.5280863
6,7,2006,2006-10-24,0.44,0.52842873
6,7,2006,2006-11-01,0.53,0.46025223
6,7,2006,2006-11-09,0.52,0.51157665
6,7,2006,2006-11-17,0.51,0.4934343
6,7,2006,2006-11-25,0.39,0.4840137
6,7,2006,2006-12-03,0.28,0.35022607
6,7,2006,2006-12-11,0.24,0.22872978
6,7,2006,2006-12-19,0.2,0.17914033
6,7,2006,2006-12-27,0.08,0.15554112
6,7,2007,2007-07-04,0.1,0.06553057
6,7,2007,2007-07-12,0.13,0.16153985
6,7,2007,2007-07-20,0.09,0.19312586
6,7,2007,2007-07-28,0.27,0.14340019
6,7,2007,2007-08-05,0.27,0.273204
6,7,2007,2007-08-13,0.31,0.32000488
6,7,2007,2007-08-21,0.19,0.370963
6,7,2007,2007-08-29,0.29,0.23331599
6,7,2007,2007-09-06,0.24,0.2890821
6,7,2007,2007-09-14,0.26,0.24998945
6,7,2007,2007-09-22,0.3,0.2846394
6,7,2007,2007-09-30,0.39,0.34437406
6,7,2007,2007-10-08,0.39,0.44722384
6,7,2007,2007-10-16,0.47,0.45601535
6,7,2007,2007-10-24,0.49,0.5015009
6,7,2007,2007-11-01,0.59,0.49275813
6,7,2007,2007-11-09,0.52,0.5989841
6,7,2007,2007-11-17,0.55,0.52719504
6,7,2007,2007-11-25,0.52,0.52491367
6,7,2007,2007-12-03,0.59,0.45094448
6,7,2007,2007-12-11,0.44,0.5057906
6,7,2007,2007-12-19,0.36,0.3792886
6,7,2007,2007-12-27,0.23,0.29276538
6,7,2008,2008-07-03,0.14,0.102462515
6,7,2008,2008-07-11,0.15,0.17946959
6,7,2008,2008-07-19,0.21,0.20216247
6,7,2008,2008-07-27,0.2,0.2367752
6,7,2008,2008-08-04,0.25,0.2689168
6,7,2008,2008-08-12,0.19,0.30733228
6,7,2008,2008-08-20,0.26,0.2584606
6,7,2008,2008-08-28,0.33,0.26816374
6,7,2008,2008-09-05,0.28,0.35807532
6,7,2008,2008-09-13,0.28,0.3211776
6,7,2008,2008-09-21,0.35,0.30175483
6,7,2008,2008-09-29,0.36,0.36454827
6,7,2008,2008-10-07,0.44,0.41102406
6,7,2008,2008-10-15,0.48,0.471139
6,7,2008,2008-10-23,0.56,0.5142542
6,7,2008,2008-10-31,0.63,0.5780668
6,7,2008,2008-11-08,0.59,0.6496601
6,7,2008,2008-11-16,0.6,0.58277917
6,7,2008,2008-11-24,0.56,0.56840765
6,7,2008,2008-12-02,0.54,0.5086937
6,7,2008,2008-12-10,0.59,0.5155071
6,7,2008,2008-12-18,0.47,0.52230394
6,7,2008,2008-12-26,0.36,0.40664735
6,7,2009,2009-07-04,0.02,0.06488502
6,7,2009,2009-07-12,0.08,0.088421434
6,7,2009,2009-07-20,0.19,0.13797647
6,7,2009,2009-07-28,0.18,0.24945949
6,7,2009,2009-08-05,0.29,0.24769542
6,7,2009,2009-08-13,0.32,0.34194094
6,7,2009,2009-08-21,0.32,0.348828
6,7,2009,2009-08-29,0.36,0.36277318
6,7,2009,2009-09-06,0.39,0.3980376
6,7,2009,2009-09-14,0.44,0.40986043
6,7,2009,2009-09-22,0.38,0.4461691
6,7,2009,2009-09-30,0.48,0.40840662
6,7,2009,2009-10-08,0.5,0.48470348
6,7,2009,2009-10-16,0.59,0.52239037
6,7,2009,2009-10-24,0.51,0.60696644
6,7,2009,2009-11-01,0.54,0.54156506
6,7,2009,2009-11-09,0.55,0.5532477
6,7,2009,2009-11-17,0.6,0.53379124
6,7,2009,2009-11-25,0.47,0.5893988
6,7,2009,2009-12-03,0.39,0.450624
6,7,2009,2009-12-11,0.33,0.3394447
6,7,2009,2009-12-19,0.16,0.29278913
6,7,2009,2009-12-27,0.04,0.15981409
6,7,2010,2010-07-04,0.0,0.10303432
6,7,2010,2010-07-12,0.14,0.048925757
6,7,2010,2010-07-20,0.27,0.16713038
6,7,2010,2010-07-28,0.18,0.3087914
6,7,2010,2010-08-05,0.24,0.2555549
6,7,2010,2010-08-13,0.22,0.29255283
6,7,2010,2010-08-21,0.17,0.27282828
6,7,2010,2010-08-29,0.18,0.23105213
6,7,2010,2010-09-06,0.18,0.22781266
6,7,2010,2010-09-14,0.25,0.24085963
6,7,2010,2010-09-22,0.29,0.31731293
6,7,2010,2010-09-30,0.41,0.33795094
6,7,2010,2010-10-08,0.51,0.46379536
6,7,2010,2010-10-16,0.51,0.54734427
6,7,2010,2010-10-24,0.59,0.55791205
6,7,2010,2010-11-01,0.64,0.57713985
6,7,2010,2010-11-09,0.64,0.61950356
6,7,2010,2010-11-17,0.68,0.6175884
6,7,2010,2010-11-25,0.69,0.6548632
6,7,2010,2010-12-03,0.68,0.6197423
6,7,2010,2010-12-11,0.65,0.58801365
6,7,2010,2010-12-19,0.53,0.5432538
6,7,2010,2010-12-27,0.43,0.39957762
6,7,2011,2011-07-04,0.01,0.06688663
6,7,2011,2011-07-12,0.1,0.0486297
6,7,2011,2011-07-20,0.09,0.15313092
6,7,2011,2011-07-28,0.24,0.18476757
6,7,2011,2011-08-05,0.24,0.29244262
6,7,2011,2011-08-13,0.35,0.3042154
6,7,2011,2011-08-21,0.33,0.38814405
6,7,2011,2011-08-29,0.36,0.35526854
6,7,2011,2011-09-06,0.32,0.37096754
6,7,2011,2011-09-14,0.44,0.33068526
6,7,2011,2011-09-22,0.47,0.45234805
6,7,2011,2011-09-30,0.48,0.49376595
6,7,2011,2011-10-08,0.52,0.5261086
6,7,2011,2011-10-16,0.55,0.5589084
6,7,2011,2011-10-24,0.55,0.5701138
6,7,2011,2011-11-01,0.64,0.5728512
6,7,2011,2011-11-09,0.66,0.6524241
6,7,2011,2011-11-17,0.67,0.66194713
6,7,2011,2011-11-25,0.57,0.6669883
6,7,2011,2011-12-03,0.56,0.54557943
6,7,2011,2011-12-11,0.35,0.50747395
6,7,2011,2011-12-19,0.23,0.2915284
6,7,2011,2011-12-27,0.04,0.15375735
6,7,2012,2012-07-03,0.13,0.040644586
6,7,2012,2012-07-11,0.12,0.14054142
6,7,2012,2012-07-19,0.14,0.16165912
6,7,2012,2012-07-27,0.14,0.18091962
6,7,2012,2012-08-04,0.24,0.20871094
6,7,2012,2012-08-12,0.25,0.2921741
6,7,2012,2012-08-20,0.16,0.32891786
6,7,2012,2012-08-28,0.12,0.23694667
6,7,2012,2012-09-05,0.25,0.17564052
6,7,2012,2012-09-13,0.34,0.2752195
6,7,2012,2012-09-21,0.27,0.4102292
6,7,2012,2012-09-29,0.4,0.36451015
6,7,2012,2012-10-07,0.47,0.43973058
6,7,2012,2012-10-15,0.58,0.5052786
6,7,2012,2012-10-23,0.58,0.6111767
6,7,2012,2012-10-31,0.55,0.5928161
6,7,2012,2012-11-08,0.54,0.5625154
6,7,2012,2012-11-16,0.63,0.528854
6,7,2012,2012-11-24,0.52,0.6181439
6,7,2012,2012-12-02,0.22,0.48811892
6,7,2012,2012-12-10,0.27,0.18565771
6,7,2012,2012-12-18,0.1,0.13946362
6,7,2012,2012-12-26,0.02,0.06318498
6,8,2001,2001-07-04,0.18,0.18511918
6,8,2001,2001-07-12,0.12,0.25381786
6,8,2001,2001-07-20,0.09,0.19075282
6,8,2001,2001-07-28,0.08,0.10846019
6,8,2001,2001-08-05,0.03,0.0820041
6,8,2001,2001-08-13,0.04,0.055470288
6,8,2001,2001-08-21,0.06,0.06597322
6,8,2001,2001-08-29,0.13,0.093380004
6,8,2001,2001-09-06,0.16,0.17003392
6,8,2001,2001-09-14,0.23,0.19557773
6,8,2001,2001-09-22,0.25,0.2932738
6,8,2001,2001-09-30,0.43,0.33541754
6,8,2001,2001-10-08,0.51,0.49419314
6,8,2001,2001-10-16,0.57,0.548396
6,8,2001,2001-10-24,0.56,0.5803509
6,8,2001,2001-11-01,0.54,0.5438249
6,8,2001,2001-11-09,0.5,0.5476572
6,8,2001,2001-11-17,0.34,0.44182068
6,8,2001,2001-11-25,0.35,0.23889753
6,8,2001,2001-12-03,0.24,0.23228714
6,8,2001,2001-12-11,0.1,0.16521402
6,8,2001,2001-12-19,0.03,0.07344648
6,8,2001,2001-12-27,0.0,0.02566725
6,8,2002,2002-07-04,0.09,0.22901642
6,8,2002,2002-07-12,0.12,0.13107477
6,8,2002,2002-07-20,0.06,0.11919457
6,8,2002,2002-07-28,0.04,0.08094314
6,8,2002,2002-08-05,0.02,0.070268184
6,8,2002,2002-08-13,0.16,0.044770688
6,8,2002,2002-08-21,0.16,0.16860735
6,8,2002,2002-08-29,0.03,0.18050653
6,8,2002,2002-09-06,0.05,0.093048394
6,8,2002,2002-09-14,0.14,0.093259424
6,8,2002,2002-09-22,0.24,0.18623067
6,8,2002,2002-09-30,0.32,0.2904706
6,8,2002,2002-10-08,0.47,0.3999732
6,8,2002,2002-10-16,0.53,0.52355886
6,8,2002,2002-10-24,0.47,0.5556439
6,8,2002,2002-11-01,0.54,0.45913178
6,8,2002,2002-11-09,0.34,0.47873405
6,8,2002,2002-11-17,0.35,0.28122878
6,8,2002,2002-11-25,0.26,0.23084868
6,8,2002,2002-12-03,0.13,0.18933424
6,8,2002,2002-12-11,0.14,0.10519597
6,8,2002,2002-12-19,0.01,0.09284845
6,8,2002,2002-12-27,0.01,0.017367363
6,8,2003,2003-07-04,0.03,0.08425823
6,8,2003,2003-07-12,0.05,0.07803729
6,8,2003,2003-07-20,0.02,0.104026064
6,8,2003,2003-07-28,0.05,0.06699324
6,8,2003,2003-08-05,0.04,0.08912364
6,8,2003,2003-08-13,0.03,0.075005144
6,8,2003,2003-08-21,0.15,0.10937162
6,8,2003,2003-08-29,0.32,0.21408711
6,8,2003,2003-09-06,0.35,0.33548695
6,8,2003,2003-09-14,0.41,0.36411592
6,8,2003,2003-09-22,0.47,0.42378926
6,8,2003,2003-09-30,0.5,0.4799891
6,8,2003,2003-10-08,0.56,0.5042286
6,8,2003,2003-10-16,0.63,0.56941426
6,8,2003,2003-10-24,0.57,0.6183859
6,8,2003,2003-11-01,0.53,0.5133551
6,8,2003,2003-11-09,0.35,0.4579149
6,8,2003,2003-11-17,0.29,0.21976958
6,8,2003,2003-11-25,0.15,0.1839058
6,8,2003,2003-12-03,0.1,0.09575127
6,8,2003,2003-12-11,0.03,0.07123178
6,8,2003,2003-12-19,0.01,0.05124858
6,8,2003,2003-12-27,0.0,0.029415518
6,8,2004,2004-07-03,0.08,0.059815854
6,8,2004,2004-07-11,0.06,0.09383747
6,8,2004,2004-07-19,0.06,0.088974744
6,8,2004,2004-07-27,0.09,0.082240045
6,8,2004,2004-08-04,0.1,0.10946241
6,8,2004,2004-08-12,0.14,0.118234485
6,8,2004,2004-08-20,0.11,0.14920184
6,8,2004,2004-08-28,0.2,0.15369986
6,8,2004,2004-09-05,0.26,0.26829672
6,8,2004,2004-09-13,0.33,0.3196865
6,8,2004,2004-09-21,0.5,0.38132283
6,8,2004,2004-09-29,0.57,0.5229121
6,8,2004,2004-10-07,0.58,0.5741165
6,8,2004,2004-10-15,0.59,0.57197785
6,8,2004,2004-10-23,0.56,0.56500614
6,8,2004,2004-10-31,0.42,0.49820143
6,8,2004,2004-11-08,0.32,0.33823743
6,8,2004,2004-11-16,0.37,0.19186187
6,8,2004,2004-11-24,0.17,0.25419414
6,8,2004,2004-12-02,0.03,0.12672278
6,8,2004,2004-12-10,0.0,0.030470878
6,8,2004,2004-12-18,0.0,0.00502792
6,8,2004,2004-12-26,0.0,0.018114358
6,8,2005,2005-07-04,0.12,0.06905636
6,8,2005,2005-07-12,0.1,0.13546947
6,8,2005,2005-07-20,0.11,0.13016453
6,8,2005,2005-07-28,0.06,0.1386781
6,8,2005,2005-08-05,0.1,0.09931174
6,8,2005,2005-08-13,0.08,0.13325542
6,8,2005,2005-08-21,0.13,0.12759736
6,8,2005,2005-08-29,0.21,0.16257086
6,8,2005,2005-09-06,0.27,0.25374264
6,8,2005,2005-09-14,0.41,0.3239199
6,8,2005,2005-09-22,0.47,0.455323
6,8,2005,2005-09-30,0.61,0.5273634
6,8,2005,2005-10-08,0.65,0.63473976
6,8,2005,2005-10-16,0.68,0.6381763
6,8,2005,2005-10-24,0.77,0.6401768
6,8,2005,2005-11-01,0.66,0.70015824
6,8,2005,2005-11-09,0.62,0.5457014
6,8,2005,2005-11-17,0.5,0.4572415
6,8,2005,2005-11-25,0.26,0.36368096
6,8,2005,2005-12-03,0.24,0.14908029
6,8,2005,2005-12-11,0.07,0.112358004
6,8,2005,2005-12-19,0.02,0.036768317
6,8,2005,2005-12-27,0.04,0.031236589
6,8,2006,2006-07-04,0.3,0.117925
6,8,2006,2006-07-12,0.26,0.2978222
6,8,2006,2006-07-20,0.2,0.26800844
6,8,2006,2006-07-28,0.14,0.20120339
6,8,2006,2006-08-05,0.24,0.119751364
6,8,2006,2006-08-13,0.4,0.2127871
6,8,2006,2006-08-21,0.3,0.3599239
6,8,2006,2006-08-29,0.42,0.30759132
6,8,2006,2006-09-06,0.34,0.39366236
6,8,2006,2006-09-14,0.38,0.3325146
6,8,2006,2006-09-22,0.53,0.3841015
6,8,2006,2006-09-30,0.65,0.5132255
6,8,2006,2006-10-08,0.68,0.64602107
6,8,2006,2006-10-16,0.58,0.6558715
6,8,2006,2006-10-24,0.53,0.537328
6,8,2006,2006-11-01,0.55,0.46369928
6,8,2006,2006-11-09,0.5,0.44283152
6,8,2006,2006-11-17,0.37,0.40681857
6,8,2006,2006-11-25,0.22,0.26269433
6,8,2006,2006-12-03,0.11,0.10077706
6,8,2006,2006-12-11,0.02,0.05753547
6,8,2006,2006-12-19,0.0,0.0071353316
6,8,2006,2006-12-27,0.0,0.0074202716
6,8,2007,2007-07-04,0.05,0.11100885
6,8,2007,2007-07-12,0.14,0.15132129
6,8,2007,2007-07-20,0.13,0.21778306
6,8,2007,2007-07-28,0.25,0.19682264
6,8,2007,2007-08-05,0.25,0.27511358
6,8,2007,2007-08-13,0.25,0.3047736
6,8,2007,2007-08-21,0.16,0.34726402
6,8,2007,2007-08-29,0.28,0.23223557
6,8,2007,2007-09-06,0.35,0.3384915
6,8,2007,2007-09-14,0.36,0.38794824
6,8,2007,2007-09-22,0.41,0.41971624
6,8,2007,2007-09-30,0.5,0.4783926
6,8,2007,2007-10-08,0.59,0.57484007
6,8,2007,2007-10-16,0.59,0.64283705
6,8,2007,2007-10-24,0.68,0.59722793
6,8,2007,2007-11-01,0.75,0.64498353
6,8,2007,2007-11-09,0.72,0.7168211
6,8,2007,2007-11-17,0.66,0.67899257
6,8,2007,2007-11-25,0.57,0.5649425
6,8,2007,2007-12-03,0.56,0.4185122
6,8,2007,2007-12-11,0.37,0.40799558
6,8,2007,2007-12-19,0.17,0.27204818
6,8,2007,2007-12-27,0.08,0.12651974
6,8,2008,2008-07-03,0.09,0.09418762
6,8,2008,2008-07-11,0.13,0.12334162
6,8,2008,2008-07-19,0.18,0.18282516
6,8,2008,2008-07-27,0.2,0.2241731
6,8,2008,2008-08-04,0.3,0.27140507
6,8,2008,2008-08-12,0.31,0.35035557
6,8,2008,2008-08-20,0.32,0.35722807
6,8,2008,2008-08-28,0.37,0.33047274
6,8,2008,2008-09-05,0.46,0.39231575
6,8,2008,2008-09-13,0.46,0.49228284
6,8,2008,2008-09-21,0.53,0.49457186
6,8,2008,2008-09-29,0.48,0.5434399
6,8,2008,2008-10-07,0.56,0.5081295
6,8,2008,2008-10-15,0.61,0.58477974
6,8,2008,2008-10-23,0.69,0.6152835
6,8,2008,2008-10-31,0.72,0.7033443
6,8,2008,2008-11-08,0.69,0.72670877
6,8,2008,2008-11-16,0.52,0.6685711
6,8,2008,2008-11-24,0.44,0.44115806
6,8,2008,2008-12-02,0.4,0.2986867
6,8,2008,2008-12-10,0.44,0.29949552
6,8,2008,2008-12-18,0.28,0.3611792
6,8,2008,2008-12-26,0.19,0.21946432
6,8,2009,2009-07-04,0.01,0.052764803
6,8,2009,2009-07-12,0.07,0.062418133
6,8,2009,2009-07-20,0.09,0.11754981
6,8,2009,2009-07-28,0.19,0.14992514
6,8,2009,2009-08-05,0.24,0.23973005
6,8,2009,2009-08-13,0.25,0.3060602
6,8,2009,2009-08-21,0.25,0.3131387
6,8,2009,2009-08-29,0.35,0.29421592
6,8,2009,2009-09-06,0.53,0.3804617
6,8,2009,2009-09-14,0.53,0.5616727
6,8,2009,2009-09-22,0.55,0.5603919
6,8,2009,2009-09-30,0.64,0.5592182
6,8,2009,2009-10-08,0.68,0.601572
6,8,2009,2009-10-16,0.68,0.6590042
6,8,2009,2009-10-24,0.63,0.6592281
6,8,2009,2009-11-01,0.61,0.60893875
6,8,2009,2009-11-09,0.54,0.569916
6,8,2009,2009-11-17,0.49,0.47786495
6,8,2009,2009-11-25,0.45,0.37664276
6,8,2009,2009-12-03,0.3,0.33482257
6,8,2009,2009-12-11,0.18,0.23384804
6,8,2009,2009-12-19,0.02,0.16321674
6,8,2009,2009-12-27,0.0,0.03658247
6,8,2010,2010-07-04,0.03,0.118039414
6,8,2010,2010-07-12,0.12,0.0668889
6,8,2010,2010-07-20,0.2,0.15191355
6,8,2010,2010-07-28,0.22,0.22793067
6,8,2010,2010-08-05,0.21,0.285372
6,8,2010,2010-08-13,0.22,0.28109077
6,8,2010,2010-08-21,0.16,0.27567855
6,8,2010,2010-08-29,0.12,0.21864554
6,8,2010,2010-09-06,0.15,0.19866072
6,8,2010,2010-09-14,0.27,0.26338264
6,8,2010,2010-09-22,0.33,0.37199974
6,8,2010,2010-09-30,0.51,0.42836368
6,8,2010,2010-10-08,0.62,0.5896854
6,8,2010,2010-10-16,0.67,0.67188597
6,8,2010,2010-10-24,0.78,0.6960788
6,8,2010,2010-11-01,0.85,0.75834656
6,8,2010,2010-11-09,0.84,0.8072792
6,8,2010,2010-11-17,0.84,0.7736769
6,8,2010,2010-11-25,0.83,0.7486162
6,8,2010,2010-12-03,0.72,0.72501457
6,8,2010,2010-12-11,0.74,0.5825003
6,8,2010,2010-12-19,0.45,0.5728424
6,8,2010,2010-12-27,0.36,0.30137768
6,8,2011,2011-07-04,0.0,0.04863152
6,8,2011,2011-07-12,0.01,0.04031515
6,8,2011,2011-07-20,0.01,0.070400745
6,8,2011,2011-07-28,0.08,0.09077743
6,8,2011,2011-08-05,0.16,0.15451656
6,8,2011,2011-08-13,0.3,0.21937446
6,8,2011,2011-08-21,0.35,0.3462442
6,8,2011,2011-08-29,0.45,0.3787341
6,8,2011,2011-09-06,0.45,0.44593835
6,8,2011,2011-09-14,0.46,0.44826594
6,8,2011,2011-09-22,0.52,0.47801104
6,8,2011,2011-09-30,0.56,0.5294697
6,8,2011,2011-10-08,0.56,0.5988996
6,8,2011,2011-10-16,0.53,0.6062062
6,8,2011,2011-10-24,0.48,0.5597639
6,8,2011,2011-11-01,0.52,0.50449187
6,8,2011,2011-11-09,0.66,0.5433449
6,8,2011,2011-11-17,0.66,0.67987454
6,8,2011,2011-11-25,0.56,0.6740254
6,8,2011,2011-12-03,0.5,0.5457711
6,8,2011,2011-12-11,0.26,0.39958116
6,8,2011,2011-12-19,0.16,0.1852315
6,8,2011,2011-12-27,0.01,0.0702087
6,8,2012,2012-07-03,0.1,0.041362345
6,8,2012,2012-07-11,0.06,0.117547885
6,8,2012,2012-07-19,0.12,0.09308168
6,8,2012,2012-07-27,0.1,0.14274177
6,8,2012,2012-08-04,0.21,0.14170092
6,8,2012,2012-08-12,0.31,0.25847816
6,8,2012,2012-08-20,0.11,0.37977108
6,8,2012,2012-08-28,0.08,0.23765159
6,8,2012,2012-09-05,0.28,0.16822347
6,8,2012,2012-09-13,0.5,0.3296612
6,8,2012,2012-09-21,0.38,0.55364835
6,8,2012,2012-09-29,0.51,0.4801097
6,8,2012,2012-10-07,0.54,0.53951716
6,8,2012,2012-10-15,0.61,0.54828715
6,8,2012,2012-10-23,0.6,0.6087445
6,8,2012,2012-10-31,0.57,0.57041276
6,8,2012,2012-11-08,0.5,0.54308736
6,8,2012,2012-11-16,0.54,0.49944818
6,8,2012,2012-11-24,0.49,0.5307137
6,8,2012,2012-12-02,0.38,0.4570894
6,8,2012,2012-12-10,0.29,0.3317613
6,8,2012,2012-12-18,0.06,0.1873254
6,8,2012,2012-12-26,0.02,0.040230066
6,9,2001,2001-07-04,0.2,0.17658482
6,9,2001,2001-07-12,0.18,0.19215517
6,9,2001,2001-07-20,0.15,0.17554611
6,9,2001,2001-07-28,0.12,0.15983605
6,9,2001,2001-08-05,0.08,0.13991429
6,9,2001,2001-08-13,0.06,0.11159088
6,9,2001,2001-08-21,0.11,0.10157488
6,9,2001,2001-08-29,0.13,0.1809113
6,9,2001,2001-09-06,0.19,0.21942048
6,9,2001,2001-09-14,0.32,0.25145805
6,9,2001,2001-09-22,0.43,0.38312632
6,9,2001,2001-09-30,0.53,0.48991537
6,9,2001,2001-10-08,0.49,0.5063524
6,9,2001,2001-10-16,0.51,0.44785485
6,9,2001,2001-10-24,0.43,0.4235747
6,9,2001,2001-11-01,0.26,0.33365136
6,9,2001,2001-11-09,0.25,0.21605036
6,9,2001,2001-11-17,0.14,0.17789127
6,9,2001,2001-11-25,0.1,0.12910743
6,9,2001,2001-12-03,0.12,0.12942803
6,9,2001,2001-12-11,0.13,0.14570834
6,9,2001,2001-12-19,0.12,0.17682157
6,9,2001,2001-12-27,0.11,0.15779752
6,9,2002,2002-07-04,0.32,0.50046474
6,9,2002,2002-07-12,0.21,0.28005776
6,9,2002,2002-07-20,0.17,0.15044673
6,9,2002,2002-07-28,0.16,0.1416333
6,9,2002,2002-08-05,0.16,0.16060838
6,9,2002,2002-08-13,0.19,0.16992936
6,9,2002,2002-08-21,0.19,0.19698077
6,9,2002,2002-08-29,0.16,0.21552762
6,9,2002,2002-09-06,0.16,0.1970529
6,9,2002,2002-09-14,0.24,0.20282203
6,9,2002,2002-09-22,0.36,0.29578286
6,9,2002,2002-09-30,0.4,0.41991907
6,9,2002,2002-10-08,0.48,0.45941782
6,9,2002,2002-10-16,0.5,0.4796571
6,9,2002,2002-10-24,0.34,0.47732604
6,9,2002,2002-11-01,0.35,0.30996183
6,9,2002,2002-11-09,0.15,0.24647081
6,9,2002,2002-11-17,0.21,0.12769812
6,9,2002,2002-11-25,0.2,0.16661364
6,9,2002,2002-12-03,0.17,0.18143362
6,9,2002,2002-12-11,0.15,0.19181061
6,9,2002,2002-12-19,0.16,0.17691164
6,9,2002,2002-12-27,0.2,0.18415496
6,9,2003,2003-07-04,0.25,0.2493217
6,9,2003,2003-07-12,0.24,0.2230995
6,9,2003,2003-07-20,0.18,0.20824583
6,9,2003,2003-07-28,0.23,0.17741784
6,9,2003,2003-08-05,0.2,0.22177109
6,9,2003,2003-08-13,0.18,0.21675688
6,9,2003,2003-08-21,0.23,0.21148708
6,9,2003,2003-08-29,0.41,0.24416143
6,9,2003,2003-09-06,0.46,0.3893051
6,9,2003,2003-09-14,0.55,0.43852466
6,9,2003,2003-09-22,0.57,0.5170387
6,9,2003,2003-09-30,0.51,0.54106635
6,9,2003,2003-10-08,0.46,0.48205948
6,9,2003,2003-10-16,0.31,0.42457688
6,9,2003,2003-10-24,0.2,0.2889409
6,9,2003,2003-11-01,0.2,0.15902622
6,9,2003,2003-11-09,0.16,0.17372577
6,9,2003,2003-11-17,0.2,0.14441016
6,9,2003,2003-11-25,0.21,0.20907816
6,9,2003,2003-12-03,0.19,0.22989126
6,9,2003,2003-12-11,0.2,0.21741915
6,9,2003,2003-12-19,0.16,0.21166551
6,9,2003,2003-12-27,0.15,0.18808722
6,9,2004,2004-07-03,0.24,0.20420353
6,9,2004,2004-07-11,0.22,0.23378915
6,9,2004,2004-07-19,0.22,0.23801295
6,9,2004,2004-07-27,0.21,0.22394608
6,9,2004,2004-08-04,0.21,0.22910371
6,9,2004,2004-08-12,0.24,0.22736669
6,9,2004,2004-08-20,0.24,0.24620037
6,9,2004,2004-08-28,0.28,0.2613048
6,9,2004,2004-09-05,0.46,0.3327328
6,9,2004,2004-09-13,0.52,0.48067272
6,9,2004,2004-09-21,0.52,0.53994715
6,9,2004,2004-09-29,0.55,0.5186274
6,9,2004,2004-10-07,0.46,0.49620837
6,9,2004,2004-10-15,0.3,0.39867765
6,9,2004,2004-10-23,0.27,0.228697
6,9,2004,2004-10-31,0.2,0.1806132
6,9,2004,2004-11-08,0.19,0.17059273
6,9,2004,2004-11-16,0.24,0.18574569
6,9,2004,2004-11-24,0.22,0.24486375
6,9,2004,2004-12-02,0.22,0.2478697
6,9,2004,2004-12-10,0.22,0.23819765
6,9,2004,2004-12-18,0.26,0.23396316
6,9,2004,2004-12-26,0.24,0.25820452
6,9,2005,2005-07-04,0.29,0.26265627
6,9,2005,2005-07-12,0.27,0.2452929
6,9,2005,2005-07-20,0.24,0.25681975
6,9,2005,2005-07-28,0.24,0.24027747
6,9,2005,2005-08-05,0.24,0.23888579
6,9,2005,2005-08-13,0.23,0.24362326
6,9,2005,2005-08-21,0.23,0.24664032
6,9,2005,2005-08-29,0.27,0.24571463
6,9,2005,2005-09-06,0.38,0.28406373
6,9,2005,2005-09-14,0.52,0.41548193
6,9,2005,2005-09-22,0.6,0.5373338
6,9,2005,2005-09-30,0.61,0.58883893
6,9,2005,2005-10-08,0.57,0.58606255
6,9,2005,2005-10-16,0.45,0.51426214
6,9,2005,2005-10-24,0.5,0.3618242
6,9,2005,2005-11-01,0.29,0.38938513
6,9,2005,2005-11-09,0.27,0.24878165
6,9,2005,2005-11-17,0.25,0.22478722
6,9,2005,2005-11-25,0.22,0.22859856
6,9,2005,2005-12-03,0.22,0.2308431
6,9,2005,2005-12-11,0.26,0.22835073
6,9,2005,2005-12-19,0.22,0.2609323
6,9,2005,2005-12-27,0.31,0.2484979
6,9,2006,2006-07-04,0.24,0.2197552
6,9,2006,2006-07-12,0.22,0.2159884
6,9,2006,2006-07-20,0.2,0.2189535
6,9,2006,2006-07-28,0.2,0.21072724
6,9,2006,2006-08-05,0.21,0.20989038
6,9,2006,2006-08-13,0.29,0.22240832
6,9,2006,2006-08-21,0.31,0.2823013
6,9,2006,2006-08-29,0.42,0.30641076
6,9,2006,2006-09-06,0.46,0.3953429
6,9,2006,2006-09-14,0.53,0.45071408
6,9,2006,2006-09-22,0.7,0.52682185
6,9,2006,2006-09-30,0.61,0.6571567
6,9,2006,2006-10-08,0.51,0.58996916
6,9,2006,2006-10-16,0.38,0.4634114
6,9,2006,2006-10-24,0.3,0.28877044
6,9,2006,2006-11-01,0.22,0.24650434
6,9,2006,2006-11-09,0.22,0.17344418
6,9,2006,2006-11-17,0.19,0.18876849
6,9,2006,2006-11-25,0.18,0.18861398
6,9,2006,2006-12-03,0.17,0.19318715
6,9,2006,2006-12-11,0.21,0.1883525
6,9,2006,2006-12-19,0.21,0.22888099
6,9,2006,2006-12-27,0.3,0.2286496
6,9,2007,2007-07-04,0.18,0.19527368
6,9,2007,2007-07-12,0.21,0.1735622
6,9,2007,2007-07-20,0.19,0.20631394
6,9,2007,2007-07-28,0.22,0.20127356
6,9,2007,2007-08-05,0.22,0.22682397
6,9,2007,2007-08-13,0.21,0.23206036
6,9,2007,2007-08-21,0.25,0.24353066
6,9,2007,2007-08-29,0.4,0.2713326
6,9,2007,2007-09-06,0.4,0.40955955
6,9,2007,2007-09-14,0.52,0.42648482
6,9,2007,2007-09-22,0.55,0.51369566
6,9,2007,2007-09-30,0.58,0.5595131
6,9,2007,2007-10-08,0.51,0.55259085
6,9,2007,2007-10-16,0.41,0.45094264
6,9,2007,2007-10-24,0.38,0.3203842
6,9,2007,2007-11-01,0.22,0.28104243
6,9,2007,2007-11-09,0.27,0.18256238
6,9,2007,2007-11-17,0.24,0.22303066
6,9,2007,2007-11-25,0.2,0.22178352
6,9,2007,2007-12-03,0.21,0.20917863
6,9,2007,2007-12-11,0.18,0.20613404
6,9,2007,2007-12-19,0.16,0.20146129
6,9,2007,2007-12-27,0.17,0.18861496
6,9,2008,2008-07-03,0.22,0.19774674
6,9,2008,2008-07-11,0.21,0.198583
6,9,2008,2008-07-19,0.19,0.20878494
6,9,2008,2008-07-27,0.18,0.19647929
6,9,2008,2008-08-04,0.2,0.19827661
6,9,2008,2008-08-12,0.21,0.21222024
6,9,2008,2008-08-20,0.24,0.22173011
6,9,2008,2008-08-28,0.28,0.2515605
6,9,2008,2008-09-05,0.54,0.31396043
6,9,2008,2008-09-13,0.56,0.5111187
6,9,2008,2008-09-21,0.55,0.5567721
6,9,2008,2008-09-29,0.44,0.5379043
6,9,2008,2008-10-07,0.36,0.42199996
6,9,2008,2008-10-15,0.23,0.31130016
6,9,2008,2008-10-23,0.26,0.18963777
6,9,2008,2008-10-31,0.24,0.21404679
6,9,2008,2008-11-08,0.22,0.20227087
6,9,2008,2008-11-16,0.17,0.21951595
6,9,2008,2008-11-24,0.18,0.18420342
6,9,2008,2008-12-02,0.18,0.18419412
6,9,2008,2008-12-10,0.21,0.19090202
6,9,2008,2008-12-18,0.19,0.2137704
6,9,2008,2008-12-26,0.27,0.20007114
6,9,2009,2009-07-04,0.17,0.19980964
6,9,2009,2009-07-12,0.17,0.19228855
6,9,2009,2009-07-20,0.16,0.18795481
6,9,2009,2009-07-28,0.16,0.18068
6,9,2009,2009-08-05,0.18,0.18126902
6,9,2009,2009-08-13,0.19,0.19861253
6,9,2009,2009-08-21,0.19,0.2123057
6,9,2009,2009-08-29,0.32,0.21929729
6,9,2009,2009-09-06,0.61,0.3118305
6,9,2009,2009-09-14,0.6,0.58078384
6,9,2009,2009-09-22,0.59,0.60031927
6,9,2009,2009-09-30,0.61,0.57148325
6,9,2009,2009-10-08,0.52,0.5299935
6,9,2009,2009-10-16,0.36,0.45037633
6,9,2009,2009-10-24,0.23,0.300288
6,9,2009,2009-11-01,0.23,0.20039545
6,9,2009,2009-11-09,0.18,0.2009095
6,9,2009,2009-11-17,0.18,0.19147688
6,9,2009,2009-11-25,0.15,0.18653432
6,9,2009,2009-12-03,0.14,0.1712544
6,9,2009,2009-12-11,0.13,0.16765133
6,9,2009,2009-12-19,0.13,0.16725561
6,9,2009,2009-12-27,0.15,0.16472253
6,9,2010,2010-07-04,0.25,0.47733822
6,9,2010,2010-07-12,0.29,0.2709141
6,9,2010,2010-07-20,0.29,0.23378623
6,9,2010,2010-07-28,0.26,0.245484
6,9,2010,2010-08-05,0.22,0.26080918
6,9,2010,2010-08-13,0.23,0.22875637
6,9,2010,2010-08-21,0.18,0.23257051
6,9,2010,2010-08-29,0.19,0.20354933
6,9,2010,2010-09-06,0.2,0.23125282
6,9,2010,2010-09-14,0.31,0.29938757
6,9,2010,2010-09-22,0.41,0.3780406
6,9,2010,2010-09-30,0.61,0.44253123
6,9,2010,2010-10-08,0.62,0.59240186
6,9,2010,2010-10-16,0.56,0.59019196
6,9,2010,2010-10-24,0.66,0.50023377
6,9,2010,2010-11-01,0.61,0.52506924
6,9,2010,2010-11-09,0.45,0.5152892
6,9,2010,2010-11-17,0.43,0.39906245
6,9,2010,2010-11-25,0.4,0.3481311
6,9,2010,2010-12-03,0.29,0.33057582
6,9,2010,2010-12-11,0.24,0.27037856
6,9,2010,2010-12-19,0.15,0.21912202
6,9,2010,2010-12-27,0.29,0.16013195
6,9,2011,2011-07-04,0.2,0.22141904
6,9,2011,2011-07-12,0.2,0.18718554
6,9,2011,2011-07-20,0.21,0.19775808
6,9,2011,2011-07-28,0.18,0.22411254
6,9,2011,2011-08-05,0.21,0.20993316
6,9,2011,2011-08-13,0.38,0.21417591
6,9,2011,2011-08-21,0.41,0.3357239
6,9,2011,2011-08-29,0.51,0.37676495
6,9,2011,2011-09-06,0.58,0.44900483
6,9,2011,2011-09-14,0.49,0.50117826
6,9,2011,2011-09-22,0.26,0.47080642
6,9,2011,2011-09-30,0.29,0.30842394
6,9,2011,2011-10-08,0.29,0.30999237
6,9,2011,2011-10-16,0.24,0.32149118
6,9,2011,2011-10-24,0.19,0.28731388
6,9,2011,2011-11-01,0.22,0.24760042
6,9,2011,2011-11-09,0.21,0.25519937
6,9,2011,2011-11-17,0.22,0.23011312
6,9,2011,2011-11-25,0.25,0.23326632
6,9,2011,2011-12-03,0.29,0.25697044
6,9,2011,2011-12-11,0.39,0.27763912
6,9,2011,2011-12-19,0.41,0.342636
6,9,2011,2011-12-27,0.26,0.3569435
6,9,2012,2012-07-03,0.22,0.19008648
6,9,2012,2012-07-11,0.2,0.22171381
6,9,2012,2012-07-19,0.21,0.21726093
6,9,2012,2012-07-27,0.21,0.22493711
6,9,2012,2012-08-04,0.22,0.21697554
6,9,2012,2012-08-12,0.39,0.23047727
6,9,2012,2012-08-20,0.37,0.38768086
6,9,2012,2012-08-28,0.36,0.40137348
6,9,2012,2012-09-05,0.66,0.3946614
6,9,2012,2012-09-13,0.66,0.6116973
6,9,2012,2012-09-21,0.42,0.6127881
6,9,2012,2012-09-29,0.35,0.39387244
6,9,2012,2012-10-07,0.31,0.25765905
6,9,2012,2012-10-15,0.27,0.24745175
6,9,2012,2012-10-23,0.23,0.25183243
6,9,2012,2012-10-31,0.2,0.21676092
6,9,2012,2012-11-08,0.15,0.20416544
6,9,2012,2012-11-16,0.23,0.17570637
6,9,2012,2012-11-24,0.24,0.22818753
6,9,2012,2012-12-02,0.26,0.25508058
6,9,2012,2012-12-10,0.38,0.28212562
6,9,2012,2012-12-18,0.38,0.38083005
6,9,2012,2012-12-26,0.38,0.3968124
7,0,2001,2001-07-04,0.13,0.16837503
7,0,2001,2001-07-12,0.15,0.22639
7,0,2001,2001-07-20,0.13,0.24841738
7,0,2001,2001-07-28,0.11,0.22855522
7,0,2001,2001-08-05,0.12,0.23672968
7,0,2001,2001-08-13,0.16,0.2960824
7,0,2001,2001-08-21,0.36,0.34531677
7,0,2001,2001-08-29,0.97,0.5371812
7,0,2001,2001-09-06,0.99,1.0003973
7,0,2001,2001-09-14,0.98,0.94547963
7,0,2001,2001-09-22,0.99,0.9684204
7,0,2001,2001-09-30,0.98,0.9962592
7,0,2001,2001-10-08,0.98,0.9753128
7,0,2001,2001-10-16,0.98,0.97345924
7,0,2001,2001-10-24,0.97,0.97276723
7,0,2001,2001-11-01,0.97,0.96106005
7,0,2001,2001-11-09,0.92,0.9554434
7,0,2001,2001-11-17,0.85,0.88157284
7,0,2001,2001-11-25,0.81,0.7969271
7,0,2001,2001-12-03,0.77,0.73059535
7,0,2001,2001-12-11,0.72,0.66825914
7,0,2001,2001-12-19,0.61,0.61958075
7,0,2001,2001-12-27,0.49,0.5013828
7,0,2002,2002-07-04,0.04,0.11012986
7,0,2002,2002-07-12,0.08,0.12335166
7,0,2002,2002-07-20,0.11,0.16266984
7,0,2002,2002-07-28,0.11,0.1804618
7,0,2002,2002-08-05,0.18,0.17589754
7,0,2002,2002-08-13,0.23,0.237355
7,0,2002,2002-08-21,0.54,0.30134347
7,0,2002,2002-08-29,0.81,0.6444136
7,0,2002,2002-09-06,0.95,0.89421153
7,0,2002,2002-09-14,0.97,0.92516077
7,0,2002,2002-09-22,0.99,0.96624947
7,0,2002,2002-09-30,0.98,1.0002873
7,0,2002,2002-10-08,0.98,0.969118
7,0,2002,2002-10-16,0.96,0.9672531
7,0,2002,2002-10-24,0.97,0.93833447
7,0,2002,2002-11-01,0.96,0.9523845
7,0,2002,2002-11-09,0.93,0.94112015
7,0,2002,2002-11-17,0.85,0.8888873
7,0,2002,2002-11-25,0.77,0.7619401
7,0,2002,2002-12-03,0.68,0.65028524
7,0,2002,2002-12-11,0.66,0.54715365
7,0,2002,2002-12-19,0.54,0.5548155
7,0,2002,2002-12-27,0.47,0.43160975
7,0,2003,2003-07-04,0.1,0.059917778
7,0,2003,2003-07-12,0.07,0.16098174
7,0,2003,2003-07-20,0.13,0.15307625
7,0,2003,2003-07-28,0.28,0.21272352
7,0,2003,2003-08-05,0.16,0.35232863
7,0,2003,2003-08-13,0.11,0.27771413
7,0,2003,2003-08-21,0.17,0.19951981
7,0,2003,2003-08-29,0.25,0.31555757
7,0,2003,2003-09-06,0.28,0.46801886
7,0,2003,2003-09-14,0.36,0.49911696
7,0,2003,2003-09-22,0.62,0.5168487
7,0,2003,2003-09-30,0.89,0.7409054
7,0,2003,2003-10-08,0.89,0.9343481
7,0,2003,2003-10-16,0.89,0.9166064
7,0,2003,2003-10-24,0.85,0.90236735
7,0,2003,2003-11-01,0.82,0.82240534
7,0,2003,2003-11-09,0.71,0.7790649
7,0,2003,2003-11-17,0.62,0.6260184
7,0,2003,2003-11-25,0.53,0.4873684
7,0,2003,2003-12-03,0.41,0.37702647
7,0,2003,2003-12-11,0.21,0.2825902
7,0,2003,2003-12-19,0.08,0.13969582
7,0,2003,2003-12-27,0.03,0.045299053
7,0,2004,2004-07-03,0.01,0.0388408
7,0,2004,2004-07-11,0.01,0.07417497
7,0,2004,2004-07-19,0.03,0.06974682
7,0,2004,2004-07-27,0.17,0.09990813
7,0,2004,2004-08-04,0.17,0.26890722
7,0,2004,2004-08-12,0.44,0.25099146
7,0,2004,2004-08-20,0.6,0.46476325
7,0,2004,2004-08-28,0.67,0.61361325
7,0,2004,2004-09-05,0.73,0.6880615
7,0,2004,2004-09-13,0.85,0.72036767
7,0,2004,2004-09-21,0.99,0.82250726
7,0,2004,2004-09-29,0.95,0.9716189
7,0,2004,2004-10-07,0.95,0.96234953
7,0,2004,2004-10-15,0.89,0.94715774
7,0,2004,2004-10-23,0.81,0.8540031
7,0,2004,2004-10-31,0.81,0.7221703
7,0,2004,2004-11-08,0.68,0.7182883
7,0,2004,2004-11-16,0.59,0.5493709
7,0,2004,2004-11-24,0.41,0.43733183
7,0,2004,2004-12-02,0.25,0.24380746
7,0,2004,2004-12-10,0.12,0.12824637
7,0,2004,2004-12-18,0.04,0.037410587
7,0,2004,2004-12-26,0.03,0.0045215487
7,0,2005,2005-07-04,0.03,0.06855941
7,0,2005,2005-07-12,0.08,0.09156889
7,0,2005,2005-07-20,0.07,0.14332613
7,0,2005,2005-07-28,0.06,0.14631602
7,0,2005,2005-08-05,0.04,0.17341058
7,0,2005,2005-08-13,0.15,0.14976478
7,0,2005,2005-08-21,0.54,0.32176226
7,0,2005,2005-08-29,0.82,0.69975436
7,0,2005,2005-09-06,0.89,0.86063445
7,0,2005,2005-09-14,0.93,0.89871645
7,0,2005,2005-09-22,0.96,0.9624454
7,0,2005,2005-09-30,0.95,1.010367
7,0,2005,2005-10-08,0.97,0.9631238
7,0,2005,2005-10-16,0.96,0.971694
7,0,2005,2005-10-24,0.97,0.9262228
7,0,2005,2005-11-01,0.95,0.9233221
7,0,2005,2005-11-09,0.9,0.90597486
7,0,2005,2005-11-17,0.82,0.811363
7,0,2005,2005-11-25,0.82,0.69311583
7,0,2005,2005-12-03,0.68,0.65953827
7,0,2005,2005-12-11,0.55,0.5180966
7,0,2005,2005-12-19,0.43,0.3916852
7,0,2005,2005-12-27,0.43,0.2918504
7,0,2006,2006-07-04,0.01,0.06434044
7,0,2006,2006-07-12,0.03,0.063482165
7,0,2006,2006-07-20,0.03,0.093984574
7,0,2006,2006-07-28,0.03,0.09142536
7,0,2006,2006-08-05,0.12,0.08715436
7,0,2006,2006-08-13,0.35,0.15923597
7,0,2006,2006-08-21,0.46,0.419976
7,0,2006,2006-08-29,0.71,0.6095692
7,0,2006,2006-09-06,0.71,0.8041785
7,0,2006,2006-09-14,0.83,0.78836894
7,0,2006,2006-09-22,0.92,0.86688113
7,0,2006,2006-09-30,0.92,0.9467921
7,0,2006,2006-10-08,0.93,0.9267956
7,0,2006,2006-10-16,0.95,0.92900074
7,0,2006,2006-10-24,0.94,0.93574023
7,0,2006,2006-11-01,0.93,0.92452693
7,0,2006,2006-11-09,0.86,0.90089285
7,0,2006,2006-11-17,0.83,0.7912407
7,0,2006,2006-11-25,0.72,0.72931445
7,0,2006,2006-12-03,0.57,0.60664034
7,0,2006,2006-12-11,0.43,0.40556428
7,0,2006,2006-12-19,0.31,0.23674916
7,0,2006,2006-12-27,0.17,0.15622796
7,0,2007,2007-07-04,0.01,0.064501464
7,0,2007,2007-07-12,0.04,0.07129681
7,0,2007,2007-07-20,0.03,0.10562855
7,0,2007,2007-07-28,0.34,0.10092533
7,0,2007,2007-08-05,0.36,0.40932727
7,0,2007,2007-08-13,0.37,0.46585768
7,0,2007,2007-08-21,0.31,0.5170923
7,0,2007,2007-08-29,0.48,0.45873433
7,0,2007,2007-09-06,0.52,0.6296838
7,0,2007,2007-09-14,0.63,0.65281045
7,0,2007,2007-09-22,0.56,0.7424966
7,0,2007,2007-09-30,0.77,0.6745244
7,0,2007,2007-10-08,0.76,0.84845054
7,0,2007,2007-10-16,0.84,0.8198167
7,0,2007,2007-10-24,0.92,0.8922595
7,0,2007,2007-11-01,0.92,0.9540609
7,0,2007,2007-11-09,0.86,0.9393027
7,0,2007,2007-11-17,0.84,0.8286619
7,0,2007,2007-11-25,0.72,0.7748551
7,0,2007,2007-12-03,0.73,0.596254
7,0,2007,2007-12-11,0.56,0.5931629
7,0,2007,2007-12-19,0.35,0.4054332
7,0,2007,2007-12-27,0.27,0.22608219
7,0,2008,2008-07-03,0.02,0.06421015
7,0,2008,2008-07-11,0.02,0.07746515
7,0,2008,2008-07-19,0.08,0.087774545
7,0,2008,2008-07-27,0.23,0.14059164
7,0,2008,2008-08-04,0.38,0.37943026
7,0,2008,2008-08-12,0.54,0.52011454
7,0,2008,2008-08-20,0.6,0.6347103
7,0,2008,2008-08-28,0.73,0.6564393
7,0,2008,2008-09-05,0.8,0.78067863
7,0,2008,2008-09-13,0.77,0.83010435
7,0,2008,2008-09-21,0.75,0.81435347
7,0,2008,2008-09-29,0.85,0.7434447
7,0,2008,2008-10-07,0.88,0.8926352
7,0,2008,2008-10-15,0.89,0.8980906
7,0,2008,2008-10-23,0.9,0.9160929
7,0,2008,2008-10-31,0.87,0.9230248
7,0,2008,2008-11-08,0.82,0.8709334
7,0,2008,2008-11-16,0.8,0.7735486
7,0,2008,2008-11-24,0.76,0.7348913
7,0,2008,2008-12-02,0.66,0.66584206
7,0,2008,2008-12-10,0.65,0.5806047
7,0,2008,2008-12-18,0.55,0.52933085
7,0,2008,2008-12-26,0.42,0.4098942
7,0,2009,2009-07-04,0.01,0.06359476
7,0,2009,2009-07-12,0.01,0.060063332
7,0,2009,2009-07-20,0.09,0.05898109
7,0,2009,2009-07-28,0.13,0.1453779
7,0,2009,2009-08-05,0.21,0.23235103
7,0,2009,2009-08-13,0.35,0.34431487
7,0,2009,2009-08-21,0.35,0.48921272
7,0,2009,2009-08-29,0.61,0.48559678
7,0,2009,2009-09-06,0.75,0.6991657
7,0,2009,2009-09-14,0.71,0.79938376
7,0,2009,2009-09-22,0.84,0.74992424
7,0,2009,2009-09-30,0.83,0.84012926
7,0,2009,2009-10-08,0.86,0.8406892
7,0,2009,2009-10-16,0.91,0.87085927
7,0,2009,2009-10-24,0.87,0.91059506
7,0,2009,2009-11-01,0.89,0.8563342
7,0,2009,2009-11-09,0.82,0.8605112
7,0,2009,2009-11-17,0.75,0.7507116
7,0,2009,2009-11-25,0.65,0.6646123
7,0,2009,2009-12-03,0.56,0.5280003
7,0,2009,2009-12-11,0.44,0.42014983
7,0,2009,2009-12-19,0.18,0.3228292
7,0,2009,2009-12-27,0.07,0.107095
7,0,2010,2010-07-04,0.01,0.0701541
7,0,2010,2010-07-12,0.04,0.06904712
7,0,2010,2010-07-20,0.02,0.09656176
7,0,2010,2010-07-28,0.1,0.10284598
7,0,2010,2010-08-05,0.2,0.18891992
7,0,2010,2010-08-13,0.24,0.3096662
7,0,2010,2010-08-21,0.38,0.3887439
7,0,2010,2010-08-29,0.37,0.49420866
7,0,2010,2010-09-06,0.44,0.53281134
7,0,2010,2010-09-14,0.48,0.59009886
7,0,2010,2010-09-22,0.46,0.583766
7,0,2010,2010-09-30,0.67,0.56868374
7,0,2010,2010-10-08,0.79,0.7476623
7,0,2010,2010-10-16,0.85,0.8517246
7,0,2010,2010-10-24,0.83,0.8987402
7,0,2010,2010-11-01,0.81,0.8482641
7,0,2010,2010-11-09,0.75,0.8033952
7,0,2010,2010-11-17,0.71,0.6872318
7,0,2010,2010-11-25,0.66,0.62536585
7,0,2010,2010-12-03,0.59,0.55266523
7,0,2010,2010-12-11,0.48,0.49005303
7,0,2010,2010-12-19,0.18,0.3724563
7,0,2010,2010-12-27,0.14,0.093025595
7,0,2011,2011-07-04,0.07,0.06353453
7,0,2011,2011-07-12,0.08,0.12936845
7,0,2011,2011-07-20,0.09,0.15680455
7,0,2011,2011-07-28,0.35,0.16490416
7,0,2011,2011-08-05,0.33,0.4374284
7,0,2011,2011-08-13,0.38,0.46394318
7,0,2011,2011-08-21,0.65,0.49232042
7,0,2011,2011-08-29,0.86,0.73039216
7,0,2011,2011-09-06,0.87,0.8650712
7,0,2011,2011-09-14,0.89,0.8811693
7,0,2011,2011-09-22,0.98,0.8957349
7,0,2011,2011-09-30,0.98,0.95701385
7,0,2011,2011-10-08,0.99,0.99485135
7,0,2011,2011-10-16,0.98,1.0089103
7,0,2011,2011-10-24,0.97,0.9935436
7,0,2011,2011-11-01,0.97,0.9569167
7,0,2011,2011-11-09,0.97,0.9408349
7,0,2011,2011-11-17,0.93,0.923627
7,0,2011,2011-11-25,0.87,0.8718581
7,0,2011,2011-12-03,0.82,0.7886298
7,0,2011,2011-12-11,0.72,0.71764183
7,0,2011,2011-12-19,0.56,0.59270066
7,0,2011,2011-12-27,0.46,0.3636164
7,0,2012,2012-07-03,0.04,0.05189234
7,0,2012,2012-07-11,0.07,0.10859881
7,0,2012,2012-07-19,0.06,0.14487284
7,0,2012,2012-07-27,0.1,0.14109394
7,0,2012,2012-08-04,0.1,0.24099351
7,0,2012,2012-08-12,0.11,0.23633894
7,0,2012,2012-08-20,0.15,0.23875344
7,0,2012,2012-08-28,0.27,0.32856354
7,0,2012,2012-09-05,0.58,0.48193935
7,0,2012,2012-09-13,0.72,0.71719277
7,0,2012,2012-09-21,0.69,0.8015429
7,0,2012,2012-09-29,0.88,0.778581
7,0,2012,2012-10-07,0.91,0.9359057
7,0,2012,2012-10-15,0.95,0.94193816
7,0,2012,2012-10-23,0.87,0.96903706
7,0,2012,2012-10-31,0.82,0.8474096
7,0,2012,2012-11-08,0.76,0.76815146
7,0,2012,2012-11-16,0.54,0.6813793
7,0,2012,2012-11-24,0.49,0.4141166
7,0,2012,2012-12-02,0.33,0.3250021
7,0,2012,2012-12-10,0.12,0.19915804
7,0,2012,2012-12-18,0.08,0.07338634
7,0,2012,2012-12-26,0.01,0.035439342
7,1,2001,2001-07-04,0.21,0.23358805
7,1,2001,2001-07-12,0.25,0.2849172
7,1,2001,2001-07-20,0.23,0.32306653
7,1,2001,2001-07-28,0.31,0.31021997
7,1,2001,2001-08-05,0.35,0.4257371
7,1,2001,2001-08-13,0.43,0.47045612
7,1,2001,2001-08-21,0.6,0.52634305
7,1,2001,2001-08-29,0.97,0.66111684
7,1,2001,2001-09-06,0.97,0.9683465
7,1,2001,2001-09-14,0.95,0.9096569
7,1,2001,2001-09-22,0.97,0.9628625
7,1,2001,2001-09-30,0.95,0.9632771
7,1,2001,2001-10-08,0.94,0.9366895
7,1,2001,2001-10-16,0.96,0.91245365
7,1,2001,2001-10-24,0.95,0.9388275
7,1,2001,2001-11-01,0.95,0.9206803
7,1,2001,2001-11-09,0.97,0.91853595
7,1,2001,2001-11-17,0.96,0.9450077
7,1,2001,2001-11-25,0.94,0.9268334
7,1,2001,2001-12-03,0.91,0.91167736
7,1,2001,2001-12-11,0.9,0.8591635
7,1,2001,2001-12-19,0.85,0.85865843
7,1,2001,2001-12-27,0.76,0.79380286
7,1,2002,2002-07-04,0.04,0.101185754
7,1,2002,2002-07-12,0.13,0.12861091
7,1,2002,2002-07-20,0.33,0.21726184
7,1,2002,2002-07-28,0.29,0.3942963
7,1,2002,2002-08-05,0.37,0.3860975
7,1,2002,2002-08-13,0.61,0.42873365
7,1,2002,2002-08-21,0.68,0.6465374
7,1,2002,2002-08-29,0.91,0.72943103
7,1,2002,2002-09-06,0.97,0.9479691
7,1,2002,2002-09-14,0.99,0.9551394
7,1,2002,2002-09-22,0.99,0.9751868
7,1,2002,2002-09-30,0.99,0.97524583
7,1,2002,2002-10-08,0.96,0.9612911
7,1,2002,2002-10-16,0.95,0.9197968
7,1,2002,2002-10-24,0.94,0.9166254
7,1,2002,2002-11-01,0.95,0.90229213
7,1,2002,2002-11-09,0.95,0.92229414
7,1,2002,2002-11-17,0.93,0.92893565
7,1,2002,2002-11-25,0.91,0.8991157
7,1,2002,2002-12-03,0.89,0.8664818
7,1,2002,2002-12-11,0.86,0.8336013
7,1,2002,2002-12-19,0.81,0.80221224
7,1,2002,2002-12-27,0.67,0.7306999
7,1,2003,2003-07-04,0.05,0.04295522
7,1,2003,2003-07-12,0.08,0.0959622
7,1,2003,2003-07-20,0.08,0.15411556
7,1,2003,2003-07-28,0.23,0.21262017
7,1,2003,2003-08-05,0.26,0.32840893
7,1,2003,2003-08-13,0.18,0.37544736
7,1,2003,2003-08-21,0.32,0.35097423
7,1,2003,2003-08-29,0.43,0.4477593
7,1,2003,2003-09-06,0.37,0.58733135
7,1,2003,2003-09-14,0.53,0.53953266
7,1,2003,2003-09-22,0.59,0.6263019
7,1,2003,2003-09-30,0.81,0.66670346
7,1,2003,2003-10-08,0.82,0.86625636
7,1,2003,2003-10-16,0.79,0.8510206
7,1,2003,2003-10-24,0.77,0.80767596
7,1,2003,2003-11-01,0.78,0.7479224
7,1,2003,2003-11-09,0.69,0.7677052
7,1,2003,2003-11-17,0.65,0.67119724
7,1,2003,2003-11-25,0.63,0.6120035
7,1,2003,2003-12-03,0.54,0.5854899
7,1,2003,2003-12-11,0.39,0.5102868
7,1,2003,2003-12-19,0.18,0.34420937
7,1,2003,2003-12-27,0.08,0.13001671
7,1,2004,2004-07-03,0.02,0.032869905
7,1,2004,2004-07-11,0.03,0.06289023
7,1,2004,2004-07-19,0.01,0.08238348
7,1,2004,2004-07-27,0.2,0.06550452
7,1,2004,2004-08-04,0.25,0.27656963
7,1,2004,2004-08-12,0.49,0.33550128
7,1,2004,2004-08-20,0.57,0.52044094
7,1,2004,2004-08-28,0.72,0.60395
7,1,2004,2004-09-05,0.73,0.73143435
7,1,2004,2004-09-13,0.84,0.7101351
7,1,2004,2004-09-21,0.9,0.82515633
7,1,2004,2004-09-29,0.86,0.8699962
7,1,2004,2004-10-07,0.83,0.8705375
7,1,2004,2004-10-15,0.79,0.81175137
7,1,2004,2004-10-23,0.78,0.7317431
7,1,2004,2004-10-31,0.77,0.70624787
7,1,2004,2004-11-08,0.73,0.7115076
7,1,2004,2004-11-16,0.65,0.64853764
7,1,2004,2004-11-24,0.61,0.54937565
7,1,2004,2004-12-02,0.43,0.50564253
7,1,2004,2004-12-10,0.23,0.31857774
7,1,2004,2004-12-18,0.07,0.11601403
7,1,2004,2004-12-26,0.08,0.0020804107
7,1,2005,2005-07-04,0.03,0.065820456
7,1,2005,2005-07-12,0.08,0.08212283
7,1,2005,2005-07-20,0.05,0.13309744
7,1,2005,2005-07-28,0.09,0.1074543
7,1,2005,2005-08-05,0.18,0.18848482
7,1,2005,2005-08-13,0.32,0.2834217
7,1,2005,2005-08-21,0.65,0.4741686
7,1,2005,2005-08-29,0.83,0.73544854
7,1,2005,2005-09-06,0.86,0.85292006
7,1,2005,2005-09-14,0.87,0.8697169
7,1,2005,2005-09-22,0.91,0.8950368
7,1,2005,2005-09-30,0.88,0.92684305
7,1,2005,2005-10-08,0.84,0.86871755
7,1,2005,2005-10-16,0.85,0.8000954
7,1,2005,2005-10-24,0.86,0.79241943
7,1,2005,2005-11-01,0.86,0.82348984
7,1,2005,2005-11-09,0.85,0.8337095
7,1,2005,2005-11-17,0.83,0.8125075
7,1,2005,2005-11-25,0.84,0.76843333
7,1,2005,2005-12-03,0.79,0.7788876
7,1,2005,2005-12-11,0.74,0.68923473
7,1,2005,2005-12-19,0.74,0.59846604
7,1,2005,2005-12-27,0.6,0.58096486
7,1,2006,2006-07-04,0.02,0.16928272
7,1,2006,2006-07-12,0.04,0.08331731
7,1,2006,2006-07-20,0.02,0.09031597
7,1,2006,2006-07-28,0.04,0.059223235
7,1,2006,2006-08-05,0.34,0.09328851
7,1,2006,2006-08-13,0.52,0.39799833
7,1,2006,2006-08-21,0.51,0.59052986
7,1,2006,2006-08-29,0.73,0.6340748
7,1,2006,2006-09-06,0.71,0.7935514
7,1,2006,2006-09-14,0.78,0.75592613
7,1,2006,2006-09-22,0.74,0.7917439
7,1,2006,2006-09-30,0.81,0.7287523
7,1,2006,2006-10-08,0.81,0.7929197
7,1,2006,2006-10-16,0.84,0.77144885
7,1,2006,2006-10-24,0.83,0.8146322
7,1,2006,2006-11-01,0.86,0.79736173
7,1,2006,2006-11-09,0.82,0.8323946
7,1,2006,2006-11-17,0.79,0.77493227
7,1,2006,2006-11-25,0.72,0.7302661
7,1,2006,2006-12-03,0.68,0.64298904
7,1,2006,2006-12-11,0.59,0.5872878
7,1,2006,2006-12-19,0.53,0.48050797
7,1,2006,2006-12-27,0.37,0.43448377
7,1,2007,2007-07-04,0.01,0.09219313
7,1,2007,2007-07-12,0.01,0.0713073
7,1,2007,2007-07-20,0.0,0.072328985
7,1,2007,2007-07-28,0.21,0.055784017
7,1,2007,2007-08-05,0.45,0.26320133
7,1,2007,2007-08-13,0.45,0.5722938
7,1,2007,2007-08-21,0.45,0.616235
7,1,2007,2007-08-29,0.54,0.5661252
7,1,2007,2007-09-06,0.59,0.649092
7,1,2007,2007-09-14,0.72,0.67670393
7,1,2007,2007-09-22,0.57,0.7903428
7,1,2007,2007-09-30,0.75,0.6303773
7,1,2007,2007-10-08,0.77,0.7927451
7,1,2007,2007-10-16,0.8,0.7980928
7,1,2007,2007-10-24,0.85,0.83877546
7,1,2007,2007-11-01,0.83,0.8629825
7,1,2007,2007-11-09,0.79,0.84172904
7,1,2007,2007-11-17,0.8,0.7692393
7,1,2007,2007-11-25,0.76,0.76087004
7,1,2007,2007-12-03,0.79,0.70456815
7,1,2007,2007-12-11,0.72,0.7494197
7,1,2007,2007-12-19,0.55,0.65839815
7,1,2007,2007-12-27,0.55,0.47031158
7,1,2008,2008-07-03,0.01,0.078597754
7,1,2008,2008-07-11,0.01,0.06594542
7,1,2008,2008-07-19,0.14,0.06564394
7,1,2008,2008-07-27,0.44,0.18178144
7,1,2008,2008-08-04,0.52,0.5441917
7,1,2008,2008-08-12,0.69,0.6568011
7,1,2008,2008-08-20,0.73,0.7474915
7,1,2008,2008-08-28,0.78,0.7689326
7,1,2008,2008-09-05,0.81,0.8112154
7,1,2008,2008-09-13,0.83,0.8305831
7,1,2008,2008-09-21,0.83,0.8644192
7,1,2008,2008-09-29,0.83,0.80744255
7,1,2008,2008-10-07,0.87,0.8468714
7,1,2008,2008-10-15,0.84,0.8789978
7,1,2008,2008-10-23,0.89,0.8507247
7,1,2008,2008-10-31,0.84,0.90308
7,1,2008,2008-11-08,0.85,0.8277918
7,1,2008,2008-11-16,0.86,0.8235314
7,1,2008,2008-11-24,0.83,0.8346334
7,1,2008,2008-12-02,0.85,0.8010371
7,1,2008,2008-12-10,0.84,0.8360894
7,1,2008,2008-12-18,0.79,0.8039926
7,1,2008,2008-12-26,0.71,0.70737875
7,1,2009,2009-07-04,0.01,0.05237308
7,1,2009,2009-07-12,0.01,0.04907772
7,1,2009,2009-07-20,0.22,0.048873276
7,1,2009,2009-07-28,0.26,0.27732992
7,1,2009,2009-08-05,0.41,0.39986104
7,1,2009,2009-08-13,0.54,0.52934057
7,1,2009,2009-08-21,0.54,0.6354904
7,1,2009,2009-08-29,0.79,0.6169795
7,1,2009,2009-09-06,0.83,0.81968784
7,1,2009,2009-09-14,0.84,0.8343356
7,1,2009,2009-09-22,0.89,0.83661157
7,1,2009,2009-09-30,0.88,0.8683497
7,1,2009,2009-10-08,0.9,0.8466593
7,1,2009,2009-10-16,0.92,0.87721133
7,1,2009,2009-10-24,0.92,0.8811295
7,1,2009,2009-11-01,0.92,0.89616024
7,1,2009,2009-11-09,0.88,0.87120223
7,1,2009,2009-11-17,0.9,0.8258575
7,1,2009,2009-11-25,0.83,0.854388
7,1,2009,2009-12-03,0.79,0.76107585
7,1,2009,2009-12-11,0.68,0.72282445
7,1,2009,2009-12-19,0.31,0.57749826
7,1,2009,2009-12-27,0.17,0.17666495
7,1,2010,2010-07-04,0.01,0.06326941
7,1,2010,2010-07-12,0.01,0.06514311
7,1,2010,2010-07-20,0.0,0.06566551
7,1,2010,2010-07-28,0.06,0.11428575
7,1,2010,2010-08-05,0.24,0.18269509
7,1,2010,2010-08-13,0.26,0.39769787
7,1,2010,2010-08-21,0.45,0.44886112
7,1,2010,2010-08-29,0.67,0.58207643
7,1,2010,2010-09-06,0.53,0.7893188
7,1,2010,2010-09-14,0.72,0.6871067
7,1,2010,2010-09-22,0.7,0.78457654
7,1,2010,2010-09-30,0.77,0.7520948
7,1,2010,2010-10-08,0.87,0.8186165
7,1,2010,2010-10-16,0.87,0.9093206
7,1,2010,2010-10-24,0.9,0.9006375
7,1,2010,2010-11-01,0.89,0.91648006
7,1,2010,2010-11-09,0.87,0.88620937
7,1,2010,2010-11-17,0.85,0.8444463
7,1,2010,2010-11-25,0.82,0.82291317
7,1,2010,2010-12-03,0.8,0.76720965
7,1,2010,2010-12-11,0.68,0.7448219
7,1,2010,2010-12-19,0.44,0.5753876
7,1,2010,2010-12-27,0.28,0.22891581
7,1,2011,2011-07-04,0.12,0.07616964
7,1,2011,2011-07-12,0.16,0.17070916
7,1,2011,2011-07-20,0.11,0.22229658
7,1,2011,2011-07-28,0.55,0.1831929
7,1,2011,2011-08-05,0.56,0.6074778
7,1,2011,2011-08-13,0.79,0.65189946
7,1,2011,2011-08-21,0.9,0.7923583
7,1,2011,2011-08-29,0.97,0.9002547
7,1,2011,2011-09-06,0.97,0.9660138
7,1,2011,2011-09-14,0.98,0.93980634
7,1,2011,2011-09-22,0.98,0.9812852
7,1,2011,2011-09-30,0.99,0.95351267
7,1,2011,2011-10-08,0.98,0.98097694
7,1,2011,2011-10-16,0.98,0.9818418
7,1,2011,2011-10-24,0.98,0.9705275
7,1,2011,2011-11-01,0.98,0.9702035
7,1,2011,2011-11-09,0.98,0.95973516
7,1,2011,2011-11-17,0.98,0.95310426
7,1,2011,2011-11-25,0.97,0.9474853
7,1,2011,2011-12-03,0.97,0.9298428
7,1,2011,2011-12-11,0.95,0.92973936
7,1,2011,2011-12-19,0.91,0.8748603
7,1,2011,2011-12-27,0.82,0.7673202
7,1,2012,2012-07-03,0.02,0.061837733
7,1,2012,2012-07-11,0.1,0.107482016
7,1,2012,2012-07-19,0.12,0.19764926
7,1,2012,2012-07-27,0.14,0.2114367
7,1,2012,2012-08-04,0.12,0.34144044
7,1,2012,2012-08-12,0.12,0.31891856
7,1,2012,2012-08-20,0.22,0.33436453
7,1,2012,2012-08-28,0.66,0.42372537
7,1,2012,2012-09-05,0.8,0.8101542
7,1,2012,2012-09-13,0.88,0.86317384
7,1,2012,2012-09-21,0.87,0.9129456
7,1,2012,2012-09-29,0.97,0.902027
7,1,2012,2012-10-07,0.96,1.0004294
7,1,2012,2012-10-15,0.97,0.9654548
7,1,2012,2012-10-23,0.96,0.9724407
7,1,2012,2012-10-31,0.94,0.9442917
7,1,2012,2012-11-08,0.92,0.9203228
7,1,2012,2012-11-16,0.82,0.8932363
7,1,2012,2012-11-24,0.76,0.76269746
7,1,2012,2012-12-02,0.63,0.6778476
7,1,2012,2012-12-10,0.29,0.517033
7,1,2012,2012-12-18,0.17,0.16357061
7,1,2012,2012-12-26,0.01,0.053285778
7,2,2001,2001-07-04,0.16,0.18735445
7,2,2001,2001-07-12,0.19,0.22026171
7,2,2001,2001-07-20,0.15,0.27112895
7,2,2001,2001-07-28,0.25,0.24518205
7,2,2001,2001-08-05,0.26,0.37032756
7,2,2001,2001-08-13,0.24,0.3799295
7,2,2001,2001-08-21,0.47,0.34619826
7,2,2001,2001-08-29,0.73,0.52300596
7,2,2001,2001-09-06,0.82,0.8029449
7,2,2001,2001-09-14,0.83,0.8046951
7,2,2001,2001-09-22,0.87,0.8842131
7,2,2001,2001-09-30,0.88,0.89809585
7,2,2001,2001-10-08,0.92,0.89939904
7,2,2001,2001-10-16,0.93,0.9239944
7,2,2001,2001-10-24,0.9,0.92448664
7,2,2001,2001-11-01,0.9,0.876832
7,2,2001,2001-11-09,0.85,0.87709105
7,2,2001,2001-11-17,0.89,0.8102548
7,2,2001,2001-11-25,0.86,0.87214875
7,2,2001,2001-12-03,0.81,0.84141713
7,2,2001,2001-12-11,0.77,0.77281994
7,2,2001,2001-12-19,0.64,0.7127481
7,2,2001,2001-12-27,0.46,0.5347359
7,2,2002,2002-07-04,0.05,0.09645507
7,2,2002,2002-07-12,0.16,0.12200835
7,2,2002,2002-07-20,0.21,0.23181859
7,2,2002,2002-07-28,0.2,0.26792112
7,2,2002,2002-08-05,0.31,0.28132844
7,2,2002,2002-08-13,0.47,0.36504203
7,2,2002,2002-08-21,0.47,0.50395787
7,2,2002,2002-08-29,0.67,0.5587834
7,2,2002,2002-09-06,0.66,0.7526914
7,2,2002,2002-09-14,0.77,0.7325512
7,2,2002,2002-09-22,0.83,0.7970649
7,2,2002,2002-09-30,0.87,0.84346426
7,2,2002,2002-10-08,0.9,0.8731812
7,2,2002,2002-10-16,0.87,0.9008876
7,2,2002,2002-10-24,0.87,0.85441935
7,2,2002,2002-11-01,0.86,0.83504355
7,2,2002,2002-11-09,0.85,0.8192712
7,2,2002,2002-11-17,0.78,0.7981986
7,2,2002,2002-11-25,0.73,0.73196423
7,2,2002,2002-12-03,0.65,0.6601355
7,2,2002,2002-12-11,0.64,0.5549487
7,2,2002,2002-12-19,0.46,0.5532987
7,2,2002,2002-12-27,0.23,0.34958312
7,2,2003,2003-07-04,0.01,0.04787731
7,2,2003,2003-07-12,0.05,0.054148495
7,2,2003,2003-07-20,0.02,0.12053269
7,2,2003,2003-07-28,0.05,0.11092663
7,2,2003,2003-08-05,0.13,0.12458673
7,2,2003,2003-08-13,0.06,0.21748143
7,2,2003,2003-08-21,0.18,0.20604992
7,2,2003,2003-08-29,0.31,0.2849537
7,2,2003,2003-09-06,0.24,0.44158238
7,2,2003,2003-09-14,0.48,0.38275996
7,2,2003,2003-09-22,0.62,0.56999886
7,2,2003,2003-09-30,0.66,0.6839547
7,2,2003,2003-10-08,0.66,0.7155701
7,2,2003,2003-10-16,0.65,0.68959284
7,2,2003,2003-10-24,0.52,0.637589
7,2,2003,2003-11-01,0.55,0.47746766
7,2,2003,2003-11-09,0.41,0.4930181
7,2,2003,2003-11-17,0.43,0.3627328
7,2,2003,2003-11-25,0.36,0.37975353
7,2,2003,2003-12-03,0.31,0.3143504
7,2,2003,2003-12-11,0.21,0.28280663
7,2,2003,2003-12-19,0.11,0.20003116
7,2,2003,2003-12-27,0.03,0.097985476
7,2,2004,2004-07-03,0.01,0.031665713
7,2,2004,2004-07-11,0.02,0.038910955
7,2,2004,2004-07-19,0.01,0.0590066
7,2,2004,2004-07-27,0.09,0.045215696
7,2,2004,2004-08-04,0.12,0.119484514
7,2,2004,2004-08-12,0.23,0.17208205
7,2,2004,2004-08-20,0.38,0.25589162
7,2,2004,2004-08-28,0.58,0.4203711
7,2,2004,2004-09-05,0.61,0.6175853
7,2,2004,2004-09-13,0.72,0.61436653
7,2,2004,2004-09-21,0.76,0.7277987
7,2,2004,2004-09-29,0.72,0.7656435
7,2,2004,2004-10-07,0.67,0.7221588
7,2,2004,2004-10-15,0.56,0.63266575
7,2,2004,2004-10-23,0.58,0.48592275
7,2,2004,2004-10-31,0.58,0.46715388
7,2,2004,2004-11-08,0.5,0.51496315
7,2,2004,2004-11-16,0.44,0.43351012
7,2,2004,2004-11-24,0.41,0.3757776
7,2,2004,2004-12-02,0.23,0.33816683
7,2,2004,2004-12-10,0.1,0.20196342
7,2,2004,2004-12-18,0.05,0.07177827
7,2,2004,2004-12-26,0.07,0.027137578
7,2,2005,2005-07-04,0.02,0.03522867
7,2,2005,2005-07-12,0.04,0.04679653
7,2,2005,2005-07-20,0.01,0.07099298
7,2,2005,2005-07-28,0.08,0.046723932
7,2,2005,2005-08-05,0.08,0.121328175
7,2,2005,2005-08-13,0.18,0.13389888
7,2,2005,2005-08-21,0.37,0.24933743
7,2,2005,2005-08-29,0.57,0.44927907
7,2,2005,2005-09-06,0.65,0.64860666
7,2,2005,2005-09-14,0.72,0.68659973
7,2,2005,2005-09-22,0.69,0.73678195
7,2,2005,2005-09-30,0.68,0.6935901
7,2,2005,2005-10-08,0.64,0.64441264
7,2,2005,2005-10-16,0.61,0.5663614
7,2,2005,2005-10-24,0.59,0.5092424
7,2,2005,2005-11-01,0.55,0.5132158
7,2,2005,2005-11-09,0.56,0.4953922
7,2,2005,2005-11-17,0.51,0.49490428
7,2,2005,2005-11-25,0.55,0.4419192
7,2,2005,2005-12-03,0.5,0.48514533
7,2,2005,2005-12-11,0.39,0.4131253
7,2,2005,2005-12-19,0.47,0.2945926
7,2,2005,2005-12-27,0.28,0.35371175
7,2,2006,2006-07-04,0.02,0.053536177
7,2,2006,2006-07-12,0.04,0.056130588
7,2,2006,2006-07-20,0.02,0.07837331
7,2,2006,2006-07-28,0.03,0.05746287
7,2,2006,2006-08-05,0.14,0.081067115
7,2,2006,2006-08-13,0.27,0.17761695
7,2,2006,2006-08-21,0.34,0.33528572
7,2,2006,2006-08-29,0.56,0.44600827
7,2,2006,2006-09-06,0.57,0.65171254
7,2,2006,2006-09-14,0.64,0.64784384
7,2,2006,2006-09-22,0.64,0.67942107
7,2,2006,2006-09-30,0.77,0.6396055
7,2,2006,2006-10-08,0.78,0.75653327
7,2,2006,2006-10-16,0.83,0.7470529
7,2,2006,2006-10-24,0.78,0.7883376
7,2,2006,2006-11-01,0.73,0.7187798
7,2,2006,2006-11-09,0.66,0.64996517
7,2,2006,2006-11-17,0.57,0.5692277
7,2,2006,2006-11-25,0.5,0.47168857
7,2,2006,2006-12-03,0.47,0.42357236
7,2,2006,2006-12-11,0.41,0.4009249
7,2,2006,2006-12-19,0.33,0.34363246
7,2,2006,2006-12-27,0.18,0.3057908
7,2,2007,2007-07-04,0.06,0.07514393
7,2,2007,2007-07-12,0.01,0.08410254
7,2,2007,2007-07-20,0.01,0.05281514
7,2,2007,2007-07-28,0.21,0.048707962
7,2,2007,2007-08-05,0.25,0.22465277
7,2,2007,2007-08-13,0.24,0.31016076
7,2,2007,2007-08-21,0.2,0.33403733
7,2,2007,2007-08-29,0.38,0.28221446
7,2,2007,2007-09-06,0.41,0.47309434
7,2,2007,2007-09-14,0.52,0.50052637
7,2,2007,2007-09-22,0.44,0.581231
7,2,2007,2007-09-30,0.61,0.48765865
7,2,2007,2007-10-08,0.72,0.652326
7,2,2007,2007-10-16,0.74,0.7383592
7,2,2007,2007-10-24,0.64,0.76197696
7,2,2007,2007-11-01,0.58,0.6205609
7,2,2007,2007-11-09,0.46,0.493945
7,2,2007,2007-11-17,0.48,0.34206316
7,2,2007,2007-11-25,0.44,0.37600562
7,2,2007,2007-12-03,0.47,0.3710469
7,2,2007,2007-12-11,0.4,0.4354907
7,2,2007,2007-12-19,0.29,0.3739397
7,2,2007,2007-12-27,0.24,0.26011425
7,2,2008,2008-07-03,0.05,0.085240245
7,2,2008,2008-07-11,0.01,0.07413629
7,2,2008,2008-07-19,0.05,0.037538826
7,2,2008,2008-07-27,0.13,0.06867635
7,2,2008,2008-08-04,0.22,0.19862273
7,2,2008,2008-08-12,0.34,0.30181968
7,2,2008,2008-08-20,0.48,0.3963642
7,2,2008,2008-08-28,0.54,0.49425185
7,2,2008,2008-09-05,0.6,0.57913786
7,2,2008,2008-09-13,0.63,0.61627465
7,2,2008,2008-09-21,0.65,0.6447922
7,2,2008,2008-09-29,0.75,0.6231599
7,2,2008,2008-10-07,0.77,0.74806577
7,2,2008,2008-10-15,0.6,0.77460057
7,2,2008,2008-10-23,0.56,0.6077596
7,2,2008,2008-10-31,0.5,0.46167362
7,2,2008,2008-11-08,0.51,0.3803668
7,2,2008,2008-11-16,0.48,0.41609335
7,2,2008,2008-11-24,0.43,0.4315536
7,2,2008,2008-12-02,0.47,0.39708954
7,2,2008,2008-12-10,0.44,0.446245
7,2,2008,2008-12-18,0.39,0.41703373
7,2,2008,2008-12-26,0.31,0.34819153
7,2,2009,2009-07-04,0.05,0.115429685
7,2,2009,2009-07-12,0.04,0.080810696
7,2,2009,2009-07-20,0.19,0.057867378
7,2,2009,2009-07-28,0.11,0.20091642
7,2,2009,2009-08-05,0.21,0.17320631
7,2,2009,2009-08-13,0.31,0.26990512
7,2,2009,2009-08-21,0.31,0.3766413
7,2,2009,2009-08-29,0.42,0.41198212
7,2,2009,2009-09-06,0.56,0.4828524
7,2,2009,2009-09-14,0.56,0.59939015
7,2,2009,2009-09-22,0.68,0.59494674
7,2,2009,2009-09-30,0.67,0.6801682
7,2,2009,2009-10-08,0.78,0.6780441
7,2,2009,2009-10-16,0.76,0.77511
7,2,2009,2009-10-24,0.66,0.6930125
7,2,2009,2009-11-01,0.65,0.56879556
7,2,2009,2009-11-09,0.59,0.5199459
7,2,2009,2009-11-17,0.52,0.49838224
7,2,2009,2009-11-25,0.44,0.44513756
7,2,2009,2009-12-03,0.36,0.3561141
7,2,2009,2009-12-11,0.27,0.30452365
7,2,2009,2009-12-19,0.14,0.23411465
7,2,2009,2009-12-27,0.07,0.12763837
7,2,2010,2010-07-04,0.09,0.15030064
7,2,2010,2010-07-12,0.07,0.10274127
7,2,2010,2010-07-20,0.03,0.07252595
7,2,2010,2010-07-28,0.03,0.09300402
7,2,2010,2010-08-05,0.16,0.07108921
7,2,2010,2010-08-13,0.13,0.21029621
7,2,2010,2010-08-21,0.23,0.21961127
7,2,2010,2010-08-29,0.37,0.2919337
7,2,2010,2010-09-06,0.33,0.42916933
7,2,2010,2010-09-14,0.47,0.42747933
7,2,2010,2010-09-22,0.48,0.5046277
7,2,2010,2010-09-30,0.68,0.5244682
7,2,2010,2010-10-08,0.79,0.68909764
7,2,2010,2010-10-16,0.62,0.7937639
7,2,2010,2010-10-24,0.66,0.6275569
7,2,2010,2010-11-01,0.42,0.56947774
7,2,2010,2010-11-09,0.35,0.30286887
7,2,2010,2010-11-17,0.33,0.23739752
7,2,2010,2010-11-25,0.29,0.22552279
7,2,2010,2010-12-03,0.31,0.24323516
7,2,2010,2010-12-11,0.22,0.26783136
7,2,2010,2010-12-19,0.13,0.19468026
7,2,2010,2010-12-27,0.1,0.09943995
7,2,2011,2011-07-04,0.02,0.103137925
7,2,2011,2011-07-12,0.03,0.0681431
7,2,2011,2011-07-20,0.02,0.055462807
7,2,2011,2011-07-28,0.21,0.062823385
7,2,2011,2011-08-05,0.19,0.23083118
7,2,2011,2011-08-13,0.3,0.2664219
7,2,2011,2011-08-21,0.37,0.35169584
7,2,2011,2011-08-29,0.42,0.4243725
7,2,2011,2011-09-06,0.47,0.4975152
7,2,2011,2011-09-14,0.49,0.51168215
7,2,2011,2011-09-22,0.88,0.5410749
7,2,2011,2011-09-30,0.96,0.8616302
7,2,2011,2011-10-08,0.96,0.91697824
7,2,2011,2011-10-16,0.83,0.9315852
7,2,2011,2011-10-24,0.79,0.7649945
7,2,2011,2011-11-01,0.81,0.68399143
7,2,2011,2011-11-09,0.71,0.6425816
7,2,2011,2011-11-17,0.67,0.58839726
7,2,2011,2011-11-25,0.6,0.5581579
7,2,2011,2011-12-03,0.57,0.50675404
7,2,2011,2011-12-11,0.48,0.5114673
7,2,2011,2011-12-19,0.4,0.41977626
7,2,2011,2011-12-27,0.33,0.3309934
7,2,2012,2012-07-03,0.09,0.08781922
7,2,2012,2012-07-11,0.06,0.091659755
7,2,2012,2012-07-19,0.03,0.06839287
7,2,2012,2012-07-27,0.01,0.048211783
7,2,2012,2012-08-04,0.02,0.0758321
7,2,2012,2012-08-12,0.07,0.07889572
7,2,2012,2012-08-20,0.16,0.14600551
7,2,2012,2012-08-28,0.27,0.2393724
7,2,2012,2012-09-05,0.37,0.34516972
7,2,2012,2012-09-13,0.53,0.4276164
7,2,2012,2012-09-21,0.68,0.549279
7,2,2012,2012-09-29,0.79,0.742494
7,2,2012,2012-10-07,0.77,0.8036796
7,2,2012,2012-10-15,0.7,0.76685965
7,2,2012,2012-10-23,0.43,0.61679524
7,2,2012,2012-10-31,0.32,0.27320495
7,2,2012,2012-11-08,0.3,0.16579743
7,2,2012,2012-11-16,0.17,0.17705384
7,2,2012,2012-11-24,0.13,0.13640746
7,2,2012,2012-12-02,0.12,0.108392805
7,2,2012,2012-12-10,0.06,0.12245765
7,2,2012,2012-12-18,0.03,0.09058574
7,2,2012,2012-12-26,0.0,0.060418278
7,3,2001,2001-07-04,0.09,0.12854272
7,3,2001,2001-07-12,0.08,0.16436602
7,3,2001,2001-07-20,0.16,0.15793823
7,3,2001,2001-07-28,0.13,0.23235191
7,3,2001,2001-08-05,0.12,0.23521432
7,3,2001,2001-08-13,0.07,0.2152702
7,3,2001,2001-08-21,0.28,0.14469922
7,3,2001,2001-08-29,0.4,0.31781355
7,3,2001,2001-09-06,0.6,0.4841132
7,3,2001,2001-09-14,0.63,0.6276691
7,3,2001,2001-09-22,0.65,0.70985377
7,3,2001,2001-09-30,0.63,0.70996386
7,3,2001,2001-10-08,0.63,0.6456934
7,3,2001,2001-10-16,0.58,0.5972216
7,3,2001,2001-10-24,0.59,0.5399113
7,3,2001,2001-11-01,0.59,0.5487316
7,3,2001,2001-11-09,0.6,0.5671104
7,3,2001,2001-11-17,0.64,0.59469134
7,3,2001,2001-11-25,0.64,0.6397816
7,3,2001,2001-12-03,0.59,0.63954175
7,3,2001,2001-12-11,0.56,0.5778318
7,3,2001,2001-12-19,0.47,0.52421063
7,3,2001,2001-12-27,0.3,0.38014048
7,3,2002,2002-07-04,0.08,0.12381168
7,3,2002,2002-07-12,0.13,0.12629569
7,3,2002,2002-07-20,0.14,0.1650857
7,3,2002,2002-07-28,0.11,0.19899602
7,3,2002,2002-08-05,0.15,0.16639999
7,3,2002,2002-08-13,0.28,0.1832296
7,3,2002,2002-08-21,0.28,0.28588837
7,3,2002,2002-08-29,0.39,0.35760292
7,3,2002,2002-09-06,0.37,0.47036642
7,3,2002,2002-09-14,0.56,0.4806649
7,3,2002,2002-09-22,0.57,0.6165985
7,3,2002,2002-09-30,0.6,0.6129935
7,3,2002,2002-10-08,0.63,0.6105745
7,3,2002,2002-10-16,0.58,0.61268854
7,3,2002,2002-10-24,0.56,0.5481209
7,3,2002,2002-11-01,0.58,0.51800823
7,3,2002,2002-11-09,0.6,0.5399086
7,3,2002,2002-11-17,0.59,0.5808085
7,3,2002,2002-11-25,0.53,0.5836518
7,3,2002,2002-12-03,0.38,0.51358855
7,3,2002,2002-12-11,0.36,0.33372876
7,3,2002,2002-12-19,0.23,0.28710717
7,3,2002,2002-12-27,0.1,0.18732373
7,3,2003,2003-07-04,0.04,0.06784904
7,3,2003,2003-07-12,0.08,0.07470122
7,3,2003,2003-07-20,0.04,0.12333059
7,3,2003,2003-07-28,0.14,0.0988688
7,3,2003,2003-08-05,0.09,0.16433696
7,3,2003,2003-08-13,0.1,0.13861439
7,3,2003,2003-08-21,0.17,0.17379509
7,3,2003,2003-08-29,0.26,0.22208607
7,3,2003,2003-09-06,0.22,0.33102918
7,3,2003,2003-09-14,0.42,0.2901793
7,3,2003,2003-09-22,0.56,0.48325527
7,3,2003,2003-09-30,0.54,0.5891253
7,3,2003,2003-10-08,0.54,0.5731102
7,3,2003,2003-10-16,0.51,0.5341425
7,3,2003,2003-10-24,0.52,0.46610987
7,3,2003,2003-11-01,0.53,0.4682164
7,3,2003,2003-11-09,0.42,0.49132186
7,3,2003,2003-11-17,0.39,0.402934
7,3,2003,2003-11-25,0.37,0.34837356
7,3,2003,2003-12-03,0.17,0.31713486
7,3,2003,2003-12-11,0.16,0.14347091
7,3,2003,2003-12-19,0.07,0.11897859
7,3,2003,2003-12-27,0.03,0.06064686
7,3,2004,2004-07-03,0.03,0.058651417
7,3,2004,2004-07-11,0.05,0.060128123
7,3,2004,2004-07-19,0.03,0.08680716
7,3,2004,2004-07-27,0.05,0.06416014
7,3,2004,2004-08-04,0.05,0.100550085
7,3,2004,2004-08-12,0.12,0.088466704
7,3,2004,2004-08-20,0.3,0.14774293
7,3,2004,2004-08-28,0.49,0.3247847
7,3,2004,2004-09-05,0.53,0.5203979
7,3,2004,2004-09-13,0.63,0.53582454
7,3,2004,2004-09-21,0.69,0.6312821
7,3,2004,2004-09-29,0.66,0.68806416
7,3,2004,2004-10-07,0.67,0.640911
7,3,2004,2004-10-15,0.6,0.614745
7,3,2004,2004-10-23,0.6,0.5219167
7,3,2004,2004-10-31,0.59,0.5246588
7,3,2004,2004-11-08,0.51,0.52364373
7,3,2004,2004-11-16,0.42,0.43097582
7,3,2004,2004-11-24,0.35,0.32776493
7,3,2004,2004-12-02,0.16,0.26660416
7,3,2004,2004-12-10,0.06,0.10220599
7,3,2004,2004-12-18,0.04,0.03744808
7,3,2004,2004-12-26,0.04,0.025399625
7,3,2005,2005-07-04,0.02,0.035771698
7,3,2005,2005-07-12,0.04,0.036840618
7,3,2005,2005-07-20,0.05,0.05885625
7,3,2005,2005-07-28,0.0,0.06544915
7,3,2005,2005-08-05,0.03,0.032289088
7,3,2005,2005-08-13,0.04,0.04881105
7,3,2005,2005-08-21,0.27,0.07518849
7,3,2005,2005-08-29,0.42,0.32683516
7,3,2005,2005-09-06,0.6,0.4930853
7,3,2005,2005-09-14,0.63,0.62146497
7,3,2005,2005-09-22,0.69,0.6298633
7,3,2005,2005-09-30,0.63,0.66501135
7,3,2005,2005-10-08,0.62,0.5748148
7,3,2005,2005-10-16,0.63,0.54333675
7,3,2005,2005-10-24,0.66,0.5257033
7,3,2005,2005-11-01,0.63,0.5767678
7,3,2005,2005-11-09,0.61,0.550576
7,3,2005,2005-11-17,0.56,0.5069271
7,3,2005,2005-11-25,0.47,0.43253636
7,3,2005,2005-12-03,0.33,0.34158748
7,3,2005,2005-12-11,0.25,0.18982205
7,3,2005,2005-12-19,0.19,0.12425527
7,3,2005,2005-12-27,0.12,0.10863489
7,3,2006,2006-07-04,0.05,0.07220778
7,3,2006,2006-07-12,0.1,0.07277921
7,3,2006,2006-07-20,0.08,0.11678362
7,3,2006,2006-07-28,0.04,0.1092713
7,3,2006,2006-08-05,0.1,0.06181851
7,3,2006,2006-08-13,0.13,0.1086586
7,3,2006,2006-08-21,0.17,0.14432253
7,3,2006,2006-08-29,0.33,0.24597748
7,3,2006,2006-09-06,0.47,0.41410363
7,3,2006,2006-09-14,0.47,0.55798346
7,3,2006,2006-09-22,0.53,0.53437567
7,3,2006,2006-09-30,0.57,0.549747
7,3,2006,2006-10-08,0.63,0.5453473
7,3,2006,2006-10-16,0.64,0.597108
7,3,2006,2006-10-24,0.67,0.6032758
7,3,2006,2006-11-01,0.66,0.6350516
7,3,2006,2006-11-09,0.59,0.6067685
7,3,2006,2006-11-17,0.59,0.5227206
7,3,2006,2006-11-25,0.52,0.4965914
7,3,2006,2006-12-03,0.35,0.41692856
7,3,2006,2006-12-11,0.16,0.24078496
7,3,2006,2006-12-19,0.15,0.07912019
7,3,2006,2006-12-27,0.07,0.08302528
7,3,2007,2007-07-04,0.03,0.09285876
7,3,2007,2007-07-12,0.04,0.07047263
7,3,2007,2007-07-20,0.04,0.08446789
7,3,2007,2007-07-28,0.12,0.08842999
7,3,2007,2007-08-05,0.12,0.14480953
7,3,2007,2007-08-13,0.12,0.16583548
7,3,2007,2007-08-21,0.09,0.17545806
7,3,2007,2007-08-29,0.2,0.15136304
7,3,2007,2007-09-06,0.24,0.2807744
7,3,2007,2007-09-14,0.43,0.35493088
7,3,2007,2007-09-22,0.51,0.5070207
7,3,2007,2007-09-30,0.53,0.5701136
7,3,2007,2007-10-08,0.6,0.57632923
7,3,2007,2007-10-16,0.63,0.62100625
7,3,2007,2007-10-24,0.6,0.63523924
7,3,2007,2007-11-01,0.47,0.600682
7,3,2007,2007-11-09,0.56,0.44102156
7,3,2007,2007-11-17,0.53,0.48917273
7,3,2007,2007-11-25,0.51,0.49312836
7,3,2007,2007-12-03,0.48,0.47872964
7,3,2007,2007-12-11,0.3,0.39316237
7,3,2007,2007-12-19,0.09,0.20503233
7,3,2007,2007-12-27,0.07,0.05472991
7,3,2008,2008-07-03,0.06,0.076179296
7,3,2008,2008-07-11,0.05,0.063194096
7,3,2008,2008-07-19,0.07,0.07328457
7,3,2008,2008-07-27,0.05,0.09965885
7,3,2008,2008-08-04,0.06,0.10451679
7,3,2008,2008-08-12,0.12,0.11128014
7,3,2008,2008-08-20,0.2,0.15863931
7,3,2008,2008-08-28,0.4,0.22472699
7,3,2008,2008-09-05,0.47,0.43984017
7,3,2008,2008-09-13,0.52,0.5082111
7,3,2008,2008-09-21,0.61,0.5710813
7,3,2008,2008-09-29,0.59,0.6325121
7,3,2008,2008-10-07,0.62,0.60193574
7,3,2008,2008-10-15,0.61,0.6162294
7,3,2008,2008-10-23,0.62,0.59516776
7,3,2008,2008-10-31,0.57,0.5887407
7,3,2008,2008-11-08,0.62,0.49486735
7,3,2008,2008-11-16,0.56,0.5755232
7,3,2008,2008-11-24,0.51,0.5213129
7,3,2008,2008-12-02,0.43,0.4678282
7,3,2008,2008-12-10,0.38,0.36534354
7,3,2008,2008-12-18,0.19,0.28607008
7,3,2008,2008-12-26,0.14,0.109255016
7,3,2009,2009-07-04,0.03,0.099401906
7,3,2009,2009-07-12,0.04,0.052467972
7,3,2009,2009-07-20,0.14,0.05547777
7,3,2009,2009-07-28,0.04,0.15585512
7,3,2009,2009-08-05,0.11,0.085273534
7,3,2009,2009-08-13,0.16,0.12811302
7,3,2009,2009-08-21,0.16,0.1832549
7,3,2009,2009-08-29,0.17,0.21928234
7,3,2009,2009-09-06,0.46,0.26255026
7,3,2009,2009-09-14,0.49,0.5212938
7,3,2009,2009-09-22,0.52,0.5499946
7,3,2009,2009-09-30,0.49,0.55716145
7,3,2009,2009-10-08,0.59,0.4828091
7,3,2009,2009-10-16,0.64,0.56812465
7,3,2009,2009-10-24,0.58,0.61187303
7,3,2009,2009-11-01,0.59,0.5578975
7,3,2009,2009-11-09,0.55,0.5241014
7,3,2009,2009-11-17,0.57,0.49656636
7,3,2009,2009-11-25,0.26,0.508643
7,3,2009,2009-12-03,0.31,0.21989706
7,3,2009,2009-12-11,0.1,0.19740336
7,3,2009,2009-12-19,0.06,0.07011503
7,3,2009,2009-12-27,0.04,0.041282535
7,3,2010,2010-07-04,0.03,0.10141048
7,3,2010,2010-07-12,0.03,0.046433657
7,3,2010,2010-07-20,0.05,0.043228656
7,3,2010,2010-07-28,0.04,0.100549564
7,3,2010,2010-08-05,0.07,0.07385513
7,3,2010,2010-08-13,0.08,0.11047752
7,3,2010,2010-08-21,0.08,0.13108253
7,3,2010,2010-08-29,0.14,0.13441709
7,3,2010,2010-09-06,0.31,0.17875269
7,3,2010,2010-09-14,0.47,0.40766126
7,3,2010,2010-09-22,0.46,0.54334307
7,3,2010,2010-09-30,0.6,0.51906204
7,3,2010,2010-10-08,0.63,0.58825624
7,3,2010,2010-10-16,0.61,0.628036
7,3,2010,2010-10-24,0.67,0.61177015
7,3,2010,2010-11-01,0.53,0.62442696
7,3,2010,2010-11-09,0.42,0.4833367
7,3,2010,2010-11-17,0.37,0.33937603
7,3,2010,2010-11-25,0.28,0.28635442
7,3,2010,2010-12-03,0.22,0.1761875
7,3,2010,2010-12-11,0.05,0.16616814
7,3,2010,2010-12-19,0.04,0.031333864
7,3,2010,2010-12-27,0.03,0.0293594
7,3,2011,2011-07-04,0.02,0.067314744
7,3,2011,2011-07-12,0.06,0.0527232
7,3,2011,2011-07-20,0.04,0.08075318
7,3,2011,2011-07-28,0.06,0.0827789
7,3,2011,2011-08-05,0.06,0.09629552
7,3,2011,2011-08-13,0.12,0.10204767
7,3,2011,2011-08-21,0.13,0.15594402
7,3,2011,2011-08-29,0.35,0.16882254
7,3,2011,2011-09-06,0.45,0.3792271
7,3,2011,2011-09-14,0.59,0.5076569
7,3,2011,2011-09-22,0.66,0.6430501
7,3,2011,2011-09-30,0.65,0.66910446
7,3,2011,2011-10-08,0.66,0.668394
7,3,2011,2011-10-16,0.62,0.65290886
7,3,2011,2011-10-24,0.62,0.5887324
7,3,2011,2011-11-01,0.65,0.58974564
7,3,2011,2011-11-09,0.6,0.57995045
7,3,2011,2011-11-17,0.61,0.5162201
7,3,2011,2011-11-25,0.47,0.51673377
7,3,2011,2011-12-03,0.42,0.38334322
7,3,2011,2011-12-11,0.24,0.32477063
7,3,2011,2011-12-19,0.12,0.15431198
7,3,2011,2011-12-27,0.07,0.08077407
7,3,2012,2012-07-03,0.11,0.16400097
7,3,2012,2012-07-11,0.05,0.12066656
7,3,2012,2012-07-19,0.04,0.069739014
7,3,2012,2012-07-27,0.03,0.054584324
7,3,2012,2012-08-04,0.05,0.055239975
7,3,2012,2012-08-12,0.07,0.07424727
7,3,2012,2012-08-20,0.05,0.10786492
7,3,2012,2012-08-28,0.06,0.09595096
7,3,2012,2012-09-05,0.16,0.15096149
7,3,2012,2012-09-13,0.52,0.25334623
7,3,2012,2012-09-21,0.61,0.5994485
7,3,2012,2012-09-29,0.68,0.6535255
7,3,2012,2012-10-07,0.63,0.6711906
7,3,2012,2012-10-15,0.63,0.59820366
7,3,2012,2012-10-23,0.52,0.5603695
7,3,2012,2012-10-31,0.36,0.44043678
7,3,2012,2012-11-08,0.3,0.28937474
7,3,2012,2012-11-16,0.2,0.21169055
7,3,2012,2012-11-24,0.12,0.16339512
7,3,2012,2012-12-02,0.16,0.09862678
7,3,2012,2012-12-10,0.04,0.13934396
7,3,2012,2012-12-18,0.03,0.05168438
7,3,2012,2012-12-26,0.03,0.028464258
7,4,2001,2001-07-04,0.12,0.15068172
7,4,2001,2001-07-12,0.07,0.19103152
7,4,2001,2001-07-20,0.25,0.13678217
7,4,2001,2001-07-28,0.14,0.30743033
7,4,2001,2001-08-05,0.13,0.2616974
7,4,2001,2001-08-13,0.09,0.21256149
7,4,2001,2001-08-21,0.21,0.15008017
7,4,2001,2001-08-29,0.18,0.2525713
7,4,2001,2001-09-06,0.33,0.29344487
7,4,2001,2001-09-14,0.47,0.37258595
7,4,2001,2001-09-22,0.58,0.56516534
7,4,2001,2001-09-30,0.59,0.65397906
7,4,2001,2001-10-08,0.51,0.6326071
7,4,2001,2001-10-16,0.6,0.5309589
7,4,2001,2001-10-24,0.5,0.5861286
7,4,2001,2001-11-01,0.55,0.4774824
7,4,2001,2001-11-09,0.52,0.51474476
7,4,2001,2001-11-17,0.6,0.49401245
7,4,2001,2001-11-25,0.62,0.60343206
7,4,2001,2001-12-03,0.59,0.62004054
7,4,2001,2001-12-11,0.53,0.591993
7,4,2001,2001-12-19,0.48,0.48468396
7,4,2001,2001-12-27,0.25,0.37492505
7,4,2002,2002-07-04,0.08,0.13298535
7,4,2002,2002-07-12,0.14,0.1365396
7,4,2002,2002-07-20,0.1,0.17043853
7,4,2002,2002-07-28,0.09,0.18246646
7,4,2002,2002-08-05,0.08,0.14457458
7,4,2002,2002-08-13,0.21,0.12098347
7,4,2002,2002-08-21,0.21,0.22010231
7,4,2002,2002-08-29,0.22,0.27065432
7,4,2002,2002-09-06,0.15,0.27132267
7,4,2002,2002-09-14,0.28,0.22929959
7,4,2002,2002-09-22,0.43,0.36222932
7,4,2002,2002-09-30,0.52,0.51821995
7,4,2002,2002-10-08,0.66,0.58728284
7,4,2002,2002-10-16,0.52,0.6587331
7,4,2002,2002-10-24,0.53,0.5458425
7,4,2002,2002-11-01,0.57,0.47999513
7,4,2002,2002-11-09,0.6,0.525141
7,4,2002,2002-11-17,0.62,0.5766095
7,4,2002,2002-11-25,0.56,0.6173259
7,4,2002,2002-12-03,0.38,0.55290985
7,4,2002,2002-12-11,0.36,0.34887797
7,4,2002,2002-12-19,0.18,0.2720273
7,4,2002,2002-12-27,0.09,0.14451873
7,4,2003,2003-07-04,0.08,0.09930068
7,4,2003,2003-07-12,0.11,0.11214456
7,4,2003,2003-07-20,0.04,0.1544555
7,4,2003,2003-07-28,0.12,0.09309581
7,4,2003,2003-08-05,0.1,0.13970712
7,4,2003,2003-08-13,0.1,0.12693931
7,4,2003,2003-08-21,0.14,0.16374671
7,4,2003,2003-08-29,0.12,0.1892465
7,4,2003,2003-09-06,0.14,0.17699724
7,4,2003,2003-09-14,0.33,0.16570826
7,4,2003,2003-09-22,0.47,0.36120218
7,4,2003,2003-09-30,0.49,0.5243955
7,4,2003,2003-10-08,0.6,0.55235314
7,4,2003,2003-10-16,0.53,0.63301295
7,4,2003,2003-10-24,0.59,0.5192312
7,4,2003,2003-11-01,0.6,0.54168355
7,4,2003,2003-11-09,0.54,0.55706036
7,4,2003,2003-11-17,0.38,0.52301985
7,4,2003,2003-11-25,0.47,0.3496595
7,4,2003,2003-12-03,0.27,0.3925167
7,4,2003,2003-12-11,0.17,0.21422449
7,4,2003,2003-12-19,0.07,0.13003159
7,4,2003,2003-12-27,0.05,0.036833793
7,4,2004,2004-07-03,0.05,0.11010322
7,4,2004,2004-07-11,0.06,0.09500235
7,4,2004,2004-07-19,0.05,0.10780163
7,4,2004,2004-07-27,0.05,0.0827657
7,4,2004,2004-08-04,0.05,0.10094577
7,4,2004,2004-08-12,0.06,0.09654038
7,4,2004,2004-08-20,0.1,0.105519235
7,4,2004,2004-08-28,0.21,0.1460232
7,4,2004,2004-09-05,0.35,0.23845023
7,4,2004,2004-09-13,0.54,0.37213555
7,4,2004,2004-09-21,0.63,0.5793269
7,4,2004,2004-09-29,0.61,0.6626823
7,4,2004,2004-10-07,0.66,0.62746406
7,4,2004,2004-10-15,0.6,0.65690553
7,4,2004,2004-10-23,0.6,0.5635812
7,4,2004,2004-10-31,0.63,0.563082
7,4,2004,2004-11-08,0.6,0.5870525
7,4,2004,2004-11-16,0.52,0.5555824
7,4,2004,2004-11-24,0.46,0.42635983
7,4,2004,2004-12-02,0.25,0.38603878
7,4,2004,2004-12-10,0.11,0.18184677
7,4,2004,2004-12-18,0.06,0.06255832
7,4,2004,2004-12-26,0.06,0.029240102
7,4,2005,2005-07-04,0.06,0.071431845
7,4,2005,2005-07-12,0.07,0.0699594
7,4,2005,2005-07-20,0.07,0.077477574
7,4,2005,2005-07-28,0.02,0.07874408
7,4,2005,2005-08-05,0.06,0.041584224
7,4,2005,2005-08-13,0.04,0.06625685
7,4,2005,2005-08-21,0.08,0.0575563
7,4,2005,2005-08-29,0.12,0.0996287
7,4,2005,2005-09-06,0.17,0.15695587
7,4,2005,2005-09-14,0.34,0.23246056
7,4,2005,2005-09-22,0.52,0.41065937
7,4,2005,2005-09-30,0.54,0.55810493
7,4,2005,2005-10-08,0.61,0.54213995
7,4,2005,2005-10-16,0.61,0.57553494
7,4,2005,2005-10-24,0.66,0.53821373
7,4,2005,2005-11-01,0.65,0.58187926
7,4,2005,2005-11-09,0.68,0.57464564
7,4,2005,2005-11-17,0.62,0.5944771
7,4,2005,2005-11-25,0.56,0.50885165
7,4,2005,2005-12-03,0.4,0.4301899
7,4,2005,2005-12-11,0.27,0.23664531
7,4,2005,2005-12-19,0.19,0.12278162
7,4,2005,2005-12-27,0.12,0.08720124
7,4,2006,2006-07-04,0.07,0.089470714
7,4,2006,2006-07-12,0.11,0.10694958
7,4,2006,2006-07-20,0.08,0.14440925
7,4,2006,2006-07-28,0.05,0.1258258
7,4,2006,2006-08-05,0.06,0.08352107
7,4,2006,2006-08-13,0.08,0.0935778
7,4,2006,2006-08-21,0.09,0.109775394
7,4,2006,2006-08-29,0.13,0.13356479
7,4,2006,2006-09-06,0.19,0.17622057
7,4,2006,2006-09-14,0.25,0.24165887
7,4,2006,2006-09-22,0.49,0.3364936
7,4,2006,2006-09-30,0.53,0.57672906
7,4,2006,2006-10-08,0.63,0.5982704
7,4,2006,2006-10-16,0.62,0.65835786
7,4,2006,2006-10-24,0.67,0.62323
7,4,2006,2006-11-01,0.68,0.66317713
7,4,2006,2006-11-09,0.61,0.65306544
7,4,2006,2006-11-17,0.59,0.5857304
7,4,2006,2006-11-25,0.52,0.52296335
7,4,2006,2006-12-03,0.37,0.4368466
7,4,2006,2006-12-11,0.25,0.26748896
7,4,2006,2006-12-19,0.29,0.14351682
7,4,2006,2006-12-27,0.1,0.19711618
7,4,2007,2007-07-04,0.1,0.100260526
7,4,2007,2007-07-12,0.09,0.13800344
7,4,2007,2007-07-20,0.07,0.14405784
7,4,2007,2007-07-28,0.12,0.11927983
7,4,2007,2007-08-05,0.14,0.14383517
7,4,2007,2007-08-13,0.14,0.16859344
7,4,2007,2007-08-21,0.12,0.18034968
7,4,2007,2007-08-29,0.19,0.16222951
7,4,2007,2007-09-06,0.24,0.22469912
7,4,2007,2007-09-14,0.28,0.28911155
7,4,2007,2007-09-22,0.35,0.3416512
7,4,2007,2007-09-30,0.49,0.44686186
7,4,2007,2007-10-08,0.62,0.55806416
7,4,2007,2007-10-16,0.67,0.6687865
7,4,2007,2007-10-24,0.67,0.68843853
7,4,2007,2007-11-01,0.63,0.6767551
7,4,2007,2007-11-09,0.6,0.61172795
7,4,2007,2007-11-17,0.62,0.5425379
7,4,2007,2007-11-25,0.61,0.5581497
7,4,2007,2007-12-03,0.58,0.5499797
7,4,2007,2007-12-11,0.32,0.49529558
7,4,2007,2007-12-19,0.09,0.23589775
7,4,2007,2007-12-27,0.07,0.062046766
7,4,2008,2008-07-03,0.12,0.1607869
7,4,2008,2008-07-11,0.08,0.16307063
7,4,2008,2008-07-19,0.09,0.12452988
7,4,2008,2008-07-27,0.07,0.11984505
7,4,2008,2008-08-04,0.06,0.11722329
7,4,2008,2008-08-12,0.11,0.11691752
7,4,2008,2008-08-20,0.17,0.15455312
7,4,2008,2008-08-28,0.22,0.20422249
7,4,2008,2008-09-05,0.24,0.27029562
7,4,2008,2008-09-13,0.39,0.29880592
7,4,2008,2008-09-21,0.5,0.42668623
7,4,2008,2008-09-29,0.57,0.53326416
7,4,2008,2008-10-07,0.6,0.612625
7,4,2008,2008-10-15,0.66,0.6411127
7,4,2008,2008-10-23,0.64,0.67596734
7,4,2008,2008-10-31,0.62,0.63668215
7,4,2008,2008-11-08,0.65,0.58370745
7,4,2008,2008-11-16,0.67,0.59325296
7,4,2008,2008-11-24,0.62,0.63253427
7,4,2008,2008-12-02,0.53,0.5874226
7,4,2008,2008-12-10,0.44,0.47627854
7,4,2008,2008-12-18,0.27,0.30633506
7,4,2008,2008-12-26,0.17,0.13588259
7,4,2009,2009-07-04,0.08,0.14481565
7,4,2009,2009-07-12,0.09,0.13403653
7,4,2009,2009-07-20,0.17,0.12811676
7,4,2009,2009-07-28,0.08,0.19578674
7,4,2009,2009-08-05,0.12,0.13196531
7,4,2009,2009-08-13,0.16,0.14624083
7,4,2009,2009-08-21,0.16,0.18966046
7,4,2009,2009-08-29,0.15,0.22096309
7,4,2009,2009-09-06,0.23,0.21765606
7,4,2009,2009-09-14,0.33,0.27844143
7,4,2009,2009-09-22,0.38,0.40484205
7,4,2009,2009-09-30,0.37,0.4728795
7,4,2009,2009-10-08,0.59,0.45589694
7,4,2009,2009-10-16,0.64,0.62371147
7,4,2009,2009-10-24,0.58,0.67095107
7,4,2009,2009-11-01,0.65,0.60155296
7,4,2009,2009-11-09,0.6,0.61663854
7,4,2009,2009-11-17,0.68,0.5740883
7,4,2009,2009-11-25,0.44,0.6632786
7,4,2009,2009-12-03,0.29,0.41548043
7,4,2009,2009-12-11,0.16,0.203632
7,4,2009,2009-12-19,0.11,0.07778525
7,4,2009,2009-12-27,0.05,0.071572095
7,4,2010,2010-07-04,0.05,0.14318481
7,4,2010,2010-07-12,0.08,0.10282016
7,4,2010,2010-07-20,0.08,0.11974412
7,4,2010,2010-07-28,0.07,0.139452
7,4,2010,2010-08-05,0.1,0.115483955
7,4,2010,2010-08-13,0.12,0.14136288
7,4,2010,2010-08-21,0.12,0.17065212
7,4,2010,2010-08-29,0.12,0.1766635
7,4,2010,2010-09-06,0.19,0.16689894
7,4,2010,2010-09-14,0.33,0.24153185
7,4,2010,2010-09-22,0.37,0.39436337
7,4,2010,2010-09-30,0.5,0.44513622
7,4,2010,2010-10-08,0.57,0.5281864
7,4,2010,2010-10-16,0.55,0.62140185
7,4,2010,2010-10-24,0.74,0.60014415
7,4,2010,2010-11-01,0.66,0.7220812
7,4,2010,2010-11-09,0.64,0.65796316
7,4,2010,2010-11-17,0.59,0.60535383
7,4,2010,2010-11-25,0.54,0.5443593
7,4,2010,2010-12-03,0.35,0.43670815
7,4,2010,2010-12-11,0.12,0.23051602
7,4,2010,2010-12-19,0.12,0.050753564
7,4,2010,2010-12-27,0.07,0.06493953
7,4,2011,2011-07-04,0.05,0.12510596
7,4,2011,2011-07-12,0.09,0.09007329
7,4,2011,2011-07-20,0.08,0.1228496
7,4,2011,2011-07-28,0.08,0.12425521
7,4,2011,2011-08-05,0.09,0.12361258
7,4,2011,2011-08-13,0.09,0.13412419
7,4,2011,2011-08-21,0.1,0.14173958
7,4,2011,2011-08-29,0.13,0.14936593
7,4,2011,2011-09-06,0.27,0.17209174
7,4,2011,2011-09-14,0.36,0.31243104
7,4,2011,2011-09-22,0.65,0.43296188
7,4,2011,2011-09-30,0.65,0.6725317
7,4,2011,2011-10-08,0.66,0.68519664
7,4,2011,2011-10-16,0.7,0.6788548
7,4,2011,2011-10-24,0.69,0.6749041
7,4,2011,2011-11-01,0.68,0.7033633
7,4,2011,2011-11-09,0.66,0.6554806
7,4,2011,2011-11-17,0.65,0.6131654
7,4,2011,2011-11-25,0.51,0.58254886
7,4,2011,2011-12-03,0.4,0.44112667
7,4,2011,2011-12-11,0.26,0.2763248
7,4,2011,2011-12-19,0.09,0.12748623
7,4,2011,2011-12-27,0.09,0.055511743
7,4,2012,2012-07-03,0.12,0.12340599
7,4,2012,2012-07-11,0.08,0.13667127
7,4,2012,2012-07-19,0.06,0.114102334
7,4,2012,2012-07-27,0.06,0.1009188
7,4,2012,2012-08-04,0.07,0.094893605
7,4,2012,2012-08-12,0.08,0.10740614
7,4,2012,2012-08-20,0.07,0.118628696
7,4,2012,2012-08-28,0.08,0.114013284
7,4,2012,2012-09-05,0.12,0.12639974
7,4,2012,2012-09-13,0.26,0.19270423
7,4,2012,2012-09-21,0.29,0.3359394
7,4,2012,2012-09-29,0.5,0.42911553
7,4,2012,2012-10-07,0.57,0.5732325
7,4,2012,2012-10-15,0.6,0.6100304
7,4,2012,2012-10-23,0.61,0.6217909
7,4,2012,2012-10-31,0.55,0.59983873
7,4,2012,2012-11-08,0.47,0.52265596
7,4,2012,2012-11-16,0.38,0.4192015
7,4,2012,2012-11-24,0.15,0.322445
7,4,2012,2012-12-02,0.13,0.11300522
7,4,2012,2012-12-10,0.08,0.0799627
7,4,2012,2012-12-18,0.05,0.06292704
7,4,2012,2012-12-26,0.06,0.053969562
7,5,2001,2001-07-04,0.15,0.16919518
7,5,2001,2001-07-12,0.13,0.18523507
7,5,2001,2001-07-20,0.18,0.14454542
7,5,2001,2001-07-28,0.13,0.18970849
7,5,2001,2001-08-05,0.13,0.16651182
7,5,2001,2001-08-13,0.1,0.15547495
7,5,2001,2001-08-21,0.11,0.1279463
7,5,2001,2001-08-29,0.1,0.1353739
7,5,2001,2001-09-06,0.14,0.1465656
7,5,2001,2001-09-14,0.24,0.165276
7,5,2001,2001-09-22,0.25,0.27233928
7,5,2001,2001-09-30,0.41,0.3108721
7,5,2001,2001-10-08,0.36,0.45717627
7,5,2001,2001-10-16,0.43,0.40896887
7,5,2001,2001-10-24,0.44,0.43146738
7,5,2001,2001-11-01,0.41,0.40901756
7,5,2001,2001-11-09,0.4,0.3841374
7,5,2001,2001-11-17,0.45,0.3369978
7,5,2001,2001-11-25,0.39,0.41611588
7,5,2001,2001-12-03,0.26,0.3555003
7,5,2001,2001-12-11,0.24,0.20834981
7,5,2001,2001-12-19,0.18,0.1717029
7,5,2001,2001-12-27,0.13,0.14234029
7,5,2002,2002-07-04,0.14,0.19049577
7,5,2002,2002-07-12,0.14,0.16382077
7,5,2002,2002-07-20,0.12,0.14660326
7,5,2002,2002-07-28,0.11,0.13735765
7,5,2002,2002-08-05,0.1,0.12214655
7,5,2002,2002-08-13,0.13,0.11339384
7,5,2002,2002-08-21,0.13,0.13026583
7,5,2002,2002-08-29,0.1,0.13910176
7,5,2002,2002-09-06,0.11,0.11632237
7,5,2002,2002-09-14,0.14,0.12695199
7,5,2002,2002-09-22,0.22,0.1739017
7,5,2002,2002-09-30,0.34,0.24251744
7,5,2002,2002-10-08,0.47,0.3761799
7,5,2002,2002-10-16,0.41,0.46258497
7,5,2002,2002-10-24,0.44,0.41697502
7,5,2002,2002-11-01,0.46,0.4033767
7,5,2002,2002-11-09,0.48,0.40068373
7,5,2002,2002-11-17,0.38,0.42105034
7,5,2002,2002-11-25,0.28,0.34643713
7,5,2002,2002-12-03,0.15,0.23137203
7,5,2002,2002-12-11,0.15,0.10089323
7,5,2002,2002-12-19,0.1,0.10893655
7,5,2002,2002-12-27,0.1,0.094002366
7,5,2003,2003-07-04,0.13,0.117996454
7,5,2003,2003-07-12,0.15,0.13746592
7,5,2003,2003-07-20,0.08,0.157754
7,5,2003,2003-07-28,0.12,0.10398981
7,5,2003,2003-08-05,0.12,0.11890386
7,5,2003,2003-08-13,0.12,0.122274056
7,5,2003,2003-08-21,0.1,0.13585046
7,5,2003,2003-08-29,0.1,0.11832431
7,5,2003,2003-09-06,0.1,0.10873604
7,5,2003,2003-09-14,0.18,0.11062725
7,5,2003,2003-09-22,0.31,0.18003294
7,5,2003,2003-09-30,0.35,0.3099425
7,5,2003,2003-10-08,0.48,0.37492275
7,5,2003,2003-10-16,0.43,0.487866
7,5,2003,2003-10-24,0.36,0.4166182
7,5,2003,2003-11-01,0.4,0.32532394
7,5,2003,2003-11-09,0.28,0.33608544
7,5,2003,2003-11-17,0.21,0.26274112
7,5,2003,2003-11-25,0.2,0.17179272
7,5,2003,2003-12-03,0.12,0.140502
7,5,2003,2003-12-11,0.11,0.08961287
7,5,2003,2003-12-19,0.09,0.095924616
7,5,2003,2003-12-27,0.08,0.08656511
7,5,2004,2004-07-03,0.11,0.13230047
7,5,2004,2004-07-11,0.12,0.12958203
7,5,2004,2004-07-19,0.1,0.14097857
7,5,2004,2004-07-27,0.08,0.109223306
7,5,2004,2004-08-04,0.1,0.10070974
7,5,2004,2004-08-12,0.1,0.11484712
7,5,2004,2004-08-20,0.12,0.12050995
7,5,2004,2004-08-28,0.13,0.1305046
7,5,2004,2004-09-05,0.21,0.13808775
7,5,2004,2004-09-13,0.28,0.20077778
7,5,2004,2004-09-21,0.46,0.28159913
7,5,2004,2004-09-29,0.39,0.46214297
7,5,2004,2004-10-07,0.49,0.41135588
7,5,2004,2004-10-15,0.42,0.4785546
7,5,2004,2004-10-23,0.45,0.38924363
7,5,2004,2004-10-31,0.45,0.37688726
7,5,2004,2004-11-08,0.26,0.3810868
7,5,2004,2004-11-16,0.26,0.21886821
7,5,2004,2004-11-24,0.26,0.17109092
7,5,2004,2004-12-02,0.14,0.19283696
7,5,2004,2004-12-10,0.11,0.1284591
7,5,2004,2004-12-18,0.1,0.09509948
7,5,2004,2004-12-26,0.1,0.09159246
7,5,2005,2005-07-04,0.12,0.1183902
7,5,2005,2005-07-12,0.13,0.12386501
7,5,2005,2005-07-20,0.14,0.13386789
7,5,2005,2005-07-28,0.08,0.13910687
7,5,2005,2005-08-05,0.11,0.09068975
7,5,2005,2005-08-13,0.08,0.10990609
7,5,2005,2005-08-21,0.1,0.09342298
7,5,2005,2005-08-29,0.12,0.11404097
7,5,2005,2005-09-06,0.11,0.13013612
7,5,2005,2005-09-14,0.13,0.14385517
7,5,2005,2005-09-22,0.25,0.16875908
7,5,2005,2005-09-30,0.31,0.3024275
7,5,2005,2005-10-08,0.43,0.33234006
7,5,2005,2005-10-16,0.45,0.43543708
7,5,2005,2005-10-24,0.44,0.41860306
7,5,2005,2005-11-01,0.43,0.39862078
7,5,2005,2005-11-09,0.36,0.36917445
7,5,2005,2005-11-17,0.38,0.26487455
7,5,2005,2005-11-25,0.21,0.278189
7,5,2005,2005-12-03,0.16,0.1709502
7,5,2005,2005-12-11,0.12,0.10740058
7,5,2005,2005-12-19,0.1,0.08168331
7,5,2005,2005-12-27,0.11,0.08961877
7,5,2006,2006-07-04,0.11,0.16124561
7,5,2006,2006-07-12,0.12,0.13376424
7,5,2006,2006-07-20,0.12,0.13615736
7,5,2006,2006-07-28,0.1,0.13526349
7,5,2006,2006-08-05,0.09,0.111273825
7,5,2006,2006-08-13,0.12,0.10673523
7,5,2006,2006-08-21,0.12,0.12345414
7,5,2006,2006-08-29,0.13,0.13446926
7,5,2006,2006-09-06,0.13,0.14649853
7,5,2006,2006-09-14,0.14,0.14266104
7,5,2006,2006-09-22,0.26,0.1525073
7,5,2006,2006-09-30,0.3,0.27550477
7,5,2006,2006-10-08,0.43,0.3296347
7,5,2006,2006-10-16,0.42,0.4513274
7,5,2006,2006-10-24,0.42,0.43063024
7,5,2006,2006-11-01,0.49,0.3981494
7,5,2006,2006-11-09,0.4,0.4323059
7,5,2006,2006-11-17,0.38,0.35014352
7,5,2006,2006-11-25,0.24,0.31976974
7,5,2006,2006-12-03,0.2,0.17239626
7,5,2006,2006-12-11,0.15,0.13503122
7,5,2006,2006-12-19,0.15,0.11045925
7,5,2006,2006-12-27,0.09,0.13191609
7,5,2007,2007-07-04,0.13,0.15427071
7,5,2007,2007-07-12,0.13,0.15204254
7,5,2007,2007-07-20,0.12,0.15008473
7,5,2007,2007-07-28,0.16,0.14187148
7,5,2007,2007-08-05,0.16,0.16742837
7,5,2007,2007-08-13,0.17,0.1695294
7,5,2007,2007-08-21,0.17,0.18475741
7,5,2007,2007-08-29,0.2,0.18275571
7,5,2007,2007-09-06,0.19,0.20708263
7,5,2007,2007-09-14,0.23,0.20023742
7,5,2007,2007-09-22,0.24,0.23088956
7,5,2007,2007-09-30,0.32,0.2681023
7,5,2007,2007-10-08,0.4,0.3414237
7,5,2007,2007-10-16,0.41,0.43223512
7,5,2007,2007-10-24,0.48,0.42829138
7,5,2007,2007-11-01,0.4,0.45998436
7,5,2007,2007-11-09,0.39,0.39775902
7,5,2007,2007-11-17,0.37,0.34517416
7,5,2007,2007-11-25,0.32,0.31399637
7,5,2007,2007-12-03,0.27,0.25579995
7,5,2007,2007-12-11,0.19,0.2133877
7,5,2007,2007-12-19,0.1,0.15484133
7,5,2007,2007-12-27,0.1,0.10187562
7,5,2008,2008-07-03,0.14,0.16688366
7,5,2008,2008-07-11,0.14,0.15814981
7,5,2008,2008-07-19,0.14,0.15211043
7,5,2008,2008-07-27,0.1,0.14717482
7,5,2008,2008-08-04,0.11,0.12875246
7,5,2008,2008-08-12,0.16,0.13157484
7,5,2008,2008-08-20,0.18,0.17192005
7,5,2008,2008-08-28,0.21,0.19495104
7,5,2008,2008-09-05,0.18,0.22313929
7,5,2008,2008-09-13,0.19,0.19479385
7,5,2008,2008-09-21,0.25,0.20102294
7,5,2008,2008-09-29,0.33,0.24754958
7,5,2008,2008-10-07,0.36,0.33801168
7,5,2008,2008-10-15,0.43,0.38022277
7,5,2008,2008-10-23,0.39,0.42184097
7,5,2008,2008-10-31,0.38,0.3917234
7,5,2008,2008-11-08,0.29,0.34207082
7,5,2008,2008-11-16,0.28,0.25379637
7,5,2008,2008-11-24,0.2,0.23724806
7,5,2008,2008-12-02,0.12,0.180113
7,5,2008,2008-12-10,0.14,0.1191504
7,5,2008,2008-12-18,0.13,0.11905247
7,5,2008,2008-12-26,0.11,0.11607
7,5,2009,2009-07-04,0.1,0.17002398
7,5,2009,2009-07-12,0.14,0.12562338
7,5,2009,2009-07-20,0.19,0.14633301
7,5,2009,2009-07-28,0.16,0.18950516
7,5,2009,2009-08-05,0.14,0.16809298
7,5,2009,2009-08-13,0.16,0.14460899
7,5,2009,2009-08-21,0.16,0.16692184
7,5,2009,2009-08-29,0.19,0.17886627
7,5,2009,2009-09-06,0.18,0.20706037
7,5,2009,2009-09-14,0.2,0.18986
7,5,2009,2009-09-22,0.2,0.20193139
7,5,2009,2009-09-30,0.22,0.21510464
7,5,2009,2009-10-08,0.34,0.24949034
7,5,2009,2009-10-16,0.45,0.3491179
7,5,2009,2009-10-24,0.39,0.45725155
7,5,2009,2009-11-01,0.44,0.39280245
7,5,2009,2009-11-09,0.4,0.38998556
7,5,2009,2009-11-17,0.42,0.3291859
7,5,2009,2009-11-25,0.27,0.34946755
7,5,2009,2009-12-03,0.19,0.21760407
7,5,2009,2009-12-11,0.12,0.13116546
7,5,2009,2009-12-19,0.1,0.09308034
7,5,2009,2009-12-27,0.07,0.09950808
7,5,2010,2010-07-04,0.1,0.15407337
7,5,2010,2010-07-12,0.13,0.122287065
7,5,2010,2010-07-20,0.12,0.14669576
7,5,2010,2010-07-28,0.14,0.15289365
7,5,2010,2010-08-05,0.15,0.16234174
7,5,2010,2010-08-13,0.16,0.1608835
7,5,2010,2010-08-21,0.15,0.1738831
7,5,2010,2010-08-29,0.15,0.16676247
7,5,2010,2010-09-06,0.16,0.17053449
7,5,2010,2010-09-14,0.21,0.17419453
7,5,2010,2010-09-22,0.2,0.21893963
7,5,2010,2010-09-30,0.28,0.21506494
7,5,2010,2010-10-08,0.34,0.2779053
7,5,2010,2010-10-16,0.31,0.35657102
7,5,2010,2010-10-24,0.4,0.35640568
7,5,2010,2010-11-01,0.36,0.38498816
7,5,2010,2010-11-09,0.32,0.35502696
7,5,2010,2010-11-17,0.32,0.29944167
7,5,2010,2010-11-25,0.26,0.2884127
7,5,2010,2010-12-03,0.21,0.2161378
7,5,2010,2010-12-11,0.13,0.16200608
7,5,2010,2010-12-19,0.09,0.1002866
7,5,2010,2010-12-27,0.11,0.08325431
7,5,2011,2011-07-04,0.11,0.14175276
7,5,2011,2011-07-12,0.15,0.13181081
7,5,2011,2011-07-20,0.13,0.16504303
7,5,2011,2011-07-28,0.11,0.15460996
7,5,2011,2011-08-05,0.15,0.14015576
7,5,2011,2011-08-13,0.14,0.16580237
7,5,2011,2011-08-21,0.13,0.16764602
7,5,2011,2011-08-29,0.12,0.15593213
7,5,2011,2011-09-06,0.12,0.1425765
7,5,2011,2011-09-14,0.19,0.14510322
7,5,2011,2011-09-22,0.33,0.21207267
7,5,2011,2011-09-30,0.33,0.3298503
7,5,2011,2011-10-08,0.31,0.35780063
7,5,2011,2011-10-16,0.38,0.3353627
7,5,2011,2011-10-24,0.4,0.35810676
7,5,2011,2011-11-01,0.39,0.39806312
7,5,2011,2011-11-09,0.37,0.37823877
7,5,2011,2011-11-17,0.31,0.33411404
7,5,2011,2011-11-25,0.24,0.27797166
7,5,2011,2011-12-03,0.19,0.20949674
7,5,2011,2011-12-11,0.13,0.16229609
7,5,2011,2011-12-19,0.1,0.11471903
7,5,2011,2011-12-27,0.18,0.09632993
7,5,2012,2012-07-03,0.18,0.15314652
7,5,2012,2012-07-11,0.14,0.1772668
7,5,2012,2012-07-19,0.11,0.15699999
7,5,2012,2012-07-27,0.07,0.12810592
7,5,2012,2012-08-04,0.12,0.08845019
7,5,2012,2012-08-12,0.11,0.13331449
7,5,2012,2012-08-20,0.13,0.13448238
7,5,2012,2012-08-28,0.1,0.1471838
7,5,2012,2012-09-05,0.11,0.11979568
7,5,2012,2012-09-13,0.13,0.12469196
7,5,2012,2012-09-21,0.11,0.15602377
7,5,2012,2012-09-29,0.19,0.17751633
7,5,2012,2012-10-07,0.28,0.23035072
7,5,2012,2012-10-15,0.33,0.29337487
7,5,2012,2012-10-23,0.35,0.35058835
7,5,2012,2012-10-31,0.3,0.35935104
7,5,2012,2012-11-08,0.25,0.2978183
7,5,2012,2012-11-16,0.2,0.23075788
7,5,2012,2012-11-24,0.11,0.17414664
7,5,2012,2012-12-02,0.11,0.1046527
7,5,2012,2012-12-10,0.11,0.100470796
7,5,2012,2012-12-18,0.09,0.10604592
7,5,2012,2012-12-26,0.12,0.101367265
7,6,2001,2001-07-04,0.06,0.0685558
7,6,2001,2001-07-12,0.03,0.07474095
7,6,2001,2001-07-20,0.1,0.059998482
7,6,2001,2001-07-28,0.04,0.11387049
7,6,2001,2001-08-05,0.05,0.071593285
7,6,2001,2001-08-13,0.02,0.06597772
7,6,2001,2001-08-21,0.05,0.037020206
7,6,2001,2001-08-29,0.04,0.06346634
7,6,2001,2001-09-06,0.05,0.06536585
7,6,2001,2001-09-14,0.07,0.06764993
7,6,2001,2001-09-22,0.09,0.10313034
7,6,2001,2001-09-30,0.13,0.12200913
7,6,2001,2001-10-08,0.09,0.14836231
7,6,2001,2001-10-16,0.06,0.112974495
7,6,2001,2001-10-24,0.17,0.09915401
7,6,2001,2001-11-01,0.13,0.17429686
7,6,2001,2001-11-09,0.23,0.1965513
7,6,2001,2001-11-17,0.25,0.22067001
7,6,2001,2001-11-25,0.21,0.25567365
7,6,2001,2001-12-03,0.24,0.22066514
7,6,2001,2001-12-11,0.24,0.21193181
7,6,2001,2001-12-19,0.2,0.21112159
7,6,2001,2001-12-27,0.14,0.17709453
7,6,2002,2002-07-04,0.03,0.0670065
7,6,2002,2002-07-12,0.05,0.0619888
7,6,2002,2002-07-20,0.04,0.06737259
7,6,2002,2002-07-28,0.04,0.07447603
7,6,2002,2002-08-05,0.06,0.06158465
7,6,2002,2002-08-13,0.1,0.07637861
7,6,2002,2002-08-21,0.1,0.10057384
7,6,2002,2002-08-29,0.05,0.112350106
7,6,2002,2002-09-06,0.08,0.07177302
7,6,2002,2002-09-14,0.07,0.08882928
7,6,2002,2002-09-22,0.07,0.088023275
7,6,2002,2002-09-30,0.1,0.095285594
7,6,2002,2002-10-08,0.16,0.12379947
7,6,2002,2002-10-16,0.11,0.16236837
7,6,2002,2002-10-24,0.13,0.11973727
7,6,2002,2002-11-01,0.2,0.15079167
7,6,2002,2002-11-09,0.26,0.19496888
7,6,2002,2002-11-17,0.16,0.27573922
7,6,2002,2002-11-25,0.22,0.19666433
7,6,2002,2002-12-03,0.16,0.2026377
7,6,2002,2002-12-11,0.16,0.16471869
7,6,2002,2002-12-19,0.1,0.16798276
7,6,2002,2002-12-27,0.05,0.111934245
7,6,2003,2003-07-04,0.03,0.039290994
7,6,2003,2003-07-12,0.06,0.051171124
7,6,2003,2003-07-20,0.07,0.0786691
7,6,2003,2003-07-28,0.09,0.08549318
7,6,2003,2003-08-05,0.04,0.0992863
7,6,2003,2003-08-13,0.04,0.066547155
7,6,2003,2003-08-21,0.05,0.07044819
7,6,2003,2003-08-29,0.04,0.07600337
7,6,2003,2003-09-06,0.02,0.060771286
7,6,2003,2003-09-14,0.04,0.051341325
7,6,2003,2003-09-22,0.07,0.06237483
7,6,2003,2003-09-30,0.06,0.087123185
7,6,2003,2003-10-08,0.12,0.089359015
7,6,2003,2003-10-16,0.09,0.14606151
7,6,2003,2003-10-24,0.13,0.11312243
7,6,2003,2003-11-01,0.19,0.13997446
7,6,2003,2003-11-09,0.12,0.20122719
7,6,2003,2003-11-17,0.12,0.16842188
7,6,2003,2003-11-25,0.22,0.12434673
7,6,2003,2003-12-03,0.12,0.21010193
7,6,2003,2003-12-11,0.08,0.1401737
7,6,2003,2003-12-19,0.05,0.09363288
7,6,2003,2003-12-27,0.02,0.055080682
7,6,2004,2004-07-03,0.06,0.0420247
7,6,2004,2004-07-11,0.06,0.076103956
7,6,2004,2004-07-19,0.04,0.08681485
7,6,2004,2004-07-27,0.02,0.0733985
7,6,2004,2004-08-04,0.03,0.05789107
7,6,2004,2004-08-12,0.05,0.051628917
7,6,2004,2004-08-20,0.06,0.06731051
7,6,2004,2004-08-28,0.08,0.080043465
7,6,2004,2004-09-05,0.1,0.09422007
7,6,2004,2004-09-13,0.1,0.10434696
7,6,2004,2004-09-21,0.06,0.10956067
7,6,2004,2004-09-29,0.08,0.08596003
7,6,2004,2004-10-07,0.16,0.09323624
7,6,2004,2004-10-15,0.09,0.16941181
7,6,2004,2004-10-23,0.21,0.11877015
7,6,2004,2004-10-31,0.19,0.20798907
7,6,2004,2004-11-08,0.18,0.20783284
7,6,2004,2004-11-16,0.15,0.18226932
7,6,2004,2004-11-24,0.18,0.14241774
7,6,2004,2004-12-02,0.14,0.19016412
7,6,2004,2004-12-10,0.03,0.14486125
7,6,2004,2004-12-18,0.04,0.051956475
7,6,2004,2004-12-26,0.04,0.044464797
7,6,2005,2005-07-04,0.01,0.044844866
7,6,2005,2005-07-12,0.04,0.044252068
7,6,2005,2005-07-20,0.05,0.06431422
7,6,2005,2005-07-28,0.01,0.06916717
7,6,2005,2005-08-05,0.04,0.036756784
7,6,2005,2005-08-13,0.03,0.056048602
7,6,2005,2005-08-21,0.05,0.05524108
7,6,2005,2005-08-29,0.06,0.07429752
7,6,2005,2005-09-06,0.09,0.08465344
7,6,2005,2005-09-14,0.04,0.11186156
7,6,2005,2005-09-22,0.06,0.074738204
7,6,2005,2005-09-30,0.07,0.0733594
7,6,2005,2005-10-08,0.17,0.08487651
7,6,2005,2005-10-16,0.11,0.18741524
7,6,2005,2005-10-24,0.17,0.13108459
7,6,2005,2005-11-01,0.19,0.18935913
7,6,2005,2005-11-09,0.17,0.19527164
7,6,2005,2005-11-17,0.24,0.1794259
7,6,2005,2005-11-25,0.18,0.21374169
7,6,2005,2005-12-03,0.17,0.18126136
7,6,2005,2005-12-11,0.14,0.15699697
7,6,2005,2005-12-19,0.1,0.10683286
7,6,2005,2005-12-27,0.13,0.087396204
7,6,2006,2006-07-04,0.02,0.035351872
7,6,2006,2006-07-12,0.03,0.039422035
7,6,2006,2006-07-20,0.03,0.054410577
7,6,2006,2006-07-28,0.01,0.05810854
7,6,2006,2006-08-05,0.04,0.03449434
7,6,2006,2006-08-13,0.05,0.059506
7,6,2006,2006-08-21,0.06,0.06649396
7,6,2006,2006-08-29,0.08,0.0811511
7,6,2006,2006-09-06,0.06,0.096095055
7,6,2006,2006-09-14,0.05,0.08847967
7,6,2006,2006-09-22,0.04,0.06649202
7,6,2006,2006-09-30,0.03,0.060973614
7,6,2006,2006-10-08,0.06,0.057174683
7,6,2006,2006-10-16,0.07,0.10282686
7,6,2006,2006-10-24,0.07,0.0980926
7,6,2006,2006-11-01,0.18,0.108978495
7,6,2006,2006-11-09,0.21,0.19480123
7,6,2006,2006-11-17,0.18,0.22081062
7,6,2006,2006-11-25,0.14,0.20657185
7,6,2006,2006-12-03,0.11,0.1436387
7,6,2006,2006-12-11,0.09,0.111665666
7,6,2006,2006-12-19,0.15,0.094831795
7,6,2006,2006-12-27,0.07,0.13794085
7,6,2007,2007-07-04,0.01,0.033336192
7,6,2007,2007-07-12,0.01,0.03653264
7,6,2007,2007-07-20,0.01,0.03950557
7,6,2007,2007-07-28,0.02,0.039370358
7,6,2007,2007-08-05,0.02,0.04161498
7,6,2007,2007-08-13,0.01,0.04856211
7,6,2007,2007-08-21,0.03,0.044134885
7,6,2007,2007-08-29,0.07,0.05932951
7,6,2007,2007-09-06,0.07,0.09333077
7,6,2007,2007-09-14,0.06,0.09192893
7,6,2007,2007-09-22,0.05,0.079660445
7,6,2007,2007-09-30,0.08,0.066672
7,6,2007,2007-10-08,0.13,0.08641505
7,6,2007,2007-10-16,0.25,0.13471806
7,6,2007,2007-10-24,0.19,0.2383488
7,6,2007,2007-11-01,0.17,0.19652706
7,6,2007,2007-11-09,0.14,0.1855313
7,6,2007,2007-11-17,0.11,0.15632771
7,6,2007,2007-11-25,0.17,0.12593073
7,6,2007,2007-12-03,0.19,0.15786919
7,6,2007,2007-12-11,0.16,0.17755018
7,6,2007,2007-12-19,0.07,0.15612972
7,6,2007,2007-12-27,0.03,0.096270666
7,6,2008,2008-07-03,0.02,0.049144596
7,6,2008,2008-07-11,0.04,0.043920428
7,6,2008,2008-07-19,0.02,0.058519542
7,6,2008,2008-07-27,0.01,0.04494822
7,6,2008,2008-08-04,0.02,0.039417475
7,6,2008,2008-08-12,0.05,0.044489324
7,6,2008,2008-08-20,0.08,0.06537932
7,6,2008,2008-08-28,0.1,0.09480873
7,6,2008,2008-09-05,0.06,0.12130557
7,6,2008,2008-09-13,0.05,0.09046793
7,6,2008,2008-09-21,0.09,0.07285166
7,6,2008,2008-09-29,0.08,0.09704186
7,6,2008,2008-10-07,0.09,0.10313317
7,6,2008,2008-10-15,0.17,0.122084394
7,6,2008,2008-10-23,0.17,0.21044649
7,6,2008,2008-10-31,0.19,0.1992099
7,6,2008,2008-11-08,0.15,0.19549671
7,6,2008,2008-11-16,0.14,0.1496604
7,6,2008,2008-11-24,0.17,0.1340555
7,6,2008,2008-12-02,0.14,0.17290403
7,6,2008,2008-12-10,0.2,0.16438693
7,6,2008,2008-12-18,0.12,0.19836386
7,6,2008,2008-12-26,0.1,0.119464636
7,6,2009,2009-07-04,0.01,0.06311658
7,6,2009,2009-07-12,0.01,0.037689775
7,6,2009,2009-07-20,0.02,0.04235077
7,6,2009,2009-07-28,0.07,0.043964654
7,6,2009,2009-08-05,0.03,0.08079761
7,6,2009,2009-08-13,0.06,0.057338208
7,6,2009,2009-08-21,0.06,0.083501846
7,6,2009,2009-08-29,0.08,0.08911505
7,6,2009,2009-09-06,0.1,0.11056408
7,6,2009,2009-09-14,0.13,0.11388785
7,6,2009,2009-09-22,0.16,0.13424505
7,6,2009,2009-09-30,0.19,0.16818136
7,6,2009,2009-10-08,0.11,0.19126238
7,6,2009,2009-10-16,0.23,0.13003206
7,6,2009,2009-10-24,0.14,0.23079166
7,6,2009,2009-11-01,0.14,0.17009605
7,6,2009,2009-11-09,0.15,0.15948488
7,6,2009,2009-11-17,0.23,0.14757973
7,6,2009,2009-11-25,0.17,0.22027442
7,6,2009,2009-12-03,0.16,0.18859059
7,6,2009,2009-12-11,0.1,0.16247876
7,6,2009,2009-12-19,0.13,0.12380628
7,6,2009,2009-12-27,0.05,0.12947208
7,6,2010,2010-07-04,0.0,0.06165114
7,6,2010,2010-07-12,0.02,0.027768105
7,6,2010,2010-07-20,0.02,0.04000309
7,6,2010,2010-07-28,0.02,0.041935742
7,6,2010,2010-08-05,0.02,0.056503445
7,6,2010,2010-08-13,0.09,0.046319366
7,6,2010,2010-08-21,0.04,0.103713304
7,6,2010,2010-08-29,0.05,0.07090837
7,6,2010,2010-09-06,0.06,0.078089446
7,6,2010,2010-09-14,0.11,0.08524051
7,6,2010,2010-09-22,0.08,0.1339376
7,6,2010,2010-09-30,0.12,0.11937229
7,6,2010,2010-10-08,0.12,0.14917867
7,6,2010,2010-10-16,0.06,0.12798099
7,6,2010,2010-10-24,0.22,0.10937606
7,6,2010,2010-11-01,0.08,0.20511223
7,6,2010,2010-11-09,0.14,0.11509892
7,6,2010,2010-11-17,0.18,0.14306998
7,6,2010,2010-11-25,0.17,0.19099417
7,6,2010,2010-12-03,0.15,0.1859374
7,6,2010,2010-12-11,0.17,0.1529597
7,6,2010,2010-12-19,0.18,0.14909051
7,6,2010,2010-12-27,0.2,0.1720021
7,6,2011,2011-07-04,0.01,0.04985878
7,6,2011,2011-07-12,0.02,0.034594446
7,6,2011,2011-07-20,0.04,0.044668823
7,6,2011,2011-07-28,0.03,0.059607357
7,6,2011,2011-08-05,0.07,0.055288225
7,6,2011,2011-08-13,0.08,0.08320376
7,6,2011,2011-08-21,0.08,0.10838562
7,6,2011,2011-08-29,0.12,0.09807277
7,6,2011,2011-09-06,0.06,0.12558958
7,6,2011,2011-09-14,0.1,0.08459824
7,6,2011,2011-09-22,0.16,0.12138824
7,6,2011,2011-09-30,0.16,0.16043927
7,6,2011,2011-10-08,0.09,0.17788136
7,6,2011,2011-10-16,0.09,0.11723694
7,6,2011,2011-10-24,0.16,0.09059939
7,6,2011,2011-11-01,0.2,0.18481448
7,6,2011,2011-11-09,0.19,0.19656616
7,6,2011,2011-11-17,0.17,0.19846198
7,6,2011,2011-11-25,0.14,0.18120153
7,6,2011,2011-12-03,0.17,0.15172061
7,6,2011,2011-12-11,0.14,0.16517791
7,6,2011,2011-12-19,0.12,0.15278399
7,6,2011,2011-12-27,0.19,0.13977838
7,6,2012,2012-07-03,0.07,0.06810546
7,6,2012,2012-07-11,0.02,0.08276224
7,6,2012,2012-07-19,0.01,0.04853946
7,6,2012,2012-07-27,0.04,0.04223016
7,6,2012,2012-08-04,0.02,0.059208363
7,6,2012,2012-08-12,0.05,0.058119506
7,6,2012,2012-08-20,0.11,0.081184596
7,6,2012,2012-08-28,0.04,0.12595336
7,6,2012,2012-09-05,0.07,0.08773631
7,6,2012,2012-09-13,0.09,0.085810274
7,6,2012,2012-09-21,0.06,0.10764393
7,6,2012,2012-09-29,0.06,0.10639456
7,6,2012,2012-10-07,0.12,0.101181775
7,6,2012,2012-10-15,0.12,0.12569796
7,6,2012,2012-10-23,0.14,0.131724
7,6,2012,2012-10-31,0.11,0.16449636
7,6,2012,2012-11-08,0.07,0.14868116
7,6,2012,2012-11-16,0.14,0.10895811
7,6,2012,2012-11-24,0.12,0.14852679
7,6,2012,2012-12-02,0.12,0.13660139
7,6,2012,2012-12-10,0.16,0.14401975
7,6,2012,2012-12-18,0.14,0.16335104
7,6,2012,2012-12-26,0.05,0.14966866
7,7,2001,2001-07-04,0.06,0.0787127
7,7,2001,2001-07-12,0.06,0.09059557
7,7,2001,2001-07-20,0.09,0.10789795
7,7,2001,2001-07-28,0.08,0.12898403
7,7,2001,2001-08-05,0.08,0.118454486
7,7,2001,2001-08-13,0.06,0.114093125
7,7,2001,2001-08-21,0.07,0.098838806
7,7,2001,2001-08-29,0.09,0.10811475
7,7,2001,2001-09-06,0.1,0.13603485
7,7,2001,2001-09-14,0.12,0.12780035
7,7,2001,2001-09-22,0.12,0.16471589
7,7,2001,2001-09-30,0.24,0.1762581
7,7,2001,2001-10-08,0.25,0.2769948
7,7,2001,2001-10-16,0.24,0.2740926
7,7,2001,2001-10-24,0.37,0.2718054
7,7,2001,2001-11-01,0.34,0.37652773
7,7,2001,2001-11-09,0.51,0.41130954
7,7,2001,2001-11-17,0.36,0.48422146
7,7,2001,2001-11-25,0.47,0.35989037
7,7,2001,2001-12-03,0.41,0.41822144
7,7,2001,2001-12-11,0.35,0.34783527
7,7,2001,2001-12-19,0.26,0.29323772
7,7,2001,2001-12-27,0.11,0.19507381
7,7,2002,2002-07-04,0.03,0.063985586
7,7,2002,2002-07-12,0.05,0.06548864
7,7,2002,2002-07-20,0.04,0.0812771
7,7,2002,2002-07-28,0.04,0.07929224
7,7,2002,2002-08-05,0.03,0.07635805
7,7,2002,2002-08-13,0.17,0.06694025
7,7,2002,2002-08-21,0.17,0.1716727
7,7,2002,2002-08-29,0.12,0.18403652
7,7,2002,2002-09-06,0.09,0.14854774
7,7,2002,2002-09-14,0.11,0.11090529
7,7,2002,2002-09-22,0.14,0.12849425
7,7,2002,2002-09-30,0.15,0.15797073
7,7,2002,2002-10-08,0.26,0.19867404
7,7,2002,2002-10-16,0.26,0.2877916
7,7,2002,2002-10-24,0.27,0.28457507
7,7,2002,2002-11-01,0.35,0.30831468
7,7,2002,2002-11-09,0.31,0.35189378
7,7,2002,2002-11-17,0.36,0.35749534
7,7,2002,2002-11-25,0.38,0.34049612
7,7,2002,2002-12-03,0.32,0.37576395
7,7,2002,2002-12-11,0.31,0.31197459
7,7,2002,2002-12-19,0.13,0.2705402
7,7,2002,2002-12-27,0.08,0.11475699
7,7,2003,2003-07-04,0.02,0.042092055
7,7,2003,2003-07-12,0.06,0.05073586
7,7,2003,2003-07-20,0.03,0.088472635
7,7,2003,2003-07-28,0.04,0.06531927
7,7,2003,2003-08-05,0.06,0.06991002
7,7,2003,2003-08-13,0.03,0.08010003
7,7,2003,2003-08-21,0.09,0.09385142
7,7,2003,2003-08-29,0.18,0.1379799
7,7,2003,2003-09-06,0.11,0.19818717
7,7,2003,2003-09-14,0.19,0.14031133
7,7,2003,2003-09-22,0.21,0.19513515
7,7,2003,2003-09-30,0.21,0.22045453
7,7,2003,2003-10-08,0.26,0.23013107
7,7,2003,2003-10-16,0.37,0.2861197
7,7,2003,2003-10-24,0.41,0.3767799
7,7,2003,2003-11-01,0.4,0.41186497
7,7,2003,2003-11-09,0.31,0.40537614
7,7,2003,2003-11-17,0.34,0.29704636
7,7,2003,2003-11-25,0.44,0.31105095
7,7,2003,2003-12-03,0.28,0.4152752
7,7,2003,2003-12-11,0.19,0.28973037
7,7,2003,2003-12-19,0.08,0.16852906
7,7,2003,2003-12-27,0.05,0.051315755
7,7,2004,2004-07-03,0.04,0.045614272
7,7,2004,2004-07-11,0.04,0.06413919
7,7,2004,2004-07-19,0.03,0.07717016
7,7,2004,2004-07-27,0.07,0.06178817
7,7,2004,2004-08-04,0.05,0.091230124
7,7,2004,2004-08-12,0.16,0.082720876
7,7,2004,2004-08-20,0.09,0.16273099
7,7,2004,2004-08-28,0.1,0.12668489
7,7,2004,2004-09-05,0.17,0.14885303
7,7,2004,2004-09-13,0.15,0.17886114
7,7,2004,2004-09-21,0.15,0.18969993
7,7,2004,2004-09-29,0.18,0.18738905
7,7,2004,2004-10-07,0.18,0.2032476
7,7,2004,2004-10-15,0.19,0.21583661
7,7,2004,2004-10-23,0.27,0.2467663
7,7,2004,2004-10-31,0.3,0.31528065
7,7,2004,2004-11-08,0.33,0.3339834
7,7,2004,2004-11-16,0.4,0.32341972
7,7,2004,2004-11-24,0.37,0.38140547
7,7,2004,2004-12-02,0.31,0.38479
7,7,2004,2004-12-10,0.15,0.28182957
7,7,2004,2004-12-18,0.14,0.11616072
7,7,2004,2004-12-26,0.12,0.08776644
7,7,2005,2005-07-04,0.02,0.036512285
7,7,2005,2005-07-12,0.02,0.047331333
7,7,2005,2005-07-20,0.05,0.047965378
7,7,2005,2005-07-28,0.03,0.06770471
7,7,2005,2005-08-05,0.09,0.0626162
7,7,2005,2005-08-13,0.07,0.102291375
7,7,2005,2005-08-21,0.14,0.11369543
7,7,2005,2005-08-29,0.16,0.14963739
7,7,2005,2005-09-06,0.17,0.1655081
7,7,2005,2005-09-14,0.18,0.18986642
7,7,2005,2005-09-22,0.15,0.18667717
7,7,2005,2005-09-30,0.22,0.15735127
7,7,2005,2005-10-08,0.22,0.21444948
7,7,2005,2005-10-16,0.19,0.22062205
7,7,2005,2005-10-24,0.34,0.19603354
7,7,2005,2005-11-01,0.29,0.33014315
7,7,2005,2005-11-09,0.34,0.30476123
7,7,2005,2005-11-17,0.43,0.3308175
7,7,2005,2005-11-25,0.44,0.4089244
7,7,2005,2005-12-03,0.44,0.41364217
7,7,2005,2005-12-11,0.43,0.3781659
7,7,2005,2005-12-19,0.27,0.3174792
7,7,2005,2005-12-27,0.22,0.19504523
7,7,2006,2006-07-04,0.01,0.030130476
7,7,2006,2006-07-12,0.0,0.038957953
7,7,2006,2006-07-20,0.02,0.0329946
7,7,2006,2006-07-28,0.01,0.05423948
7,7,2006,2006-08-05,0.17,0.042763144
7,7,2006,2006-08-13,0.2,0.1845997
7,7,2006,2006-08-21,0.12,0.21044049
7,7,2006,2006-08-29,0.22,0.16410887
7,7,2006,2006-09-06,0.14,0.22384031
7,7,2006,2006-09-14,0.09,0.16985688
7,7,2006,2006-09-22,0.13,0.12329839
7,7,2006,2006-09-30,0.16,0.13494602
7,7,2006,2006-10-08,0.18,0.18903147
7,7,2006,2006-10-16,0.17,0.21229488
7,7,2006,2006-10-24,0.17,0.19070266
7,7,2006,2006-11-01,0.28,0.2176052
7,7,2006,2006-11-09,0.38,0.29355517
7,7,2006,2006-11-17,0.37,0.39484787
7,7,2006,2006-11-25,0.4,0.4028308
7,7,2006,2006-12-03,0.3,0.40151614
7,7,2006,2006-12-11,0.31,0.2965292
7,7,2006,2006-12-19,0.3,0.28004184
7,7,2006,2006-12-27,0.12,0.24076733
7,7,2007,2007-07-04,0.0,0.029868573
7,7,2007,2007-07-12,0.0,0.030690879
7,7,2007,2007-07-20,0.01,0.030009478
7,7,2007,2007-07-28,0.03,0.0424695
7,7,2007,2007-08-05,0.03,0.05545202
7,7,2007,2007-08-13,0.11,0.09453985
7,7,2007,2007-08-21,0.09,0.1643047
7,7,2007,2007-08-29,0.23,0.13241714
7,7,2007,2007-09-06,0.22,0.26091003
7,7,2007,2007-09-14,0.15,0.23771423
7,7,2007,2007-09-22,0.13,0.16363975
7,7,2007,2007-09-30,0.13,0.1356666
7,7,2007,2007-10-08,0.2,0.15011454
7,7,2007,2007-10-16,0.29,0.21958694
7,7,2007,2007-10-24,0.28,0.296799
7,7,2007,2007-11-01,0.3,0.29272366
7,7,2007,2007-11-09,0.31,0.31952643
7,7,2007,2007-11-17,0.28,0.34093735
7,7,2007,2007-11-25,0.36,0.3052598
7,7,2007,2007-12-03,0.44,0.35999763
7,7,2007,2007-12-11,0.39,0.40787032
7,7,2007,2007-12-19,0.26,0.37613928
7,7,2007,2007-12-27,0.21,0.24534486
7,7,2008,2008-07-03,0.01,0.04127726
7,7,2008,2008-07-11,0.03,0.03567335
7,7,2008,2008-07-19,0.03,0.05228454
7,7,2008,2008-07-27,0.08,0.055712193
7,7,2008,2008-08-04,0.12,0.09975478
7,7,2008,2008-08-12,0.17,0.13342866
7,7,2008,2008-08-20,0.24,0.19667588
7,7,2008,2008-08-28,0.21,0.24779424
7,7,2008,2008-09-05,0.2,0.2548961
7,7,2008,2008-09-13,0.15,0.22812182
7,7,2008,2008-09-21,0.17,0.15809074
7,7,2008,2008-09-29,0.17,0.16271469
7,7,2008,2008-10-07,0.18,0.17283866
7,7,2008,2008-10-15,0.22,0.20681912
7,7,2008,2008-10-23,0.35,0.25995123
7,7,2008,2008-10-31,0.33,0.36507282
7,7,2008,2008-11-08,0.35,0.35292238
7,7,2008,2008-11-16,0.38,0.34849626
7,7,2008,2008-11-24,0.42,0.35135302
7,7,2008,2008-12-02,0.46,0.40933236
7,7,2008,2008-12-10,0.51,0.46036652
7,7,2008,2008-12-18,0.5,0.4811604
7,7,2008,2008-12-26,0.42,0.4290442
7,7,2009,2009-07-04,0.0,0.03282407
7,7,2009,2009-07-12,0.01,0.033159226
7,7,2009,2009-07-20,0.05,0.04462263
7,7,2009,2009-07-28,0.04,0.07586792
7,7,2009,2009-08-05,0.1,0.08360404
7,7,2009,2009-08-13,0.17,0.13952345
7,7,2009,2009-08-21,0.17,0.20936775
7,7,2009,2009-08-29,0.29,0.23006165
7,7,2009,2009-09-06,0.3,0.3104141
7,7,2009,2009-09-14,0.33,0.31406367
7,7,2009,2009-09-22,0.23,0.31887838
7,7,2009,2009-09-30,0.34,0.23254168
7,7,2009,2009-10-08,0.3,0.31172016
7,7,2009,2009-10-16,0.33,0.29551557
7,7,2009,2009-10-24,0.27,0.3302244
7,7,2009,2009-11-01,0.27,0.30143338
7,7,2009,2009-11-09,0.3,0.28636745
7,7,2009,2009-11-17,0.35,0.3062468
7,7,2009,2009-11-25,0.31,0.3628634
7,7,2009,2009-12-03,0.3,0.3405151
7,7,2009,2009-12-11,0.32,0.32166806
7,7,2009,2009-12-19,0.3,0.34002882
7,7,2009,2009-12-27,0.19,0.3232429
7,7,2010,2010-07-04,0.0,0.033173293
7,7,2010,2010-07-12,0.06,0.02419582
7,7,2010,2010-07-20,0.07,0.069328874
7,7,2010,2010-07-28,0.07,0.09266284
7,7,2010,2010-08-05,0.06,0.09287718
7,7,2010,2010-08-13,0.2,0.09390345
7,7,2010,2010-08-21,0.1,0.22044718
7,7,2010,2010-08-29,0.11,0.15214069
7,7,2010,2010-09-06,0.17,0.1639159
7,7,2010,2010-09-14,0.18,0.20091568
7,7,2010,2010-09-22,0.17,0.2274448
7,7,2010,2010-09-30,0.23,0.18588106
7,7,2010,2010-10-08,0.19,0.2507712
7,7,2010,2010-10-16,0.14,0.21688408
7,7,2010,2010-10-24,0.22,0.17332189
7,7,2010,2010-11-01,0.27,0.21055296
7,7,2010,2010-11-09,0.32,0.2697567
7,7,2010,2010-11-17,0.37,0.32751065
7,7,2010,2010-11-25,0.4,0.37393722
7,7,2010,2010-12-03,0.37,0.38056427
7,7,2010,2010-12-11,0.47,0.3407735
7,7,2010,2010-12-19,0.49,0.42082393
7,7,2010,2010-12-27,0.37,0.44173893
7,7,2011,2011-07-04,0.0,0.035550356
7,7,2011,2011-07-12,0.02,0.025636852
7,7,2011,2011-07-20,0.02,0.05190292
7,7,2011,2011-07-28,0.06,0.058308125
7,7,2011,2011-08-05,0.12,0.089190334
7,7,2011,2011-08-13,0.22,0.13312063
7,7,2011,2011-08-21,0.2,0.25528872
7,7,2011,2011-08-29,0.34,0.21923718
7,7,2011,2011-09-06,0.18,0.3196049
7,7,2011,2011-09-14,0.14,0.20840865
7,7,2011,2011-09-22,0.16,0.15259604
7,7,2011,2011-09-30,0.16,0.15243204
7,7,2011,2011-10-08,0.15,0.18721798
7,7,2011,2011-10-16,0.12,0.17337894
7,7,2011,2011-10-24,0.19,0.13317053
7,7,2011,2011-11-01,0.24,0.20543273
7,7,2011,2011-11-09,0.27,0.2691389
7,7,2011,2011-11-17,0.35,0.30870712
7,7,2011,2011-11-25,0.36,0.37134543
7,7,2011,2011-12-03,0.41,0.37829936
7,7,2011,2011-12-11,0.45,0.39649546
7,7,2011,2011-12-19,0.35,0.4449879
7,7,2011,2011-12-27,0.08,0.36005852
7,7,2012,2012-07-03,0.04,0.02777633
7,7,2012,2012-07-11,0.01,0.056518286
7,7,2012,2012-07-19,0.03,0.040934235
7,7,2012,2012-07-27,0.04,0.05659923
7,7,2012,2012-08-04,0.07,0.071762264
7,7,2012,2012-08-12,0.16,0.11136189
7,7,2012,2012-08-20,0.09,0.20858684
7,7,2012,2012-08-28,0.04,0.152789
7,7,2012,2012-09-05,0.15,0.12408158
7,7,2012,2012-09-13,0.18,0.15782599
7,7,2012,2012-09-21,0.13,0.1884807
7,7,2012,2012-09-29,0.11,0.16002455
7,7,2012,2012-10-07,0.14,0.13443401
7,7,2012,2012-10-15,0.14,0.15294035
7,7,2012,2012-10-23,0.17,0.1543512
7,7,2012,2012-10-31,0.22,0.19647652
7,7,2012,2012-11-08,0.2,0.24965069
7,7,2012,2012-11-16,0.34,0.24169527
7,7,2012,2012-11-24,0.37,0.3645002
7,7,2012,2012-12-02,0.37,0.39080906
7,7,2012,2012-12-10,0.37,0.3902511
7,7,2012,2012-12-18,0.31,0.3716423
7,7,2012,2012-12-26,0.16,0.28684756
7,8,2001,2001-07-04,0.15,0.12943329
7,8,2001,2001-07-12,0.12,0.1638874
7,8,2001,2001-07-20,0.12,0.14436291
7,8,2001,2001-07-28,0.12,0.14665776
7,8,2001,2001-08-05,0.12,0.14912462
7,8,2001,2001-08-13,0.12,0.1434375
7,8,2001,2001-08-21,0.13,0.14502755
7,8,2001,2001-08-29,0.16,0.16704896
7,8,2001,2001-09-06,0.18,0.21585175
7,8,2001,2001-09-14,0.27,0.2103315
7,8,2001,2001-09-22,0.21,0.29836556
7,8,2001,2001-09-30,0.39,0.2709577
7,8,2001,2001-10-08,0.4,0.35051236
7,8,2001,2001-10-16,0.35,0.35947254
7,8,2001,2001-10-24,0.27,0.31557018
7,8,2001,2001-11-01,0.08,0.21436772
7,8,2001,2001-11-09,0.14,0.09371984
7,8,2001,2001-11-17,0.01,0.11306925
7,8,2001,2001-11-25,0.11,0.054259658
7,8,2001,2001-12-03,0.13,0.13586526
7,8,2001,2001-12-11,0.12,0.1508052
7,8,2001,2001-12-19,0.12,0.16323026
7,8,2001,2001-12-27,0.11,0.14647925
7,8,2002,2002-07-04,0.1,0.18485883
7,8,2002,2002-07-12,0.13,0.10756919
7,8,2002,2002-07-20,0.12,0.1284239
7,8,2002,2002-07-28,0.11,0.14226952
7,8,2002,2002-08-05,0.11,0.14569479
7,8,2002,2002-08-13,0.15,0.14387336
7,8,2002,2002-08-21,0.15,0.17775807
7,8,2002,2002-08-29,0.13,0.18317947
7,8,2002,2002-09-06,0.16,0.17111407
7,8,2002,2002-09-14,0.27,0.19340001
7,8,2002,2002-09-22,0.37,0.30959377
7,8,2002,2002-09-30,0.28,0.3763465
7,8,2002,2002-10-08,0.34,0.32900372
7,8,2002,2002-10-16,0.22,0.3423253
7,8,2002,2002-10-24,0.15,0.22289659
7,8,2002,2002-11-01,0.14,0.13638389
7,8,2002,2002-11-09,0.02,0.09821187
7,8,2002,2002-11-17,0.06,0.05831635
7,8,2002,2002-11-25,0.06,0.06955585
7,8,2002,2002-12-03,0.09,0.1069932
7,8,2002,2002-12-11,0.17,0.14605927
7,8,2002,2002-12-19,0.12,0.20744088
7,8,2002,2002-12-27,0.12,0.16456476
7,8,2003,2003-07-04,0.13,0.13977861
7,8,2003,2003-07-12,0.17,0.14201356
7,8,2003,2003-07-20,0.14,0.18592173
7,8,2003,2003-07-28,0.15,0.17319337
7,8,2003,2003-08-05,0.13,0.17470884
7,8,2003,2003-08-13,0.13,0.15844142
7,8,2003,2003-08-21,0.16,0.16890514
7,8,2003,2003-08-29,0.22,0.19121331
7,8,2003,2003-09-06,0.35,0.23484366
7,8,2003,2003-09-14,0.4,0.34652308
7,8,2003,2003-09-22,0.45,0.4122529
7,8,2003,2003-09-30,0.38,0.45697463
7,8,2003,2003-10-08,0.35,0.35706118
7,8,2003,2003-10-16,0.32,0.31418076
7,8,2003,2003-10-24,0.2,0.26108697
7,8,2003,2003-11-01,0.15,0.17209995
7,8,2003,2003-11-09,0.07,0.13571894
7,8,2003,2003-11-17,0.08,0.076248616
7,8,2003,2003-11-25,0.12,0.10237607
7,8,2003,2003-12-03,0.1,0.14306232
7,8,2003,2003-12-11,0.12,0.14855394
7,8,2003,2003-12-19,0.11,0.1758891
7,8,2003,2003-12-27,0.09,0.15434332
7,8,2004,2004-07-03,0.17,0.1520848
7,8,2004,2004-07-11,0.15,0.17149875
7,8,2004,2004-07-19,0.12,0.18421525
7,8,2004,2004-07-27,0.13,0.15326908
7,8,2004,2004-08-04,0.13,0.15877867
7,8,2004,2004-08-12,0.16,0.15897442
7,8,2004,2004-08-20,0.15,0.18441609
7,8,2004,2004-08-28,0.2,0.18596515
7,8,2004,2004-09-05,0.48,0.23506403
7,8,2004,2004-09-13,0.36,0.49165332
7,8,2004,2004-09-21,0.47,0.41528958
7,8,2004,2004-09-29,0.48,0.4498446
7,8,2004,2004-10-07,0.39,0.42154655
7,8,2004,2004-10-15,0.29,0.34606138
7,8,2004,2004-10-23,0.18,0.23752949
7,8,2004,2004-10-31,0.07,0.13882588
7,8,2004,2004-11-08,0.05,0.074913085
7,8,2004,2004-11-16,0.13,0.063049525
7,8,2004,2004-11-24,0.08,0.14026195
7,8,2004,2004-12-02,0.09,0.13506204
7,8,2004,2004-12-10,0.11,0.13411948
7,8,2004,2004-12-18,0.13,0.1475602
7,8,2004,2004-12-26,0.13,0.16511147
7,8,2005,2005-07-04,0.16,0.18613276
7,8,2005,2005-07-12,0.18,0.13588138
7,8,2005,2005-07-20,0.17,0.17199972
7,8,2005,2005-07-28,0.11,0.18137029
7,8,2005,2005-08-05,0.15,0.1423749
7,8,2005,2005-08-13,0.12,0.16585687
7,8,2005,2005-08-21,0.13,0.1574373
7,8,2005,2005-08-29,0.16,0.16358007
7,8,2005,2005-09-06,0.2,0.19433278
7,8,2005,2005-09-14,0.32,0.29410627
7,8,2005,2005-09-22,0.42,0.35577634
7,8,2005,2005-09-30,0.49,0.44995815
7,8,2005,2005-10-08,0.5,0.4950169
7,8,2005,2005-10-16,0.46,0.47013864
7,8,2005,2005-10-24,0.56,0.39692822
7,8,2005,2005-11-01,0.25,0.44856322
7,8,2005,2005-11-09,0.19,0.22216293
7,8,2005,2005-11-17,0.2,0.13876562
7,8,2005,2005-11-25,0.14,0.16741902
7,8,2005,2005-12-03,0.12,0.15587759
7,8,2005,2005-12-11,0.14,0.13952701
7,8,2005,2005-12-19,0.1,0.156322
7,8,2005,2005-12-27,0.14,0.1408791
7,8,2006,2006-07-04,0.15,0.12751552
7,8,2006,2006-07-12,0.13,0.13657266
7,8,2006,2006-07-20,0.13,0.15618333
7,8,2006,2006-07-28,0.11,0.16397762
7,8,2006,2006-08-05,0.14,0.13726474
7,8,2006,2006-08-13,0.18,0.16819882
7,8,2006,2006-08-21,0.19,0.19733766
7,8,2006,2006-08-29,0.34,0.212159
7,8,2006,2006-09-06,0.37,0.33274752
7,8,2006,2006-09-14,0.41,0.37025893
7,8,2006,2006-09-22,0.52,0.41663194
7,8,2006,2006-09-30,0.41,0.504472
7,8,2006,2006-10-08,0.4,0.42346308
7,8,2006,2006-10-16,0.24,0.37038493
7,8,2006,2006-10-24,0.15,0.21997103
7,8,2006,2006-11-01,0.12,0.16794738
7,8,2006,2006-11-09,0.12,0.09650643
7,8,2006,2006-11-17,0.09,0.113482654
7,8,2006,2006-11-25,0.12,0.12133181
7,8,2006,2006-12-03,0.03,0.14638408
7,8,2006,2006-12-11,0.11,0.087005466
7,8,2006,2006-12-19,0.14,0.14324981
7,8,2006,2006-12-27,0.09,0.16487712
7,8,2007,2007-07-04,0.09,0.17899431
7,8,2007,2007-07-12,0.17,0.094380885
7,8,2007,2007-07-20,0.14,0.15990594
7,8,2007,2007-07-28,0.17,0.16541463
7,8,2007,2007-08-05,0.17,0.19262165
7,8,2007,2007-08-13,0.15,0.19659828
7,8,2007,2007-08-21,0.12,0.19271293
7,8,2007,2007-08-29,0.19,0.1660989
7,8,2007,2007-09-06,0.22,0.25077063
7,8,2007,2007-09-14,0.31,0.28462425
7,8,2007,2007-09-22,0.39,0.35601112
7,8,2007,2007-09-30,0.45,0.43148425
7,8,2007,2007-10-08,0.51,0.4403752
7,8,2007,2007-10-16,0.37,0.46794033
7,8,2007,2007-10-24,0.28,0.3118565
7,8,2007,2007-11-01,0.18,0.19820628
7,8,2007,2007-11-09,0.1,0.132233
7,8,2007,2007-11-17,0.11,0.106030166
7,8,2007,2007-11-25,0.09,0.1208666
7,8,2007,2007-12-03,0.13,0.12957704
7,8,2007,2007-12-11,0.12,0.14556466
7,8,2007,2007-12-19,0.09,0.16004433
7,8,2007,2007-12-27,0.08,0.14602529
7,8,2008,2008-07-03,0.13,0.121389955
7,8,2008,2008-07-11,0.13,0.12104422
7,8,2008,2008-07-19,0.12,0.15444933
7,8,2008,2008-07-27,0.12,0.15298684
7,8,2008,2008-08-04,0.12,0.16094483
7,8,2008,2008-08-12,0.14,0.1597441
7,8,2008,2008-08-20,0.17,0.17124844
7,8,2008,2008-08-28,0.21,0.18840364
7,8,2008,2008-09-05,0.37,0.24033184
7,8,2008,2008-09-13,0.4,0.38152218
7,8,2008,2008-09-21,0.42,0.4215352
7,8,2008,2008-09-29,0.35,0.4290004
7,8,2008,2008-10-07,0.34,0.35140565
7,8,2008,2008-10-15,0.2,0.32927877
7,8,2008,2008-10-23,0.27,0.18011872
7,8,2008,2008-10-31,0.21,0.20870855
7,8,2008,2008-11-08,0.11,0.17425585
7,8,2008,2008-11-16,0.06,0.107502535
7,8,2008,2008-11-24,0.04,0.07666761
7,8,2008,2008-12-02,0.07,0.07351866
7,8,2008,2008-12-10,0.1,0.11809324
7,8,2008,2008-12-18,0.14,0.14541315
7,8,2008,2008-12-26,0.12,0.17150734
7,8,2009,2009-07-04,0.12,0.11003068
7,8,2009,2009-07-12,0.11,0.1359412
7,8,2009,2009-07-20,0.12,0.13356093
7,8,2009,2009-07-28,0.12,0.1444135
7,8,2009,2009-08-05,0.15,0.14565979
7,8,2009,2009-08-13,0.13,0.1718145
7,8,2009,2009-08-21,0.13,0.16035727
7,8,2009,2009-08-29,0.18,0.16433327
7,8,2009,2009-09-06,0.41,0.21323869
7,8,2009,2009-09-14,0.47,0.4672135
7,8,2009,2009-09-22,0.49,0.500649
7,8,2009,2009-09-30,0.54,0.48007023
7,8,2009,2009-10-08,0.49,0.46751904
7,8,2009,2009-10-16,0.41,0.41151935
7,8,2009,2009-10-24,0.24,0.2963885
7,8,2009,2009-11-01,0.15,0.17481215
7,8,2009,2009-11-09,0.09,0.10651553
7,8,2009,2009-11-17,0.06,0.06759545
7,8,2009,2009-11-25,0.06,0.061036557
7,8,2009,2009-12-03,0.05,0.074174136
7,8,2009,2009-12-11,0.04,0.08493999
7,8,2009,2009-12-19,0.03,0.088059515
7,8,2009,2009-12-27,0.04,0.088859886
7,8,2010,2010-07-04,0.24,0.31642348
7,8,2010,2010-07-12,0.21,0.21827295
7,8,2010,2010-07-20,0.18,0.18094051
7,8,2010,2010-07-28,0.12,0.1751374
7,8,2010,2010-08-05,0.14,0.14211595
7,8,2010,2010-08-13,0.16,0.15959042
7,8,2010,2010-08-21,0.11,0.17600411
7,8,2010,2010-08-29,0.13,0.14672369
7,8,2010,2010-09-06,0.14,0.16326438
7,8,2010,2010-09-14,0.16,0.22353506
7,8,2010,2010-09-22,0.23,0.2538772
7,8,2010,2010-09-30,0.42,0.29562742
7,8,2010,2010-10-08,0.47,0.44857863
7,8,2010,2010-10-16,0.47,0.4790634
7,8,2010,2010-10-24,0.54,0.44335276
7,8,2010,2010-11-01,0.45,0.4382219
7,8,2010,2010-11-09,0.38,0.3607723
7,8,2010,2010-11-17,0.33,0.29256263
7,8,2010,2010-11-25,0.24,0.25026995
7,8,2010,2010-12-03,0.16,0.20254415
7,8,2010,2010-12-11,0.18,0.14772177
7,8,2010,2010-12-19,0.08,0.15969148
7,8,2010,2010-12-27,0.16,0.10293096
7,8,2011,2011-07-04,0.12,0.16175856
7,8,2011,2011-07-12,0.15,0.12244159
7,8,2011,2011-07-20,0.13,0.14239576
7,8,2011,2011-07-28,0.11,0.15345572
7,8,2011,2011-08-05,0.13,0.13032636
7,8,2011,2011-08-13,0.15,0.14631268
7,8,2011,2011-08-21,0.1,0.1726304
7,8,2011,2011-08-29,0.2,0.13282962
7,8,2011,2011-09-06,0.28,0.19876198
7,8,2011,2011-09-14,0.27,0.2699976
7,8,2011,2011-09-22,0.48,0.2795795
7,8,2011,2011-09-30,0.49,0.4437267
7,8,2011,2011-10-08,0.39,0.49382287
7,8,2011,2011-10-16,0.2,0.4154138
7,8,2011,2011-10-24,0.14,0.21947029
7,8,2011,2011-11-01,0.15,0.15424055
7,8,2011,2011-11-09,0.12,0.1601547
7,8,2011,2011-11-17,0.12,0.15446514
7,8,2011,2011-11-25,0.1,0.15068108
7,8,2011,2011-12-03,0.11,0.12803623
7,8,2011,2011-12-11,0.05,0.12538265
7,8,2011,2011-12-19,0.11,0.09725909
7,8,2011,2011-12-27,0.05,0.11850166
7,8,2012,2012-07-03,0.19,0.14763074
7,8,2012,2012-07-11,0.12,0.16239037
7,8,2012,2012-07-19,0.13,0.13540117
7,8,2012,2012-07-27,0.13,0.13801594
7,8,2012,2012-08-04,0.14,0.13673002
7,8,2012,2012-08-12,0.15,0.15517259
7,8,2012,2012-08-20,0.14,0.16866353
7,8,2012,2012-08-28,0.14,0.1500954
7,8,2012,2012-09-05,0.3,0.16937968
7,8,2012,2012-09-13,0.46,0.31751734
7,8,2012,2012-09-21,0.4,0.45068035
7,8,2012,2012-09-29,0.44,0.44386125
7,8,2012,2012-10-07,0.42,0.43390447
7,8,2012,2012-10-15,0.4,0.36912873
7,8,2012,2012-10-23,0.2,0.3013999
7,8,2012,2012-10-31,0.11,0.1454441
7,8,2012,2012-11-08,0.05,0.087177485
7,8,2012,2012-11-16,0.05,0.05638224
7,8,2012,2012-11-24,0.06,0.07425535
7,8,2012,2012-12-02,0.09,0.08594623
7,8,2012,2012-12-10,0.1,0.1169029
7,8,2012,2012-12-18,0.08,0.11342023
7,8,2012,2012-12-26,0.1,0.112320244
7,9,2001,2001-07-04,0.33,0.31062087
7,9,2001,2001-07-12,0.25,0.34457964
7,9,2001,2001-07-20,0.22,0.26681554
7,9,2001,2001-07-28,0.23,0.20180908
7,9,2001,2001-08-05,0.15,0.20406653
7,9,2001,2001-08-13,0.17,0.16906866
7,9,2001,2001-08-21,0.21,0.17938246
7,9,2001,2001-08-29,0.21,0.2229186
7,9,2001,2001-09-06,0.21,0.24732172
7,9,2001,2001-09-14,0.26,0.23138861
7,9,2001,2001-09-22,0.3,0.2884063
7,9,2001,2001-09-30,0.36,0.32292032
7,9,2001,2001-10-08,0.34,0.3590539
7,9,2001,2001-10-16,0.44,0.34255293
7,9,2001,2001-10-24,0.34,0.40395808
7,9,2001,2001-11-01,0.23,0.3231857
7,9,2001,2001-11-09,0.33,0.24491341
7,9,2001,2001-11-17,0.14,0.27389953
7,9,2001,2001-11-25,0.18,0.18871531
7,9,2001,2001-12-03,0.2,0.20561862
7,9,2001,2001-12-11,0.24,0.2075522
7,9,2001,2001-12-19,0.18,0.25805315
7,9,2001,2001-12-27,0.18,0.21194912
7,9,2002,2002-07-04,0.31,0.5003468
7,9,2002,2002-07-12,0.3,0.34669957
7,9,2002,2002-07-20,0.32,0.25705507
7,9,2002,2002-07-28,0.28,0.2705338
7,9,2002,2002-08-05,0.27,0.27968487
7,9,2002,2002-08-13,0.32,0.2575065
7,9,2002,2002-08-21,0.32,0.29059908
7,9,2002,2002-08-29,0.25,0.31262562
7,9,2002,2002-09-06,0.23,0.2718474
7,9,2002,2002-09-14,0.3,0.24023736
7,9,2002,2002-09-22,0.34,0.2912249
7,9,2002,2002-09-30,0.33,0.3429691
7,9,2002,2002-10-08,0.42,0.35328877
7,9,2002,2002-10-16,0.42,0.39763457
7,9,2002,2002-10-24,0.37,0.42182174
7,9,2002,2002-11-01,0.37,0.36865562
7,9,2002,2002-11-09,0.14,0.32411495
7,9,2002,2002-11-17,0.28,0.19868106
7,9,2002,2002-11-25,0.27,0.2274378
7,9,2002,2002-12-03,0.29,0.25224882
7,9,2002,2002-12-11,0.23,0.29225808
7,9,2002,2002-12-19,0.24,0.25939614
7,9,2002,2002-12-27,0.33,0.24330235
7,9,2003,2003-07-04,0.46,0.40307873
7,9,2003,2003-07-12,0.46,0.41318068
7,9,2003,2003-07-20,0.43,0.4116699
7,9,2003,2003-07-28,0.46,0.4108994
7,9,2003,2003-08-05,0.34,0.42083806
7,9,2003,2003-08-13,0.32,0.35336512
7,9,2003,2003-08-21,0.44,0.32860005
7,9,2003,2003-08-29,0.44,0.39606664
7,9,2003,2003-09-06,0.42,0.41418782
7,9,2003,2003-09-14,0.45,0.39856273
7,9,2003,2003-09-22,0.49,0.41707903
7,9,2003,2003-09-30,0.5,0.45754975
7,9,2003,2003-10-08,0.46,0.47049195
7,9,2003,2003-10-16,0.47,0.45786154
7,9,2003,2003-10-24,0.38,0.4538524
7,9,2003,2003-11-01,0.39,0.38973355
7,9,2003,2003-11-09,0.3,0.3757244
7,9,2003,2003-11-17,0.31,0.28785118
7,9,2003,2003-11-25,0.33,0.30437136
7,9,2003,2003-12-03,0.27,0.32411283
7,9,2003,2003-12-11,0.32,0.3105544
7,9,2003,2003-12-19,0.27,0.31180662
7,9,2003,2003-12-27,0.24,0.29041523
7,9,2004,2004-07-03,0.49,0.46709594
7,9,2004,2004-07-11,0.48,0.46551633
7,9,2004,2004-07-19,0.5,0.46582767
7,9,2004,2004-07-27,0.49,0.4754125
7,9,2004,2004-08-04,0.43,0.4740641
7,9,2004,2004-08-12,0.49,0.42197207
7,9,2004,2004-08-20,0.41,0.43671134
7,9,2004,2004-08-28,0.37,0.42163706
7,9,2004,2004-09-05,0.54,0.39801913
7,9,2004,2004-09-13,0.59,0.47732428
7,9,2004,2004-09-21,0.6,0.5376852
7,9,2004,2004-09-29,0.61,0.56658435
7,9,2004,2004-10-07,0.63,0.57144904
7,9,2004,2004-10-15,0.59,0.57510185
7,9,2004,2004-10-23,0.56,0.5543986
7,9,2004,2004-10-31,0.43,0.51590896
7,9,2004,2004-11-08,0.36,0.43161193
7,9,2004,2004-11-16,0.52,0.35369474
7,9,2004,2004-11-24,0.42,0.43679094
7,9,2004,2004-12-02,0.4,0.42208418
7,9,2004,2004-12-10,0.37,0.39458662
7,9,2004,2004-12-18,0.38,0.36431867
7,9,2004,2004-12-26,0.35,0.36498326
7,9,2005,2005-07-04,0.63,0.5958089
7,9,2005,2005-07-12,0.58,0.5737878
7,9,2005,2005-07-20,0.54,0.55276626
7,9,2005,2005-07-28,0.55,0.51600385
7,9,2005,2005-08-05,0.46,0.5156847
7,9,2005,2005-08-13,0.46,0.4558806
7,9,2005,2005-08-21,0.4,0.44980335
7,9,2005,2005-08-29,0.45,0.4012736
7,9,2005,2005-09-06,0.47,0.41953972
7,9,2005,2005-09-14,0.49,0.46669847
7,9,2005,2005-09-22,0.58,0.502173
7,9,2005,2005-09-30,0.58,0.55561054
7,9,2005,2005-10-08,0.62,0.56426245
7,9,2005,2005-10-16,0.7,0.59109056
7,9,2005,2005-10-24,0.78,0.63477015
7,9,2005,2005-11-01,0.6,0.68912196
7,9,2005,2005-11-09,0.57,0.57708204
7,9,2005,2005-11-17,0.57,0.50767684
7,9,2005,2005-11-25,0.48,0.52443683
7,9,2005,2005-12-03,0.47,0.4771261
7,9,2005,2005-12-11,0.51,0.44784114
7,9,2005,2005-12-19,0.37,0.45854935
7,9,2005,2005-12-27,0.42,0.398175
7,9,2006,2006-07-04,0.55,0.5853909
7,9,2006,2006-07-12,0.52,0.53949976
7,9,2006,2006-07-20,0.47,0.506161
7,9,2006,2006-07-28,0.46,0.46049565
7,9,2006,2006-08-05,0.43,0.45221335
7,9,2006,2006-08-13,0.47,0.42266876
7,9,2006,2006-08-21,0.41,0.44468355
7,9,2006,2006-08-29,0.45,0.40994763
7,9,2006,2006-09-06,0.44,0.4355719
7,9,2006,2006-09-14,0.49,0.4385779
7,9,2006,2006-09-22,0.61,0.47604847
7,9,2006,2006-09-30,0.63,0.5652604
7,9,2006,2006-10-08,0.62,0.59683365
7,9,2006,2006-10-16,0.56,0.6005082
7,9,2006,2006-10-24,0.54,0.5680644
7,9,2006,2006-11-01,0.41,0.5563381
7,9,2006,2006-11-09,0.5,0.43869033
7,9,2006,2006-11-17,0.41,0.45895758
7,9,2006,2006-11-25,0.38,0.4213047
7,9,2006,2006-12-03,0.3,0.39465484
7,9,2006,2006-12-11,0.38,0.32891583
7,9,2006,2006-12-19,0.46,0.3777875
7,9,2006,2006-12-27,0.44,0.4227717
7,9,2007,2007-07-04,0.41,0.5096361
7,9,2007,2007-07-12,0.48,0.4336138
7,9,2007,2007-07-20,0.46,0.45416915
7,9,2007,2007-07-28,0.43,0.452928
7,9,2007,2007-08-05,0.43,0.44147468
7,9,2007,2007-08-13,0.44,0.42700332
7,9,2007,2007-08-21,0.5,0.44115466
7,9,2007,2007-08-29,0.52,0.47191125
7,9,2007,2007-09-06,0.52,0.49980706
7,9,2007,2007-09-14,0.48,0.50467974
7,9,2007,2007-09-22,0.51,0.48828945
7,9,2007,2007-09-30,0.53,0.5150778
7,9,2007,2007-10-08,0.61,0.53479934
7,9,2007,2007-10-16,0.57,0.58159435
7,9,2007,2007-10-24,0.58,0.55882496
7,9,2007,2007-11-01,0.52,0.55444413
7,9,2007,2007-11-09,0.52,0.49553198
7,9,2007,2007-11-17,0.5,0.50189286
7,9,2007,2007-11-25,0.4,0.47899723
7,9,2007,2007-12-03,0.41,0.4192043
7,9,2007,2007-12-11,0.37,0.38701954
7,9,2007,2007-12-19,0.28,0.380026
7,9,2007,2007-12-27,0.29,0.348831
7,9,2008,2008-07-03,0.46,0.46441418
7,9,2008,2008-07-11,0.44,0.44096428
7,9,2008,2008-07-19,0.41,0.4297138
7,9,2008,2008-07-27,0.41,0.41318363
7,9,2008,2008-08-04,0.38,0.4060099
7,9,2008,2008-08-12,0.45,0.38640055
7,9,2008,2008-08-20,0.43,0.42629787
7,9,2008,2008-08-28,0.45,0.4382745
7,9,2008,2008-09-05,0.51,0.4540578
7,9,2008,2008-09-13,0.47,0.4857816
7,9,2008,2008-09-21,0.52,0.46719837
7,9,2008,2008-09-29,0.54,0.49201673
7,9,2008,2008-10-07,0.52,0.5122397
7,9,2008,2008-10-15,0.51,0.5217831
7,9,2008,2008-10-23,0.58,0.5035552
7,9,2008,2008-10-31,0.58,0.5397532
7,9,2008,2008-11-08,0.49,0.54129195
7,9,2008,2008-11-16,0.29,0.49216783
7,9,2008,2008-11-24,0.33,0.35069546
7,9,2008,2008-12-02,0.36,0.31341207
7,9,2008,2008-12-10,0.35,0.34340158
7,9,2008,2008-12-18,0.33,0.3598106
7,9,2008,2008-12-26,0.29,0.33329332
7,9,2009,2009-07-04,0.39,0.43979576
7,9,2009,2009-07-12,0.44,0.4158778
7,9,2009,2009-07-20,0.39,0.4290969
7,9,2009,2009-07-28,0.38,0.4081645
7,9,2009,2009-08-05,0.39,0.39747134
7,9,2009,2009-08-13,0.36,0.3922084
7,9,2009,2009-08-21,0.36,0.39165503
7,9,2009,2009-08-29,0.47,0.38640162
7,9,2009,2009-09-06,0.55,0.44657403
7,9,2009,2009-09-14,0.54,0.5188769
7,9,2009,2009-09-22,0.54,0.52972764
7,9,2009,2009-09-30,0.67,0.5321727
7,9,2009,2009-10-08,0.66,0.6037493
7,9,2009,2009-10-16,0.59,0.6168437
7,9,2009,2009-10-24,0.49,0.5812198
7,9,2009,2009-11-01,0.51,0.5148823
7,9,2009,2009-11-09,0.39,0.50647527
7,9,2009,2009-11-17,0.39,0.42880312
7,9,2009,2009-11-25,0.35,0.3739212
7,9,2009,2009-12-03,0.29,0.34756047
7,9,2009,2009-12-11,0.27,0.33072767
7,9,2009,2009-12-19,0.27,0.31274953
7,9,2009,2009-12-27,0.15,0.30297792
7,9,2010,2010-07-04,0.47,0.59620905
7,9,2010,2010-07-12,0.59,0.4937744
7,9,2010,2010-07-20,0.5,0.52731335
7,9,2010,2010-07-28,0.42,0.48217064
7,9,2010,2010-08-05,0.43,0.43338403
7,9,2010,2010-08-13,0.41,0.41001022
7,9,2010,2010-08-21,0.34,0.40341276
7,9,2010,2010-08-29,0.37,0.3658153
7,9,2010,2010-09-06,0.4,0.38475043
7,9,2010,2010-09-14,0.36,0.4238357
7,9,2010,2010-09-22,0.39,0.41129586
7,9,2010,2010-09-30,0.57,0.4115475
7,9,2010,2010-10-08,0.59,0.539137
7,9,2010,2010-10-16,0.6,0.58084285
7,9,2010,2010-10-24,0.74,0.58220464
7,9,2010,2010-11-01,0.79,0.6410398
7,9,2010,2010-11-09,0.65,0.6922202
7,9,2010,2010-11-17,0.71,0.6134976
7,9,2010,2010-11-25,0.67,0.62115777
7,9,2010,2010-12-03,0.54,0.59307617
7,9,2010,2010-12-11,0.45,0.51577586
7,9,2010,2010-12-19,0.28,0.42482644
7,9,2010,2010-12-27,0.31,0.3109768
7,9,2011,2011-07-04,0.42,0.45620552
7,9,2011,2011-07-12,0.5,0.42220575
7,9,2011,2011-07-20,0.46,0.47600818
7,9,2011,2011-07-28,0.43,0.47316775
7,9,2011,2011-08-05,0.43,0.44072586
7,9,2011,2011-08-13,0.47,0.42383063
7,9,2011,2011-08-21,0.4,0.44951355
7,9,2011,2011-08-29,0.43,0.41469845
7,9,2011,2011-09-06,0.49,0.4197582
7,9,2011,2011-09-14,0.6,0.45973784
7,9,2011,2011-09-22,0.63,0.5306033
7,9,2011,2011-09-30,0.63,0.5692653
7,9,2011,2011-10-08,0.58,0.60312146
7,9,2011,2011-10-16,0.51,0.58288264
7,9,2011,2011-10-24,0.49,0.5330399
7,9,2011,2011-11-01,0.48,0.5203267
7,9,2011,2011-11-09,0.49,0.5199455
7,9,2011,2011-11-17,0.47,0.50369644
7,9,2011,2011-11-25,0.42,0.494624
7,9,2011,2011-12-03,0.41,0.46046096
7,9,2011,2011-12-11,0.33,0.42683774
7,9,2011,2011-12-19,0.32,0.361929
7,9,2011,2011-12-27,0.23,0.320422
7,9,2012,2012-07-03,0.49,0.3919902
7,9,2012,2012-07-11,0.43,0.4476748
7,9,2012,2012-07-19,0.43,0.45060563
7,9,2012,2012-07-27,0.41,0.44447082
7,9,2012,2012-08-04,0.41,0.41665292
7,9,2012,2012-08-12,0.46,0.41354766
7,9,2012,2012-08-20,0.49,0.44923168
7,9,2012,2012-08-28,0.43,0.46813485
7,9,2012,2012-09-05,0.57,0.4451137
7,9,2012,2012-09-13,0.67,0.5209473
7,9,2012,2012-09-21,0.56,0.61260873
7,9,2012,2012-09-29,0.6,0.5836552
7,9,2012,2012-10-07,0.6,0.58265156
7,9,2012,2012-10-15,0.54,0.568179
7,9,2012,2012-10-23,0.45,0.52905726
7,9,2012,2012-10-31,0.4,0.4587446
7,9,2012,2012-11-08,0.28,0.4109176
7,9,2012,2012-11-16,0.36,0.34096354
7,9,2012,2012-11-24,0.32,0.36425006
7,9,2012,2012-12-02,0.3,0.35064924
7,9,2012,2012-12-10,0.36,0.33997488
7,9,2012,2012-12-18,0.34,0.35050005
7,9,2012,2012-12-26,0.37,0.35232946
8,1,2001,2001-07-04,0.1,0.12341146
8,1,2001,2001-07-12,0.07,0.15671447
8,1,2001,2001-07-20,0.02,0.13538283
8,1,2001,2001-07-28,0.05,0.06996909
8,1,2001,2001-08-05,0.09,0.13283108
8,1,2001,2001-08-13,0.12,0.19634046
8,1,2001,2001-08-21,0.23,0.27823013
8,1,2001,2001-08-29,0.82,0.41798973
8,1,2001,2001-09-06,0.95,0.9027505
8,1,2001,2001-09-14,0.98,0.87758994
8,1,2001,2001-09-22,0.97,0.96706057
8,1,2001,2001-09-30,0.97,0.9764303
8,1,2001,2001-10-08,0.94,0.9725956
8,1,2001,2001-10-16,0.95,0.9150306
8,1,2001,2001-10-24,0.95,0.9325403
8,1,2001,2001-11-01,0.95,0.9305202
8,1,2001,2001-11-09,0.91,0.9324522
8,1,2001,2001-11-17,0.87,0.8792646
8,1,2001,2001-11-25,0.86,0.82536376
8,1,2001,2001-12-03,0.77,0.81345695
8,1,2001,2001-12-11,0.75,0.69493693
8,1,2001,2001-12-19,0.65,0.6584158
8,1,2001,2001-12-27,0.57,0.5433354
8,1,2002,2002-07-04,0.01,0.076033175
8,1,2002,2002-07-12,0.02,0.077738255
8,1,2002,2002-07-20,0.03,0.07543662
8,1,2002,2002-07-28,0.02,0.06782058
8,1,2002,2002-08-05,0.04,0.06855789
8,1,2002,2002-08-13,0.29,0.09755944
8,1,2002,2002-08-21,0.31,0.34667253
8,1,2002,2002-08-29,0.66,0.40572935
8,1,2002,2002-09-06,0.89,0.8156551
8,1,2002,2002-09-14,0.96,0.88689363
8,1,2002,2002-09-22,0.97,0.9247714
8,1,2002,2002-09-30,0.97,0.96541345
8,1,2002,2002-10-08,0.96,0.95695806
8,1,2002,2002-10-16,0.94,0.9268395
8,1,2002,2002-10-24,0.93,0.9079716
8,1,2002,2002-11-01,0.91,0.8976295
8,1,2002,2002-11-09,0.9,0.87733555
8,1,2002,2002-11-17,0.84,0.85623825
8,1,2002,2002-11-25,0.8,0.77445686
8,1,2002,2002-12-03,0.71,0.7306255
8,1,2002,2002-12-11,0.7,0.60133624
8,1,2002,2002-12-19,0.57,0.6109781
8,1,2002,2002-12-27,0.46,0.4606561
8,1,2003,2003-07-04,0.02,0.0480856
8,1,2003,2003-07-12,0.03,0.06494442
8,1,2003,2003-07-20,0.02,0.0773243
8,1,2003,2003-07-28,0.08,0.07364482
8,1,2003,2003-08-05,0.12,0.12277636
8,1,2003,2003-08-13,0.08,0.1697524
8,1,2003,2003-08-21,0.14,0.20655361
8,1,2003,2003-08-29,0.18,0.25255302
8,1,2003,2003-09-06,0.19,0.36821815
8,1,2003,2003-09-14,0.24,0.41455364
8,1,2003,2003-09-22,0.35,0.4249073
8,1,2003,2003-09-30,0.66,0.48612654
8,1,2003,2003-10-08,0.79,0.75950044
8,1,2003,2003-10-16,0.78,0.8327544
8,1,2003,2003-10-24,0.67,0.81030583
8,1,2003,2003-11-01,0.69,0.6543715
8,1,2003,2003-11-09,0.58,0.63314366
8,1,2003,2003-11-17,0.57,0.5177904
8,1,2003,2003-11-25,0.48,0.5116123
8,1,2003,2003-12-03,0.41,0.41076082
8,1,2003,2003-12-11,0.37,0.3452104
8,1,2003,2003-12-19,0.18,0.32345414
8,1,2003,2003-12-27,0.19,0.16102985
8,1,2004,2004-07-03,0.01,0.04774955
8,1,2004,2004-07-11,0.02,0.0529145
8,1,2004,2004-07-19,0.0,0.063311875
8,1,2004,2004-07-27,0.03,0.04490137
8,1,2004,2004-08-04,0.03,0.08345303
8,1,2004,2004-08-12,0.19,0.095953286
8,1,2004,2004-08-20,0.34,0.23139486
8,1,2004,2004-08-28,0.44,0.39084727
8,1,2004,2004-09-05,0.48,0.4934623
8,1,2004,2004-09-13,0.75,0.50982344
8,1,2004,2004-09-21,0.87,0.7304999
8,1,2004,2004-09-29,0.85,0.8263432
8,1,2004,2004-10-07,0.84,0.8565968
8,1,2004,2004-10-15,0.76,0.8538139
8,1,2004,2004-10-23,0.76,0.74041516
8,1,2004,2004-10-31,0.75,0.6750288
8,1,2004,2004-11-08,0.63,0.678885
8,1,2004,2004-11-16,0.52,0.53879875
8,1,2004,2004-11-24,0.44,0.41274065
8,1,2004,2004-12-02,0.37,0.31303895
8,1,2004,2004-12-10,0.32,0.2812937
8,1,2004,2004-12-18,0.2,0.26554576
8,1,2004,2004-12-26,0.16,0.15294784
8,1,2005,2005-07-04,0.0,0.040451318
8,1,2005,2005-07-12,0.02,0.030220896
8,1,2005,2005-07-20,0.09,0.059979707
8,1,2005,2005-07-28,0.03,0.12427239
8,1,2005,2005-08-05,0.03,0.077720314
8,1,2005,2005-08-13,0.07,0.06767294
8,1,2005,2005-08-21,0.31,0.15051198
8,1,2005,2005-08-29,0.49,0.4444007
8,1,2005,2005-09-06,0.68,0.5987736
8,1,2005,2005-09-14,0.81,0.7130929
8,1,2005,2005-09-22,0.85,0.8315748
8,1,2005,2005-09-30,0.86,0.8508842
8,1,2005,2005-10-08,0.82,0.8345802
8,1,2005,2005-10-16,0.84,0.76288414
8,1,2005,2005-10-24,0.84,0.75279486
8,1,2005,2005-11-01,0.81,0.7658911
8,1,2005,2005-11-09,0.76,0.7352848
8,1,2005,2005-11-17,0.75,0.637915
8,1,2005,2005-11-25,0.71,0.6047701
8,1,2005,2005-12-03,0.65,0.5668187
8,1,2005,2005-12-11,0.55,0.51470625
8,1,2005,2005-12-19,0.51,0.41555536
8,1,2005,2005-12-27,0.49,0.36317822
8,1,2006,2006-07-04,0.01,0.06554046
8,1,2006,2006-07-12,0.05,0.048448175
8,1,2006,2006-07-20,0.03,0.088473886
8,1,2006,2006-07-28,0.02,0.09235826
8,1,2006,2006-08-05,0.17,0.06868678
8,1,2006,2006-08-13,0.29,0.1952329
8,1,2006,2006-08-21,0.27,0.32896715
8,1,2006,2006-08-29,0.42,0.38593704
8,1,2006,2006-09-06,0.47,0.52733856
8,1,2006,2006-09-14,0.62,0.5869686
8,1,2006,2006-09-22,0.73,0.70403326
8,1,2006,2006-09-30,0.78,0.7762866
8,1,2006,2006-10-08,0.8,0.80391645
8,1,2006,2006-10-16,0.84,0.79400563
8,1,2006,2006-10-24,0.84,0.82876575
8,1,2006,2006-11-01,0.83,0.8196559
8,1,2006,2006-11-09,0.78,0.79551816
8,1,2006,2006-11-17,0.69,0.7151464
8,1,2006,2006-11-25,0.56,0.6073841
8,1,2006,2006-12-03,0.5,0.4476121
8,1,2006,2006-12-11,0.48,0.3789293
8,1,2006,2006-12-19,0.46,0.3773274
8,1,2006,2006-12-27,0.33,0.40803796
8,1,2007,2007-07-04,0.0,0.05510223
8,1,2007,2007-07-12,0.01,0.049447685
8,1,2007,2007-07-20,0.01,0.06917092
8,1,2007,2007-07-28,0.08,0.06489065
8,1,2007,2007-08-05,0.17,0.12677854
8,1,2007,2007-08-13,0.13,0.25964367
8,1,2007,2007-08-21,0.15,0.26785547
8,1,2007,2007-08-29,0.33,0.25651583
8,1,2007,2007-09-06,0.39,0.44448942
8,1,2007,2007-09-14,0.52,0.5170174
8,1,2007,2007-09-22,0.4,0.63694656
8,1,2007,2007-09-30,0.56,0.54330665
8,1,2007,2007-10-08,0.64,0.64327395
8,1,2007,2007-10-16,0.76,0.7060389
8,1,2007,2007-10-24,0.81,0.81751746
8,1,2007,2007-11-01,0.81,0.845064
8,1,2007,2007-11-09,0.76,0.8277607
8,1,2007,2007-11-17,0.78,0.7366416
8,1,2007,2007-11-25,0.66,0.7226362
8,1,2007,2007-12-03,0.68,0.5629431
8,1,2007,2007-12-11,0.57,0.5897862
8,1,2007,2007-12-19,0.45,0.50051594
8,1,2007,2007-12-27,0.38,0.41372812
8,1,2008,2008-07-03,0.01,0.06638715
8,1,2008,2008-07-11,0.0,0.059475243
8,1,2008,2008-07-19,0.04,0.054733783
8,1,2008,2008-07-27,0.2,0.087216824
8,1,2008,2008-08-04,0.28,0.26258242
8,1,2008,2008-08-12,0.34,0.376024
8,1,2008,2008-08-20,0.46,0.41887835
8,1,2008,2008-08-28,0.5,0.508334
8,1,2008,2008-09-05,0.55,0.58037794
8,1,2008,2008-09-13,0.67,0.62131274
8,1,2008,2008-09-21,0.59,0.72515357
8,1,2008,2008-09-29,0.7,0.6296083
8,1,2008,2008-10-07,0.73,0.7306751
8,1,2008,2008-10-15,0.75,0.7617549
8,1,2008,2008-10-23,0.8,0.8004519
8,1,2008,2008-10-31,0.78,0.83262527
8,1,2008,2008-11-08,0.79,0.79593766
8,1,2008,2008-11-16,0.74,0.7750006
8,1,2008,2008-11-24,0.69,0.7159306
8,1,2008,2008-12-02,0.72,0.6261569
8,1,2008,2008-12-10,0.66,0.6778386
8,1,2008,2008-12-18,0.57,0.60911363
8,1,2008,2008-12-26,0.54,0.5003811
8,1,2009,2009-07-04,0.0,0.04283163
8,1,2009,2009-07-12,0.03,0.042163014
8,1,2009,2009-07-20,0.08,0.064521104
8,1,2009,2009-07-28,0.07,0.12267411
8,1,2009,2009-08-05,0.1,0.16344658
8,1,2009,2009-08-13,0.28,0.20579796
8,1,2009,2009-08-21,0.28,0.37390336
8,1,2009,2009-08-29,0.55,0.4057623
8,1,2009,2009-09-06,0.68,0.62145376
8,1,2009,2009-09-14,0.63,0.7141088
8,1,2009,2009-09-22,0.79,0.6875217
8,1,2009,2009-09-30,0.78,0.7753519
8,1,2009,2009-10-08,0.82,0.7819894
8,1,2009,2009-10-16,0.88,0.81639993
8,1,2009,2009-10-24,0.87,0.86529636
8,1,2009,2009-11-01,0.87,0.8572093
8,1,2009,2009-11-09,0.81,0.83886683
8,1,2009,2009-11-17,0.78,0.76208526
8,1,2009,2009-11-25,0.66,0.7066274
8,1,2009,2009-12-03,0.61,0.555392
8,1,2009,2009-12-11,0.53,0.5195064
8,1,2009,2009-12-19,0.35,0.43685877
8,1,2009,2009-12-27,0.18,0.26659012
8,1,2010,2010-07-04,0.0,0.055838257
8,1,2010,2010-07-12,0.01,0.04868415
8,1,2010,2010-07-20,0.0,0.0654712
8,1,2010,2010-07-28,0.03,0.071045965
8,1,2010,2010-08-05,0.17,0.095604554
8,1,2010,2010-08-13,0.15,0.23654792
8,1,2010,2010-08-21,0.3,0.2797138
8,1,2010,2010-08-29,0.46,0.4068007
8,1,2010,2010-09-06,0.31,0.5970057
8,1,2010,2010-09-14,0.43,0.50480425
8,1,2010,2010-09-22,0.43,0.5055777
8,1,2010,2010-09-30,0.61,0.52598274
8,1,2010,2010-10-08,0.74,0.69365925
8,1,2010,2010-10-16,0.75,0.80065787
8,1,2010,2010-10-24,0.8,0.8079467
8,1,2010,2010-11-01,0.79,0.82799155
8,1,2010,2010-11-09,0.74,0.79583704
8,1,2010,2010-11-17,0.74,0.71078396
8,1,2010,2010-11-25,0.7,0.69169784
8,1,2010,2010-12-03,0.64,0.6237526
8,1,2010,2010-12-11,0.57,0.56939214
8,1,2010,2010-12-19,0.46,0.48337975
8,1,2010,2010-12-27,0.28,0.3532785
8,1,2011,2011-07-04,0.01,0.06308189
8,1,2011,2011-07-12,0.01,0.06330025
8,1,2011,2011-07-20,0.01,0.0654515
8,1,2011,2011-07-28,0.2,0.06266594
8,1,2011,2011-08-05,0.18,0.25088957
8,1,2011,2011-08-13,0.35,0.28958356
8,1,2011,2011-08-21,0.62,0.43601865
8,1,2011,2011-08-29,0.72,0.6876266
8,1,2011,2011-09-06,0.83,0.7781352
8,1,2011,2011-09-14,0.88,0.8156248
8,1,2011,2011-09-22,0.93,0.8742763
8,1,2011,2011-09-30,0.97,0.9044734
8,1,2011,2011-10-08,0.98,0.96627915
8,1,2011,2011-10-16,0.97,0.9833065
8,1,2011,2011-10-24,0.97,0.9603193
8,1,2011,2011-11-01,0.97,0.95856345
8,1,2011,2011-11-09,0.97,0.94430256
8,1,2011,2011-11-17,0.95,0.92963207
8,1,2011,2011-11-25,0.9,0.90816665
8,1,2011,2011-12-03,0.9,0.8416054
8,1,2011,2011-12-11,0.81,0.8319811
8,1,2011,2011-12-19,0.74,0.72292817
8,1,2011,2011-12-27,0.67,0.62941396
8,1,2012,2012-07-03,0.02,0.050135553
8,1,2012,2012-07-11,0.03,0.06959501
8,1,2012,2012-07-19,0.01,0.08057782
8,1,2012,2012-07-27,0.02,0.06519735
8,1,2012,2012-08-04,0.01,0.12217474
8,1,2012,2012-08-12,0.04,0.1105364
8,1,2012,2012-08-20,0.13,0.17730826
8,1,2012,2012-08-28,0.49,0.32468477
8,1,2012,2012-09-05,0.57,0.65439284
8,1,2012,2012-09-13,0.71,0.7094823
8,1,2012,2012-09-21,0.6,0.7846844
8,1,2012,2012-09-29,0.88,0.6843442
8,1,2012,2012-10-07,0.87,0.9463301
8,1,2012,2012-10-15,0.92,0.8981335
8,1,2012,2012-10-23,0.87,0.937068
8,1,2012,2012-10-31,0.82,0.85542035
8,1,2012,2012-11-08,0.79,0.79046655
8,1,2012,2012-11-16,0.64,0.742414
8,1,2012,2012-11-24,0.59,0.56213033
8,1,2012,2012-12-02,0.56,0.48383164
8,1,2012,2012-12-10,0.33,0.48257837
8,1,2012,2012-12-18,0.26,0.27618396
8,1,2012,2012-12-26,0.05,0.17609417
8,2,2001,2001-07-04,0.07,0.10096161
8,2,2001,2001-07-12,0.04,0.12048827
8,2,2001,2001-07-20,0.01,0.10267797
8,2,2001,2001-07-28,0.03,0.0721204
8,2,2001,2001-08-05,0.06,0.109993994
8,2,2001,2001-08-13,0.1,0.16566624
8,2,2001,2001-08-21,0.27,0.21575579
8,2,2001,2001-08-29,0.59,0.38265842
8,2,2001,2001-09-06,0.92,0.69730985
8,2,2001,2001-09-14,0.94,0.84934175
8,2,2001,2001-09-22,0.96,0.9298153
8,2,2001,2001-09-30,0.95,0.95166016
8,2,2001,2001-10-08,0.94,0.94158816
8,2,2001,2001-10-16,0.93,0.9128475
8,2,2001,2001-10-24,0.93,0.8975166
8,2,2001,2001-11-01,0.93,0.894629
8,2,2001,2001-11-09,0.9,0.90179944
8,2,2001,2001-11-17,0.89,0.8634325
8,2,2001,2001-11-25,0.91,0.85116816
8,2,2001,2001-12-03,0.76,0.87641037
8,2,2001,2001-12-11,0.71,0.69395685
8,2,2001,2001-12-19,0.58,0.5856025
8,2,2001,2001-12-27,0.39,0.3992457
8,2,2002,2002-07-04,0.01,0.07632288
8,2,2002,2002-07-12,0.02,0.06748304
8,2,2002,2002-07-20,0.02,0.06712699
8,2,2002,2002-07-28,0.01,0.057414085
8,2,2002,2002-08-05,0.02,0.05531171
8,2,2002,2002-08-13,0.27,0.07151762
8,2,2002,2002-08-21,0.27,0.316791
8,2,2002,2002-08-29,0.56,0.37412894
8,2,2002,2002-09-06,0.75,0.68527794
8,2,2002,2002-09-14,0.92,0.81921333
8,2,2002,2002-09-22,0.93,0.90074503
8,2,2002,2002-09-30,0.94,0.9262588
8,2,2002,2002-10-08,0.95,0.92904556
8,2,2002,2002-10-16,0.93,0.92348444
8,2,2002,2002-10-24,0.91,0.8938936
8,2,2002,2002-11-01,0.88,0.8703444
8,2,2002,2002-11-09,0.89,0.8341584
8,2,2002,2002-11-17,0.84,0.84435034
8,2,2002,2002-11-25,0.8,0.78742063
8,2,2002,2002-12-03,0.58,0.75196487
8,2,2002,2002-12-11,0.56,0.43913803
8,2,2002,2002-12-19,0.38,0.3901174
8,2,2002,2002-12-27,0.23,0.22211815
8,2,2003,2003-07-04,0.01,0.04080233
8,2,2003,2003-07-12,0.02,0.04395333
8,2,2003,2003-07-20,0.01,0.055353373
8,2,2003,2003-07-28,0.03,0.049899727
8,2,2003,2003-08-05,0.08,0.06302562
8,2,2003,2003-08-13,0.05,0.109855056
8,2,2003,2003-08-21,0.08,0.1565234
8,2,2003,2003-08-29,0.19,0.17804827
8,2,2003,2003-09-06,0.21,0.341491
8,2,2003,2003-09-14,0.4,0.3967209
8,2,2003,2003-09-22,0.58,0.56288385
8,2,2003,2003-09-30,0.74,0.6770412
8,2,2003,2003-10-08,0.8,0.78555274
8,2,2003,2003-10-16,0.75,0.82358533
8,2,2003,2003-10-24,0.66,0.75439346
8,2,2003,2003-11-01,0.73,0.61291957
8,2,2003,2003-11-09,0.56,0.6763294
8,2,2003,2003-11-17,0.52,0.51352346
8,2,2003,2003-11-25,0.41,0.45086777
8,2,2003,2003-12-03,0.27,0.3169972
8,2,2003,2003-12-11,0.21,0.17744282
8,2,2003,2003-12-19,0.1,0.14373598
8,2,2003,2003-12-27,0.07,0.07553673
8,2,2004,2004-07-03,0.01,0.034026712
8,2,2004,2004-07-11,0.02,0.044278353
8,2,2004,2004-07-19,0.0,0.056010336
8,2,2004,2004-07-27,0.02,0.039305568
8,2,2004,2004-08-04,0.01,0.057376444
8,2,2004,2004-08-12,0.07,0.06262261
8,2,2004,2004-08-20,0.3,0.106309235
8,2,2004,2004-08-28,0.5,0.32476476
8,2,2004,2004-09-05,0.64,0.5365937
8,2,2004,2004-09-13,0.82,0.6457063
8,2,2004,2004-09-21,0.86,0.79463506
8,2,2004,2004-09-29,0.83,0.8377658
8,2,2004,2004-10-07,0.81,0.8314021
8,2,2004,2004-10-15,0.77,0.79880303
8,2,2004,2004-10-23,0.76,0.7164842
8,2,2004,2004-10-31,0.79,0.6704806
8,2,2004,2004-11-08,0.67,0.7410021
8,2,2004,2004-11-16,0.47,0.579067
8,2,2004,2004-11-24,0.48,0.3500474
8,2,2004,2004-12-02,0.26,0.30932462
8,2,2004,2004-12-10,0.16,0.16757806
8,2,2004,2004-12-18,0.11,0.104287595
8,2,2004,2004-12-26,0.09,0.06406677
8,2,2005,2005-07-04,0.01,0.020139188
8,2,2005,2005-07-12,0.01,0.027916938
8,2,2005,2005-07-20,0.03,0.03731236
8,2,2005,2005-07-28,0.01,0.048374265
8,2,2005,2005-08-05,0.02,0.038477927
8,2,2005,2005-08-13,0.04,0.042414278
8,2,2005,2005-08-21,0.22,0.07354924
8,2,2005,2005-08-29,0.53,0.3002402
8,2,2005,2005-09-06,0.77,0.61102366
8,2,2005,2005-09-14,0.81,0.77508855
8,2,2005,2005-09-22,0.82,0.8047343
8,2,2005,2005-09-30,0.86,0.8099816
8,2,2005,2005-10-08,0.79,0.82194823
8,2,2005,2005-10-16,0.79,0.7298118
8,2,2005,2005-10-24,0.82,0.71294594
8,2,2005,2005-11-01,0.76,0.7499347
8,2,2005,2005-11-09,0.73,0.70726275
8,2,2005,2005-11-17,0.73,0.63645524
8,2,2005,2005-11-25,0.66,0.5807624
8,2,2005,2005-12-03,0.56,0.54611194
8,2,2005,2005-12-11,0.46,0.4122013
8,2,2005,2005-12-19,0.35,0.3080648
8,2,2005,2005-12-27,0.29,0.22982557
8,2,2006,2006-07-04,0.01,0.114147216
8,2,2006,2006-07-12,0.01,0.05748269
8,2,2006,2006-07-20,0.01,0.04631284
8,2,2006,2006-07-28,0.02,0.047881573
8,2,2006,2006-08-05,0.07,0.05729714
8,2,2006,2006-08-13,0.13,0.10311909
8,2,2006,2006-08-21,0.23,0.16608961
8,2,2006,2006-08-29,0.49,0.31183302
8,2,2006,2006-09-06,0.55,0.6117108
8,2,2006,2006-09-14,0.66,0.67410254
8,2,2006,2006-09-22,0.71,0.71924007
8,2,2006,2006-09-30,0.75,0.7380373
8,2,2006,2006-10-08,0.76,0.76513934
8,2,2006,2006-10-16,0.8,0.7369505
8,2,2006,2006-10-24,0.79,0.77369404
8,2,2006,2006-11-01,0.82,0.76593304
8,2,2006,2006-11-09,0.75,0.7799218
8,2,2006,2006-11-17,0.7,0.68974996
8,2,2006,2006-11-25,0.64,0.6304724
8,2,2006,2006-12-03,0.5,0.5420841
8,2,2006,2006-12-11,0.46,0.38583705
8,2,2006,2006-12-19,0.29,0.32794505
8,2,2006,2006-12-27,0.28,0.19487104
8,2,2007,2007-07-04,0.01,0.11629334
8,2,2007,2007-07-12,0.02,0.059348702
8,2,2007,2007-07-20,0.01,0.05345428
8,2,2007,2007-07-28,0.08,0.05048105
8,2,2007,2007-08-05,0.12,0.1198903
8,2,2007,2007-08-13,0.14,0.17606357
8,2,2007,2007-08-21,0.11,0.21824703
8,2,2007,2007-08-29,0.38,0.21213637
8,2,2007,2007-09-06,0.42,0.51956177
8,2,2007,2007-09-14,0.56,0.55823874
8,2,2007,2007-09-22,0.49,0.65657926
8,2,2007,2007-09-30,0.67,0.5883378
8,2,2007,2007-10-08,0.75,0.72383106
8,2,2007,2007-10-16,0.78,0.7814115
8,2,2007,2007-10-24,0.78,0.8105624
8,2,2007,2007-11-01,0.7,0.7861097
8,2,2007,2007-11-09,0.71,0.69125795
8,2,2007,2007-11-17,0.77,0.6629983
8,2,2007,2007-11-25,0.71,0.73204225
8,2,2007,2007-12-03,0.66,0.67632604
8,2,2007,2007-12-11,0.48,0.58336854
8,2,2007,2007-12-19,0.23,0.38054016
8,2,2007,2007-12-27,0.22,0.13659911
8,2,2008,2008-07-03,0.03,0.08809614
8,2,2008,2008-07-11,0.01,0.061026543
8,2,2008,2008-07-19,0.02,0.051425785
8,2,2008,2008-07-27,0.08,0.058625847
8,2,2008,2008-08-04,0.14,0.1324808
8,2,2008,2008-08-12,0.22,0.20620847
8,2,2008,2008-08-20,0.36,0.28974223
8,2,2008,2008-08-28,0.53,0.40524152
8,2,2008,2008-09-05,0.7,0.61426544
8,2,2008,2008-09-13,0.76,0.7332721
8,2,2008,2008-09-21,0.77,0.7862957
8,2,2008,2008-09-29,0.8,0.7664076
8,2,2008,2008-10-07,0.81,0.8139746
8,2,2008,2008-10-15,0.78,0.82209015
8,2,2008,2008-10-23,0.78,0.7874445
8,2,2008,2008-10-31,0.79,0.76441765
8,2,2008,2008-11-08,0.78,0.74593306
8,2,2008,2008-11-16,0.75,0.7479776
8,2,2008,2008-11-24,0.63,0.735582
8,2,2008,2008-12-02,0.61,0.587882
8,2,2008,2008-12-10,0.51,0.53469706
8,2,2008,2008-12-18,0.36,0.39808226
8,2,2008,2008-12-26,0.33,0.2371328
8,2,2009,2009-07-04,0.01,0.047521204
8,2,2009,2009-07-12,0.08,0.046450645
8,2,2009,2009-07-20,0.14,0.09971987
8,2,2009,2009-07-28,0.02,0.16677955
8,2,2009,2009-08-05,0.04,0.09002885
8,2,2009,2009-08-13,0.17,0.09925312
8,2,2009,2009-08-21,0.17,0.22945142
8,2,2009,2009-08-29,0.46,0.28601056
8,2,2009,2009-09-06,0.68,0.5728856
8,2,2009,2009-09-14,0.74,0.73902357
8,2,2009,2009-09-22,0.82,0.769857
8,2,2009,2009-09-30,0.79,0.8188946
8,2,2009,2009-10-08,0.82,0.779186
8,2,2009,2009-10-16,0.85,0.7967602
8,2,2009,2009-10-24,0.81,0.8096168
8,2,2009,2009-11-01,0.81,0.76743627
8,2,2009,2009-11-09,0.78,0.76404727
8,2,2009,2009-11-17,0.76,0.7246735
8,2,2009,2009-11-25,0.56,0.69964504
8,2,2009,2009-12-03,0.43,0.442218
8,2,2009,2009-12-11,0.33,0.2830133
8,2,2009,2009-12-19,0.16,0.19001296
8,2,2009,2009-12-27,0.13,0.09443009
8,2,2010,2010-07-04,0.0,0.08997604
8,2,2010,2010-07-12,0.01,0.041170895
8,2,2010,2010-07-20,0.01,0.05536303
8,2,2010,2010-07-28,0.01,0.088903666
8,2,2010,2010-08-05,0.05,0.058890313
8,2,2010,2010-08-13,0.08,0.09340757
8,2,2010,2010-08-21,0.22,0.15937099
8,2,2010,2010-08-29,0.35,0.2999866
8,2,2010,2010-09-06,0.39,0.49379385
8,2,2010,2010-09-14,0.56,0.56110066
8,2,2010,2010-09-22,0.61,0.66837406
8,2,2010,2010-09-30,0.78,0.70140547
8,2,2010,2010-10-08,0.85,0.8168999
8,2,2010,2010-10-16,0.8,0.87014997
8,2,2010,2010-10-24,0.86,0.8183968
8,2,2010,2010-11-01,0.76,0.8462069
8,2,2010,2010-11-09,0.69,0.7231355
8,2,2010,2010-11-17,0.59,0.6307994
8,2,2010,2010-11-25,0.49,0.49455476
8,2,2010,2010-12-03,0.37,0.35800716
8,2,2010,2010-12-11,0.29,0.2395446
8,2,2010,2010-12-19,0.15,0.19663087
8,2,2010,2010-12-27,0.09,0.10575791
8,2,2011,2011-07-04,0.02,0.061372846
8,2,2011,2011-07-12,0.02,0.06227851
8,2,2011,2011-07-20,0.02,0.061511666
8,2,2011,2011-07-28,0.15,0.069778234
8,2,2011,2011-08-05,0.13,0.1858603
8,2,2011,2011-08-13,0.22,0.19448745
8,2,2011,2011-08-21,0.34,0.282863
8,2,2011,2011-08-29,0.5,0.42243987
8,2,2011,2011-09-06,0.64,0.5908183
8,2,2011,2011-09-14,0.78,0.69385195
8,2,2011,2011-09-22,0.91,0.81049484
8,2,2011,2011-09-30,0.94,0.8975668
8,2,2011,2011-10-08,0.94,0.942623
8,2,2011,2011-10-16,0.94,0.9452224
8,2,2011,2011-10-24,0.91,0.91654086
8,2,2011,2011-11-01,0.91,0.8885931
8,2,2011,2011-11-09,0.91,0.8528652
8,2,2011,2011-11-17,0.9,0.84347713
8,2,2011,2011-11-25,0.88,0.81657386
8,2,2011,2011-12-03,0.87,0.7861713
8,2,2011,2011-12-11,0.61,0.76176536
8,2,2011,2011-12-19,0.55,0.4997352
8,2,2011,2011-12-27,0.47,0.379756
8,2,2012,2012-07-03,0.04,0.097468615
8,2,2012,2012-07-11,0.02,0.0919874
8,2,2012,2012-07-19,0.02,0.07194576
8,2,2012,2012-07-27,0.03,0.06616077
8,2,2012,2012-08-04,0.0,0.110364154
8,2,2012,2012-08-12,0.02,0.08366254
8,2,2012,2012-08-20,0.11,0.117619604
8,2,2012,2012-08-28,0.26,0.22744843
8,2,2012,2012-09-05,0.39,0.41483533
8,2,2012,2012-09-13,0.64,0.5495176
8,2,2012,2012-09-21,0.66,0.7452763
8,2,2012,2012-09-29,0.84,0.7598504
8,2,2012,2012-10-07,0.87,0.8828634
8,2,2012,2012-10-15,0.88,0.8930924
8,2,2012,2012-10-23,0.81,0.8906667
8,2,2012,2012-10-31,0.71,0.77768826
8,2,2012,2012-11-08,0.76,0.6427183
8,2,2012,2012-11-16,0.57,0.7101675
8,2,2012,2012-11-24,0.37,0.51613474
8,2,2012,2012-12-02,0.35,0.28363776
8,2,2012,2012-12-10,0.11,0.23318024
8,2,2012,2012-12-18,0.07,0.06105092
8,2,2012,2012-12-26,0.01,0.055478603
8,3,2001,2001-07-04,0.04,0.08146548
8,3,2001,2001-07-12,0.02,0.09142503
8,3,2001,2001-07-20,0.03,0.06145051
8,3,2001,2001-07-28,0.03,0.068526775
8,3,2001,2001-08-05,0.03,0.06815541
8,3,2001,2001-08-13,0.02,0.07390848
8,3,2001,2001-08-21,0.05,0.06261563
8,3,2001,2001-08-29,0.08,0.09879428
8,3,2001,2001-09-06,0.48,0.14489332
8,3,2001,2001-09-14,0.57,0.503203
8,3,2001,2001-09-22,0.62,0.6565487
8,3,2001,2001-09-30,0.67,0.69308496
8,3,2001,2001-10-08,0.68,0.7004181
8,3,2001,2001-10-16,0.68,0.6812814
8,3,2001,2001-10-24,0.65,0.6614492
8,3,2001,2001-11-01,0.67,0.6199975
8,3,2001,2001-11-09,0.68,0.63016415
8,3,2001,2001-11-17,0.61,0.65414894
8,3,2001,2001-11-25,0.59,0.5814431
8,3,2001,2001-12-03,0.3,0.53387076
8,3,2001,2001-12-11,0.22,0.21874346
8,3,2001,2001-12-19,0.12,0.10654983
8,3,2001,2001-12-27,0.03,0.023783177
8,3,2002,2002-07-04,0.03,0.06822851
8,3,2002,2002-07-12,0.03,0.061647296
8,3,2002,2002-07-20,0.03,0.060332477
8,3,2002,2002-07-28,0.03,0.06485233
8,3,2002,2002-08-05,0.03,0.065342635
8,3,2002,2002-08-13,0.09,0.06585136
8,3,2002,2002-08-21,0.09,0.11154115
8,3,2002,2002-08-29,0.19,0.1251303
8,3,2002,2002-09-06,0.14,0.21830864
8,3,2002,2002-09-14,0.54,0.27804914
8,3,2002,2002-09-22,0.62,0.6308564
8,3,2002,2002-09-30,0.62,0.6688984
8,3,2002,2002-10-08,0.68,0.64854616
8,3,2002,2002-10-16,0.64,0.6659936
8,3,2002,2002-10-24,0.65,0.6133556
8,3,2002,2002-11-01,0.65,0.6029438
8,3,2002,2002-11-09,0.67,0.6029483
8,3,2002,2002-11-17,0.55,0.6340274
8,3,2002,2002-11-25,0.42,0.49490255
8,3,2002,2002-12-03,0.15,0.33636612
8,3,2002,2002-12-11,0.12,0.05723822
8,3,2002,2002-12-19,0.04,0.045388013
8,3,2002,2002-12-27,0.02,0.020274729
8,3,2003,2003-07-04,0.02,0.035903424
8,3,2003,2003-07-12,0.03,0.03393683
8,3,2003,2003-07-20,0.02,0.044856936
8,3,2003,2003-07-28,0.03,0.040356666
8,3,2003,2003-08-05,0.03,0.046905726
8,3,2003,2003-08-13,0.07,0.04706213
8,3,2003,2003-08-21,0.06,0.09286448
8,3,2003,2003-08-29,0.17,0.08747926
8,3,2003,2003-09-06,0.09,0.19745183
8,3,2003,2003-09-14,0.27,0.12589829
8,3,2003,2003-09-22,0.4,0.36183903
8,3,2003,2003-09-30,0.53,0.4639056
8,3,2003,2003-10-08,0.65,0.55195343
8,3,2003,2003-10-16,0.57,0.6327754
8,3,2003,2003-10-24,0.56,0.53917086
8,3,2003,2003-11-01,0.59,0.49315575
8,3,2003,2003-11-09,0.37,0.5089854
8,3,2003,2003-11-17,0.26,0.32715333
8,3,2003,2003-11-25,0.14,0.16402085
8,3,2003,2003-12-03,0.03,0.060570747
8,3,2003,2003-12-11,0.03,-0.008974463
8,3,2003,2003-12-19,0.03,0.010906905
8,3,2003,2003-12-27,0.02,0.021170825
8,3,2004,2004-07-03,0.03,0.051625103
8,3,2004,2004-07-11,0.04,0.051860183
8,3,2004,2004-07-19,0.02,0.061721414
8,3,2004,2004-07-27,0.03,0.045488805
8,3,2004,2004-08-04,0.02,0.05322641
8,3,2004,2004-08-12,0.05,0.04572454
8,3,2004,2004-08-20,0.18,0.07911745
8,3,2004,2004-08-28,0.22,0.18489197
8,3,2004,2004-09-05,0.29,0.25666043
8,3,2004,2004-09-13,0.51,0.289368
8,3,2004,2004-09-21,0.57,0.5119146
8,3,2004,2004-09-29,0.6,0.5798964
8,3,2004,2004-10-07,0.64,0.6069695
8,3,2004,2004-10-15,0.58,0.6329988
8,3,2004,2004-10-23,0.6,0.53684765
8,3,2004,2004-10-31,0.6,0.52500916
8,3,2004,2004-11-08,0.47,0.5321617
8,3,2004,2004-11-16,0.29,0.36976242
8,3,2004,2004-11-24,0.31,0.16912141
8,3,2004,2004-12-02,0.05,0.16529539
8,3,2004,2004-12-10,0.03,0.026316673
8,3,2004,2004-12-18,0.03,0.017239153
8,3,2004,2004-12-26,0.03,0.025397569
8,3,2005,2005-07-04,0.02,0.020805866
8,3,2005,2005-07-12,0.02,0.024945825
8,3,2005,2005-07-20,0.02,0.04062289
8,3,2005,2005-07-28,0.02,0.03679353
8,3,2005,2005-08-05,0.02,0.038859546
8,3,2005,2005-08-13,0.03,0.036747485
8,3,2005,2005-08-21,0.07,0.051540345
8,3,2005,2005-08-29,0.27,0.11435369
8,3,2005,2005-09-06,0.43,0.2940195
8,3,2005,2005-09-14,0.53,0.44725263
8,3,2005,2005-09-22,0.56,0.56184185
8,3,2005,2005-09-30,0.57,0.56249183
8,3,2005,2005-10-08,0.55,0.5417677
8,3,2005,2005-10-16,0.58,0.50490105
8,3,2005,2005-10-24,0.6,0.5034349
8,3,2005,2005-11-01,0.58,0.53011453
8,3,2005,2005-11-09,0.53,0.5140393
8,3,2005,2005-11-17,0.37,0.42677397
8,3,2005,2005-11-25,0.29,0.23533112
8,3,2005,2005-12-03,0.13,0.17712468
8,3,2005,2005-12-11,0.08,0.047798216
8,3,2005,2005-12-19,0.04,0.03218156
8,3,2005,2005-12-27,0.03,0.023087382
8,3,2006,2006-07-04,0.03,0.065485865
8,3,2006,2006-07-12,0.03,0.04659751
8,3,2006,2006-07-20,0.03,0.050507605
8,3,2006,2006-07-28,0.03,0.053993315
8,3,2006,2006-08-05,0.03,0.056230843
8,3,2006,2006-08-13,0.07,0.056230843
8,3,2006,2006-08-21,0.06,0.09015313
8,3,2006,2006-08-29,0.18,0.095743045
8,3,2006,2006-09-06,0.32,0.24707714
8,3,2006,2006-09-14,0.45,0.4041566
8,3,2006,2006-09-22,0.49,0.523437
8,3,2006,2006-09-30,0.59,0.5300434
8,3,2006,2006-10-08,0.62,0.58338535
8,3,2006,2006-10-16,0.61,0.58965385
8,3,2006,2006-10-24,0.65,0.57784164
8,3,2006,2006-11-01,0.65,0.60435903
8,3,2006,2006-11-09,0.56,0.5960853
8,3,2006,2006-11-17,0.54,0.49248493
8,3,2006,2006-11-25,0.44,0.41069585
8,3,2006,2006-12-03,0.21,0.31511867
8,3,2006,2006-12-11,0.1,0.12425491
8,3,2006,2006-12-19,0.04,0.043709695
8,3,2006,2006-12-27,0.03,0.019234926
8,3,2007,2007-07-04,0.05,0.08813611
8,3,2007,2007-07-12,0.04,0.075313896
8,3,2007,2007-07-20,0.02,0.065017164
8,3,2007,2007-07-28,0.03,0.06313267
8,3,2007,2007-08-05,0.03,0.06826547
8,3,2007,2007-08-13,0.03,0.069743514
8,3,2007,2007-08-21,0.04,0.08117333
8,3,2007,2007-08-29,0.1,0.08646962
8,3,2007,2007-09-06,0.18,0.16701888
8,3,2007,2007-09-14,0.28,0.27594241
8,3,2007,2007-09-22,0.36,0.3940173
8,3,2007,2007-09-30,0.44,0.45408046
8,3,2007,2007-10-08,0.53,0.5191231
8,3,2007,2007-10-16,0.6,0.57948446
8,3,2007,2007-10-24,0.63,0.6206192
8,3,2007,2007-11-01,0.57,0.64092964
8,3,2007,2007-11-09,0.59,0.5673487
8,3,2007,2007-11-17,0.54,0.5366076
8,3,2007,2007-11-25,0.5,0.48376852
8,3,2007,2007-12-03,0.4,0.43259823
8,3,2007,2007-12-11,0.23,0.2888946
8,3,2007,2007-12-19,0.04,0.1410282
8,3,2007,2007-12-27,0.03,0.021140367
8,3,2008,2008-07-03,0.03,0.083725244
8,3,2008,2008-07-11,0.04,0.062904984
8,3,2008,2008-07-19,0.02,0.06929037
8,3,2008,2008-07-27,0.01,0.059914142
8,3,2008,2008-08-04,0.02,0.052969933
8,3,2008,2008-08-12,0.05,0.05947548
8,3,2008,2008-08-20,0.09,0.08632317
8,3,2008,2008-08-28,0.19,0.12559892
8,3,2008,2008-09-05,0.35,0.23112342
8,3,2008,2008-09-13,0.48,0.39777142
8,3,2008,2008-09-21,0.49,0.5312143
8,3,2008,2008-09-29,0.54,0.5431049
8,3,2008,2008-10-07,0.58,0.5677548
8,3,2008,2008-10-15,0.57,0.6003083
8,3,2008,2008-10-23,0.59,0.5941348
8,3,2008,2008-10-31,0.57,0.59478265
8,3,2008,2008-11-08,0.55,0.54440236
8,3,2008,2008-11-16,0.56,0.5221679
8,3,2008,2008-11-24,0.44,0.5162679
8,3,2008,2008-12-02,0.34,0.40432262
8,3,2008,2008-12-10,0.21,0.27244765
8,3,2008,2008-12-18,0.07,0.13154635
8,3,2008,2008-12-26,0.04,0.029354304
8,3,2009,2009-07-04,0.02,0.112139136
8,3,2009,2009-07-12,0.02,0.04542935
8,3,2009,2009-07-20,0.03,0.040014595
8,3,2009,2009-07-28,0.02,0.061399132
8,3,2009,2009-08-05,0.02,0.055512637
8,3,2009,2009-08-13,0.03,0.056922495
8,3,2009,2009-08-21,0.03,0.072225064
8,3,2009,2009-08-29,0.05,0.08423716
8,3,2009,2009-09-06,0.28,0.124628484
8,3,2009,2009-09-14,0.36,0.36755967
8,3,2009,2009-09-22,0.5,0.46779442
8,3,2009,2009-09-30,0.49,0.5603912
8,3,2009,2009-10-08,0.57,0.5351668
8,3,2009,2009-10-16,0.6,0.58375776
8,3,2009,2009-10-24,0.56,0.5924439
8,3,2009,2009-11-01,0.61,0.5536509
8,3,2009,2009-11-09,0.56,0.5740913
8,3,2009,2009-11-17,0.57,0.5230547
8,3,2009,2009-11-25,0.32,0.53377783
8,3,2009,2009-12-03,0.25,0.27339146
8,3,2009,2009-12-11,0.09,0.15683298
8,3,2009,2009-12-19,0.03,0.042311788
8,3,2009,2009-12-27,0.02,0.018711299
8,3,2010,2010-07-04,0.01,0.10921569
8,3,2010,2010-07-12,0.02,0.023649722
8,3,2010,2010-07-20,0.03,0.026965916
8,3,2010,2010-07-28,0.03,0.06531742
8,3,2010,2010-08-05,0.02,0.06714222
8,3,2010,2010-08-13,0.04,0.058454275
8,3,2010,2010-08-21,0.05,0.07487354
8,3,2010,2010-08-29,0.09,0.085265785
8,3,2010,2010-09-06,0.32,0.12505358
8,3,2010,2010-09-14,0.39,0.3936946
8,3,2010,2010-09-22,0.38,0.4750229
8,3,2010,2010-09-30,0.56,0.4739541
8,3,2010,2010-10-08,0.59,0.57978606
8,3,2010,2010-10-16,0.62,0.6159853
8,3,2010,2010-10-24,0.65,0.6324266
8,3,2010,2010-11-01,0.53,0.62450993
8,3,2010,2010-11-09,0.52,0.5132569
8,3,2010,2010-11-17,0.47,0.46057457
8,3,2010,2010-11-25,0.31,0.4184872
8,3,2010,2010-12-03,0.21,0.23591931
8,3,2010,2010-12-11,0.09,0.12821496
8,3,2010,2010-12-19,0.03,0.043186814
8,3,2010,2010-12-27,0.02,0.025259823
8,3,2011,2011-07-04,0.02,0.06391516
8,3,2011,2011-07-12,0.03,0.045453638
8,3,2011,2011-07-20,0.02,0.054726988
8,3,2011,2011-07-28,0.02,0.0616965
8,3,2011,2011-08-05,0.03,0.062175304
8,3,2011,2011-08-13,0.03,0.066278845
8,3,2011,2011-08-21,0.05,0.07246104
8,3,2011,2011-08-29,0.14,0.09168801
8,3,2011,2011-09-06,0.27,0.17921813
8,3,2011,2011-09-14,0.47,0.36028633
8,3,2011,2011-09-22,0.56,0.5443144
8,3,2011,2011-09-30,0.57,0.5982914
8,3,2011,2011-10-08,0.59,0.61811906
8,3,2011,2011-10-16,0.59,0.60992014
8,3,2011,2011-10-24,0.6,0.59316516
8,3,2011,2011-11-01,0.61,0.59226453
8,3,2011,2011-11-09,0.58,0.56249547
8,3,2011,2011-11-17,0.59,0.53140557
8,3,2011,2011-11-25,0.51,0.53041446
8,3,2011,2011-12-03,0.48,0.4274263
8,3,2011,2011-12-11,0.18,0.3758392
8,3,2011,2011-12-19,0.12,0.12796465
8,3,2011,2011-12-27,0.05,0.06519273
8,3,2012,2012-07-03,0.07,0.12986371
8,3,2012,2012-07-11,0.02,0.10323608
8,3,2012,2012-07-19,0.02,0.056604713
8,3,2012,2012-07-27,0.01,0.049709827
8,3,2012,2012-08-04,0.03,0.044783205
8,3,2012,2012-08-12,0.03,0.06544551
8,3,2012,2012-08-20,0.05,0.067665905
8,3,2012,2012-08-28,0.04,0.089589626
8,3,2012,2012-09-05,0.08,0.10403058
8,3,2012,2012-09-13,0.35,0.16885406
8,3,2012,2012-09-21,0.34,0.45791286
8,3,2012,2012-09-29,0.58,0.46885726
8,3,2012,2012-10-07,0.51,0.62284374
8,3,2012,2012-10-15,0.59,0.550005
8,3,2012,2012-10-23,0.54,0.586297
8,3,2012,2012-10-31,0.52,0.5182941
8,3,2012,2012-11-08,0.48,0.49889484
8,3,2012,2012-11-16,0.41,0.43564302
8,3,2012,2012-11-24,0.16,0.37739214
8,3,2012,2012-12-02,0.22,0.14233623
8,3,2012,2012-12-10,0.02,0.16532032
8,3,2012,2012-12-18,0.02,0.0128034055
8,3,2012,2012-12-26,0.02,0.02322501
8,4,2001,2001-07-04,0.17,0.18777943
8,4,2001,2001-07-12,0.1,0.1979087
8,4,2001,2001-07-20,0.25,0.13690521
8,4,2001,2001-07-28,0.23,0.25692236
8,4,2001,2001-08-05,0.14,0.27494475
8,4,2001,2001-08-13,0.1,0.20499936
8,4,2001,2001-08-21,0.14,0.12529692
8,4,2001,2001-08-29,0.12,0.14788824
8,4,2001,2001-09-06,0.2,0.17774712
8,4,2001,2001-09-14,0.28,0.23503122
8,4,2001,2001-09-22,0.33,0.34405145
8,4,2001,2001-09-30,0.39,0.39028138
8,4,2001,2001-10-08,0.42,0.4332909
8,4,2001,2001-10-16,0.52,0.4528774
8,4,2001,2001-10-24,0.5,0.52398896
8,4,2001,2001-11-01,0.53,0.500916
8,4,2001,2001-11-09,0.5,0.50648326
8,4,2001,2001-11-17,0.52,0.4573937
8,4,2001,2001-11-25,0.43,0.4908406
8,4,2001,2001-12-03,0.32,0.3847039
8,4,2001,2001-12-11,0.27,0.24170558
8,4,2001,2001-12-19,0.22,0.21062806
8,4,2001,2001-12-27,0.12,0.15614879
8,4,2002,2002-07-04,0.13,0.1594218
8,4,2002,2002-07-12,0.16,0.16272077
8,4,2002,2002-07-20,0.16,0.1641345
8,4,2002,2002-07-28,0.15,0.19375023
8,4,2002,2002-08-05,0.14,0.18220961
8,4,2002,2002-08-13,0.18,0.1437857
8,4,2002,2002-08-21,0.18,0.1601488
8,4,2002,2002-08-29,0.12,0.181621
8,4,2002,2002-09-06,0.08,0.13692233
8,4,2002,2002-09-14,0.15,0.11259325
8,4,2002,2002-09-22,0.21,0.18232977
8,4,2002,2002-09-30,0.32,0.25414735
8,4,2002,2002-10-08,0.47,0.35743323
8,4,2002,2002-10-16,0.43,0.47728947
8,4,2002,2002-10-24,0.51,0.4587809
8,4,2002,2002-11-01,0.55,0.4836475
8,4,2002,2002-11-09,0.54,0.51087624
8,4,2002,2002-11-17,0.52,0.49379447
8,4,2002,2002-11-25,0.35,0.46486115
8,4,2002,2002-12-03,0.21,0.2852215
8,4,2002,2002-12-11,0.18,0.13023987
8,4,2002,2002-12-19,0.12,0.10872753
8,4,2002,2002-12-27,0.08,0.10040718
8,4,2003,2003-07-04,0.11,0.10389033
8,4,2003,2003-07-12,0.19,0.1261643
8,4,2003,2003-07-20,0.11,0.19712365
8,4,2003,2003-07-28,0.18,0.14252928
8,4,2003,2003-08-05,0.11,0.1731067
8,4,2003,2003-08-13,0.12,0.121549994
8,4,2003,2003-08-21,0.13,0.13474554
8,4,2003,2003-08-29,0.12,0.13975707
8,4,2003,2003-09-06,0.1,0.12634379
8,4,2003,2003-09-14,0.19,0.09928073
8,4,2003,2003-09-22,0.31,0.18363647
8,4,2003,2003-09-30,0.32,0.3076193
8,4,2003,2003-10-08,0.47,0.3488297
8,4,2003,2003-10-16,0.43,0.4803011
8,4,2003,2003-10-24,0.45,0.42560205
8,4,2003,2003-11-01,0.45,0.4249406
8,4,2003,2003-11-09,0.3,0.41259238
8,4,2003,2003-11-17,0.2,0.2845915
8,4,2003,2003-11-25,0.26,0.16367805
8,4,2003,2003-12-03,0.09,0.17377305
8,4,2003,2003-12-11,0.1,0.07300091
8,4,2003,2003-12-19,0.08,0.0769321
8,4,2003,2003-12-27,0.07,0.06877747
8,4,2004,2004-07-03,0.19,0.15591946
8,4,2004,2004-07-11,0.14,0.19448166
8,4,2004,2004-07-19,0.09,0.17388651
8,4,2004,2004-07-27,0.09,0.10758315
8,4,2004,2004-08-04,0.09,0.11072986
8,4,2004,2004-08-12,0.09,0.102699235
8,4,2004,2004-08-20,0.09,0.11056997
8,4,2004,2004-08-28,0.12,0.113043904
8,4,2004,2004-09-05,0.14,0.13583735
8,4,2004,2004-09-13,0.28,0.14892872
8,4,2004,2004-09-21,0.38,0.28643233
8,4,2004,2004-09-29,0.38,0.40330407
8,4,2004,2004-10-07,0.52,0.39964697
8,4,2004,2004-10-15,0.46,0.51727664
8,4,2004,2004-10-23,0.49,0.44881225
8,4,2004,2004-10-31,0.48,0.44783047
8,4,2004,2004-11-08,0.34,0.42177498
8,4,2004,2004-11-16,0.33,0.27655837
8,4,2004,2004-11-24,0.34,0.2189425
8,4,2004,2004-12-02,0.19,0.2691331
8,4,2004,2004-12-10,0.12,0.15821114
8,4,2004,2004-12-18,0.1,0.09159997
8,4,2004,2004-12-26,0.1,0.079131424
8,4,2005,2005-07-04,0.09,0.11731315
8,4,2005,2005-07-12,0.13,0.12451571
8,4,2005,2005-07-20,0.08,0.14061491
8,4,2005,2005-07-28,0.1,0.09434578
8,4,2005,2005-08-05,0.11,0.102671206
8,4,2005,2005-08-13,0.08,0.11370389
8,4,2005,2005-08-21,0.11,0.09910585
8,4,2005,2005-08-29,0.13,0.11589798
8,4,2005,2005-09-06,0.14,0.14068697
8,4,2005,2005-09-14,0.16,0.15686521
8,4,2005,2005-09-22,0.19,0.20017831
8,4,2005,2005-09-30,0.24,0.24186449
8,4,2005,2005-10-08,0.37,0.27102226
8,4,2005,2005-10-16,0.43,0.39971498
8,4,2005,2005-10-24,0.49,0.42885906
8,4,2005,2005-11-01,0.5,0.46749517
8,4,2005,2005-11-09,0.46,0.45600504
8,4,2005,2005-11-17,0.47,0.37858
8,4,2005,2005-11-25,0.27,0.37262112
8,4,2005,2005-12-03,0.19,0.22574714
8,4,2005,2005-12-11,0.09,0.11982867
8,4,2005,2005-12-19,0.11,0.0492464
8,4,2005,2005-12-27,0.11,0.0826762
8,4,2006,2006-07-04,0.18,0.14196607
8,4,2006,2006-07-12,0.19,0.1796941
8,4,2006,2006-07-20,0.18,0.19849786
8,4,2006,2006-07-28,0.13,0.17712094
8,4,2006,2006-08-05,0.1,0.1341892
8,4,2006,2006-08-13,0.13,0.108552545
8,4,2006,2006-08-21,0.1,0.12544656
8,4,2006,2006-08-29,0.1,0.11813411
8,4,2006,2006-09-06,0.11,0.122182205
8,4,2006,2006-09-14,0.11,0.1299204
8,4,2006,2006-09-22,0.22,0.13651451
8,4,2006,2006-09-30,0.32,0.2300567
8,4,2006,2006-10-08,0.42,0.3311152
8,4,2006,2006-10-16,0.42,0.44439358
8,4,2006,2006-10-24,0.46,0.43955067
8,4,2006,2006-11-01,0.54,0.45347255
8,4,2006,2006-11-09,0.49,0.50487006
8,4,2006,2006-11-17,0.47,0.4502172
8,4,2006,2006-11-25,0.35,0.411834
8,4,2006,2006-12-03,0.22,0.25193667
8,4,2006,2006-12-11,0.16,0.13421613
8,4,2006,2006-12-19,0.17,0.08531949
8,4,2006,2006-12-27,0.1,0.12991774
8,4,2007,2007-07-04,0.07,0.11346018
8,4,2007,2007-07-12,0.09,0.12450676
8,4,2007,2007-07-20,0.08,0.14057666
8,4,2007,2007-07-28,0.18,0.1318125
8,4,2007,2007-08-05,0.2,0.19545662
8,4,2007,2007-08-13,0.2,0.21334375
8,4,2007,2007-08-21,0.21,0.22314276
8,4,2007,2007-08-29,0.29,0.21505316
8,4,2007,2007-09-06,0.3,0.27979404
8,4,2007,2007-09-14,0.35,0.29962203
8,4,2007,2007-09-22,0.32,0.338041
8,4,2007,2007-09-30,0.34,0.33412173
8,4,2007,2007-10-08,0.47,0.36346453
8,4,2007,2007-10-16,0.52,0.48670548
8,4,2007,2007-10-24,0.52,0.52731264
8,4,2007,2007-11-01,0.48,0.51971436
8,4,2007,2007-11-09,0.46,0.47629076
8,4,2007,2007-11-17,0.36,0.42587084
8,4,2007,2007-11-25,0.39,0.323502
8,4,2007,2007-12-03,0.27,0.3135026
8,4,2007,2007-12-11,0.17,0.21079746
8,4,2007,2007-12-19,0.09,0.13179655
8,4,2007,2007-12-27,0.08,0.08460447
8,4,2008,2008-07-03,0.11,0.11763859
8,4,2008,2008-07-11,0.12,0.12048593
8,4,2008,2008-07-19,0.16,0.13023314
8,4,2008,2008-07-27,0.13,0.15852988
8,4,2008,2008-08-04,0.13,0.1618906
8,4,2008,2008-08-12,0.19,0.15936571
8,4,2008,2008-08-20,0.28,0.19735503
8,4,2008,2008-08-28,0.31,0.2754928
8,4,2008,2008-09-05,0.3,0.32358617
8,4,2008,2008-09-13,0.3,0.30653614
8,4,2008,2008-09-21,0.33,0.2958151
8,4,2008,2008-09-29,0.38,0.30374834
8,4,2008,2008-10-07,0.41,0.35124877
8,4,2008,2008-10-15,0.47,0.408725
8,4,2008,2008-10-23,0.45,0.462012
8,4,2008,2008-10-31,0.46,0.4331306
8,4,2008,2008-11-08,0.34,0.40976542
8,4,2008,2008-11-16,0.32,0.29638854
8,4,2008,2008-11-24,0.13,0.24344333
8,4,2008,2008-12-02,0.12,0.12127213
8,4,2008,2008-12-10,0.11,0.09261188
8,4,2008,2008-12-18,0.11,0.08535847
8,4,2008,2008-12-26,0.1,0.09732087
8,4,2009,2009-07-04,0.1,0.15155575
8,4,2009,2009-07-12,0.19,0.13190427
8,4,2009,2009-07-20,0.27,0.19830598
8,4,2009,2009-07-28,0.19,0.28024727
8,4,2009,2009-08-05,0.22,0.2206195
8,4,2009,2009-08-13,0.24,0.2127583
8,4,2009,2009-08-21,0.24,0.24095869
8,4,2009,2009-08-29,0.18,0.27494338
8,4,2009,2009-09-06,0.26,0.22475894
8,4,2009,2009-09-14,0.28,0.26567483
8,4,2009,2009-09-22,0.26,0.28974092
8,4,2009,2009-09-30,0.25,0.2852156
8,4,2009,2009-10-08,0.45,0.27238506
8,4,2009,2009-10-16,0.51,0.44612855
8,4,2009,2009-10-24,0.44,0.5208917
8,4,2009,2009-11-01,0.53,0.45093897
8,4,2009,2009-11-09,0.47,0.4857862
8,4,2009,2009-11-17,0.54,0.40873554
8,4,2009,2009-11-25,0.25,0.46594948
8,4,2009,2009-12-03,0.22,0.20177172
8,4,2009,2009-12-11,0.12,0.1397435
8,4,2009,2009-12-19,0.1,0.08391994
8,4,2009,2009-12-27,0.08,0.10674161
8,4,2010,2010-07-04,0.07,0.11924264
8,4,2010,2010-07-12,0.12,0.10470784
8,4,2010,2010-07-20,0.12,0.16155452
8,4,2010,2010-07-28,0.14,0.18583202
8,4,2010,2010-08-05,0.31,0.17892039
8,4,2010,2010-08-13,0.29,0.3165856
8,4,2010,2010-08-21,0.2,0.3202197
8,4,2010,2010-08-29,0.23,0.23326315
8,4,2010,2010-09-06,0.26,0.2052353
8,4,2010,2010-09-14,0.3,0.26194298
8,4,2010,2010-09-22,0.28,0.317441
8,4,2010,2010-09-30,0.35,0.2931109
8,4,2010,2010-10-08,0.39,0.3329799
8,4,2010,2010-10-16,0.4,0.41884387
8,4,2010,2010-10-24,0.46,0.43973565
8,4,2010,2010-11-01,0.4,0.4471587
8,4,2010,2010-11-09,0.3,0.40403014
8,4,2010,2010-11-17,0.32,0.2872751
8,4,2010,2010-11-25,0.25,0.29884967
8,4,2010,2010-12-03,0.14,0.19602276
8,4,2010,2010-12-11,0.11,0.1154643
8,4,2010,2010-12-19,0.1,0.07989457
8,4,2010,2010-12-27,0.08,0.097179174
8,4,2011,2011-07-04,0.12,0.11221036
8,4,2011,2011-07-12,0.22,0.13319045
8,4,2011,2011-07-20,0.15,0.22766155
8,4,2011,2011-07-28,0.17,0.18401012
8,4,2011,2011-08-05,0.17,0.18325736
8,4,2011,2011-08-13,0.2,0.21512702
8,4,2011,2011-08-21,0.19,0.23971999
8,4,2011,2011-08-29,0.16,0.20140141
8,4,2011,2011-09-06,0.14,0.1749396
8,4,2011,2011-09-14,0.16,0.1655015
8,4,2011,2011-09-22,0.33,0.19325772
8,4,2011,2011-09-30,0.34,0.332236
8,4,2011,2011-10-08,0.36,0.37140563
8,4,2011,2011-10-16,0.43,0.3811545
8,4,2011,2011-10-24,0.51,0.41666317
8,4,2011,2011-11-01,0.53,0.4970493
8,4,2011,2011-11-09,0.48,0.4970859
8,4,2011,2011-11-17,0.26,0.4161181
8,4,2011,2011-11-25,0.13,0.219868
8,4,2011,2011-12-03,0.13,0.089932054
8,4,2011,2011-12-11,0.09,0.080547065
8,4,2011,2011-12-19,0.08,0.085227996
8,4,2011,2011-12-27,0.09,0.09505513
8,4,2012,2012-07-03,0.26,0.1379779
8,4,2012,2012-07-11,0.14,0.25016657
8,4,2012,2012-07-19,0.11,0.18671069
8,4,2012,2012-07-27,0.09,0.12551343
8,4,2012,2012-08-04,0.1,0.09883888
8,4,2012,2012-08-12,0.1,0.11809975
8,4,2012,2012-08-20,0.09,0.13204868
8,4,2012,2012-08-28,0.09,0.12301463
8,4,2012,2012-09-05,0.12,0.11278719
8,4,2012,2012-09-13,0.1,0.13075252
8,4,2012,2012-09-21,0.11,0.12628636
8,4,2012,2012-09-29,0.18,0.17180476
8,4,2012,2012-10-07,0.21,0.22582752
8,4,2012,2012-10-15,0.38,0.25294185
8,4,2012,2012-10-23,0.39,0.40040547
8,4,2012,2012-10-31,0.43,0.42433688
8,4,2012,2012-11-08,0.37,0.43696922
8,4,2012,2012-11-16,0.26,0.34614637
8,4,2012,2012-11-24,0.21,0.1877198
8,4,2012,2012-12-02,0.18,0.11612755
8,4,2012,2012-12-10,0.13,0.12560275
8,4,2012,2012-12-18,0.1,0.11336443
8,4,2012,2012-12-26,0.11,0.097399786
8,5,2001,2001-07-04,0.11,0.13292874
8,5,2001,2001-07-12,0.04,0.18276596
8,5,2001,2001-07-20,0.1,0.09013173
8,5,2001,2001-07-28,0.03,0.10652366
8,5,2001,2001-08-05,0.01,0.05611533
8,5,2001,2001-08-13,0.0,0.039318413
8,5,2001,2001-08-21,0.01,0.025519699
8,5,2001,2001-08-29,0.02,0.037264615
8,5,2001,2001-09-06,0.03,0.052169383
8,5,2001,2001-09-14,0.1,0.059446722
8,5,2001,2001-09-22,0.15,0.13473494
8,5,2001,2001-09-30,0.44,0.19944273
8,5,2001,2001-10-08,0.45,0.4947983
8,5,2001,2001-10-16,0.56,0.5432392
8,5,2001,2001-10-24,0.57,0.59119695
8,5,2001,2001-11-01,0.55,0.5522837
8,5,2001,2001-11-09,0.41,0.50876784
8,5,2001,2001-11-17,0.51,0.29189792
8,5,2001,2001-11-25,0.28,0.4309443
8,5,2001,2001-12-03,0.23,0.2108962
8,5,2001,2001-12-11,0.04,0.13066487
8,5,2001,2001-12-19,0.02,0.01726368
8,5,2001,2001-12-27,0.01,0.023317724
8,5,2002,2002-07-04,0.09,0.09877616
8,5,2002,2002-07-12,0.14,0.11632314
8,5,2002,2002-07-20,0.05,0.13389263
8,5,2002,2002-07-28,0.06,0.07832369
8,5,2002,2002-08-05,0.02,0.06081
8,5,2002,2002-08-13,0.01,0.02873239
8,5,2002,2002-08-21,0.01,0.023149103
8,5,2002,2002-08-29,0.01,0.02630803
8,5,2002,2002-09-06,0.01,0.03155735
8,5,2002,2002-09-14,0.01,0.034454912
8,5,2002,2002-09-22,0.05,0.049558073
8,5,2002,2002-09-30,0.17,0.08996418
8,5,2002,2002-10-08,0.31,0.2587296
8,5,2002,2002-10-16,0.34,0.37013966
8,5,2002,2002-10-24,0.49,0.39841098
8,5,2002,2002-11-01,0.52,0.4871211
8,5,2002,2002-11-09,0.49,0.4901778
8,5,2002,2002-11-17,0.36,0.41282994
8,5,2002,2002-11-25,0.19,0.29883677
8,5,2002,2002-12-03,0.02,0.1085462
8,5,2002,2002-12-11,0.02,0.007090658
8,5,2002,2002-12-19,0.01,-0.006441146
8,5,2002,2002-12-27,0.0,0.0072536767
8,5,2003,2003-07-04,0.14,0.046999425
8,5,2003,2003-07-12,0.12,0.1436699
8,5,2003,2003-07-20,0.04,0.14821301
8,5,2003,2003-07-28,0.05,0.060735464
8,5,2003,2003-08-05,0.01,0.051861435
8,5,2003,2003-08-13,0.01,0.020988375
8,5,2003,2003-08-21,0.01,0.024195582
8,5,2003,2003-08-29,0.01,0.023990601
8,5,2003,2003-09-06,0.02,0.02775976
8,5,2003,2003-09-14,0.06,0.035191298
8,5,2003,2003-09-22,0.19,0.065217376
8,5,2003,2003-09-30,0.25,0.1808281
8,5,2003,2003-10-08,0.33,0.2663853
8,5,2003,2003-10-16,0.38,0.35903972
8,5,2003,2003-10-24,0.41,0.38224125
8,5,2003,2003-11-01,0.44,0.41734052
8,5,2003,2003-11-09,0.2,0.4240253
8,5,2003,2003-11-17,0.11,0.20450401
8,5,2003,2003-11-25,0.12,0.063981205
8,5,2003,2003-12-03,0.0,0.053923875
8,5,2003,2003-12-11,0.0,-0.008855939
8,5,2003,2003-12-19,0.01,0.0028584301
8,5,2003,2003-12-27,0.0,0.014493138
8,5,2004,2004-07-03,0.07,0.07385218
8,5,2004,2004-07-11,0.06,0.10549155
8,5,2004,2004-07-19,0.03,0.09348118
8,5,2004,2004-07-27,0.01,0.045094013
8,5,2004,2004-08-04,0.01,0.028811574
8,5,2004,2004-08-12,0.01,0.02231446
8,5,2004,2004-08-20,0.02,0.026422054
8,5,2004,2004-08-28,0.05,0.03513065
8,5,2004,2004-09-05,0.07,0.058915943
8,5,2004,2004-09-13,0.16,0.078352004
8,5,2004,2004-09-21,0.32,0.15926109
8,5,2004,2004-09-29,0.32,0.32790405
8,5,2004,2004-10-07,0.53,0.34308362
8,5,2004,2004-10-15,0.42,0.5092882
8,5,2004,2004-10-23,0.47,0.41618472
8,5,2004,2004-10-31,0.4,0.4209313
8,5,2004,2004-11-08,0.14,0.3462826
8,5,2004,2004-11-16,0.14,0.0993578
8,5,2004,2004-11-24,0.24,0.057143867
8,5,2004,2004-12-02,0.02,0.16345322
8,5,2004,2004-12-10,0.01,0.04248628
8,5,2004,2004-12-18,0.01,0.011397868
8,5,2004,2004-12-26,0.01,0.011185497
8,5,2005,2005-07-04,0.03,0.0626497
8,5,2005,2005-07-12,0.04,0.055355668
8,5,2005,2005-07-20,0.07,0.059120744
8,5,2005,2005-07-28,0.01,0.07224026
8,5,2005,2005-08-05,0.04,0.028694302
8,5,2005,2005-08-13,0.0,0.045485288
8,5,2005,2005-08-21,0.02,0.01880309
8,5,2005,2005-08-29,0.03,0.036664724
8,5,2005,2005-09-06,0.04,0.049661905
8,5,2005,2005-09-14,0.06,0.06466493
8,5,2005,2005-09-22,0.1,0.09833057
8,5,2005,2005-09-30,0.16,0.16493881
8,5,2005,2005-10-08,0.39,0.20694885
8,5,2005,2005-10-16,0.41,0.44333494
8,5,2005,2005-10-24,0.42,0.42124948
8,5,2005,2005-11-01,0.42,0.39918843
8,5,2005,2005-11-09,0.3,0.34982818
8,5,2005,2005-11-17,0.33,0.19551678
8,5,2005,2005-11-25,0.09,0.2115192
8,5,2005,2005-12-03,0.05,0.09081486
8,5,2005,2005-12-11,0.0,0.021662295
8,5,2005,2005-12-19,0.01,-0.005795449
8,5,2005,2005-12-27,0.03,0.015740812
8,5,2006,2006-07-04,0.11,0.07303172
8,5,2006,2006-07-12,0.05,0.10965374
8,5,2006,2006-07-20,0.06,0.07190496
8,5,2006,2006-07-28,0.02,0.07747796
8,5,2006,2006-08-05,0.02,0.034061074
8,5,2006,2006-08-13,0.03,0.04052201
8,5,2006,2006-08-21,0.02,0.038561612
8,5,2006,2006-08-29,0.02,0.0405142
8,5,2006,2006-09-06,0.03,0.041921705
8,5,2006,2006-09-14,0.07,0.051481515
8,5,2006,2006-09-22,0.13,0.08641097
8,5,2006,2006-09-30,0.2,0.14481595
8,5,2006,2006-10-08,0.35,0.2176387
8,5,2006,2006-10-16,0.35,0.39655593
8,5,2006,2006-10-24,0.4,0.38858184
8,5,2006,2006-11-01,0.49,0.3895177
8,5,2006,2006-11-09,0.44,0.44224685
8,5,2006,2006-11-17,0.4,0.37560204
8,5,2006,2006-11-25,0.1,0.32805908
8,5,2006,2006-12-03,0.08,0.060041696
8,5,2006,2006-12-11,0.03,0.03018716
8,5,2006,2006-12-19,0.01,0.006755948
8,5,2006,2006-12-27,0.01,0.023549408
8,5,2007,2007-07-04,0.03,0.067882
8,5,2007,2007-07-12,0.04,0.07914245
8,5,2007,2007-07-20,0.03,0.07298139
8,5,2007,2007-07-28,0.15,0.06656739
8,5,2007,2007-08-05,0.15,0.15066539
8,5,2007,2007-08-13,0.15,0.16227171
8,5,2007,2007-08-21,0.12,0.16526386
8,5,2007,2007-08-29,0.17,0.13017955
8,5,2007,2007-09-06,0.22,0.16609514
8,5,2007,2007-09-14,0.21,0.21496288
8,5,2007,2007-09-22,0.21,0.22446737
8,5,2007,2007-09-30,0.27,0.22954714
8,5,2007,2007-10-08,0.34,0.2881133
8,5,2007,2007-10-16,0.41,0.38444644
8,5,2007,2007-10-24,0.51,0.43575382
8,5,2007,2007-11-01,0.43,0.5135587
8,5,2007,2007-11-09,0.42,0.4549933
8,5,2007,2007-11-17,0.39,0.3959617
8,5,2007,2007-11-25,0.27,0.3390579
8,5,2007,2007-12-03,0.16,0.18340054
8,5,2007,2007-12-11,0.03,0.09774411
8,5,2007,2007-12-19,0.01,0.022492707
8,5,2007,2007-12-27,0.0,0.021169335
8,5,2008,2008-07-03,0.11,0.07676503
8,5,2008,2008-07-11,0.06,0.11049387
8,5,2008,2008-07-19,0.12,0.07882461
8,5,2008,2008-07-27,0.03,0.112490624
8,5,2008,2008-08-04,0.02,0.07476571
8,5,2008,2008-08-12,0.04,0.06119281
8,5,2008,2008-08-20,0.05,0.06881523
8,5,2008,2008-08-28,0.09,0.07491878
8,5,2008,2008-09-05,0.06,0.118166775
8,5,2008,2008-09-13,0.07,0.10835783
8,5,2008,2008-09-21,0.1,0.106502175
8,5,2008,2008-09-29,0.19,0.12351465
8,5,2008,2008-10-07,0.3,0.21335858
8,5,2008,2008-10-15,0.48,0.32455584
8,5,2008,2008-10-23,0.45,0.48585317
8,5,2008,2008-10-31,0.47,0.46684417
8,5,2008,2008-11-08,0.21,0.42093894
8,5,2008,2008-11-16,0.15,0.17929175
8,5,2008,2008-11-24,0.04,0.09744878
8,5,2008,2008-12-02,0.03,0.023996383
8,5,2008,2008-12-10,0.03,0.025749773
8,5,2008,2008-12-18,0.01,0.018075138
8,5,2008,2008-12-26,0.01,0.018099606
8,5,2009,2009-07-04,0.06,0.09004223
8,5,2009,2009-07-12,0.13,0.09566671
8,5,2009,2009-07-20,0.15,0.13352121
8,5,2009,2009-07-28,0.07,0.16307916
8,5,2009,2009-08-05,0.05,0.08408156
8,5,2009,2009-08-13,0.03,0.051939815
8,5,2009,2009-08-21,0.03,0.04196009
8,5,2009,2009-08-29,0.02,0.052004606
8,5,2009,2009-09-06,0.05,0.054913193
8,5,2009,2009-09-14,0.05,0.069848746
8,5,2009,2009-09-22,0.08,0.0732663
8,5,2009,2009-09-30,0.08,0.10280985
8,5,2009,2009-10-08,0.23,0.12414113
8,5,2009,2009-10-16,0.46,0.27103007
8,5,2009,2009-10-24,0.44,0.5038507
8,5,2009,2009-11-01,0.52,0.47249293
8,5,2009,2009-11-09,0.48,0.48777723
8,5,2009,2009-11-17,0.55,0.3683025
8,5,2009,2009-11-25,0.2,0.41554588
8,5,2009,2009-12-03,0.26,0.14210162
8,5,2009,2009-12-11,0.03,0.14888532
8,5,2009,2009-12-19,0.01,0.02070555
8,5,2009,2009-12-27,0.0,0.016326338
8,5,2010,2010-07-04,0.03,0.06771633
8,5,2010,2010-07-12,0.13,0.05947736
8,5,2010,2010-07-20,0.1,0.15078849
8,5,2010,2010-07-28,0.06,0.13616511
8,5,2010,2010-08-05,0.09,0.080058545
8,5,2010,2010-08-13,0.1,0.08399901
8,5,2010,2010-08-21,0.03,0.095296115
8,5,2010,2010-08-29,0.05,0.052016705
8,5,2010,2010-09-06,0.06,0.056880087
8,5,2010,2010-09-14,0.09,0.07288805
8,5,2010,2010-09-22,0.07,0.10204214
8,5,2010,2010-09-30,0.17,0.09408188
8,5,2010,2010-10-08,0.19,0.16821209
8,5,2010,2010-10-16,0.22,0.22452568
8,5,2010,2010-10-24,0.47,0.3009694
8,5,2010,2010-11-01,0.44,0.48267683
8,5,2010,2010-11-09,0.26,0.46675062
8,5,2010,2010-11-17,0.22,0.26932085
8,5,2010,2010-11-25,0.21,0.18400711
8,5,2010,2010-12-03,0.09,0.11632341
8,5,2010,2010-12-11,0.01,0.08067301
8,5,2010,2010-12-19,0.0,-0.0011081398
8,5,2010,2010-12-27,0.01,0.0010006428
8,5,2011,2011-07-04,0.05,0.08481321
8,5,2011,2011-07-12,0.13,0.06354508
8,5,2011,2011-07-20,0.06,0.14520039
8,5,2011,2011-07-28,0.04,0.092024535
8,5,2011,2011-08-05,0.05,0.056777924
8,5,2011,2011-08-13,0.03,0.06312287
8,5,2011,2011-08-21,0.03,0.059778243
8,5,2011,2011-08-29,0.03,0.0446693
8,5,2011,2011-09-06,0.02,0.047724545
8,5,2011,2011-09-14,0.07,0.045422316
8,5,2011,2011-09-22,0.17,0.09031618
8,5,2011,2011-09-30,0.17,0.16647139
8,5,2011,2011-10-08,0.32,0.19735882
8,5,2011,2011-10-16,0.4,0.31631526
8,5,2011,2011-10-24,0.47,0.3835994
8,5,2011,2011-11-01,0.45,0.49121654
8,5,2011,2011-11-09,0.22,0.43975207
8,5,2011,2011-11-17,0.19,0.1811651
8,5,2011,2011-11-25,0.06,0.10336572
8,5,2011,2011-12-03,0.02,0.04422289
8,5,2011,2011-12-11,0.0,0.021024376
8,5,2011,2011-12-19,0.01,0.0009698272
8,5,2011,2011-12-27,0.15,0.017185241
8,5,2012,2012-07-03,0.19,0.09281531
8,5,2012,2012-07-11,0.05,0.17626
8,5,2012,2012-07-19,0.02,0.097550064
8,5,2012,2012-07-27,0.01,0.04627019
8,5,2012,2012-08-04,0.01,0.0262748
8,5,2012,2012-08-12,0.02,0.037166506
8,5,2012,2012-08-20,0.02,0.044386685
8,5,2012,2012-08-28,0.03,0.04619932
8,5,2012,2012-09-05,0.03,0.05368626
8,5,2012,2012-09-13,0.11,0.052191585
8,5,2012,2012-09-21,0.1,0.12571928
8,5,2012,2012-09-29,0.21,0.14699666
8,5,2012,2012-10-07,0.29,0.23207931
8,5,2012,2012-10-15,0.47,0.32936043
8,5,2012,2012-10-23,0.44,0.49327937
8,5,2012,2012-10-31,0.41,0.4681774
8,5,2012,2012-11-08,0.32,0.39362514
8,5,2012,2012-11-16,0.22,0.22778642
8,5,2012,2012-11-24,0.25,0.1424985
8,5,2012,2012-12-02,0.04,0.15601498
8,5,2012,2012-12-10,0.02,0.04108438
8,5,2012,2012-12-18,0.01,0.019348532
8,5,2012,2012-12-26,0.04,0.01860413
8,6,2001,2001-07-04,0.2,0.18913242
8,6,2001,2001-07-12,0.18,0.19618908
8,6,2001,2001-07-20,0.16,0.16542429
8,6,2001,2001-07-28,0.19,0.16269818
8,6,2001,2001-08-05,0.18,0.1824801
8,6,2001,2001-08-13,0.17,0.17709939
8,6,2001,2001-08-21,0.2,0.16958468
8,6,2001,2001-08-29,0.21,0.19181113
8,6,2001,2001-09-06,0.25,0.22232047
8,6,2001,2001-09-14,0.31,0.23838359
8,6,2001,2001-09-22,0.25,0.31359464
8,6,2001,2001-09-30,0.35,0.27072272
8,6,2001,2001-10-08,0.31,0.32731512
8,6,2001,2001-10-16,0.26,0.2854147
8,6,2001,2001-10-24,0.26,0.24534209
8,6,2001,2001-11-01,0.22,0.21356827
8,6,2001,2001-11-09,0.15,0.19566455
8,6,2001,2001-11-17,0.22,0.13882346
8,6,2001,2001-11-25,0.19,0.19051245
8,6,2001,2001-12-03,0.2,0.19150364
8,6,2001,2001-12-11,0.19,0.19312724
8,6,2001,2001-12-19,0.18,0.1861231
8,6,2001,2001-12-27,0.17,0.17516279
8,6,2002,2002-07-04,0.14,0.19058459
8,6,2002,2002-07-12,0.18,0.15808168
8,6,2002,2002-07-20,0.17,0.17492212
8,6,2002,2002-07-28,0.16,0.16956703
8,6,2002,2002-08-05,0.16,0.17119385
8,6,2002,2002-08-13,0.19,0.16575693
8,6,2002,2002-08-21,0.19,0.18632308
8,6,2002,2002-08-29,0.17,0.19667499
8,6,2002,2002-09-06,0.2,0.18357706
8,6,2002,2002-09-14,0.24,0.20715752
8,6,2002,2002-09-22,0.25,0.25272483
8,6,2002,2002-09-30,0.32,0.24933812
8,6,2002,2002-10-08,0.31,0.3161097
8,6,2002,2002-10-16,0.25,0.300944
8,6,2002,2002-10-24,0.21,0.23370004
8,6,2002,2002-11-01,0.22,0.1857639
8,6,2002,2002-11-09,0.19,0.19021598
8,6,2002,2002-11-17,0.17,0.16857113
8,6,2002,2002-11-25,0.17,0.17238167
8,6,2002,2002-12-03,0.17,0.16914225
8,6,2002,2002-12-11,0.17,0.17538983
8,6,2002,2002-12-19,0.16,0.17399493
8,6,2002,2002-12-27,0.17,0.16555728
8,6,2003,2003-07-04,0.18,0.15945795
8,6,2003,2003-07-12,0.18,0.16842112
8,6,2003,2003-07-20,0.17,0.1829228
8,6,2003,2003-07-28,0.18,0.17638862
8,6,2003,2003-08-05,0.17,0.17647077
8,6,2003,2003-08-13,0.17,0.1701392
8,6,2003,2003-08-21,0.18,0.17647272
8,6,2003,2003-08-29,0.21,0.18317825
8,6,2003,2003-09-06,0.2,0.20082855
8,6,2003,2003-09-14,0.27,0.20232858
8,6,2003,2003-09-22,0.32,0.25825062
8,6,2003,2003-09-30,0.26,0.30202782
8,6,2003,2003-10-08,0.27,0.27465427
8,6,2003,2003-10-16,0.2,0.2563107
8,6,2003,2003-10-24,0.16,0.1896387
8,6,2003,2003-11-01,0.17,0.14854261
8,6,2003,2003-11-09,0.16,0.15831274
8,6,2003,2003-11-17,0.16,0.16141808
8,6,2003,2003-11-25,0.19,0.16119891
8,6,2003,2003-12-03,0.13,0.18208775
8,6,2003,2003-12-11,0.15,0.14895946
8,6,2003,2003-12-19,0.18,0.15377206
8,6,2003,2003-12-27,0.16,0.17383501
8,6,2004,2004-07-03,0.18,0.1738827
8,6,2004,2004-07-11,0.16,0.18255702
8,6,2004,2004-07-19,0.16,0.16985519
8,6,2004,2004-07-27,0.15,0.1620356
8,6,2004,2004-08-04,0.16,0.15681165
8,6,2004,2004-08-12,0.17,0.16316843
8,6,2004,2004-08-20,0.22,0.17185187
8,6,2004,2004-08-28,0.25,0.21226871
8,6,2004,2004-09-05,0.29,0.24570507
8,6,2004,2004-09-13,0.32,0.27292407
8,6,2004,2004-09-21,0.31,0.30657658
8,6,2004,2004-09-29,0.25,0.3061117
8,6,2004,2004-10-07,0.29,0.23602468
8,6,2004,2004-10-15,0.17,0.2498753
8,6,2004,2004-10-23,0.18,0.16174808
8,6,2004,2004-10-31,0.17,0.15097734
8,6,2004,2004-11-08,0.18,0.15284121
8,6,2004,2004-11-16,0.16,0.17531404
8,6,2004,2004-11-24,0.17,0.16303875
8,6,2004,2004-12-02,0.16,0.17469943
8,6,2004,2004-12-10,0.16,0.15650807
8,6,2004,2004-12-18,0.17,0.15973422
8,6,2004,2004-12-26,0.17,0.17406073
8,6,2005,2005-07-04,0.15,0.16228071
8,6,2005,2005-07-12,0.17,0.15498665
8,6,2005,2005-07-20,0.14,0.16699955
8,6,2005,2005-07-28,0.09,0.15050057
8,6,2005,2005-08-05,0.18,0.11061014
8,6,2005,2005-08-13,0.12,0.17134538
8,6,2005,2005-08-21,0.17,0.14532281
8,6,2005,2005-08-29,0.19,0.18631433
8,6,2005,2005-09-06,0.24,0.20480296
8,6,2005,2005-09-14,0.28,0.2549228
8,6,2005,2005-09-22,0.25,0.28634417
8,6,2005,2005-09-30,0.27,0.2564442
8,6,2005,2005-10-08,0.29,0.24085239
8,6,2005,2005-10-16,0.19,0.26467258
8,6,2005,2005-10-24,0.16,0.17629686
8,6,2005,2005-11-01,0.18,0.14051741
8,6,2005,2005-11-09,0.18,0.15717015
8,6,2005,2005-11-17,0.17,0.17994706
8,6,2005,2005-11-25,0.16,0.17089397
8,6,2005,2005-12-03,0.17,0.16248432
8,6,2005,2005-12-11,0.16,0.16738665
8,6,2005,2005-12-19,0.16,0.1633671
8,6,2005,2005-12-27,0.2,0.16500503
8,6,2006,2006-07-04,0.16,0.13119626
8,6,2006,2006-07-12,0.15,0.15816423
8,6,2006,2006-07-20,0.15,0.16266367
8,6,2006,2006-07-28,0.14,0.15562312
8,6,2006,2006-08-05,0.14,0.13356775
8,6,2006,2006-08-13,0.16,0.15348643
8,6,2006,2006-08-21,0.18,0.1583568
8,6,2006,2006-08-29,0.21,0.18525943
8,6,2006,2006-09-06,0.22,0.2121161
8,6,2006,2006-09-14,0.24,0.23084271
8,6,2006,2006-09-22,0.29,0.24821359
8,6,2006,2006-09-30,0.26,0.27358985
8,6,2006,2006-10-08,0.26,0.25429955
8,6,2006,2006-10-16,0.22,0.2481846
8,6,2006,2006-10-24,0.24,0.19288075
8,6,2006,2006-11-01,0.21,0.19844255
8,6,2006,2006-11-09,0.2,0.19089872
8,6,2006,2006-11-17,0.18,0.18996814
8,6,2006,2006-11-25,0.16,0.17177686
8,6,2006,2006-12-03,0.14,0.15613087
8,6,2006,2006-12-11,0.16,0.14447966
8,6,2006,2006-12-19,0.17,0.15836859
8,6,2006,2006-12-27,0.12,0.17087832
8,6,2007,2007-07-04,0.17,0.16778517
8,6,2007,2007-07-12,0.18,0.17746669
8,6,2007,2007-07-20,0.17,0.18372744
8,6,2007,2007-07-28,0.18,0.17239153
8,6,2007,2007-08-05,0.18,0.17565706
8,6,2007,2007-08-13,0.16,0.17668936
8,6,2007,2007-08-21,0.18,0.16771337
8,6,2007,2007-08-29,0.19,0.18338417
8,6,2007,2007-09-06,0.19,0.1993577
8,6,2007,2007-09-14,0.19,0.20190048
8,6,2007,2007-09-22,0.2,0.20074323
8,6,2007,2007-09-30,0.28,0.21574795
8,6,2007,2007-10-08,0.28,0.26894683
8,6,2007,2007-10-16,0.36,0.27434453
8,6,2007,2007-10-24,0.21,0.32041574
8,6,2007,2007-11-01,0.2,0.21587408
8,6,2007,2007-11-09,0.17,0.1757536
8,6,2007,2007-11-17,0.19,0.15236574
8,6,2007,2007-11-25,0.18,0.17876184
8,6,2007,2007-12-03,0.18,0.17450725
8,6,2007,2007-12-11,0.17,0.17302963
8,6,2007,2007-12-19,0.16,0.17039263
8,6,2007,2007-12-27,0.15,0.16705254
8,6,2008,2008-07-03,0.17,0.1878498
8,6,2008,2008-07-11,0.17,0.17854285
8,6,2008,2008-07-19,0.16,0.17382044
8,6,2008,2008-07-27,0.15,0.16291168
8,6,2008,2008-08-04,0.15,0.15987912
8,6,2008,2008-08-12,0.17,0.1590313
8,6,2008,2008-08-20,0.19,0.17000766
8,6,2008,2008-08-28,0.2,0.19124156
8,6,2008,2008-09-05,0.2,0.20319936
8,6,2008,2008-09-13,0.21,0.20151351
8,6,2008,2008-09-21,0.25,0.20455018
8,6,2008,2008-09-29,0.23,0.2350333
8,6,2008,2008-10-07,0.2,0.24244848
8,6,2008,2008-10-15,0.22,0.21458128
8,6,2008,2008-10-23,0.17,0.23267059
8,6,2008,2008-10-31,0.22,0.1707624
8,6,2008,2008-11-08,0.18,0.19379678
8,6,2008,2008-11-16,0.17,0.17081319
8,6,2008,2008-11-24,0.17,0.17334679
8,6,2008,2008-12-02,0.18,0.16832218
8,6,2008,2008-12-10,0.2,0.18030278
8,6,2008,2008-12-18,0.16,0.19417599
8,6,2008,2008-12-26,0.18,0.1673391
8,6,2009,2009-07-04,0.13,0.18508196
8,6,2009,2009-07-12,0.13,0.14403808
8,6,2009,2009-07-20,0.16,0.13543916
8,6,2009,2009-07-28,0.17,0.15707368
8,6,2009,2009-08-05,0.16,0.17210944
8,6,2009,2009-08-13,0.17,0.16545159
8,6,2009,2009-08-21,0.17,0.17300323
8,6,2009,2009-08-29,0.18,0.17814831
8,6,2009,2009-09-06,0.23,0.187074
8,6,2009,2009-09-14,0.25,0.22200686
8,6,2009,2009-09-22,0.25,0.2431062
8,6,2009,2009-09-30,0.25,0.2499902
8,6,2009,2009-10-08,0.22,0.23760249
8,6,2009,2009-10-16,0.29,0.20412138
8,6,2009,2009-10-24,0.21,0.25662255
8,6,2009,2009-11-01,0.22,0.20076124
8,6,2009,2009-11-09,0.19,0.20677078
8,6,2009,2009-11-17,0.19,0.17590067
8,6,2009,2009-11-25,0.17,0.17865622
8,6,2009,2009-12-03,0.17,0.16488457
8,6,2009,2009-12-11,0.15,0.17019668
8,6,2009,2009-12-19,0.14,0.16155809
8,6,2009,2009-12-27,0.11,0.14543292
8,6,2010,2010-07-04,0.14,0.15743417
8,6,2010,2010-07-12,0.16,0.14009623
8,6,2010,2010-07-20,0.16,0.154324
8,6,2010,2010-07-28,0.15,0.16664204
8,6,2010,2010-08-05,0.17,0.16390201
8,6,2010,2010-08-13,0.18,0.17140222
8,6,2010,2010-08-21,0.17,0.1818403
8,6,2010,2010-08-29,0.17,0.17602633
8,6,2010,2010-09-06,0.21,0.17420246
8,6,2010,2010-09-14,0.27,0.21344598
8,6,2010,2010-09-22,0.25,0.26799363
8,6,2010,2010-09-30,0.29,0.2547372
8,6,2010,2010-10-08,0.3,0.26999378
8,6,2010,2010-10-16,0.19,0.26881236
8,6,2010,2010-10-24,0.17,0.20434648
8,6,2010,2010-11-01,0.15,0.15368938
8,6,2010,2010-11-09,0.18,0.14334816
8,6,2010,2010-11-17,0.19,0.17126381
8,6,2010,2010-11-25,0.17,0.18862921
8,6,2010,2010-12-03,0.16,0.17308924
8,6,2010,2010-12-11,0.17,0.16100836
8,6,2010,2010-12-19,0.19,0.16363284
8,6,2010,2010-12-27,0.18,0.18070123
8,6,2011,2011-07-04,0.17,0.17037904
8,6,2011,2011-07-12,0.16,0.1681697
8,6,2011,2011-07-20,0.17,0.16520037
8,6,2011,2011-07-28,0.16,0.17182699
8,6,2011,2011-08-05,0.18,0.16392553
8,6,2011,2011-08-13,0.19,0.18070018
8,6,2011,2011-08-21,0.2,0.1921365
8,6,2011,2011-08-29,0.23,0.19815952
8,6,2011,2011-09-06,0.23,0.21707487
8,6,2011,2011-09-14,0.23,0.22795151
8,6,2011,2011-09-22,0.24,0.23851979
8,6,2011,2011-09-30,0.24,0.23557748
8,6,2011,2011-10-08,0.17,0.24018338
8,6,2011,2011-10-16,0.18,0.18994984
8,6,2011,2011-10-24,0.18,0.16183318
8,6,2011,2011-11-01,0.17,0.16123575
8,6,2011,2011-11-09,0.18,0.16300341
8,6,2011,2011-11-17,0.18,0.17973498
8,6,2011,2011-11-25,0.15,0.18525544
8,6,2011,2011-12-03,0.17,0.16034508
8,6,2011,2011-12-11,0.2,0.16547528
8,6,2011,2011-12-19,0.19,0.19295323
8,6,2011,2011-12-27,0.21,0.19766653
8,6,2012,2012-07-03,0.2,0.18488538
8,6,2012,2012-07-11,0.17,0.19403434
8,6,2012,2012-07-19,0.16,0.17083915
8,6,2012,2012-07-27,0.15,0.16220832
8,6,2012,2012-08-04,0.18,0.15167074
8,6,2012,2012-08-12,0.18,0.17975238
8,6,2012,2012-08-20,0.17,0.1868161
8,6,2012,2012-08-28,0.18,0.18086877
8,6,2012,2012-09-05,0.22,0.18854344
8,6,2012,2012-09-13,0.26,0.21837673
8,6,2012,2012-09-21,0.22,0.25159037
8,6,2012,2012-09-29,0.21,0.22455777
8,6,2012,2012-10-07,0.25,0.20431523
8,6,2012,2012-10-15,0.26,0.21432742
8,6,2012,2012-10-23,0.2,0.23461011
8,6,2012,2012-10-31,0.17,0.19543758
8,6,2012,2012-11-08,0.15,0.16140933
8,6,2012,2012-11-16,0.16,0.14755696
8,6,2012,2012-11-24,0.14,0.16070992
8,6,2012,2012-12-02,0.15,0.14576897
8,6,2012,2012-12-10,0.18,0.1558778
8,6,2012,2012-12-18,0.16,0.18599455
8,6,2012,2012-12-26,0.17,0.1751145
8,7,2001,2001-07-04,0.02,0.050385
8,7,2001,2001-07-12,0.02,0.05485055
8,7,2001,2001-07-20,0.02,0.055149466
8,7,2001,2001-07-28,0.02,0.05765879
8,7,2001,2001-08-05,0.04,0.05994138
8,7,2001,2001-08-13,0.06,0.07074246
8,7,2001,2001-08-21,0.13,0.10318841
8,7,2001,2001-08-29,0.22,0.19489467
8,7,2001,2001-09-06,0.28,0.30985558
8,7,2001,2001-09-14,0.37,0.31886652
8,7,2001,2001-09-22,0.34,0.41754562
8,7,2001,2001-09-30,0.42,0.3430851
8,7,2001,2001-10-08,0.29,0.36558548
8,7,2001,2001-10-16,0.3,0.21828654
8,7,2001,2001-10-24,0.2,0.21893603
8,7,2001,2001-11-01,0.09,0.13024372
8,7,2001,2001-11-09,0.12,0.07322189
8,7,2001,2001-11-17,0.05,0.09996152
8,7,2001,2001-11-25,0.08,0.07013103
8,7,2001,2001-12-03,0.08,0.10392749
8,7,2001,2001-12-11,0.09,0.10020526
8,7,2001,2001-12-19,0.08,0.12157327
8,7,2001,2001-12-27,0.06,0.112793475
8,7,2002,2002-07-04,0.01,0.0583885
8,7,2002,2002-07-12,0.02,0.035502106
8,7,2002,2002-07-20,0.02,0.04748231
8,7,2002,2002-07-28,0.02,0.047265083
8,7,2002,2002-08-05,0.03,0.04927072
8,7,2002,2002-08-13,0.09,0.06111285
8,7,2002,2002-08-21,0.09,0.11413281
8,7,2002,2002-08-29,0.11,0.13228469
8,7,2002,2002-09-06,0.12,0.1650519
8,7,2002,2002-09-14,0.22,0.17597638
8,7,2002,2002-09-22,0.37,0.27346897
8,7,2002,2002-09-30,0.34,0.38447535
8,7,2002,2002-10-08,0.4,0.36438927
8,7,2002,2002-10-16,0.24,0.34362167
8,7,2002,2002-10-24,0.1,0.20073526
8,7,2002,2002-11-01,0.05,0.06638959
8,7,2002,2002-11-09,0.02,0.023868978
8,7,2002,2002-11-17,0.03,0.036314428
8,7,2002,2002-11-25,0.04,0.04717782
8,7,2002,2002-12-03,0.06,0.07107356
8,7,2002,2002-12-11,0.07,0.089749664
8,7,2002,2002-12-19,0.07,0.101227894
8,7,2002,2002-12-27,0.07,0.096538335
8,7,2003,2003-07-04,0.02,0.05136755
8,7,2003,2003-07-12,0.02,0.045443922
8,7,2003,2003-07-20,0.02,0.051163733
8,7,2003,2003-07-28,0.02,0.051348537
8,7,2003,2003-08-05,0.04,0.052021027
8,7,2003,2003-08-13,0.05,0.06973544
8,7,2003,2003-08-21,0.07,0.0928542
8,7,2003,2003-08-29,0.26,0.107549235
8,7,2003,2003-09-06,0.28,0.27418125
8,7,2003,2003-09-14,0.38,0.2908649
8,7,2003,2003-09-22,0.37,0.38842025
8,7,2003,2003-09-30,0.32,0.3878696
8,7,2003,2003-10-08,0.22,0.3075291
8,7,2003,2003-10-16,0.2,0.20373632
8,7,2003,2003-10-24,0.11,0.1439814
8,7,2003,2003-11-01,0.06,0.06946942
8,7,2003,2003-11-09,0.03,0.045166433
8,7,2003,2003-11-17,0.05,0.035060614
8,7,2003,2003-11-25,0.1,0.06696302
8,7,2003,2003-12-03,0.04,0.11678973
8,7,2003,2003-12-11,0.07,0.078968704
8,7,2003,2003-12-19,0.08,0.09748851
8,7,2003,2003-12-27,0.06,0.10309738
8,7,2004,2004-07-03,0.02,0.046586066
8,7,2004,2004-07-11,0.02,0.047974378
8,7,2004,2004-07-19,0.02,0.04964447
8,7,2004,2004-07-27,0.04,0.04964447
8,7,2004,2004-08-04,0.03,0.06525615
8,7,2004,2004-08-12,0.08,0.06286535
8,7,2004,2004-08-20,0.15,0.10449804
8,7,2004,2004-08-28,0.22,0.1669756
8,7,2004,2004-09-05,0.46,0.2773141
8,7,2004,2004-09-13,0.36,0.47963357
8,7,2004,2004-09-21,0.38,0.3937849
8,7,2004,2004-09-29,0.29,0.34331274
8,7,2004,2004-10-07,0.24,0.22957797
8,7,2004,2004-10-15,0.09,0.167721
8,7,2004,2004-10-23,0.04,0.067401975
8,7,2004,2004-10-31,0.06,0.031599015
8,7,2004,2004-11-08,0.03,0.05425167
8,7,2004,2004-11-16,0.02,0.04657051
8,7,2004,2004-11-24,0.04,0.05120766
8,7,2004,2004-12-02,0.04,0.07938436
8,7,2004,2004-12-10,0.04,0.06758669
8,7,2004,2004-12-18,0.07,0.07400438
8,7,2004,2004-12-26,0.12,0.09831458
8,7,2005,2005-07-04,0.01,0.042024285
8,7,2005,2005-07-12,0.03,0.033732772
8,7,2005,2005-07-20,0.03,0.050379574
8,7,2005,2005-07-28,0.01,0.051838785
8,7,2005,2005-08-05,0.02,0.042349696
8,7,2005,2005-08-13,0.03,0.04505232
8,7,2005,2005-08-21,0.1,0.064204186
8,7,2005,2005-08-29,0.23,0.1372917
8,7,2005,2005-09-06,0.3,0.2637461
8,7,2005,2005-09-14,0.37,0.37744582
8,7,2005,2005-09-22,0.2,0.38375092
8,7,2005,2005-09-30,0.29,0.21517786
8,7,2005,2005-10-08,0.23,0.22620568
8,7,2005,2005-10-16,0.11,0.18821318
8,7,2005,2005-10-24,0.13,0.08487043
8,7,2005,2005-11-01,0.05,0.08444193
8,7,2005,2005-11-09,0.04,0.05383441
8,7,2005,2005-11-17,0.04,0.051862508
8,7,2005,2005-11-25,0.05,0.05052629
8,7,2005,2005-12-03,0.06,0.06867948
8,7,2005,2005-12-11,0.12,0.07845405
8,7,2005,2005-12-19,0.12,0.12582229
8,7,2005,2005-12-27,0.14,0.13456488
8,7,2006,2006-07-04,0.02,0.044506103
8,7,2006,2006-07-12,0.02,0.04302028
8,7,2006,2006-07-20,0.01,0.05174318
8,7,2006,2006-07-28,0.02,0.044358283
8,7,2006,2006-08-05,0.06,0.04671526
8,7,2006,2006-08-13,0.1,0.08036509
8,7,2006,2006-08-21,0.1,0.1173612
8,7,2006,2006-08-29,0.28,0.13515425
8,7,2006,2006-09-06,0.29,0.31966335
8,7,2006,2006-09-14,0.3,0.33319187
8,7,2006,2006-09-22,0.38,0.327059
8,7,2006,2006-09-30,0.28,0.3174581
8,7,2006,2006-10-08,0.27,0.2562396
8,7,2006,2006-10-16,0.13,0.22025609
8,7,2006,2006-10-24,0.1,0.09151828
8,7,2006,2006-11-01,0.05,0.081103176
8,7,2006,2006-11-09,0.04,0.045456856
8,7,2006,2006-11-17,0.05,0.05334702
8,7,2006,2006-11-25,0.04,0.06672448
8,7,2006,2006-12-03,0.02,0.06901601
8,7,2006,2006-12-11,0.04,0.0563924
8,7,2006,2006-12-19,0.06,0.08430913
8,7,2006,2006-12-27,0.05,0.100094885
8,7,2007,2007-07-04,0.02,0.03697753
8,7,2007,2007-07-12,0.02,0.033372432
8,7,2007,2007-07-20,0.02,0.04385838
8,7,2007,2007-07-28,0.04,0.04421228
8,7,2007,2007-08-05,0.04,0.062360436
8,7,2007,2007-08-13,0.02,0.072712004
8,7,2007,2007-08-21,0.1,0.06627908
8,7,2007,2007-08-29,0.21,0.124448955
8,7,2007,2007-09-06,0.21,0.2630296
8,7,2007,2007-09-14,0.29,0.26268032
8,7,2007,2007-09-22,0.35,0.30094802
8,7,2007,2007-09-30,0.33,0.35430485
8,7,2007,2007-10-08,0.29,0.30508295
8,7,2007,2007-10-16,0.28,0.24438986
8,7,2007,2007-10-24,0.11,0.19881247
8,7,2007,2007-11-01,0.04,0.08366284
8,7,2007,2007-11-09,0.02,0.02989018
8,7,2007,2007-11-17,0.02,0.026100427
8,7,2007,2007-11-25,0.03,0.044195503
8,7,2007,2007-12-03,0.03,0.05618137
8,7,2007,2007-12-11,0.04,0.0536187
8,7,2007,2007-12-19,0.03,0.065942794
8,7,2007,2007-12-27,0.03,0.063296705
8,7,2008,2008-07-03,0.02,0.040586025
8,7,2008,2008-07-11,0.02,0.041970164
8,7,2008,2008-07-19,0.01,0.047379464
8,7,2008,2008-07-27,0.02,0.041341215
8,7,2008,2008-08-04,0.02,0.054133475
8,7,2008,2008-08-12,0.05,0.054246634
8,7,2008,2008-08-20,0.16,0.07272112
8,7,2008,2008-08-28,0.21,0.18371785
8,7,2008,2008-09-05,0.32,0.2547407
8,7,2008,2008-09-13,0.3,0.33650497
8,7,2008,2008-09-21,0.24,0.31622198
8,7,2008,2008-09-29,0.18,0.2515558
8,7,2008,2008-10-07,0.1,0.17200246
8,7,2008,2008-10-15,0.06,0.10059993
8,7,2008,2008-10-23,0.12,0.07868758
8,7,2008,2008-10-31,0.04,0.10103175
8,7,2008,2008-11-08,0.03,0.048671097
8,7,2008,2008-11-16,0.03,0.04246375
8,7,2008,2008-11-24,0.03,0.046905786
8,7,2008,2008-12-02,0.06,0.058081895
8,7,2008,2008-12-10,0.08,0.08245793
8,7,2008,2008-12-18,0.14,0.10157469
8,7,2008,2008-12-26,0.17,0.1474812
8,7,2009,2009-07-04,0.01,0.037263274
8,7,2009,2009-07-12,0.02,0.035147876
8,7,2009,2009-07-20,0.03,0.042079896
8,7,2009,2009-07-28,0.02,0.047682613
8,7,2009,2009-08-05,0.03,0.044312894
8,7,2009,2009-08-13,0.05,0.05058971
8,7,2009,2009-08-21,0.05,0.072169065
8,7,2009,2009-08-29,0.19,0.098923355
8,7,2009,2009-09-06,0.34,0.22097129
8,7,2009,2009-09-14,0.4,0.37176389
8,7,2009,2009-09-22,0.4,0.40768045
8,7,2009,2009-09-30,0.37,0.36045843
8,7,2009,2009-10-08,0.24,0.29481047
8,7,2009,2009-10-16,0.21,0.17120163
8,7,2009,2009-10-24,0.05,0.13731813
8,7,2009,2009-11-01,0.03,0.0564124
8,7,2009,2009-11-09,0.04,0.03223023
8,7,2009,2009-11-17,0.04,0.042769343
8,7,2009,2009-11-25,0.04,0.05550009
8,7,2009,2009-12-03,0.02,0.05964139
8,7,2009,2009-12-11,0.03,0.051457852
8,7,2009,2009-12-19,0.05,0.061748803
8,7,2009,2009-12-27,0.1,0.090076655
8,7,2010,2010-07-04,0.01,0.075592786
8,7,2010,2010-07-12,0.03,0.021687537
8,7,2010,2010-07-20,0.02,0.034464628
8,7,2010,2010-07-28,0.01,0.037282854
8,7,2010,2010-08-05,0.02,0.03205189
8,7,2010,2010-08-13,0.03,0.038855314
8,7,2010,2010-08-21,0.03,0.051078588
8,7,2010,2010-08-29,0.11,0.05257699
8,7,2010,2010-09-06,0.27,0.14362156
8,7,2010,2010-09-14,0.32,0.31068817
8,7,2010,2010-09-22,0.3,0.36440924
8,7,2010,2010-09-30,0.45,0.3165928
8,7,2010,2010-10-08,0.29,0.39937618
8,7,2010,2010-10-16,0.24,0.25178653
8,7,2010,2010-10-24,0.14,0.17464274
8,7,2010,2010-11-01,0.06,0.07423511
8,7,2010,2010-11-09,0.03,0.039948106
8,7,2010,2010-11-17,0.05,0.030529767
8,7,2010,2010-11-25,0.03,0.055202782
8,7,2010,2010-12-03,0.02,0.04844919
8,7,2010,2010-12-11,0.07,0.03750232
8,7,2010,2010-12-19,0.1,0.0732362
8,7,2010,2010-12-27,0.13,0.10472402
8,7,2011,2011-07-04,0.02,0.031086296
8,7,2011,2011-07-12,0.01,0.029046029
8,7,2011,2011-07-20,0.02,0.028483957
8,7,2011,2011-07-28,0.01,0.038734823
8,7,2011,2011-08-05,0.03,0.031871468
8,7,2011,2011-08-13,0.05,0.047745734
8,7,2011,2011-08-21,0.1,0.0652605
8,7,2011,2011-08-29,0.28,0.1046862
8,7,2011,2011-09-06,0.3,0.27148554
8,7,2011,2011-09-14,0.14,0.3307807
8,7,2011,2011-09-22,0.25,0.20030938
8,7,2011,2011-09-30,0.22,0.22408608
8,7,2011,2011-10-08,0.1,0.24440382
8,7,2011,2011-10-16,0.04,0.1273858
8,7,2011,2011-10-24,0.03,0.0482333
8,7,2011,2011-11-01,0.03,0.032443374
8,7,2011,2011-11-09,0.03,0.03691107
8,7,2011,2011-11-17,0.04,0.04037729
8,7,2011,2011-11-25,0.03,0.05734226
8,7,2011,2011-12-03,0.04,0.04964426
8,7,2011,2011-12-11,0.11,0.054393858
8,7,2011,2011-12-19,0.2,0.11744258
8,7,2011,2011-12-27,0.06,0.2012188
8,7,2012,2012-07-03,0.03,0.03121373
8,7,2012,2012-07-11,0.04,0.04285589
8,7,2012,2012-07-19,0.01,0.050528973
8,7,2012,2012-07-27,0.01,0.03421551
8,7,2012,2012-08-04,0.02,0.029792696
8,7,2012,2012-08-12,0.04,0.040089786
8,7,2012,2012-08-20,0.04,0.06066796
8,7,2012,2012-08-28,0.05,0.07305473
8,7,2012,2012-09-05,0.28,0.11888315
8,7,2012,2012-09-13,0.44,0.30367452
8,7,2012,2012-09-21,0.34,0.39801067
8,7,2012,2012-09-29,0.24,0.3389936
8,7,2012,2012-10-07,0.26,0.2096839
8,7,2012,2012-10-15,0.19,0.17472008
8,7,2012,2012-10-23,0.04,0.13207382
8,7,2012,2012-10-31,0.02,0.042015314
8,7,2012,2012-11-08,0.02,0.02441755
8,7,2012,2012-11-16,0.03,0.03050676
8,7,2012,2012-11-24,0.02,0.0491485
8,7,2012,2012-12-02,0.03,0.041906685
8,7,2012,2012-12-10,0.07,0.050247014
8,7,2012,2012-12-18,0.05,0.09443304
8,7,2012,2012-12-26,0.11,0.10311152
8,8,2001,2001-07-04,0.19,0.18619888
8,8,2001,2001-07-12,0.18,0.20407152
8,8,2001,2001-07-20,0.16,0.19290277
8,8,2001,2001-07-28,0.19,0.18401022
8,8,2001,2001-08-05,0.16,0.20452762
8,8,2001,2001-08-13,0.22,0.18014106
8,8,2001,2001-08-21,0.22,0.21905795
8,8,2001,2001-08-29,0.17,0.23108181
8,8,2001,2001-09-06,0.32,0.21720934
8,8,2001,2001-09-14,0.34,0.31066245
8,8,2001,2001-09-22,0.35,0.36638072
8,8,2001,2001-09-30,0.46,0.38714677
8,8,2001,2001-10-08,0.48,0.4347005
8,8,2001,2001-10-16,0.5,0.43529922
8,8,2001,2001-10-24,0.33,0.4398964
8,8,2001,2001-11-01,0.12,0.29901245
8,8,2001,2001-11-09,0.21,0.13517165
8,8,2001,2001-11-17,0.03,0.15124172
8,8,2001,2001-11-25,0.16,0.08957067
8,8,2001,2001-12-03,0.16,0.17818353
8,8,2001,2001-12-11,0.14,0.18137938
8,8,2001,2001-12-19,0.12,0.18747918
8,8,2001,2001-12-27,0.07,0.15159723
8,8,2002,2002-07-04,0.14,0.21574496
8,8,2002,2002-07-12,0.16,0.14010784
8,8,2002,2002-07-20,0.18,0.15747014
8,8,2002,2002-07-28,0.18,0.19055831
8,8,2002,2002-08-05,0.16,0.21038333
8,8,2002,2002-08-13,0.21,0.18639264
8,8,2002,2002-08-21,0.21,0.23349375
8,8,2002,2002-08-29,0.16,0.23804349
8,8,2002,2002-09-06,0.19,0.18614393
8,8,2002,2002-09-14,0.3,0.23067498
8,8,2002,2002-09-22,0.48,0.32623968
8,8,2002,2002-09-30,0.49,0.47727597
8,8,2002,2002-10-08,0.51,0.49785155
8,8,2002,2002-10-16,0.41,0.4872177
8,8,2002,2002-10-24,0.25,0.38223958
8,8,2002,2002-11-01,0.21,0.19788168
8,8,2002,2002-11-09,0.07,0.12113476
8,8,2002,2002-11-17,0.1,0.08398232
8,8,2002,2002-11-25,0.13,0.09177104
8,8,2002,2002-12-03,0.11,0.16121508
8,8,2002,2002-12-11,0.11,0.1640506
8,8,2002,2002-12-19,0.15,0.15390244
8,8,2002,2002-12-27,0.13,0.17306736
8,8,2003,2003-07-04,0.27,0.203911
8,8,2003,2003-07-12,0.29,0.21405661
8,8,2003,2003-07-20,0.22,0.26089543
8,8,2003,2003-07-28,0.25,0.2365793
8,8,2003,2003-08-05,0.2,0.24606922
8,8,2003,2003-08-13,0.19,0.21180388
8,8,2003,2003-08-21,0.24,0.21300086
8,8,2003,2003-08-29,0.26,0.24575074
8,8,2003,2003-09-06,0.28,0.26030645
8,8,2003,2003-09-14,0.36,0.27955428
8,8,2003,2003-09-22,0.55,0.35848907
8,8,2003,2003-09-30,0.56,0.538954
8,8,2003,2003-10-08,0.58,0.5500953
8,8,2003,2003-10-16,0.64,0.54380643
8,8,2003,2003-10-24,0.44,0.5468934
8,8,2003,2003-11-01,0.35,0.37284464
8,8,2003,2003-11-09,0.14,0.26226848
8,8,2003,2003-11-17,0.16,0.112232745
8,8,2003,2003-11-25,0.14,0.1358057
8,8,2003,2003-12-03,0.12,0.15218812
8,8,2003,2003-12-11,0.17,0.1579675
8,8,2003,2003-12-19,0.12,0.1848432
8,8,2003,2003-12-27,0.09,0.16789183
8,8,2004,2004-07-03,0.32,0.29962504
8,8,2004,2004-07-11,0.31,0.27453566
8,8,2004,2004-07-19,0.24,0.2992946
8,8,2004,2004-07-27,0.24,0.23710679
8,8,2004,2004-08-04,0.23,0.23490997
8,8,2004,2004-08-12,0.25,0.224917
8,8,2004,2004-08-20,0.21,0.24434191
8,8,2004,2004-08-28,0.22,0.23166141
8,8,2004,2004-09-05,0.3,0.23971695
8,8,2004,2004-09-13,0.36,0.297759
8,8,2004,2004-09-21,0.5,0.36745876
8,8,2004,2004-09-29,0.51,0.5075712
8,8,2004,2004-10-07,0.57,0.5153423
8,8,2004,2004-10-15,0.44,0.54213107
8,8,2004,2004-10-23,0.37,0.44291955
8,8,2004,2004-10-31,0.24,0.31969646
8,8,2004,2004-11-08,0.25,0.19416714
8,8,2004,2004-11-16,0.23,0.17387167
8,8,2004,2004-11-24,0.22,0.19712107
8,8,2004,2004-12-02,0.22,0.21308963
8,8,2004,2004-12-10,0.19,0.21577641
8,8,2004,2004-12-18,0.22,0.20789573
8,8,2004,2004-12-26,0.19,0.21667257
8,8,2005,2005-07-04,0.35,0.41184893
8,8,2005,2005-07-12,0.3,0.29218078
8,8,2005,2005-07-20,0.32,0.25738513
8,8,2005,2005-07-28,0.2,0.27648386
8,8,2005,2005-08-05,0.24,0.21352616
8,8,2005,2005-08-13,0.24,0.2329693
8,8,2005,2005-08-21,0.24,0.2496628
8,8,2005,2005-08-29,0.24,0.2541464
8,8,2005,2005-09-06,0.24,0.25124714
8,8,2005,2005-09-14,0.32,0.26947698
8,8,2005,2005-09-22,0.44,0.34277073
8,8,2005,2005-09-30,0.56,0.46611193
8,8,2005,2005-10-08,0.6,0.5528564
8,8,2005,2005-10-16,0.58,0.582608
8,8,2005,2005-10-24,0.71,0.5219135
8,8,2005,2005-11-01,0.35,0.599313
8,8,2005,2005-11-09,0.26,0.3174187
8,8,2005,2005-11-17,0.29,0.19568884
8,8,2005,2005-11-25,0.23,0.21624628
8,8,2005,2005-12-03,0.23,0.2356607
8,8,2005,2005-12-11,0.23,0.23751327
8,8,2005,2005-12-19,0.2,0.23275542
8,8,2005,2005-12-27,0.21,0.2253849
8,8,2006,2006-07-04,0.32,0.31247035
8,8,2006,2006-07-12,0.26,0.2630355
8,8,2006,2006-07-20,0.23,0.23425193
8,8,2006,2006-07-28,0.22,0.22765699
8,8,2006,2006-08-05,0.22,0.20968795
8,8,2006,2006-08-13,0.24,0.22859368
8,8,2006,2006-08-21,0.23,0.25256985
8,8,2006,2006-08-29,0.29,0.25257266
8,8,2006,2006-09-06,0.34,0.29161972
8,8,2006,2006-09-14,0.42,0.3332978
8,8,2006,2006-09-22,0.58,0.41360545
8,8,2006,2006-09-30,0.62,0.55596286
8,8,2006,2006-10-08,0.61,0.60315704
8,8,2006,2006-10-16,0.42,0.58417684
8,8,2006,2006-10-24,0.39,0.40100175
8,8,2006,2006-11-01,0.25,0.3591052
8,8,2006,2006-11-09,0.26,0.1878154
8,8,2006,2006-11-17,0.2,0.18761034
8,8,2006,2006-11-25,0.21,0.18632312
8,8,2006,2006-12-03,0.12,0.21648392
8,8,2006,2006-12-11,0.16,0.16294101
8,8,2006,2006-12-19,0.14,0.18690488
8,8,2006,2006-12-27,0.14,0.17793863
8,8,2007,2007-07-04,0.23,0.26262447
8,8,2007,2007-07-12,0.3,0.17942384
8,8,2007,2007-07-20,0.24,0.24292973
8,8,2007,2007-07-28,0.23,0.23211229
8,8,2007,2007-08-05,0.23,0.23209724
8,8,2007,2007-08-13,0.24,0.23170227
8,8,2007,2007-08-21,0.17,0.25356895
8,8,2007,2007-08-29,0.25,0.20442441
8,8,2007,2007-09-06,0.26,0.2657761
8,8,2007,2007-09-14,0.31,0.2936706
8,8,2007,2007-09-22,0.5,0.3493387
8,8,2007,2007-09-30,0.55,0.52122086
8,8,2007,2007-10-08,0.68,0.55971324
8,8,2007,2007-10-16,0.61,0.63559014
8,8,2007,2007-10-24,0.47,0.52431756
8,8,2007,2007-11-01,0.4,0.379992
8,8,2007,2007-11-09,0.21,0.27303043
8,8,2007,2007-11-17,0.2,0.17093167
8,8,2007,2007-11-25,0.2,0.1631628
8,8,2007,2007-12-03,0.2,0.1927832
8,8,2007,2007-12-11,0.2,0.20128171
8,8,2007,2007-12-19,0.09,0.21368626
8,8,2007,2007-12-27,0.1,0.13879287
8,8,2008,2008-07-03,0.25,0.21623054
8,8,2008,2008-07-11,0.24,0.19574983
8,8,2008,2008-07-19,0.22,0.2228633
8,8,2008,2008-07-27,0.23,0.22464447
8,8,2008,2008-08-04,0.21,0.2346521
8,8,2008,2008-08-12,0.22,0.22458741
8,8,2008,2008-08-20,0.25,0.23730703
8,8,2008,2008-08-28,0.27,0.2459881
8,8,2008,2008-09-05,0.41,0.2845487
8,8,2008,2008-09-13,0.43,0.39792526
8,8,2008,2008-09-21,0.52,0.427601
8,8,2008,2008-09-29,0.53,0.52536523
8,8,2008,2008-10-07,0.56,0.52247286
8,8,2008,2008-10-15,0.4,0.5527817
8,8,2008,2008-10-23,0.41,0.38111112
8,8,2008,2008-10-31,0.36,0.3157332
8,8,2008,2008-11-08,0.22,0.27646083
8,8,2008,2008-11-16,0.15,0.17100513
8,8,2008,2008-11-24,0.11,0.12610072
8,8,2008,2008-12-02,0.13,0.12293169
8,8,2008,2008-12-10,0.14,0.16273107
8,8,2008,2008-12-18,0.17,0.18231285
8,8,2008,2008-12-26,0.14,0.18423258
8,8,2009,2009-07-04,0.18,0.1989671
8,8,2009,2009-07-12,0.21,0.18046832
8,8,2009,2009-07-20,0.21,0.21231043
8,8,2009,2009-07-28,0.18,0.23046744
8,8,2009,2009-08-05,0.2,0.2194941
8,8,2009,2009-08-13,0.2,0.22320311
8,8,2009,2009-08-21,0.2,0.22960101
8,8,2009,2009-08-29,0.24,0.23861776
8,8,2009,2009-09-06,0.35,0.26872817
8,8,2009,2009-09-14,0.4,0.38056272
8,8,2009,2009-09-22,0.38,0.42657617
8,8,2009,2009-09-30,0.6,0.41757548
8,8,2009,2009-10-08,0.61,0.5632756
8,8,2009,2009-10-16,0.58,0.5822637
8,8,2009,2009-10-24,0.4,0.52051467
8,8,2009,2009-11-01,0.4,0.35497996
8,8,2009,2009-11-09,0.25,0.3231256
8,8,2009,2009-11-17,0.17,0.21516128
8,8,2009,2009-11-25,0.13,0.1552161
8,8,2009,2009-12-03,0.1,0.12962437
8,8,2009,2009-12-11,0.11,0.1370299
8,8,2009,2009-12-19,0.08,0.1548981
8,8,2009,2009-12-27,0.03,0.14767438
8,8,2010,2010-07-04,0.4,0.51897293
8,8,2010,2010-07-12,0.46,0.35329357
8,8,2010,2010-07-20,0.39,0.3629829
8,8,2010,2010-07-28,0.23,0.32847238
8,8,2010,2010-08-05,0.23,0.2280814
8,8,2010,2010-08-13,0.22,0.2006303
8,8,2010,2010-08-21,0.2,0.20917702
8,8,2010,2010-08-29,0.22,0.21282691
8,8,2010,2010-09-06,0.2,0.23162656
8,8,2010,2010-09-14,0.21,0.24458204
8,8,2010,2010-09-22,0.25,0.25842115
8,8,2010,2010-09-30,0.4,0.2749987
8,8,2010,2010-10-08,0.52,0.4341647
8,8,2010,2010-10-16,0.54,0.52710927
8,8,2010,2010-10-24,0.64,0.5295133
8,8,2010,2010-11-01,0.61,0.54554874
8,8,2010,2010-11-09,0.49,0.52606374
8,8,2010,2010-11-17,0.43,0.40396774
8,8,2010,2010-11-25,0.27,0.31964973
8,8,2010,2010-12-03,0.18,0.20920047
8,8,2010,2010-12-11,0.13,0.15121037
8,8,2010,2010-12-19,0.1,0.12641925
8,8,2010,2010-12-27,0.18,0.115811795
8,8,2011,2011-07-04,0.29,0.35032195
8,8,2011,2011-07-12,0.31,0.25351503
8,8,2011,2011-07-20,0.27,0.2709952
8,8,2011,2011-07-28,0.22,0.28151572
8,8,2011,2011-08-05,0.24,0.21900351
8,8,2011,2011-08-13,0.26,0.22694027
8,8,2011,2011-08-21,0.26,0.26056173
8,8,2011,2011-08-29,0.24,0.27215254
8,8,2011,2011-09-06,0.24,0.25979978
8,8,2011,2011-09-14,0.24,0.25231495
8,8,2011,2011-09-22,0.46,0.25512668
8,8,2011,2011-09-30,0.54,0.42658967
8,8,2011,2011-10-08,0.68,0.52988833
8,8,2011,2011-10-16,0.52,0.6460273
8,8,2011,2011-10-24,0.49,0.5300667
8,8,2011,2011-11-01,0.46,0.4755964
8,8,2011,2011-11-09,0.37,0.42073813
8,8,2011,2011-11-17,0.24,0.33989075
8,8,2011,2011-11-25,0.24,0.22405875
8,8,2011,2011-12-03,0.19,0.19480607
8,8,2011,2011-12-11,0.14,0.17670794
8,8,2011,2011-12-19,0.16,0.15609884
8,8,2011,2011-12-27,0.1,0.16964525
8,8,2012,2012-07-03,0.3,0.32674444
8,8,2012,2012-07-11,0.23,0.2566347
8,8,2012,2012-07-19,0.25,0.2227993
8,8,2012,2012-07-27,0.24,0.23938853
8,8,2012,2012-08-04,0.23,0.23966815
8,8,2012,2012-08-12,0.24,0.24295224
8,8,2012,2012-08-20,0.2,0.25432724
8,8,2012,2012-08-28,0.23,0.23294029
8,8,2012,2012-09-05,0.23,0.2411355
8,8,2012,2012-09-13,0.33,0.24474333
8,8,2012,2012-09-21,0.29,0.316247
8,8,2012,2012-09-29,0.46,0.34361485
8,8,2012,2012-10-07,0.52,0.46922082
8,8,2012,2012-10-15,0.61,0.5361503
8,8,2012,2012-10-23,0.53,0.5620648
8,8,2012,2012-10-31,0.44,0.48940176
8,8,2012,2012-11-08,0.31,0.39596236
8,8,2012,2012-11-16,0.25,0.27279556
8,8,2012,2012-11-24,0.16,0.20523584
8,8,2012,2012-12-02,0.16,0.16310376
8,8,2012,2012-12-10,0.17,0.16758823
8,8,2012,2012-12-18,0.15,0.17828077
8,8,2012,2012-12-26,0.17,0.18081272
8,9,2001,2001-07-04,0.45,0.37544218
8,9,2001,2001-07-12,0.39,0.44443566
8,9,2001,2001-07-20,0.37,0.4322403
8,9,2001,2001-07-28,0.39,0.38764817
8,9,2001,2001-08-05,0.32,0.37208316
8,9,2001,2001-08-13,0.38,0.33834586
8,9,2001,2001-08-21,0.4,0.3569066
8,9,2001,2001-08-29,0.37,0.3732144
8,9,2001,2001-09-06,0.3,0.3781727
8,9,2001,2001-09-14,0.29,0.32752484
8,9,2001,2001-09-22,0.33,0.30947626
8,9,2001,2001-09-30,0.28,0.3251907
8,9,2001,2001-10-08,0.35,0.31648508
8,9,2001,2001-10-16,0.4,0.33825177
8,9,2001,2001-10-24,0.33,0.3714727
8,9,2001,2001-11-01,0.2,0.35303903
8,9,2001,2001-11-09,0.36,0.28896534
8,9,2001,2001-11-17,0.17,0.32189056
8,9,2001,2001-11-25,0.32,0.27155584
8,9,2001,2001-12-03,0.36,0.32060385
8,9,2001,2001-12-11,0.31,0.3427141
8,9,2001,2001-12-19,0.26,0.34670126
8,9,2001,2001-12-27,0.26,0.30047712
8,9,2002,2002-07-04,0.35,0.5006328
8,9,2002,2002-07-12,0.36,0.4241909
8,9,2002,2002-07-20,0.38,0.37593526
8,9,2002,2002-07-28,0.44,0.36947045
8,9,2002,2002-08-05,0.42,0.4158176
8,9,2002,2002-08-13,0.51,0.4119153
8,9,2002,2002-08-21,0.51,0.46124348
8,9,2002,2002-08-29,0.35,0.47964978
8,9,2002,2002-09-06,0.36,0.4070557
8,9,2002,2002-09-14,0.35,0.35887718
8,9,2002,2002-09-22,0.39,0.34309083
8,9,2002,2002-09-30,0.39,0.37723982
8,9,2002,2002-10-08,0.4,0.38135052
8,9,2002,2002-10-16,0.36,0.3963661
8,9,2002,2002-10-24,0.34,0.3861445
8,9,2002,2002-11-01,0.35,0.36179614
8,9,2002,2002-11-09,0.18,0.33569625
8,9,2002,2002-11-17,0.38,0.2746535
8,9,2002,2002-11-25,0.36,0.32072246
8,9,2002,2002-12-03,0.35,0.3568721
8,9,2002,2002-12-11,0.2,0.3744319
8,9,2002,2002-12-19,0.3,0.29311046
8,9,2002,2002-12-27,0.29,0.29386765
8,9,2003,2003-07-04,0.54,0.3984572
8,9,2003,2003-07-12,0.46,0.45615
8,9,2003,2003-07-20,0.51,0.44817638
8,9,2003,2003-07-28,0.53,0.47581014
8,9,2003,2003-08-05,0.49,0.49697512
8,9,2003,2003-08-13,0.42,0.48719877
8,9,2003,2003-08-21,0.48,0.45706517
8,9,2003,2003-08-29,0.43,0.46938354
8,9,2003,2003-09-06,0.4,0.43501812
8,9,2003,2003-09-14,0.41,0.4091354
8,9,2003,2003-09-22,0.43,0.4022896
8,9,2003,2003-09-30,0.44,0.4227187
8,9,2003,2003-10-08,0.45,0.43419853
8,9,2003,2003-10-16,0.49,0.44307464
8,9,2003,2003-10-24,0.42,0.45770437
8,9,2003,2003-11-01,0.41,0.4304945
8,9,2003,2003-11-09,0.33,0.4140825
8,9,2003,2003-11-17,0.39,0.35022724
8,9,2003,2003-11-25,0.41,0.38204384
8,9,2003,2003-12-03,0.32,0.4040701
8,9,2003,2003-12-11,0.42,0.3761551
8,9,2003,2003-12-19,0.23,0.37598038
8,9,2003,2003-12-27,0.18,0.31331536
8,9,2004,2004-07-03,0.57,0.5037981
8,9,2004,2004-07-11,0.62,0.537758
8,9,2004,2004-07-19,0.58,0.5655165
8,9,2004,2004-07-27,0.57,0.56533694
8,9,2004,2004-08-04,0.49,0.5559586
8,9,2004,2004-08-12,0.6,0.50961506
8,9,2004,2004-08-20,0.49,0.53596723
8,9,2004,2004-08-28,0.44,0.50484955
8,9,2004,2004-09-05,0.56,0.46627757
8,9,2004,2004-09-13,0.55,0.49914578
8,9,2004,2004-09-21,0.49,0.5159464
8,9,2004,2004-09-29,0.49,0.4996499
8,9,2004,2004-10-07,0.58,0.4865084
8,9,2004,2004-10-15,0.48,0.5270848
8,9,2004,2004-10-23,0.48,0.5039977
8,9,2004,2004-10-31,0.42,0.48184526
8,9,2004,2004-11-08,0.48,0.43907082
8,9,2004,2004-11-16,0.47,0.44767773
8,9,2004,2004-11-24,0.53,0.45821327
8,9,2004,2004-12-02,0.48,0.49537486
8,9,2004,2004-12-10,0.41,0.47339818
8,9,2004,2004-12-18,0.46,0.44231284
8,9,2004,2004-12-26,0.42,0.42464858
8,9,2005,2005-07-04,0.66,0.56268275
8,9,2005,2005-07-12,0.58,0.59817874
8,9,2005,2005-07-20,0.66,0.5872889
8,9,2005,2005-07-28,0.57,0.60862494
8,9,2005,2005-08-05,0.62,0.57167923
8,9,2005,2005-08-13,0.62,0.5743322
8,9,2005,2005-08-21,0.48,0.58843446
8,9,2005,2005-08-29,0.56,0.52066034
8,9,2005,2005-09-06,0.55,0.5198344
8,9,2005,2005-09-14,0.57,0.53249025
8,9,2005,2005-09-22,0.54,0.5526725
8,9,2005,2005-09-30,0.56,0.5340564
8,9,2005,2005-10-08,0.55,0.5344908
8,9,2005,2005-10-16,0.56,0.5428785
8,9,2005,2005-10-24,0.64,0.53940976
8,9,2005,2005-11-01,0.54,0.57387424
8,9,2005,2005-11-09,0.49,0.5353397
8,9,2005,2005-11-17,0.6,0.5054865
8,9,2005,2005-11-25,0.56,0.54018056
8,9,2005,2005-12-03,0.57,0.54803014
8,9,2005,2005-12-11,0.58,0.5479187
8,9,2005,2005-12-19,0.44,0.53971255
8,9,2005,2005-12-27,0.48,0.48187083
8,9,2006,2006-07-04,0.66,0.615464
8,9,2006,2006-07-12,0.66,0.6256051
8,9,2006,2006-07-20,0.59,0.6233283
8,9,2006,2006-07-28,0.6,0.59403825
8,9,2006,2006-08-05,0.59,0.57726955
8,9,2006,2006-08-13,0.59,0.5752761
8,9,2006,2006-08-21,0.49,0.57571656
8,9,2006,2006-08-29,0.55,0.5120566
8,9,2006,2006-09-06,0.48,0.526694
8,9,2006,2006-09-14,0.49,0.50019014
8,9,2006,2006-09-22,0.54,0.50326025
8,9,2006,2006-09-30,0.54,0.5176702
8,9,2006,2006-10-08,0.56,0.5311605
8,9,2006,2006-10-16,0.47,0.5425546
8,9,2006,2006-10-24,0.49,0.5047091
8,9,2006,2006-11-01,0.51,0.50784767
8,9,2006,2006-11-09,0.51,0.5046871
8,9,2006,2006-11-17,0.44,0.50203145
8,9,2006,2006-11-25,0.43,0.48059782
8,9,2006,2006-12-03,0.39,0.46307853
8,9,2006,2006-12-11,0.36,0.43787783
8,9,2006,2006-12-19,0.47,0.4162102
8,9,2006,2006-12-27,0.48,0.44350135
8,9,2007,2007-07-04,0.6,0.63743293
8,9,2007,2007-07-12,0.65,0.60484004
8,9,2007,2007-07-20,0.55,0.6123227
8,9,2007,2007-07-28,0.51,0.5613484
8,9,2007,2007-08-05,0.51,0.5281538
8,9,2007,2007-08-13,0.56,0.511841
8,9,2007,2007-08-21,0.53,0.5362314
8,9,2007,2007-08-29,0.53,0.52093416
8,9,2007,2007-09-06,0.52,0.5226245
8,9,2007,2007-09-14,0.43,0.50907207
8,9,2007,2007-09-22,0.43,0.46868372
8,9,2007,2007-09-30,0.46,0.45477605
8,9,2007,2007-10-08,0.55,0.4660923
8,9,2007,2007-10-16,0.53,0.51604325
8,9,2007,2007-10-24,0.48,0.5153521
8,9,2007,2007-11-01,0.54,0.49414837
8,9,2007,2007-11-09,0.53,0.51123536
8,9,2007,2007-11-17,0.45,0.5176394
8,9,2007,2007-11-25,0.48,0.47714332
8,9,2007,2007-12-03,0.45,0.4673981
8,9,2007,2007-12-11,0.4,0.4497208
8,9,2007,2007-12-19,0.26,0.42265385
8,9,2007,2007-12-27,0.27,0.36090642
8,9,2008,2008-07-03,0.59,0.6020157
8,9,2008,2008-07-11,0.53,0.5795099
8,9,2008,2008-07-19,0.6,0.54656273
8,9,2008,2008-07-27,0.57,0.5571139
8,9,2008,2008-08-04,0.51,0.5463398
8,9,2008,2008-08-12,0.5,0.516982
8,9,2008,2008-08-20,0.47,0.50589526
8,9,2008,2008-08-28,0.48,0.48574215
8,9,2008,2008-09-05,0.42,0.48420447
8,9,2008,2008-09-13,0.39,0.4543087
8,9,2008,2008-09-21,0.47,0.41872966
8,9,2008,2008-09-29,0.43,0.44258258
8,9,2008,2008-10-07,0.45,0.44495365
8,9,2008,2008-10-15,0.44,0.4668671
8,9,2008,2008-10-23,0.56,0.4621564
8,9,2008,2008-10-31,0.64,0.5096648
8,9,2008,2008-11-08,0.5,0.5708283
8,9,2008,2008-11-16,0.44,0.5326421
8,9,2008,2008-11-24,0.4,0.47006184
8,9,2008,2008-12-02,0.48,0.42474586
8,9,2008,2008-12-10,0.46,0.4549708
8,9,2008,2008-12-18,0.4,0.455567
8,9,2008,2008-12-26,0.38,0.41076973
8,9,2009,2009-07-04,0.45,0.55459785
8,9,2009,2009-07-12,0.6,0.511458
8,9,2009,2009-07-20,0.53,0.548631
8,9,2009,2009-07-28,0.49,0.5433099
8,9,2009,2009-08-05,0.48,0.5254527
8,9,2009,2009-08-13,0.43,0.4994412
8,9,2009,2009-08-21,0.43,0.46930793
8,9,2009,2009-08-29,0.44,0.4560739
8,9,2009,2009-09-06,0.47,0.45797852
8,9,2009,2009-09-14,0.39,0.46713483
8,9,2009,2009-09-22,0.38,0.43588084
8,9,2009,2009-09-30,0.52,0.42478514
8,9,2009,2009-10-08,0.48,0.47519445
8,9,2009,2009-10-16,0.48,0.4872335
8,9,2009,2009-10-24,0.43,0.48837006
8,9,2009,2009-11-01,0.45,0.47704852
8,9,2009,2009-11-09,0.43,0.4892115
8,9,2009,2009-11-17,0.44,0.46875274
8,9,2009,2009-11-25,0.4,0.45557162
8,9,2009,2009-12-03,0.33,0.42996764
8,9,2009,2009-12-11,0.29,0.40490812
8,9,2009,2009-12-19,0.27,0.3730928
8,9,2009,2009-12-27,0.07,0.34494847
8,9,2010,2010-07-04,0.47,0.56977373
8,9,2010,2010-07-12,0.62,0.49758628
8,9,2010,2010-07-20,0.59,0.56031215
8,9,2010,2010-07-28,0.5,0.5629972
8,9,2010,2010-08-05,0.59,0.52212006
8,9,2010,2010-08-13,0.5,0.5362715
8,9,2010,2010-08-21,0.38,0.50119036
8,9,2010,2010-08-29,0.46,0.43543327
8,9,2010,2010-09-06,0.53,0.4407248
8,9,2010,2010-09-14,0.46,0.49079424
8,9,2010,2010-09-22,0.46,0.47222105
8,9,2010,2010-09-30,0.51,0.45517817
8,9,2010,2010-10-08,0.59,0.489746
8,9,2010,2010-10-16,0.5,0.53875005
8,9,2010,2010-10-24,0.63,0.51492035
8,9,2010,2010-11-01,0.67,0.55340886
8,9,2010,2010-11-09,0.52,0.5894513
8,9,2010,2010-11-17,0.6,0.5377538
8,9,2010,2010-11-25,0.54,0.54792225
8,9,2010,2010-12-03,0.45,0.51819044
8,9,2010,2010-12-11,0.38,0.46459186
8,9,2010,2010-12-19,0.28,0.39749733
8,9,2010,2010-12-27,0.22,0.33130938
8,9,2011,2011-07-04,0.55,0.52470225
8,9,2011,2011-07-12,0.61,0.52429354
8,9,2011,2011-07-20,0.58,0.56538165
8,9,2011,2011-07-28,0.6,0.5732099
8,9,2011,2011-08-05,0.57,0.57236874
8,9,2011,2011-08-13,0.63,0.56613827
8,9,2011,2011-08-21,0.64,0.58007085
8,9,2011,2011-08-29,0.53,0.5786055
8,9,2011,2011-09-06,0.5,0.5442353
8,9,2011,2011-09-14,0.57,0.523437
8,9,2011,2011-09-22,0.53,0.5341876
8,9,2011,2011-09-30,0.54,0.52546394
8,9,2011,2011-10-08,0.54,0.5314776
8,9,2011,2011-10-16,0.53,0.5414711
8,9,2011,2011-10-24,0.55,0.5319265
8,9,2011,2011-11-01,0.55,0.54796743
8,9,2011,2011-11-09,0.59,0.5578914
8,9,2011,2011-11-17,0.58,0.5625896
8,9,2011,2011-11-25,0.58,0.5676073
8,9,2011,2011-12-03,0.57,0.5644498
8,9,2011,2011-12-11,0.44,0.55060136
8,9,2011,2011-12-19,0.46,0.48427692
8,9,2011,2011-12-27,0.38,0.4516632
8,9,2012,2012-07-03,0.57,0.5204998
8,9,2012,2012-07-11,0.53,0.5449853
8,9,2012,2012-07-19,0.49,0.54587233
8,9,2012,2012-07-27,0.5,0.5272291
8,9,2012,2012-08-04,0.49,0.51968217
8,9,2012,2012-08-12,0.58,0.5109849
8,9,2012,2012-08-20,0.55,0.55260384
8,9,2012,2012-08-28,0.55,0.5587123
8,9,2012,2012-09-05,0.47,0.5497091
8,9,2012,2012-09-13,0.53,0.50637114
8,9,2012,2012-09-21,0.42,0.5223566
8,9,2012,2012-09-29,0.49,0.48364827
8,9,2012,2012-10-07,0.51,0.49537605
8,9,2012,2012-10-15,0.56,0.506776
8,9,2012,2012-10-23,0.51,0.535895
8,9,2012,2012-10-31,0.52,0.52884054
8,9,2012,2012-11-08,0.43,0.5279389
8,9,2012,2012-11-16,0.48,0.4939603
8,9,2012,2012-11-24,0.45,0.49768656
8,9,2012,2012-12-02,0.46,0.48763722
8,9,2012,2012-12-10,0.5,0.48862275
8,9,2012,2012-12-18,0.49,0.48959127
8,9,2012,2012-12-26,0.54,0.49155137
9,1,2001,2001-07-04,0.03,0.05146268
9,1,2001,2001-07-12,0.0,0.0768922
9,1,2001,2001-07-20,0.0,0.043650597
9,1,2001,2001-07-28,0.0,0.041562825
9,1,2001,2001-08-05,0.0,0.0417234
9,1,2001,2001-08-13,0.0,0.050165325
9,1,2001,2001-08-21,0.02,0.08273515
9,1,2001,2001-08-29,0.23,0.14313531
9,1,2001,2001-09-06,0.71,0.38361123
9,1,2001,2001-09-14,0.8,0.7251219
9,1,2001,2001-09-22,0.85,0.81383127
9,1,2001,2001-09-30,0.89,0.8469589
9,1,2001,2001-10-08,0.82,0.88695776
9,1,2001,2001-10-16,0.75,0.8118626
9,1,2001,2001-10-24,0.83,0.72115755
9,1,2001,2001-11-01,0.78,0.7941481
9,1,2001,2001-11-09,0.73,0.763062
9,1,2001,2001-11-17,0.69,0.7076312
9,1,2001,2001-11-25,0.65,0.6400142
9,1,2001,2001-12-03,0.6,0.591463
9,1,2001,2001-12-11,0.58,0.5348197
9,1,2001,2001-12-19,0.49,0.5197325
9,1,2001,2001-12-27,0.32,0.4211216
9,1,2002,2002-07-04,0.0,0.04539755
9,1,2002,2002-07-12,0.02,0.034789294
9,1,2002,2002-07-20,0.0,0.04201767
9,1,2002,2002-07-28,0.0,0.027844518
9,1,2002,2002-08-05,0.0,0.027172655
9,1,2002,2002-08-13,0.02,0.026537687
9,1,2002,2002-08-21,0.02,0.04349473
9,1,2002,2002-08-29,0.11,0.050469846
9,1,2002,2002-09-06,0.31,0.18119347
9,1,2002,2002-09-14,0.64,0.4769473
9,1,2002,2002-09-22,0.66,0.71051
9,1,2002,2002-09-30,0.77,0.70289946
9,1,2002,2002-10-08,0.83,0.7711959
9,1,2002,2002-10-16,0.76,0.7961482
9,1,2002,2002-10-24,0.71,0.711565
9,1,2002,2002-11-01,0.54,0.66354
9,1,2002,2002-11-09,0.56,0.45863903
9,1,2002,2002-11-17,0.52,0.46317905
9,1,2002,2002-11-25,0.55,0.44104117
9,1,2002,2002-12-03,0.48,0.50416875
9,1,2002,2002-12-11,0.5,0.4359216
9,1,2002,2002-12-19,0.36,0.45388815
9,1,2002,2002-12-27,0.34,0.3147294
9,1,2003,2003-07-04,0.0,0.026025504
9,1,2003,2003-07-12,0.01,0.021115065
9,1,2003,2003-07-20,0.0,0.03289953
9,1,2003,2003-07-28,0.0,0.023006082
9,1,2003,2003-08-05,0.02,0.022011995
9,1,2003,2003-08-13,0.03,0.036816746
9,1,2003,2003-08-21,0.01,0.052803338
9,1,2003,2003-08-29,0.02,0.03787777
9,1,2003,2003-09-06,0.01,0.06420085
9,1,2003,2003-09-14,0.08,0.10478532
9,1,2003,2003-09-22,0.13,0.24376288
9,1,2003,2003-09-30,0.23,0.27342492
9,1,2003,2003-10-08,0.47,0.350103
9,1,2003,2003-10-16,0.37,0.5474534
9,1,2003,2003-10-24,0.32,0.4392491
9,1,2003,2003-11-01,0.36,0.30661047
9,1,2003,2003-11-09,0.31,0.26608744
9,1,2003,2003-11-17,0.37,0.2768172
9,1,2003,2003-11-25,0.32,0.3392272
9,1,2003,2003-12-03,0.26,0.31798163
9,1,2003,2003-12-11,0.24,0.24527611
9,1,2003,2003-12-19,0.13,0.22083881
9,1,2003,2003-12-27,0.05,0.117518306
9,1,2004,2004-07-03,0.01,0.029000401
9,1,2004,2004-07-11,0.03,0.035186023
9,1,2004,2004-07-19,0.01,0.053892076
9,1,2004,2004-07-27,0.0,0.039309353
9,1,2004,2004-08-04,0.0,0.028592348
9,1,2004,2004-08-12,0.01,0.030998617
9,1,2004,2004-08-20,0.04,0.042914838
9,1,2004,2004-08-28,0.08,0.06285381
9,1,2004,2004-09-05,0.12,0.09938374
9,1,2004,2004-09-13,0.33,0.13274923
9,1,2004,2004-09-21,0.4,0.33749127
9,1,2004,2004-09-29,0.44,0.41489214
9,1,2004,2004-10-07,0.43,0.45681286
9,1,2004,2004-10-15,0.37,0.470807
9,1,2004,2004-10-23,0.38,0.36842042
9,1,2004,2004-10-31,0.43,0.32337728
9,1,2004,2004-11-08,0.33,0.38345855
9,1,2004,2004-11-16,0.29,0.31138274
9,1,2004,2004-11-24,0.26,0.26715982
9,1,2004,2004-12-02,0.19,0.22474167
9,1,2004,2004-12-10,0.11,0.17104757
9,1,2004,2004-12-18,0.11,0.105869204
9,1,2004,2004-12-26,0.12,0.08945927
9,1,2005,2005-07-04,0.0,0.038133115
9,1,2005,2005-07-12,0.02,0.02423215
9,1,2005,2005-07-20,0.06,0.044641107
9,1,2005,2005-07-28,0.0,0.07333362
9,1,2005,2005-08-05,0.0,0.024285674
9,1,2005,2005-08-13,0.0,0.017532617
9,1,2005,2005-08-21,0.01,0.019647032
9,1,2005,2005-08-29,0.08,0.040664345
9,1,2005,2005-09-06,0.22,0.11110942
9,1,2005,2005-09-14,0.39,0.24904892
9,1,2005,2005-09-22,0.32,0.45458356
9,1,2005,2005-09-30,0.34,0.3805757
9,1,2005,2005-10-08,0.37,0.3325783
9,1,2005,2005-10-16,0.4,0.32907826
9,1,2005,2005-10-24,0.43,0.34559718
9,1,2005,2005-11-01,0.42,0.374297
9,1,2005,2005-11-09,0.31,0.37742525
9,1,2005,2005-11-17,0.4,0.24686714
9,1,2005,2005-11-25,0.34,0.30108914
9,1,2005,2005-12-03,0.27,0.26903933
9,1,2005,2005-12-11,0.31,0.20312695
9,1,2005,2005-12-19,0.24,0.21176854
9,1,2005,2005-12-27,0.27,0.18346494
9,1,2006,2006-07-04,0.01,0.05924377
9,1,2006,2006-07-12,0.02,0.038628727
9,1,2006,2006-07-20,0.01,0.044591337
9,1,2006,2006-07-28,0.0,0.05230251
9,1,2006,2006-08-05,0.05,0.03014931
9,1,2006,2006-08-13,0.04,0.06644878
9,1,2006,2006-08-21,0.04,0.06361154
9,1,2006,2006-08-29,0.15,0.06803465
9,1,2006,2006-09-06,0.14,0.17574781
9,1,2006,2006-09-14,0.23,0.21286651
9,1,2006,2006-09-22,0.27,0.32342547
9,1,2006,2006-09-30,0.3,0.32208964
9,1,2006,2006-10-08,0.38,0.3314239
9,1,2006,2006-10-16,0.46,0.3916922
9,1,2006,2006-10-24,0.5,0.47009754
9,1,2006,2006-11-01,0.45,0.5053851
9,1,2006,2006-11-09,0.38,0.44290933
9,1,2006,2006-11-17,0.34,0.32424912
9,1,2006,2006-11-25,0.3,0.29762176
9,1,2006,2006-12-03,0.17,0.2658278
9,1,2006,2006-12-11,0.25,0.15586346
9,1,2006,2006-12-19,0.29,0.2246791
9,1,2006,2006-12-27,0.12,0.2769616
9,1,2007,2007-07-04,0.01,0.04383865
9,1,2007,2007-07-12,0.01,0.03941202
9,1,2007,2007-07-20,0.04,0.03972
9,1,2007,2007-07-28,0.02,0.06798267
9,1,2007,2007-08-05,0.03,0.05184576
9,1,2007,2007-08-13,0.05,0.070194215
9,1,2007,2007-08-21,0.03,0.083580285
9,1,2007,2007-08-29,0.16,0.07020119
9,1,2007,2007-09-06,0.13,0.20658405
9,1,2007,2007-09-14,0.19,0.1897793
9,1,2007,2007-09-22,0.2,0.24990779
9,1,2007,2007-09-30,0.24,0.25639215
9,1,2007,2007-10-08,0.41,0.29335302
9,1,2007,2007-10-16,0.54,0.45085537
9,1,2007,2007-10-24,0.44,0.5779031
9,1,2007,2007-11-01,0.36,0.4982253
9,1,2007,2007-11-09,0.4,0.35223064
9,1,2007,2007-11-17,0.43,0.33298457
9,1,2007,2007-11-25,0.44,0.38963073
9,1,2007,2007-12-03,0.48,0.41522795
9,1,2007,2007-12-11,0.41,0.42007554
9,1,2007,2007-12-19,0.4,0.38716623
9,1,2007,2007-12-27,0.17,0.38294116
9,1,2008,2008-07-03,0.0,0.056657046
9,1,2008,2008-07-11,0.0,0.0354321
9,1,2008,2008-07-19,0.01,0.03442368
9,1,2008,2008-07-27,0.01,0.049015045
9,1,2008,2008-08-04,0.0,0.047548473
9,1,2008,2008-08-12,0.05,0.041496456
9,1,2008,2008-08-20,0.21,0.08336124
9,1,2008,2008-08-28,0.21,0.21901926
9,1,2008,2008-09-05,0.36,0.26934767
9,1,2008,2008-09-13,0.45,0.37866652
9,1,2008,2008-09-21,0.32,0.46080577
9,1,2008,2008-09-29,0.45,0.3644312
9,1,2008,2008-10-07,0.49,0.429227
9,1,2008,2008-10-15,0.46,0.50662386
9,1,2008,2008-10-23,0.55,0.51909494
9,1,2008,2008-10-31,0.57,0.5350108
9,1,2008,2008-11-08,0.45,0.528194
9,1,2008,2008-11-16,0.58,0.4388137
9,1,2008,2008-11-24,0.42,0.5396281
9,1,2008,2008-12-02,0.5,0.4273898
9,1,2008,2008-12-10,0.52,0.48274735
9,1,2008,2008-12-18,0.45,0.47993535
9,1,2008,2008-12-26,0.43,0.44199505
9,1,2009,2009-07-04,0.02,0.04760605
9,1,2009,2009-07-12,0.03,0.046405643
9,1,2009,2009-07-20,0.02,0.054442734
9,1,2009,2009-07-28,0.0,0.05126822
9,1,2009,2009-08-05,0.0,0.03441778
9,1,2009,2009-08-13,0.03,0.028976083
9,1,2009,2009-08-21,0.03,0.06679198
9,1,2009,2009-08-29,0.22,0.11300519
9,1,2009,2009-09-06,0.48,0.282366
9,1,2009,2009-09-14,0.5,0.5492896
9,1,2009,2009-09-22,0.41,0.57385826
9,1,2009,2009-09-30,0.47,0.42742723
9,1,2009,2009-10-08,0.54,0.45111504
9,1,2009,2009-10-16,0.6,0.5338114
9,1,2009,2009-10-24,0.54,0.59164506
9,1,2009,2009-11-01,0.59,0.54581785
9,1,2009,2009-11-09,0.46,0.572733
9,1,2009,2009-11-17,0.44,0.41457638
9,1,2009,2009-11-25,0.47,0.4089777
9,1,2009,2009-12-03,0.39,0.39797437
9,1,2009,2009-12-11,0.32,0.382357
9,1,2009,2009-12-19,0.28,0.3131122
9,1,2009,2009-12-27,0.08,0.25432634
9,1,2010,2010-07-04,0.01,0.033452272
9,1,2010,2010-07-12,0.02,0.042847604
9,1,2010,2010-07-20,0.0,0.055952996
9,1,2010,2010-07-28,0.01,0.03849283
9,1,2010,2010-08-05,0.02,0.03838545
9,1,2010,2010-08-13,0.03,0.04634568
9,1,2010,2010-08-21,0.07,0.06604645
9,1,2010,2010-08-29,0.13,0.10191016
9,1,2010,2010-09-06,0.14,0.2096629
9,1,2010,2010-09-14,0.26,0.28637347
9,1,2010,2010-09-22,0.23,0.375277
9,1,2010,2010-09-30,0.4,0.3081923
9,1,2010,2010-10-08,0.55,0.4451075
9,1,2010,2010-10-16,0.55,0.5893085
9,1,2010,2010-10-24,0.61,0.6037049
9,1,2010,2010-11-01,0.58,0.6073051
9,1,2010,2010-11-09,0.54,0.5737066
9,1,2010,2010-11-17,0.56,0.49310088
9,1,2010,2010-11-25,0.48,0.49829185
9,1,2010,2010-12-03,0.41,0.4486748
9,1,2010,2010-12-11,0.44,0.36830506
9,1,2010,2010-12-19,0.34,0.37127647
9,1,2010,2010-12-27,0.18,0.30598062
9,1,2011,2011-07-04,0.01,0.039158642
9,1,2011,2011-07-12,0.02,0.045897126
9,1,2011,2011-07-20,0.0,0.057575345
9,1,2011,2011-07-28,0.0,0.037761807
9,1,2011,2011-08-05,0.0,0.03683591
9,1,2011,2011-08-13,0.13,0.03821698
9,1,2011,2011-08-21,0.21,0.15139264
9,1,2011,2011-08-29,0.36,0.24446313
9,1,2011,2011-09-06,0.42,0.39778158
9,1,2011,2011-09-14,0.5,0.44931936
9,1,2011,2011-09-22,0.53,0.52731746
9,1,2011,2011-09-30,0.57,0.53445137
9,1,2011,2011-10-08,0.72,0.5894429
9,1,2011,2011-10-16,0.77,0.7248329
9,1,2011,2011-10-24,0.78,0.75594026
9,1,2011,2011-11-01,0.8,0.76645637
9,1,2011,2011-11-09,0.77,0.7616316
9,1,2011,2011-11-17,0.72,0.7206229
9,1,2011,2011-11-25,0.68,0.67356694
9,1,2011,2011-12-03,0.72,0.6113006
9,1,2011,2011-12-11,0.66,0.6408642
9,1,2011,2011-12-19,0.56,0.61426896
9,1,2011,2011-12-27,0.6,0.50862205
9,1,2012,2012-07-03,0.01,0.0342941
9,1,2012,2012-07-11,0.02,0.049500734
9,1,2012,2012-07-19,0.0,0.061315686
9,1,2012,2012-07-27,0.0,0.041151226
9,1,2012,2012-08-04,0.0,0.037800163
9,1,2012,2012-08-12,0.0,0.03658119
9,1,2012,2012-08-20,0.02,0.07191977
9,1,2012,2012-08-28,0.1,0.11073515
9,1,2012,2012-09-05,0.14,0.21876132
9,1,2012,2012-09-13,0.45,0.26761705
9,1,2012,2012-09-21,0.3,0.54795974
9,1,2012,2012-09-29,0.59,0.44076052
9,1,2012,2012-10-07,0.62,0.62821066
9,1,2012,2012-10-15,0.73,0.66840065
9,1,2012,2012-10-23,0.55,0.75761366
9,1,2012,2012-10-31,0.56,0.5817479
9,1,2012,2012-11-08,0.49,0.5335965
9,1,2012,2012-11-16,0.55,0.43331045
9,1,2012,2012-11-24,0.45,0.5229159
9,1,2012,2012-12-02,0.41,0.4267089
9,1,2012,2012-12-10,0.34,0.4014467
9,1,2012,2012-12-18,0.24,0.31310835
9,1,2012,2012-12-26,0.01,0.21838447
9,2,2001,2001-07-04,0.04,0.053039372
9,2,2001,2001-07-12,0.0,0.06458473
9,2,2001,2001-07-20,0.0,0.030774444
9,2,2001,2001-07-28,0.0,0.026937246
9,2,2001,2001-08-05,0.01,0.028143764
9,2,2001,2001-08-13,0.0,0.042045414
9,2,2001,2001-08-21,0.04,0.06835893
9,2,2001,2001-08-29,0.16,0.15645988
9,2,2001,2001-09-06,0.56,0.2777376
9,2,2001,2001-09-14,0.78,0.6268358
9,2,2001,2001-09-22,0.85,0.80483615
9,2,2001,2001-09-30,0.86,0.8326704
9,2,2001,2001-10-08,0.8,0.8470862
9,2,2001,2001-10-16,0.75,0.7774626
9,2,2001,2001-10-24,0.77,0.707456
9,2,2001,2001-11-01,0.71,0.70649993
9,2,2001,2001-11-09,0.65,0.6789452
9,2,2001,2001-11-17,0.5,0.59820807
9,2,2001,2001-11-25,0.49,0.42862916
9,2,2001,2001-12-03,0.44,0.37223932
9,2,2001,2001-12-11,0.42,0.36067384
9,2,2001,2001-12-19,0.38,0.37593064
9,2,2001,2001-12-27,0.3,0.31374508
9,2,2002,2002-07-04,0.0,0.03974721
9,2,2002,2002-07-12,0.01,0.032493353
9,2,2002,2002-07-20,0.0,0.028986722
9,2,2002,2002-07-28,0.01,0.020505399
9,2,2002,2002-08-05,0.0,0.029022425
9,2,2002,2002-08-13,0.05,0.024765402
9,2,2002,2002-08-21,0.05,0.062873006
9,2,2002,2002-08-29,0.15,0.07587817
9,2,2002,2002-09-06,0.24,0.19540358
9,2,2002,2002-09-14,0.64,0.37614027
9,2,2002,2002-09-22,0.65,0.72969496
9,2,2002,2002-09-30,0.75,0.6992743
9,2,2002,2002-10-08,0.8,0.74232507
9,2,2002,2002-10-16,0.76,0.7592555
9,2,2002,2002-10-24,0.68,0.70618355
9,2,2002,2002-11-01,0.52,0.6158415
9,2,2002,2002-11-09,0.55,0.41902187
9,2,2002,2002-11-17,0.55,0.4339304
9,2,2002,2002-11-25,0.48,0.4367102
9,2,2002,2002-12-03,0.4,0.41536346
9,2,2002,2002-12-11,0.41,0.32980567
9,2,2002,2002-12-19,0.28,0.34279573
9,2,2002,2002-12-27,0.21,0.24731344
9,2,2003,2003-07-04,0.01,0.026025146
9,2,2003,2003-07-12,0.01,0.023984283
9,2,2003,2003-07-20,0.0,0.025905997
9,2,2003,2003-07-28,0.01,0.015493661
9,2,2003,2003-08-05,0.01,0.025625259
9,2,2003,2003-08-13,0.07,0.023351401
9,2,2003,2003-08-21,0.0,0.08803165
9,2,2003,2003-08-29,0.03,0.033186972
9,2,2003,2003-09-06,0.01,0.07605514
9,2,2003,2003-09-14,0.07,0.07687834
9,2,2003,2003-09-22,0.16,0.23476827
9,2,2003,2003-09-30,0.26,0.29441512
9,2,2003,2003-10-08,0.47,0.3786515
9,2,2003,2003-10-16,0.37,0.54358006
9,2,2003,2003-10-24,0.23,0.4316848
9,2,2003,2003-11-01,0.41,0.222123
9,2,2003,2003-11-09,0.23,0.31116933
9,2,2003,2003-11-17,0.3,0.22631527
9,2,2003,2003-11-25,0.28,0.28766328
9,2,2003,2003-12-03,0.19,0.25578555
9,2,2003,2003-12-11,0.23,0.18378907
9,2,2003,2003-12-19,0.09,0.20869777
9,2,2003,2003-12-27,0.06,0.09366354
9,2,2004,2004-07-03,0.0,0.035984486
9,2,2004,2004-07-11,0.03,0.025902778
9,2,2004,2004-07-19,0.0,0.045154005
9,2,2004,2004-07-27,0.01,0.025178462
9,2,2004,2004-08-04,0.0,0.032813758
9,2,2004,2004-08-12,0.01,0.02455014
9,2,2004,2004-08-20,0.06,0.047165364
9,2,2004,2004-08-28,0.12,0.06859419
9,2,2004,2004-09-05,0.18,0.12696554
9,2,2004,2004-09-13,0.37,0.17454848
9,2,2004,2004-09-21,0.47,0.35419825
9,2,2004,2004-09-29,0.47,0.4592284
9,2,2004,2004-10-07,0.41,0.4695869
9,2,2004,2004-10-15,0.46,0.42995107
9,2,2004,2004-10-23,0.32,0.41072077
9,2,2004,2004-10-31,0.42,0.25565445
9,2,2004,2004-11-08,0.29,0.37064573
9,2,2004,2004-11-16,0.26,0.24612297
9,2,2004,2004-11-24,0.3,0.22425644
9,2,2004,2004-12-02,0.23,0.24721877
9,2,2004,2004-12-10,0.17,0.20616764
9,2,2004,2004-12-18,0.12,0.15764017
9,2,2004,2004-12-26,0.1,0.089836985
9,2,2005,2005-07-04,0.01,0.036988646
9,2,2005,2005-07-12,0.01,0.026879877
9,2,2005,2005-07-20,0.01,0.03344819
9,2,2005,2005-07-28,0.0,0.027046919
9,2,2005,2005-08-05,0.0,0.022300184
9,2,2005,2005-08-13,0.01,0.019099623
9,2,2005,2005-08-21,0.03,0.029400617
9,2,2005,2005-08-29,0.11,0.057463914
9,2,2005,2005-09-06,0.22,0.13678125
9,2,2005,2005-09-14,0.38,0.24470441
9,2,2005,2005-09-22,0.35,0.4235413
9,2,2005,2005-09-30,0.28,0.40364924
9,2,2005,2005-10-08,0.39,0.29262546
9,2,2005,2005-10-16,0.43,0.32678384
9,2,2005,2005-10-24,0.45,0.39325702
9,2,2005,2005-11-01,0.4,0.3854049
9,2,2005,2005-11-09,0.33,0.35337424
9,2,2005,2005-11-17,0.35,0.2542747
9,2,2005,2005-11-25,0.31,0.2594524
9,2,2005,2005-12-03,0.29,0.25741532
9,2,2005,2005-12-11,0.3,0.23739506
9,2,2005,2005-12-19,0.3,0.23004922
9,2,2005,2005-12-27,0.17,0.23193443
9,2,2006,2006-07-04,0.01,0.040427595
9,2,2006,2006-07-12,0.01,0.035236627
9,2,2006,2006-07-20,0.04,0.03335771
9,2,2006,2006-07-28,0.01,0.05824694
9,2,2006,2006-08-05,0.03,0.03603536
9,2,2006,2006-08-13,0.04,0.048368722
9,2,2006,2006-08-21,0.05,0.05819875
9,2,2006,2006-08-29,0.16,0.07422015
9,2,2006,2006-09-06,0.17,0.1839628
9,2,2006,2006-09-14,0.18,0.22537544
9,2,2006,2006-09-22,0.2,0.26094502
9,2,2006,2006-09-30,0.21,0.24355887
9,2,2006,2006-10-08,0.32,0.21811448
9,2,2006,2006-10-16,0.39,0.33395982
9,2,2006,2006-10-24,0.42,0.41104728
9,2,2006,2006-11-01,0.4,0.43205607
9,2,2006,2006-11-09,0.32,0.37558928
9,2,2006,2006-11-17,0.24,0.26981664
9,2,2006,2006-11-25,0.22,0.19696163
9,2,2006,2006-12-03,0.18,0.18049318
9,2,2006,2006-12-11,0.22,0.1664427
9,2,2006,2006-12-19,0.25,0.21389905
9,2,2006,2006-12-27,0.11,0.25374964
9,2,2007,2007-07-04,0.01,0.044525385
9,2,2007,2007-07-12,0.02,0.03475371
9,2,2007,2007-07-20,0.02,0.042594075
9,2,2007,2007-07-28,0.04,0.05156389
9,2,2007,2007-08-05,0.05,0.06079206
9,2,2007,2007-08-13,0.05,0.07382232
9,2,2007,2007-08-21,0.03,0.07690886
9,2,2007,2007-08-29,0.14,0.06254932
9,2,2007,2007-09-06,0.13,0.17747012
9,2,2007,2007-09-14,0.21,0.17975569
9,2,2007,2007-09-22,0.2,0.23916575
9,2,2007,2007-09-30,0.22,0.22660595
9,2,2007,2007-10-08,0.3,0.23842457
9,2,2007,2007-10-16,0.37,0.32431212
9,2,2007,2007-10-24,0.4,0.4038316
9,2,2007,2007-11-01,0.4,0.4245734
9,2,2007,2007-11-09,0.34,0.39496797
9,2,2007,2007-11-17,0.3,0.30493203
9,2,2007,2007-11-25,0.31,0.23838612
9,2,2007,2007-12-03,0.31,0.2520729
9,2,2007,2007-12-11,0.33,0.26927242
9,2,2007,2007-12-19,0.21,0.30890185
9,2,2007,2007-12-27,0.15,0.22264537
9,2,2008,2008-07-03,0.02,0.06574288
9,2,2008,2008-07-11,0.01,0.042775244
9,2,2008,2008-07-19,0.0,0.04065588
9,2,2008,2008-07-27,0.01,0.03061524
9,2,2008,2008-08-04,0.01,0.04346007
9,2,2008,2008-08-12,0.05,0.047221154
9,2,2008,2008-08-20,0.23,0.077939
9,2,2008,2008-08-28,0.21,0.22232838
9,2,2008,2008-09-05,0.28,0.24981987
9,2,2008,2008-09-13,0.27,0.29216787
9,2,2008,2008-09-21,0.27,0.28803092
9,2,2008,2008-09-29,0.34,0.27698714
9,2,2008,2008-10-07,0.41,0.32548532
9,2,2008,2008-10-15,0.4,0.40830076
9,2,2008,2008-10-23,0.41,0.41839206
9,2,2008,2008-10-31,0.45,0.40998307
9,2,2008,2008-11-08,0.46,0.4262045
9,2,2008,2008-11-16,0.44,0.4211126
9,2,2008,2008-11-24,0.29,0.3917024
9,2,2008,2008-12-02,0.34,0.26635897
9,2,2008,2008-12-10,0.35,0.2873581
9,2,2008,2008-12-18,0.32,0.32385015
9,2,2008,2008-12-26,0.27,0.29413706
9,2,2009,2009-07-04,0.01,0.052452534
9,2,2009,2009-07-12,0.06,0.036908895
9,2,2009,2009-07-20,0.06,0.07242459
9,2,2009,2009-07-28,0.01,0.07541737
9,2,2009,2009-08-05,0.01,0.040918678
9,2,2009,2009-08-13,0.08,0.033352822
9,2,2009,2009-08-21,0.08,0.098957375
9,2,2009,2009-08-29,0.18,0.1535123
9,2,2009,2009-09-06,0.33,0.22927737
9,2,2009,2009-09-14,0.32,0.36794847
9,2,2009,2009-09-22,0.37,0.3558374
9,2,2009,2009-09-30,0.39,0.36527508
9,2,2009,2009-10-08,0.43,0.38290736
9,2,2009,2009-10-16,0.49,0.43267098
9,2,2009,2009-10-24,0.41,0.4709875
9,2,2009,2009-11-01,0.47,0.39669448
9,2,2009,2009-11-09,0.36,0.43407375
9,2,2009,2009-11-17,0.35,0.34085283
9,2,2009,2009-11-25,0.34,0.31253803
9,2,2009,2009-12-03,0.32,0.2630591
9,2,2009,2009-12-11,0.22,0.2847178
9,2,2009,2009-12-19,0.18,0.21551049
9,2,2009,2009-12-27,0.09,0.16961533
9,2,2010,2010-07-04,0.0,0.04807806
9,2,2010,2010-07-12,0.01,0.028243631
9,2,2010,2010-07-20,0.01,0.044232816
9,2,2010,2010-07-28,0.02,0.04729557
9,2,2010,2010-08-05,0.02,0.043729573
9,2,2010,2010-08-13,0.06,0.042131037
9,2,2010,2010-08-21,0.06,0.09274259
9,2,2010,2010-08-29,0.12,0.097479895
9,2,2010,2010-09-06,0.16,0.17003676
9,2,2010,2010-09-14,0.29,0.23910487
9,2,2010,2010-09-22,0.22,0.34208676
9,2,2010,2010-09-30,0.34,0.2865667
9,2,2010,2010-10-08,0.5,0.35890964
9,2,2010,2010-10-16,0.4,0.5023251
9,2,2010,2010-10-24,0.49,0.44622096
9,2,2010,2010-11-01,0.46,0.45387873
9,2,2010,2010-11-09,0.4,0.43342113
9,2,2010,2010-11-17,0.42,0.36067486
9,2,2010,2010-11-25,0.29,0.35657537
9,2,2010,2010-12-03,0.29,0.2610811
9,2,2010,2010-12-11,0.2,0.25224155
9,2,2010,2010-12-19,0.17,0.16636449
9,2,2010,2010-12-27,0.09,0.14567688
9,2,2011,2011-07-04,0.02,0.040888995
9,2,2011,2011-07-12,0.02,0.051382393
9,2,2011,2011-07-20,0.01,0.0536125
9,2,2011,2011-07-28,0.02,0.047374398
9,2,2011,2011-08-05,0.02,0.05604586
9,2,2011,2011-08-13,0.08,0.05684501
9,2,2011,2011-08-21,0.12,0.1146279
9,2,2011,2011-08-29,0.21,0.15298356
9,2,2011,2011-09-06,0.29,0.24624884
9,2,2011,2011-09-14,0.4,0.32435313
9,2,2011,2011-09-22,0.41,0.4441794
9,2,2011,2011-09-30,0.51,0.42995936
9,2,2011,2011-10-08,0.63,0.51453006
9,2,2011,2011-10-16,0.61,0.63754773
9,2,2011,2011-10-24,0.63,0.60156226
9,2,2011,2011-11-01,0.64,0.60752296
9,2,2011,2011-11-09,0.61,0.5920012
9,2,2011,2011-11-17,0.56,0.5554503
9,2,2011,2011-11-25,0.5,0.5041577
9,2,2011,2011-12-03,0.54,0.41607445
9,2,2011,2011-12-11,0.44,0.45987576
9,2,2011,2011-12-19,0.36,0.37972438
9,2,2011,2011-12-27,0.41,0.30566627
9,2,2012,2012-07-03,0.06,0.031585127
9,2,2012,2012-07-11,0.01,0.08067879
9,2,2012,2012-07-19,0.05,0.043602645
9,2,2012,2012-07-27,0.01,0.06817624
9,2,2012,2012-08-04,0.0,0.03821841
9,2,2012,2012-08-12,0.0,0.030696005
9,2,2012,2012-08-20,0.04,0.041798532
9,2,2012,2012-08-28,0.1,0.08683622
9,2,2012,2012-09-05,0.13,0.16314323
9,2,2012,2012-09-13,0.33,0.2087203
9,2,2012,2012-09-21,0.3,0.40340307
9,2,2012,2012-09-29,0.36,0.3728431
9,2,2012,2012-10-07,0.47,0.4068815
9,2,2012,2012-10-15,0.54,0.507151
9,2,2012,2012-10-23,0.39,0.55688727
9,2,2012,2012-10-31,0.33,0.40986985
9,2,2012,2012-11-08,0.3,0.29505745
9,2,2012,2012-11-16,0.38,0.25269124
9,2,2012,2012-11-24,0.25,0.35108998
9,2,2012,2012-12-02,0.24,0.2504978
9,2,2012,2012-12-10,0.19,0.23487727
9,2,2012,2012-12-18,0.12,0.17464194
9,2,2012,2012-12-26,0.05,0.1225225
9,3,2001,2001-07-04,0.04,0.06352186
9,3,2001,2001-07-12,0.02,0.093976736
9,3,2001,2001-07-20,0.01,0.05324784
9,3,2001,2001-07-28,0.02,0.043183982
9,3,2001,2001-08-05,0.02,0.046884865
9,3,2001,2001-08-13,0.01,0.052376777
9,3,2001,2001-08-21,0.04,0.04502198
9,3,2001,2001-08-29,0.02,0.069468886
9,3,2001,2001-09-06,0.13,0.056693316
9,3,2001,2001-09-14,0.28,0.14753461
9,3,2001,2001-09-22,0.4,0.3288952
9,3,2001,2001-09-30,0.47,0.488541
9,3,2001,2001-10-08,0.48,0.5265801
9,3,2001,2001-10-16,0.45,0.51442623
9,3,2001,2001-10-24,0.47,0.45368478
9,3,2001,2001-11-01,0.41,0.4391339
9,3,2001,2001-11-09,0.41,0.3880258
9,3,2001,2001-11-17,0.33,0.387632
9,3,2001,2001-11-25,0.35,0.31720012
9,3,2001,2001-12-03,0.15,0.32529238
9,3,2001,2001-12-11,0.11,0.13956013
9,3,2001,2001-12-19,0.03,0.08359784
9,3,2001,2001-12-27,0.02,0.009647638
9,3,2002,2002-07-04,0.02,0.056651384
9,3,2002,2002-07-12,0.03,0.04598406
9,3,2002,2002-07-20,0.02,0.05143994
9,3,2002,2002-07-28,0.03,0.046532184
9,3,2002,2002-08-05,0.02,0.055851668
9,3,2002,2002-08-13,0.04,0.049400896
9,3,2002,2002-08-21,0.04,0.062115967
9,3,2002,2002-08-29,0.05,0.06986827
9,3,2002,2002-09-06,0.04,0.0740293
9,3,2002,2002-09-14,0.25,0.0913153
9,3,2002,2002-09-22,0.34,0.3058689
9,3,2002,2002-09-30,0.39,0.4133227
9,3,2002,2002-10-08,0.47,0.45367116
9,3,2002,2002-10-16,0.43,0.48208144
9,3,2002,2002-10-24,0.44,0.42385024
9,3,2002,2002-11-01,0.44,0.4120864
9,3,2002,2002-11-09,0.46,0.3899184
9,3,2002,2002-11-17,0.32,0.4167546
9,3,2002,2002-11-25,0.19,0.28320816
9,3,2002,2002-12-03,0.11,0.16174752
9,3,2002,2002-12-11,0.07,0.061606765
9,3,2002,2002-12-19,0.03,0.052528262
9,3,2002,2002-12-27,0.02,0.032004625
9,3,2003,2003-07-04,0.02,0.030278087
9,3,2003,2003-07-12,0.02,0.034686476
9,3,2003,2003-07-20,0.02,0.0413554
9,3,2003,2003-07-28,0.02,0.042015314
9,3,2003,2003-08-05,0.02,0.043366104
9,3,2003,2003-08-13,0.05,0.04102224
9,3,2003,2003-08-21,0.01,0.0681912
9,3,2003,2003-08-29,0.03,0.0409936
9,3,2003,2003-09-06,0.02,0.05383846
9,3,2003,2003-09-14,0.06,0.043404907
9,3,2003,2003-09-22,0.18,0.12607011
9,3,2003,2003-09-30,0.24,0.24497631
9,3,2003,2003-10-08,0.42,0.30463374
9,3,2003,2003-10-16,0.3,0.4523143
9,3,2003,2003-10-24,0.3,0.33362037
9,3,2003,2003-11-01,0.41,0.27608988
9,3,2003,2003-11-09,0.24,0.35867044
9,3,2003,2003-11-17,0.15,0.25698185
9,3,2003,2003-11-25,0.1,0.11685255
9,3,2003,2003-12-03,0.03,0.051117122
9,3,2003,2003-12-11,0.03,0.021687865
9,3,2003,2003-12-19,0.02,0.03150162
9,3,2003,2003-12-27,0.01,0.029890329
9,3,2004,2004-07-03,0.03,0.046173036
9,3,2004,2004-07-11,0.03,0.053214848
9,3,2004,2004-07-19,0.02,0.053939313
9,3,2004,2004-07-27,0.02,0.048014194
9,3,2004,2004-08-04,0.02,0.046120107
9,3,2004,2004-08-12,0.02,0.04609546
9,3,2004,2004-08-20,0.04,0.053661793
9,3,2004,2004-08-28,0.04,0.059516698
9,3,2004,2004-09-05,0.07,0.06513539
9,3,2004,2004-09-13,0.28,0.085704654
9,3,2004,2004-09-21,0.34,0.2738458
9,3,2004,2004-09-29,0.34,0.36497805
9,3,2004,2004-10-07,0.4,0.3704844
9,3,2004,2004-10-15,0.33,0.4248223
9,3,2004,2004-10-23,0.34,0.32656792
9,3,2004,2004-10-31,0.36,0.29983985
9,3,2004,2004-11-08,0.31,0.34162417
9,3,2004,2004-11-16,0.26,0.27922818
9,3,2004,2004-11-24,0.24,0.19982997
9,3,2004,2004-12-02,0.08,0.1751061
9,3,2004,2004-12-10,0.04,0.06948802
9,3,2004,2004-12-18,0.03,0.037061334
9,3,2004,2004-12-26,0.02,0.03487608
9,3,2005,2005-07-04,0.01,0.07396546
9,3,2005,2005-07-12,0.02,0.028186351
9,3,2005,2005-07-20,0.02,0.035089403
9,3,2005,2005-07-28,0.01,0.032682747
9,3,2005,2005-08-05,0.02,0.030180395
9,3,2005,2005-08-13,0.01,0.036209196
9,3,2005,2005-08-21,0.02,0.030091047
9,3,2005,2005-08-29,0.08,0.041706055
9,3,2005,2005-09-06,0.1,0.08688739
9,3,2005,2005-09-14,0.2,0.11432354
9,3,2005,2005-09-22,0.23,0.24671972
9,3,2005,2005-09-30,0.3,0.27934945
9,3,2005,2005-10-08,0.37,0.3132399
9,3,2005,2005-10-16,0.39,0.36404786
9,3,2005,2005-10-24,0.44,0.35656947
9,3,2005,2005-11-01,0.38,0.38563052
9,3,2005,2005-11-09,0.33,0.3357069
9,3,2005,2005-11-17,0.23,0.26862273
9,3,2005,2005-11-25,0.25,0.16845602
9,3,2005,2005-12-03,0.13,0.1839967
9,3,2005,2005-12-11,0.09,0.08701861
9,3,2005,2005-12-19,0.08,0.054920524
9,3,2005,2005-12-27,0.04,0.05504629
9,3,2006,2006-07-04,0.02,0.073052496
9,3,2006,2006-07-12,0.02,0.038312346
9,3,2006,2006-07-20,0.03,0.036096066
9,3,2006,2006-07-28,0.02,0.047782063
9,3,2006,2006-08-05,0.03,0.042496532
9,3,2006,2006-08-13,0.05,0.050917894
9,3,2006,2006-08-21,0.03,0.06392342
9,3,2006,2006-08-29,0.07,0.0538961
9,3,2006,2006-09-06,0.06,0.095597774
9,3,2006,2006-09-14,0.11,0.094637066
9,3,2006,2006-09-22,0.22,0.15505171
9,3,2006,2006-09-30,0.24,0.24863538
9,3,2006,2006-10-08,0.31,0.2846706
9,3,2006,2006-10-16,0.33,0.33953223
9,3,2006,2006-10-24,0.34,0.3438899
9,3,2006,2006-11-01,0.42,0.34758702
9,3,2006,2006-11-09,0.36,0.38431785
9,3,2006,2006-11-17,0.33,0.3254065
9,3,2006,2006-11-25,0.16,0.26130447
9,3,2006,2006-12-03,0.09,0.13297346
9,3,2006,2006-12-11,0.09,0.059348613
9,3,2006,2006-12-19,0.05,0.06342062
9,3,2006,2006-12-27,0.03,0.059645683
9,3,2007,2007-07-04,0.02,0.061423182
9,3,2007,2007-07-12,0.04,0.046211272
9,3,2007,2007-07-20,0.03,0.05782962
9,3,2007,2007-07-28,0.03,0.061991572
9,3,2007,2007-08-05,0.02,0.059452295
9,3,2007,2007-08-13,0.02,0.052532166
9,3,2007,2007-08-21,0.02,0.056915462
9,3,2007,2007-08-29,0.04,0.052434057
9,3,2007,2007-09-06,0.04,0.077108026
9,3,2007,2007-09-14,0.1,0.0765318
9,3,2007,2007-09-22,0.12,0.13604397
9,3,2007,2007-09-30,0.16,0.18167242
9,3,2007,2007-10-08,0.21,0.21775848
9,3,2007,2007-10-16,0.34,0.26456493
9,3,2007,2007-10-24,0.36,0.37235877
9,3,2007,2007-11-01,0.32,0.38949198
9,3,2007,2007-11-09,0.34,0.35328263
9,3,2007,2007-11-17,0.35,0.32472983
9,3,2007,2007-11-25,0.33,0.3239483
9,3,2007,2007-12-03,0.2,0.27381384
9,3,2007,2007-12-11,0.13,0.15660577
9,3,2007,2007-12-19,0.07,0.10066807
9,3,2007,2007-12-27,0.03,0.06349531
9,3,2008,2008-07-03,0.02,0.09865481
9,3,2008,2008-07-11,0.02,0.051612645
9,3,2008,2008-07-19,0.01,0.051337063
9,3,2008,2008-07-27,0.02,0.043242514
9,3,2008,2008-08-04,0.02,0.053605914
9,3,2008,2008-08-12,0.02,0.05163327
9,3,2008,2008-08-20,0.05,0.052654058
9,3,2008,2008-08-28,0.08,0.07539141
9,3,2008,2008-09-05,0.13,0.107197374
9,3,2008,2008-09-13,0.18,0.15094021
9,3,2008,2008-09-21,0.24,0.20888768
9,3,2008,2008-09-29,0.27,0.26399446
9,3,2008,2008-10-07,0.3,0.29452115
9,3,2008,2008-10-15,0.34,0.32102093
9,3,2008,2008-10-23,0.38,0.37523395
9,3,2008,2008-10-31,0.36,0.4036892
9,3,2008,2008-11-08,0.37,0.3627963
9,3,2008,2008-11-16,0.44,0.35471982
9,3,2008,2008-11-24,0.36,0.4171603
9,3,2008,2008-12-02,0.29,0.35682952
9,3,2008,2008-12-10,0.21,0.24367195
9,3,2008,2008-12-18,0.1,0.15144919
9,3,2008,2008-12-26,0.1,0.077404946
9,3,2009,2009-07-04,0.04,0.13209504
9,3,2009,2009-07-12,0.02,0.06913045
9,3,2009,2009-07-20,0.02,0.044108987
9,3,2009,2009-07-28,0.02,0.038413018
9,3,2009,2009-08-05,0.02,0.047648042
9,3,2009,2009-08-13,0.03,0.04923758
9,3,2009,2009-08-21,0.03,0.0568707
9,3,2009,2009-08-29,0.04,0.06446147
9,3,2009,2009-09-06,0.14,0.07930991
9,3,2009,2009-09-14,0.14,0.17133668
9,3,2009,2009-09-22,0.24,0.19032215
9,3,2009,2009-09-30,0.27,0.2796921
9,3,2009,2009-10-08,0.31,0.30416107
9,3,2009,2009-10-16,0.4,0.33416027
9,3,2009,2009-10-24,0.3,0.4031527
9,3,2009,2009-11-01,0.37,0.32979366
9,3,2009,2009-11-09,0.34,0.34746867
9,3,2009,2009-11-17,0.39,0.32351115
9,3,2009,2009-11-25,0.32,0.38891774
9,3,2009,2009-12-03,0.25,0.30822915
9,3,2009,2009-12-11,0.1,0.21723127
9,3,2009,2009-12-19,0.09,0.08095971
9,3,2009,2009-12-27,0.03,0.059925944
9,3,2010,2010-07-04,0.01,0.12251471
9,3,2010,2010-07-12,0.03,0.043269366
9,3,2010,2010-07-20,0.02,0.04208389
9,3,2010,2010-07-28,0.01,0.044042677
9,3,2010,2010-08-05,0.02,0.04291883
9,3,2010,2010-08-13,0.04,0.04880324
9,3,2010,2010-08-21,0.04,0.06796497
9,3,2010,2010-08-29,0.02,0.07064316
9,3,2010,2010-09-06,0.09,0.056807667
9,3,2010,2010-09-14,0.17,0.13298003
9,3,2010,2010-09-22,0.13,0.20417354
9,3,2010,2010-09-30,0.26,0.20016077
9,3,2010,2010-10-08,0.32,0.2952207
9,3,2010,2010-10-16,0.34,0.35291436
9,3,2010,2010-10-24,0.39,0.3858718
9,3,2010,2010-11-01,0.32,0.37765974
9,3,2010,2010-11-09,0.36,0.32399946
9,3,2010,2010-11-17,0.35,0.33369595
9,3,2010,2010-11-25,0.32,0.3421186
9,3,2010,2010-12-03,0.18,0.3035301
9,3,2010,2010-12-11,0.11,0.16415685
9,3,2010,2010-12-19,0.03,0.070068
9,3,2010,2010-12-27,0.03,0.029586703
9,3,2011,2011-07-04,0.03,0.09328064
9,3,2011,2011-07-12,0.03,0.0521892
9,3,2011,2011-07-20,0.01,0.051258057
9,3,2011,2011-07-28,0.01,0.04021129
9,3,2011,2011-08-05,0.02,0.039566606
9,3,2011,2011-08-13,0.03,0.048760474
9,3,2011,2011-08-21,0.02,0.063951164
9,3,2011,2011-08-29,0.04,0.05759707
9,3,2011,2011-09-06,0.06,0.06583986
9,3,2011,2011-09-14,0.18,0.09867245
9,3,2011,2011-09-22,0.28,0.2221008
9,3,2011,2011-09-30,0.31,0.30238917
9,3,2011,2011-10-08,0.36,0.3556795
9,3,2011,2011-10-16,0.36,0.39089164
9,3,2011,2011-10-24,0.39,0.37791103
9,3,2011,2011-11-01,0.41,0.39477372
9,3,2011,2011-11-09,0.4,0.38531807
9,3,2011,2011-11-17,0.36,0.38291568
9,3,2011,2011-11-25,0.33,0.33917385
9,3,2011,2011-12-03,0.37,0.29871172
9,3,2011,2011-12-11,0.15,0.2992488
9,3,2011,2011-12-19,0.15,0.1338119
9,3,2011,2011-12-27,0.04,0.09661111
9,3,2012,2012-07-03,0.08,0.07173976
9,3,2012,2012-07-11,0.02,0.096898675
9,3,2012,2012-07-19,0.01,0.053289205
9,3,2012,2012-07-27,0.01,0.037099242
9,3,2012,2012-08-04,0.03,0.0343298
9,3,2012,2012-08-12,0.02,0.0558528
9,3,2012,2012-08-20,0.04,0.053801984
9,3,2012,2012-08-28,0.02,0.06575802
9,3,2012,2012-09-05,0.02,0.055173576
9,3,2012,2012-09-13,0.17,0.05865687
9,3,2012,2012-09-21,0.17,0.20977268
9,3,2012,2012-09-29,0.34,0.2456143
9,3,2012,2012-10-07,0.3,0.38393235
9,3,2012,2012-10-15,0.38,0.35016286
9,3,2012,2012-10-23,0.28,0.38832384
9,3,2012,2012-10-31,0.29,0.297299
9,3,2012,2012-11-08,0.27,0.2886128
9,3,2012,2012-11-16,0.32,0.26442873
9,3,2012,2012-11-24,0.18,0.30799484
9,3,2012,2012-12-02,0.14,0.1960983
9,3,2012,2012-12-10,0.08,0.15338904
9,3,2012,2012-12-18,0.03,0.06693271
9,3,2012,2012-12-26,0.09,0.04853773
9,4,2001,2001-07-04,0.2,0.18473987
9,4,2001,2001-07-12,0.16,0.20987879
9,4,2001,2001-07-20,0.2,0.16154972
9,4,2001,2001-07-28,0.2,0.18622696
9,4,2001,2001-08-05,0.16,0.18844116
9,4,2001,2001-08-13,0.15,0.17024854
9,4,2001,2001-08-21,0.19,0.149882
9,4,2001,2001-08-29,0.16,0.17775172
9,4,2001,2001-09-06,0.19,0.16411586
9,4,2001,2001-09-14,0.17,0.18053523
9,4,2001,2001-09-22,0.19,0.1776332
9,4,2001,2001-09-30,0.2,0.18547918
9,4,2001,2001-10-08,0.19,0.19541723
9,4,2001,2001-10-16,0.18,0.19832963
9,4,2001,2001-10-24,0.2,0.18598561
9,4,2001,2001-11-01,0.23,0.20051512
9,4,2001,2001-11-09,0.2,0.21895495
9,4,2001,2001-11-17,0.2,0.1921356
9,4,2001,2001-11-25,0.2,0.19151062
9,4,2001,2001-12-03,0.22,0.2015915
9,4,2001,2001-12-11,0.22,0.19745196
9,4,2001,2001-12-19,0.18,0.21307129
9,4,2001,2001-12-27,0.17,0.16977945
9,4,2002,2002-07-04,0.16,0.1791139
9,4,2002,2002-07-12,0.2,0.17710221
9,4,2002,2002-07-20,0.17,0.1917285
9,4,2002,2002-07-28,0.15,0.17873342
9,4,2002,2002-08-05,0.15,0.16000508
9,4,2002,2002-08-13,0.17,0.14576676
9,4,2002,2002-08-21,0.17,0.16130906
9,4,2002,2002-08-29,0.15,0.1768947
9,4,2002,2002-09-06,0.12,0.15691346
9,4,2002,2002-09-14,0.17,0.13553084
9,4,2002,2002-09-22,0.17,0.16473787
9,4,2002,2002-09-30,0.2,0.17853554
9,4,2002,2002-10-08,0.19,0.20345363
9,4,2002,2002-10-16,0.21,0.19119388
9,4,2002,2002-10-24,0.19,0.19918387
9,4,2002,2002-11-01,0.21,0.18841615
9,4,2002,2002-11-09,0.23,0.20824137
9,4,2002,2002-11-17,0.29,0.21683313
9,4,2002,2002-11-25,0.19,0.26421577
9,4,2002,2002-12-03,0.17,0.19429156
9,4,2002,2002-12-11,0.17,0.16390899
9,4,2002,2002-12-19,0.18,0.1607388
9,4,2002,2002-12-27,0.14,0.1721513
9,4,2003,2003-07-04,0.19,0.14812332
9,4,2003,2003-07-12,0.2,0.18320176
9,4,2003,2003-07-20,0.17,0.20307998
9,4,2003,2003-07-28,0.2,0.17354941
9,4,2003,2003-08-05,0.15,0.17827053
9,4,2003,2003-08-13,0.17,0.14749077
9,4,2003,2003-08-21,0.16,0.16336554
9,4,2003,2003-08-29,0.16,0.15873414
9,4,2003,2003-09-06,0.12,0.15678225
9,4,2003,2003-09-14,0.18,0.12077612
9,4,2003,2003-09-22,0.19,0.17084937
9,4,2003,2003-09-30,0.15,0.18857013
9,4,2003,2003-10-08,0.18,0.16803549
9,4,2003,2003-10-16,0.18,0.1727519
9,4,2003,2003-10-24,0.15,0.18018928
9,4,2003,2003-11-01,0.22,0.15701947
9,4,2003,2003-11-09,0.2,0.2040155
9,4,2003,2003-11-17,0.2,0.20384865
9,4,2003,2003-11-25,0.21,0.21308783
9,4,2003,2003-12-03,0.09,0.18953565
9,4,2003,2003-12-11,0.16,0.10413402
9,4,2003,2003-12-19,0.16,0.13857636
9,4,2003,2003-12-27,0.13,0.15782648
9,4,2004,2004-07-03,0.17,0.1689708
9,4,2004,2004-07-11,0.15,0.17671728
9,4,2004,2004-07-19,0.14,0.16184165
9,4,2004,2004-07-27,0.13,0.1457652
9,4,2004,2004-08-04,0.13,0.1414552
9,4,2004,2004-08-12,0.14,0.13347739
9,4,2004,2004-08-20,0.15,0.14662921
9,4,2004,2004-08-28,0.15,0.15508455
9,4,2004,2004-09-05,0.15,0.15686792
9,4,2004,2004-09-13,0.18,0.1462672
9,4,2004,2004-09-21,0.18,0.18112797
9,4,2004,2004-09-29,0.16,0.18832159
9,4,2004,2004-10-07,0.2,0.1616509
9,4,2004,2004-10-15,0.17,0.18902129
9,4,2004,2004-10-23,0.19,0.17423892
9,4,2004,2004-10-31,0.22,0.17851439
9,4,2004,2004-11-08,0.21,0.21511981
9,4,2004,2004-11-16,0.2,0.21042085
9,4,2004,2004-11-24,0.2,0.19427155
9,4,2004,2004-12-02,0.19,0.1901753
9,4,2004,2004-12-10,0.18,0.16000281
9,4,2004,2004-12-18,0.18,0.16814297
9,4,2004,2004-12-26,0.18,0.17305045
9,4,2005,2005-07-04,0.14,0.1389299
9,4,2005,2005-07-12,0.16,0.14704266
9,4,2005,2005-07-20,0.11,0.15983805
9,4,2005,2005-07-28,0.16,0.12351954
9,4,2005,2005-08-05,0.17,0.15014875
9,4,2005,2005-08-13,0.12,0.16428652
9,4,2005,2005-08-21,0.16,0.13561065
9,4,2005,2005-08-29,0.18,0.155493
9,4,2005,2005-09-06,0.2,0.17527944
9,4,2005,2005-09-14,0.19,0.19520928
9,4,2005,2005-09-22,0.18,0.19054541
9,4,2005,2005-09-30,0.18,0.17810312
9,4,2005,2005-10-08,0.21,0.16908336
9,4,2005,2005-10-16,0.17,0.20101541
9,4,2005,2005-10-24,0.21,0.17060724
9,4,2005,2005-11-01,0.18,0.19640684
9,4,2005,2005-11-09,0.19,0.18388848
9,4,2005,2005-11-17,0.2,0.18757148
9,4,2005,2005-11-25,0.25,0.18863241
9,4,2005,2005-12-03,0.19,0.23021509
9,4,2005,2005-12-11,0.12,0.18866113
9,4,2005,2005-12-19,0.17,0.12459725
9,4,2005,2005-12-27,0.24,0.15094191
9,4,2006,2006-07-04,0.16,0.15820344
9,4,2006,2006-07-12,0.16,0.16489667
9,4,2006,2006-07-20,0.15,0.16639635
9,4,2006,2006-07-28,0.15,0.14270061
9,4,2006,2006-08-05,0.14,0.15145433
9,4,2006,2006-08-13,0.17,0.1481131
9,4,2006,2006-08-21,0.16,0.1586108
9,4,2006,2006-08-29,0.15,0.16167608
9,4,2006,2006-09-06,0.14,0.15892783
9,4,2006,2006-09-14,0.14,0.15177535
9,4,2006,2006-09-22,0.14,0.14725454
9,4,2006,2006-09-30,0.14,0.14499457
9,4,2006,2006-10-08,0.16,0.1459328
9,4,2006,2006-10-16,0.15,0.16834761
9,4,2006,2006-10-24,0.15,0.15451156
9,4,2006,2006-11-01,0.21,0.15952991
9,4,2006,2006-11-09,0.2,0.1967738
9,4,2006,2006-11-17,0.2,0.19910902
9,4,2006,2006-11-25,0.19,0.19595815
9,4,2006,2006-12-03,0.15,0.19345659
9,4,2006,2006-12-11,0.17,0.14959873
9,4,2006,2006-12-19,0.19,0.14212865
9,4,2006,2006-12-27,0.14,0.17593306
9,4,2007,2007-07-04,0.13,0.15537941
9,4,2007,2007-07-12,0.16,0.14736004
9,4,2007,2007-07-20,0.16,0.16593513
9,4,2007,2007-07-28,0.17,0.16589613
9,4,2007,2007-08-05,0.19,0.1728932
9,4,2007,2007-08-13,0.16,0.18389854
9,4,2007,2007-08-21,0.15,0.17053472
9,4,2007,2007-08-29,0.18,0.15533558
9,4,2007,2007-09-06,0.19,0.17252441
9,4,2007,2007-09-14,0.19,0.184605
9,4,2007,2007-09-22,0.23,0.18635908
9,4,2007,2007-09-30,0.23,0.21366638
9,4,2007,2007-10-08,0.27,0.21764496
9,4,2007,2007-10-16,0.25,0.25069705
9,4,2007,2007-10-24,0.26,0.23283663
9,4,2007,2007-11-01,0.2,0.2338756
9,4,2007,2007-11-09,0.2,0.19907425
9,4,2007,2007-11-17,0.19,0.19056514
9,4,2007,2007-11-25,0.19,0.18241651
9,4,2007,2007-12-03,0.17,0.18437777
9,4,2007,2007-12-11,0.18,0.1621593
9,4,2007,2007-12-19,0.15,0.17366183
9,4,2007,2007-12-27,0.12,0.16079193
9,4,2008,2008-07-03,0.16,0.17511195
9,4,2008,2008-07-11,0.16,0.16272354
9,4,2008,2008-07-19,0.15,0.16172203
9,4,2008,2008-07-27,0.1,0.15500629
9,4,2008,2008-08-04,0.13,0.12249565
9,4,2008,2008-08-12,0.15,0.14034583
9,4,2008,2008-08-20,0.21,0.1542483
9,4,2008,2008-08-28,0.2,0.20074126
9,4,2008,2008-09-05,0.19,0.2037707
9,4,2008,2008-09-13,0.17,0.1938191
9,4,2008,2008-09-21,0.18,0.17077975
9,4,2008,2008-09-29,0.18,0.18353039
9,4,2008,2008-10-07,0.21,0.18645342
9,4,2008,2008-10-15,0.26,0.21649337
9,4,2008,2008-10-23,0.2,0.24970041
9,4,2008,2008-10-31,0.21,0.2109456
9,4,2008,2008-11-08,0.19,0.18866755
9,4,2008,2008-11-16,0.23,0.17425765
9,4,2008,2008-11-24,0.17,0.20830798
9,4,2008,2008-12-02,0.16,0.17372297
9,4,2008,2008-12-10,0.16,0.1546123
9,4,2008,2008-12-18,0.16,0.15469617
9,4,2008,2008-12-26,0.14,0.15680456
9,4,2009,2009-07-04,0.13,0.16811886
9,4,2009,2009-07-12,0.13,0.13822761
9,4,2009,2009-07-20,0.19,0.13479173
9,4,2009,2009-07-28,0.19,0.17912981
9,4,2009,2009-08-05,0.16,0.17918348
9,4,2009,2009-08-13,0.17,0.16108741
9,4,2009,2009-08-21,0.17,0.16549376
9,4,2009,2009-08-29,0.18,0.18192795
9,4,2009,2009-09-06,0.17,0.18721786
9,4,2009,2009-09-14,0.16,0.17337845
9,4,2009,2009-09-22,0.21,0.15783352
9,4,2009,2009-09-30,0.19,0.19691855
9,4,2009,2009-10-08,0.22,0.19096413
9,4,2009,2009-10-16,0.25,0.21626006
9,4,2009,2009-10-24,0.17,0.24841046
9,4,2009,2009-11-01,0.22,0.1783093
9,4,2009,2009-11-09,0.22,0.19633302
9,4,2009,2009-11-17,0.24,0.20024188
9,4,2009,2009-11-25,0.2,0.23445264
9,4,2009,2009-12-03,0.18,0.18801117
9,4,2009,2009-12-11,0.16,0.16321744
9,4,2009,2009-12-19,0.14,0.14833656
9,4,2009,2009-12-27,0.11,0.1408389
9,4,2010,2010-07-04,0.11,0.13741496
9,4,2010,2010-07-12,0.14,0.11934179
9,4,2010,2010-07-20,0.18,0.14069493
9,4,2010,2010-07-28,0.15,0.190607
9,4,2010,2010-08-05,0.17,0.17286189
9,4,2010,2010-08-13,0.2,0.16803543
9,4,2010,2010-08-21,0.18,0.19021569
9,4,2010,2010-08-29,0.17,0.18263282
9,4,2010,2010-09-06,0.18,0.17127526
9,4,2010,2010-09-14,0.22,0.17255767
9,4,2010,2010-09-22,0.19,0.204549
9,4,2010,2010-09-30,0.17,0.19835714
9,4,2010,2010-10-08,0.21,0.17184345
9,4,2010,2010-10-16,0.19,0.20145425
9,4,2010,2010-10-24,0.16,0.2009756
9,4,2010,2010-11-01,0.14,0.1572159
9,4,2010,2010-11-09,0.19,0.14405218
9,4,2010,2010-11-17,0.19,0.18639798
9,4,2010,2010-11-25,0.17,0.20226368
9,4,2010,2010-12-03,0.15,0.17490742
9,4,2010,2010-12-11,0.17,0.14644977
9,4,2010,2010-12-19,0.18,0.15760934
9,4,2010,2010-12-27,0.2,0.1696521
9,4,2011,2011-07-04,0.15,0.15816674
9,4,2011,2011-07-12,0.18,0.1485888
9,4,2011,2011-07-20,0.16,0.17550316
9,4,2011,2011-07-28,0.15,0.17176889
9,4,2011,2011-08-05,0.16,0.15364273
9,4,2011,2011-08-13,0.2,0.15881148
9,4,2011,2011-08-21,0.18,0.19908094
9,4,2011,2011-08-29,0.2,0.18498182
9,4,2011,2011-09-06,0.14,0.1889544
9,4,2011,2011-09-14,0.16,0.14626504
9,4,2011,2011-09-22,0.14,0.16471902
9,4,2011,2011-09-30,0.14,0.14663401
9,4,2011,2011-10-08,0.17,0.14330503
9,4,2011,2011-10-16,0.19,0.17321849
9,4,2011,2011-10-24,0.19,0.19137892
9,4,2011,2011-11-01,0.19,0.18416008
9,4,2011,2011-11-09,0.22,0.17460436
9,4,2011,2011-11-17,0.18,0.20880708
9,4,2011,2011-11-25,0.15,0.18453038
9,4,2011,2011-12-03,0.18,0.14920887
9,4,2011,2011-12-11,0.15,0.16031533
9,4,2011,2011-12-19,0.16,0.15377976
9,4,2011,2011-12-27,0.16,0.16335493
9,4,2012,2012-07-03,0.21,0.17140466
9,4,2012,2012-07-11,0.15,0.19481541
9,4,2012,2012-07-19,0.13,0.15867358
9,4,2012,2012-07-27,0.11,0.1336866
9,4,2012,2012-08-04,0.16,0.11238226
9,4,2012,2012-08-12,0.17,0.15584898
9,4,2012,2012-08-20,0.19,0.18167064
9,4,2012,2012-08-28,0.17,0.19267869
9,4,2012,2012-09-05,0.16,0.17574984
9,4,2012,2012-09-13,0.19,0.14998192
9,4,2012,2012-09-21,0.15,0.17439058
9,4,2012,2012-09-29,0.17,0.14946634
9,4,2012,2012-10-07,0.17,0.16019198
9,4,2012,2012-10-15,0.2,0.16797468
9,4,2012,2012-10-23,0.21,0.19909102
9,4,2012,2012-10-31,0.2,0.20587343
9,4,2012,2012-11-08,0.16,0.19520158
9,4,2012,2012-11-16,0.2,0.16587356
9,4,2012,2012-11-24,0.23,0.18089636
9,4,2012,2012-12-02,0.19,0.20382957
9,4,2012,2012-12-10,0.17,0.18802133
9,4,2012,2012-12-18,0.15,0.15852894
9,4,2012,2012-12-26,0.2,0.14276664
9,5,2001,2001-07-04,0.18,0.18295863
9,5,2001,2001-07-12,0.09,0.23135325
9,5,2001,2001-07-20,0.16,0.11765513
9,5,2001,2001-07-28,0.07,0.13655272
9,5,2001,2001-08-05,0.06,0.084492475
9,5,2001,2001-08-13,0.06,0.07884842
9,5,2001,2001-08-21,0.06,0.06600973
9,5,2001,2001-08-29,0.05,0.07412422
9,5,2001,2001-09-06,0.06,0.06914902
9,5,2001,2001-09-14,0.08,0.076971084
9,5,2001,2001-09-22,0.17,0.10198453
9,5,2001,2001-09-30,0.26,0.1820905
9,5,2001,2001-10-08,0.32,0.26661822
9,5,2001,2001-10-16,0.42,0.3623891
9,5,2001,2001-10-24,0.41,0.43039656
9,5,2001,2001-11-01,0.44,0.40463585
9,5,2001,2001-11-09,0.44,0.42526293
9,5,2001,2001-11-17,0.49,0.3822193
9,5,2001,2001-11-25,0.33,0.4361512
9,5,2001,2001-12-03,0.25,0.26215488
9,5,2001,2001-12-11,0.16,0.15593088
9,5,2001,2001-12-19,0.11,0.096432984
9,5,2001,2001-12-27,0.05,0.07762346
9,5,2002,2002-07-04,0.08,0.15451339
9,5,2002,2002-07-12,0.12,0.122461826
9,5,2002,2002-07-20,0.08,0.11397998
9,5,2002,2002-07-28,0.08,0.10128364
9,5,2002,2002-08-05,0.09,0.08374822
9,5,2002,2002-08-13,0.1,0.08761865
9,5,2002,2002-08-21,0.1,0.10022618
9,5,2002,2002-08-29,0.04,0.10455766
9,5,2002,2002-09-06,0.04,0.05871612
9,5,2002,2002-09-14,0.07,0.05475518
9,5,2002,2002-09-22,0.07,0.08179405
9,5,2002,2002-09-30,0.16,0.10941368
9,5,2002,2002-10-08,0.22,0.19882056
9,5,2002,2002-10-16,0.24,0.25888893
9,5,2002,2002-10-24,0.36,0.2886964
9,5,2002,2002-11-01,0.39,0.36095804
9,5,2002,2002-11-09,0.32,0.384624
9,5,2002,2002-11-17,0.46,0.31281906
9,5,2002,2002-11-25,0.3,0.41750842
9,5,2002,2002-12-03,0.15,0.2642837
9,5,2002,2002-12-11,0.08,0.10713729
9,5,2002,2002-12-19,0.09,0.037820548
9,5,2002,2002-12-27,0.05,0.0633091
9,5,2003,2003-07-04,0.18,0.11752531
9,5,2003,2003-07-12,0.14,0.17021833
9,5,2003,2003-07-20,0.12,0.1510419
9,5,2003,2003-07-28,0.13,0.118236706
9,5,2003,2003-08-05,0.06,0.11742395
9,5,2003,2003-08-13,0.08,0.076178044
9,5,2003,2003-08-21,0.06,0.08817342
9,5,2003,2003-08-29,0.05,0.076548904
9,5,2003,2003-09-06,0.06,0.059818417
9,5,2003,2003-09-14,0.07,0.064691156
9,5,2003,2003-09-22,0.16,0.08258143
9,5,2003,2003-09-30,0.19,0.15370432
9,5,2003,2003-10-08,0.25,0.20339903
9,5,2003,2003-10-16,0.31,0.2613474
9,5,2003,2003-10-24,0.34,0.30202132
9,5,2003,2003-11-01,0.43,0.34421498
9,5,2003,2003-11-09,0.23,0.40873724
9,5,2003,2003-11-17,0.16,0.23263875
9,5,2003,2003-11-25,0.16,0.15574026
9,5,2003,2003-12-03,0.04,0.118737325
9,5,2003,2003-12-11,0.03,0.040447623
9,5,2003,2003-12-19,0.08,0.023114353
9,5,2003,2003-12-27,0.06,0.07197395
9,5,2004,2004-07-03,0.1,0.13331883
9,5,2004,2004-07-11,0.1,0.13786295
9,5,2004,2004-07-19,0.09,0.12227288
9,5,2004,2004-07-27,0.05,0.10398759
9,5,2004,2004-08-04,0.04,0.077292025
9,5,2004,2004-08-12,0.08,0.054264784
9,5,2004,2004-08-20,0.09,0.08895457
9,5,2004,2004-08-28,0.1,0.10036923
9,5,2004,2004-09-05,0.13,0.10860318
9,5,2004,2004-09-13,0.15,0.13082653
9,5,2004,2004-09-21,0.21,0.15113938
9,5,2004,2004-09-29,0.24,0.21977171
9,5,2004,2004-10-07,0.37,0.25028944
9,5,2004,2004-10-15,0.34,0.36333728
9,5,2004,2004-10-23,0.43,0.348508
9,5,2004,2004-10-31,0.36,0.4056389
9,5,2004,2004-11-08,0.23,0.35663053
9,5,2004,2004-11-16,0.36,0.19108602
9,5,2004,2004-11-24,0.3,0.24849093
9,5,2004,2004-12-02,0.15,0.24383886
9,5,2004,2004-12-10,0.1,0.12585251
9,5,2004,2004-12-18,0.11,0.06511575
9,5,2004,2004-12-26,0.11,0.09450722
9,5,2005,2005-07-04,0.09,0.09355101
9,5,2005,2005-07-12,0.11,0.10110283
9,5,2005,2005-07-20,0.1,0.11426881
9,5,2005,2005-07-28,0.07,0.10731873
9,5,2005,2005-08-05,0.07,0.07435706
9,5,2005,2005-08-13,0.05,0.068904996
9,5,2005,2005-08-21,0.08,0.06656328
9,5,2005,2005-08-29,0.09,0.0928877
9,5,2005,2005-09-06,0.1,0.10427013
9,5,2005,2005-09-14,0.1,0.11848977
9,5,2005,2005-09-22,0.1,0.11970611
9,5,2005,2005-09-30,0.17,0.1298714
9,5,2005,2005-10-08,0.24,0.18697721
9,5,2005,2005-10-16,0.32,0.27529582
9,5,2005,2005-10-24,0.32,0.32738623
9,5,2005,2005-11-01,0.31,0.33186722
9,5,2005,2005-11-09,0.26,0.28450817
9,5,2005,2005-11-17,0.32,0.19982928
9,5,2005,2005-11-25,0.22,0.27919218
9,5,2005,2005-12-03,0.14,0.20718117
9,5,2005,2005-12-11,0.07,0.10399501
9,5,2005,2005-12-19,0.08,0.042925954
9,5,2005,2005-12-27,0.09,0.06903452
9,5,2006,2006-07-04,0.13,0.08135447
9,5,2006,2006-07-12,0.09,0.13482153
9,5,2006,2006-07-20,0.08,0.11657044
9,5,2006,2006-07-28,0.09,0.09720363
9,5,2006,2006-08-05,0.14,0.09173694
9,5,2006,2006-08-13,0.09,0.13431796
9,5,2006,2006-08-21,0.07,0.099145606
9,5,2006,2006-08-29,0.08,0.08474955
9,5,2006,2006-09-06,0.05,0.09024152
9,5,2006,2006-09-14,0.09,0.07592049
9,5,2006,2006-09-22,0.17,0.10290313
9,5,2006,2006-09-30,0.23,0.16714053
9,5,2006,2006-10-08,0.27,0.24052307
9,5,2006,2006-10-16,0.26,0.28633767
9,5,2006,2006-10-24,0.31,0.28231138
9,5,2006,2006-11-01,0.41,0.30152157
9,5,2006,2006-11-09,0.44,0.3747886
9,5,2006,2006-11-17,0.38,0.39180398
9,5,2006,2006-11-25,0.12,0.34719887
9,5,2006,2006-12-03,0.13,0.1121929
9,5,2006,2006-12-11,0.15,0.07140073
9,5,2006,2006-12-19,0.14,0.09508881
9,5,2006,2006-12-27,0.07,0.13104028
9,5,2007,2007-07-04,0.07,0.07159665
9,5,2007,2007-07-12,0.13,0.10081439
9,5,2007,2007-07-20,0.1,0.13791052
9,5,2007,2007-07-28,0.1,0.114648506
9,5,2007,2007-08-05,0.09,0.10942304
9,5,2007,2007-08-13,0.1,0.11042595
9,5,2007,2007-08-21,0.1,0.10825503
9,5,2007,2007-08-29,0.13,0.103016034
9,5,2007,2007-09-06,0.15,0.12863407
9,5,2007,2007-09-14,0.09,0.1414012
9,5,2007,2007-09-22,0.08,0.10724771
9,5,2007,2007-09-30,0.09,0.10859446
9,5,2007,2007-10-08,0.14,0.12745473
9,5,2007,2007-10-16,0.23,0.17685
9,5,2007,2007-10-24,0.28,0.244492
9,5,2007,2007-11-01,0.35,0.29612374
9,5,2007,2007-11-09,0.4,0.36691517
9,5,2007,2007-11-17,0.41,0.4002803
9,5,2007,2007-11-25,0.23,0.37784597
9,5,2007,2007-12-03,0.16,0.16558276
9,5,2007,2007-12-11,0.1,0.093271405
9,5,2007,2007-12-19,0.06,0.07513341
9,5,2007,2007-12-27,0.03,0.07281539
9,5,2008,2008-07-03,0.21,0.14470297
9,5,2008,2008-07-11,0.11,0.19890729
9,5,2008,2008-07-19,0.12,0.13776912
9,5,2008,2008-07-27,0.08,0.117464006
9,5,2008,2008-08-04,0.05,0.08563581
9,5,2008,2008-08-12,0.05,0.06675145
9,5,2008,2008-08-20,0.07,0.067626566
9,5,2008,2008-08-28,0.06,0.08622569
9,5,2008,2008-09-05,0.05,0.08984655
9,5,2008,2008-09-13,0.06,0.0851413
9,5,2008,2008-09-21,0.11,0.07581544
9,5,2008,2008-09-29,0.16,0.110817865
9,5,2008,2008-10-07,0.2,0.15753426
9,5,2008,2008-10-15,0.33,0.205552
9,5,2008,2008-10-23,0.34,0.32882193
9,5,2008,2008-10-31,0.43,0.3462409
9,5,2008,2008-11-08,0.42,0.41439158
9,5,2008,2008-11-16,0.28,0.40089655
9,5,2008,2008-11-24,0.14,0.2730223
9,5,2008,2008-12-02,0.19,0.09459326
9,5,2008,2008-12-10,0.07,0.112547874
9,5,2008,2008-12-18,0.05,0.058629006
9,5,2008,2008-12-26,0.05,0.048945338
9,5,2009,2009-07-04,0.19,0.19292769
9,5,2009,2009-07-12,0.2,0.21250299
9,5,2009,2009-07-20,0.16,0.182946
9,5,2009,2009-07-28,0.1,0.14648911
9,5,2009,2009-08-05,0.08,0.09167367
9,5,2009,2009-08-13,0.07,0.07017127
9,5,2009,2009-08-21,0.07,0.06856528
9,5,2009,2009-08-29,0.06,0.080135584
9,5,2009,2009-09-06,0.06,0.073536694
9,5,2009,2009-09-14,0.06,0.070670635
9,5,2009,2009-09-22,0.09,0.07272193
9,5,2009,2009-09-30,0.08,0.10746604
9,5,2009,2009-10-08,0.18,0.11349866
9,5,2009,2009-10-16,0.32,0.19612786
9,5,2009,2009-10-24,0.29,0.3415191
9,5,2009,2009-11-01,0.37,0.32128003
9,5,2009,2009-11-09,0.41,0.3689501
9,5,2009,2009-11-17,0.5,0.38253874
9,5,2009,2009-11-25,0.26,0.42145288
9,5,2009,2009-12-03,0.31,0.20299497
9,5,2009,2009-12-11,0.1,0.21365523
9,5,2009,2009-12-19,0.04,0.06666282
9,5,2009,2009-12-27,0.03,0.030381769
9,5,2010,2010-07-04,0.09,0.18249807
9,5,2010,2010-07-12,0.19,0.1328963
9,5,2010,2010-07-20,0.22,0.19149902
9,5,2010,2010-07-28,0.08,0.2066583
9,5,2010,2010-08-05,0.07,0.09690867
9,5,2010,2010-08-13,0.1,0.060825735
9,5,2010,2010-08-21,0.06,0.08525759
9,5,2010,2010-08-29,0.05,0.07568365
9,5,2010,2010-09-06,0.06,0.06387931
9,5,2010,2010-09-14,0.08,0.06903961
9,5,2010,2010-09-22,0.06,0.08808848
9,5,2010,2010-09-30,0.13,0.08280566
9,5,2010,2010-10-08,0.18,0.13003746
9,5,2010,2010-10-16,0.23,0.19593194
9,5,2010,2010-10-24,0.37,0.2714081
9,5,2010,2010-11-01,0.36,0.3649792
9,5,2010,2010-11-09,0.38,0.36595988
9,5,2010,2010-11-17,0.24,0.3660448
9,5,2010,2010-11-25,0.19,0.25254035
9,5,2010,2010-12-03,0.1,0.13298824
9,5,2010,2010-12-11,0.05,0.082553476
9,5,2010,2010-12-19,0.06,0.030757189
9,5,2010,2010-12-27,0.06,0.040774196
9,5,2011,2011-07-04,0.11,0.18690383
9,5,2011,2011-07-12,0.17,0.109932095
9,5,2011,2011-07-20,0.09,0.16599107
9,5,2011,2011-07-28,0.09,0.12381886
9,5,2011,2011-08-05,0.06,0.08558637
9,5,2011,2011-08-13,0.07,0.058006138
9,5,2011,2011-08-21,0.07,0.0801872
9,5,2011,2011-08-29,0.05,0.078059465
9,5,2011,2011-09-06,0.05,0.06350604
9,5,2011,2011-09-14,0.11,0.06351048
9,5,2011,2011-09-22,0.23,0.11371431
9,5,2011,2011-09-30,0.23,0.20919073
9,5,2011,2011-10-08,0.29,0.23363483
9,5,2011,2011-10-16,0.38,0.28074372
9,5,2011,2011-10-24,0.43,0.35344645
9,5,2011,2011-11-01,0.42,0.4235602
9,5,2011,2011-11-09,0.19,0.39652196
9,5,2011,2011-11-17,0.13,0.19498695
9,5,2011,2011-11-25,0.04,0.079909116
9,5,2011,2011-12-03,0.06,0.02836454
9,5,2011,2011-12-11,0.05,0.047790498
9,5,2011,2011-12-19,0.04,0.048482925
9,5,2011,2011-12-27,0.04,0.05484155
9,5,2012,2012-07-03,0.13,0.13200875
9,5,2012,2012-07-11,0.07,0.12042022
9,5,2012,2012-07-19,0.06,0.09398034
9,5,2012,2012-07-27,0.04,0.07566154
9,5,2012,2012-08-04,0.04,0.061068177
9,5,2012,2012-08-12,0.05,0.058638543
9,5,2012,2012-08-20,0.05,0.0717884
9,5,2012,2012-08-28,0.05,0.07494211
9,5,2012,2012-09-05,0.07,0.07113907
9,5,2012,2012-09-13,0.17,0.084766954
9,5,2012,2012-09-21,0.14,0.17925009
9,5,2012,2012-09-29,0.27,0.19232202
9,5,2012,2012-10-07,0.37,0.28518295
9,5,2012,2012-10-15,0.46,0.37375882
9,5,2012,2012-10-23,0.44,0.46621907
9,5,2012,2012-10-31,0.46,0.4419533
9,5,2012,2012-11-08,0.36,0.42413554
9,5,2012,2012-11-16,0.26,0.27275681
9,5,2012,2012-11-24,0.09,0.16925278
9,5,2012,2012-12-02,0.08,0.04799646
9,5,2012,2012-12-10,0.06,0.057596058
9,5,2012,2012-12-18,0.04,0.059851438
9,5,2012,2012-12-26,0.04,0.059546918
9,6,2001,2001-07-04,0.08,0.088282794
9,6,2001,2001-07-12,0.05,0.115306094
9,6,2001,2001-07-20,0.04,0.07160413
9,6,2001,2001-07-28,0.01,0.057423294
9,6,2001,2001-08-05,0.14,0.039626718
9,6,2001,2001-08-13,0.07,0.13559265
9,6,2001,2001-08-21,0.06,0.09035832
9,6,2001,2001-08-29,0.05,0.078350425
9,6,2001,2001-09-06,0.09,0.07182515
9,6,2001,2001-09-14,0.07,0.090351105
9,6,2001,2001-09-22,0.09,0.0897167
9,6,2001,2001-09-30,0.15,0.103843346
9,6,2001,2001-10-08,0.14,0.15670228
9,6,2001,2001-10-16,0.19,0.16265625
9,6,2001,2001-10-24,0.2,0.20483501
9,6,2001,2001-11-01,0.25,0.2147227
9,6,2001,2001-11-09,0.23,0.27614203
9,6,2001,2001-11-17,0.34,0.23023297
9,6,2001,2001-11-25,0.22,0.3308101
9,6,2001,2001-12-03,0.2,0.21097125
9,6,2001,2001-12-11,0.11,0.14971036
9,6,2001,2001-12-19,0.06,0.08297017
9,6,2001,2001-12-27,0.01,0.050108165
9,6,2002,2002-07-04,0.02,0.07653406
9,6,2002,2002-07-12,0.05,0.05323589
9,6,2002,2002-07-20,0.02,0.061446637
9,6,2002,2002-07-28,0.04,0.039896756
9,6,2002,2002-08-05,0.05,0.048003525
9,6,2002,2002-08-13,0.2,0.08498302
9,6,2002,2002-08-21,0.2,0.1889014
9,6,2002,2002-08-29,0.05,0.19312862
9,6,2002,2002-09-06,0.02,0.072796375
9,6,2002,2002-09-14,0.03,0.036955774
9,6,2002,2002-09-22,0.06,0.0408158
9,6,2002,2002-09-30,0.1,0.07866967
9,6,2002,2002-10-08,0.15,0.12601656
9,6,2002,2002-10-16,0.14,0.16362084
9,6,2002,2002-10-24,0.21,0.16421452
9,6,2002,2002-11-01,0.21,0.21153659
9,6,2002,2002-11-09,0.13,0.22151542
9,6,2002,2002-11-17,0.24,0.14909264
9,6,2002,2002-11-25,0.26,0.24205951
9,6,2002,2002-12-03,0.13,0.24018204
9,6,2002,2002-12-11,0.08,0.1376898
9,6,2002,2002-12-19,0.05,0.060516626
9,6,2002,2002-12-27,0.02,0.038641423
9,6,2003,2003-07-04,0.11,0.055182546
9,6,2003,2003-07-12,0.06,0.102884814
9,6,2003,2003-07-20,0.05,0.07308814
9,6,2003,2003-07-28,0.06,0.059342533
9,6,2003,2003-08-05,0.08,0.065597445
9,6,2003,2003-08-13,0.11,0.08677858
9,6,2003,2003-08-21,0.03,0.14721398
9,6,2003,2003-08-29,0.03,0.0862754
9,6,2003,2003-09-06,0.03,0.037762612
9,6,2003,2003-09-14,0.05,0.029214174
9,6,2003,2003-09-22,0.12,0.05509749
9,6,2003,2003-09-30,0.14,0.12165117
9,6,2003,2003-10-08,0.17,0.15179336
9,6,2003,2003-10-16,0.18,0.18321678
9,6,2003,2003-10-24,0.24,0.17967619
9,6,2003,2003-11-01,0.22,0.23697919
9,6,2003,2003-11-09,0.14,0.21921173
9,6,2003,2003-11-17,0.09,0.12975745
9,6,2003,2003-11-25,0.15,0.10203062
9,6,2003,2003-12-03,0.01,0.1559675
9,6,2003,2003-12-11,0.08,0.045363218
9,6,2003,2003-12-19,0.04,0.0675199
9,6,2003,2003-12-27,0.01,0.041279763
9,6,2004,2004-07-03,0.03,0.046349674
9,6,2004,2004-07-11,0.02,0.06462282
9,6,2004,2004-07-19,0.01,0.047960162
9,6,2004,2004-07-27,0.03,0.0364528
9,6,2004,2004-08-04,0.02,0.05082327
9,6,2004,2004-08-12,0.05,0.05171621
9,6,2004,2004-08-20,0.09,0.08034119
9,6,2004,2004-08-28,0.1,0.0917685
9,6,2004,2004-09-05,0.1,0.10173944
9,6,2004,2004-09-13,0.07,0.10106236
9,6,2004,2004-09-21,0.11,0.082885295
9,6,2004,2004-09-29,0.09,0.12526922
9,6,2004,2004-10-07,0.15,0.117278874
9,6,2004,2004-10-15,0.12,0.1663243
9,6,2004,2004-10-23,0.16,0.14386766
9,6,2004,2004-10-31,0.17,0.18230885
9,6,2004,2004-11-08,0.17,0.18139789
9,6,2004,2004-11-16,0.26,0.16192055
9,6,2004,2004-11-24,0.25,0.2156365
9,6,2004,2004-12-02,0.15,0.23460749
9,6,2004,2004-12-10,0.03,0.12900987
9,6,2004,2004-12-18,0.06,0.041640967
9,6,2004,2004-12-26,0.06,0.05041963
9,6,2005,2005-07-04,0.06,0.055294782
9,6,2005,2005-07-12,0.03,0.07135764
9,6,2005,2005-07-20,0.01,0.04551345
9,6,2005,2005-07-28,0.0,0.029876202
9,6,2005,2005-08-05,0.0,0.02527979
9,6,2005,2005-08-13,0.01,0.02461055
9,6,2005,2005-08-21,0.03,0.039743096
9,6,2005,2005-08-29,0.15,0.06426254
9,6,2005,2005-09-06,0.14,0.16219106
9,6,2005,2005-09-14,0.16,0.15712091
9,6,2005,2005-09-22,0.05,0.15571697
9,6,2005,2005-09-30,0.1,0.07377657
9,6,2005,2005-10-08,0.12,0.09784335
9,6,2005,2005-10-16,0.12,0.13236423
9,6,2005,2005-10-24,0.15,0.13479137
9,6,2005,2005-11-01,0.13,0.15990484
9,6,2005,2005-11-09,0.09,0.14505573
9,6,2005,2005-11-17,0.21,0.10990402
9,6,2005,2005-11-25,0.14,0.22082767
9,6,2005,2005-12-03,0.12,0.1729403
9,6,2005,2005-12-11,0.09,0.11674318
9,6,2005,2005-12-19,0.03,0.06134489
9,6,2005,2005-12-27,0.06,0.038914382
9,6,2006,2006-07-04,0.06,0.061643958
9,6,2006,2006-07-12,0.08,0.07628521
9,6,2006,2006-07-20,0.06,0.08487895
9,6,2006,2006-07-28,0.04,0.06657165
9,6,2006,2006-08-05,0.11,0.047997504
9,6,2006,2006-08-13,0.09,0.09770945
9,6,2006,2006-08-21,0.06,0.09268588
9,6,2006,2006-08-29,0.09,0.07473585
9,6,2006,2006-09-06,0.03,0.11646667
9,6,2006,2006-09-14,0.05,0.07342714
9,6,2006,2006-09-22,0.1,0.08306655
9,6,2006,2006-09-30,0.12,0.09210071
9,6,2006,2006-10-08,0.14,0.12803024
9,6,2006,2006-10-16,0.1,0.14946063
9,6,2006,2006-10-24,0.13,0.11805469
9,6,2006,2006-11-01,0.3,0.13784698
9,6,2006,2006-11-09,0.33,0.27016735
9,6,2006,2006-11-17,0.32,0.3007734
9,6,2006,2006-11-25,0.08,0.31104046
9,6,2006,2006-12-03,0.18,0.10190587
9,6,2006,2006-12-11,0.07,0.12842847
9,6,2006,2006-12-19,0.06,0.06510621
9,6,2006,2006-12-27,0.01,0.05898258
9,6,2007,2007-07-04,0.05,0.05000335
9,6,2007,2007-07-12,0.06,0.06796542
9,6,2007,2007-07-20,0.07,0.08166325
9,6,2007,2007-07-28,0.1,0.08165765
9,6,2007,2007-08-05,0.1,0.09759176
9,6,2007,2007-08-13,0.09,0.114878
9,6,2007,2007-08-21,0.07,0.10234173
9,6,2007,2007-08-29,0.11,0.07609543
9,6,2007,2007-09-06,0.09,0.10938302
9,6,2007,2007-09-14,0.05,0.08747128
9,6,2007,2007-09-22,0.02,0.062432736
9,6,2007,2007-09-30,0.04,0.04723859
9,6,2007,2007-10-08,0.05,0.06643546
9,6,2007,2007-10-16,0.08,0.08069131
9,6,2007,2007-10-24,0.11,0.09424633
9,6,2007,2007-11-01,0.17,0.12295188
9,6,2007,2007-11-09,0.23,0.21112615
9,6,2007,2007-11-17,0.28,0.26340404
9,6,2007,2007-11-25,0.23,0.287513
9,6,2007,2007-12-03,0.14,0.17992039
9,6,2007,2007-12-11,0.2,0.12041871
9,6,2007,2007-12-19,0.05,0.14127882
9,6,2007,2007-12-27,0.04,0.05747667
9,6,2008,2008-07-03,0.12,0.07167378
9,6,2008,2008-07-11,0.09,0.1237016
9,6,2008,2008-07-19,0.15,0.10691795
9,6,2008,2008-07-27,0.06,0.14666298
9,6,2008,2008-08-04,0.12,0.0868105
9,6,2008,2008-08-12,0.1,0.12176275
9,6,2008,2008-08-20,0.12,0.105535775
9,6,2008,2008-08-28,0.07,0.11965953
9,6,2008,2008-09-05,0.02,0.08958167
9,6,2008,2008-09-13,0.02,0.047855824
9,6,2008,2008-09-21,0.04,0.034649163
9,6,2008,2008-09-29,0.04,0.0455437
9,6,2008,2008-10-07,0.06,0.05632907
9,6,2008,2008-10-15,0.14,0.07502416
9,6,2008,2008-10-23,0.15,0.1434051
9,6,2008,2008-10-31,0.26,0.16291654
9,6,2008,2008-11-08,0.2,0.26090613
9,6,2008,2008-11-16,0.22,0.224403
9,6,2008,2008-11-24,0.24,0.22974262
9,6,2008,2008-12-02,0.27,0.22023495
9,6,2008,2008-12-10,0.15,0.22684112
9,6,2008,2008-12-18,0.05,0.15124732
9,6,2008,2008-12-26,0.02,0.04246986
9,6,2009,2009-07-04,0.12,0.107373044
9,6,2009,2009-07-12,0.13,0.13995555
9,6,2009,2009-07-20,0.1,0.13630962
9,6,2009,2009-07-28,0.06,0.11966823
9,6,2009,2009-08-05,0.07,0.06574419
9,6,2009,2009-08-13,0.08,0.081732124
9,6,2009,2009-08-21,0.08,0.089142054
9,6,2009,2009-08-29,0.07,0.099010766
9,6,2009,2009-09-06,0.07,0.07833466
9,6,2009,2009-09-14,0.05,0.066227585
9,6,2009,2009-09-22,0.04,0.05356106
9,6,2009,2009-09-30,0.05,0.052940756
9,6,2009,2009-10-08,0.08,0.060823888
9,6,2009,2009-10-16,0.17,0.08884999
9,6,2009,2009-10-24,0.15,0.17950329
9,6,2009,2009-11-01,0.2,0.17046088
9,6,2009,2009-11-09,0.28,0.22177614
9,6,2009,2009-11-17,0.4,0.26108927
9,6,2009,2009-11-25,0.16,0.36618277
9,6,2009,2009-12-03,0.28,0.18853667
9,6,2009,2009-12-11,0.12,0.23223025
9,6,2009,2009-12-19,0.03,0.102270484
9,6,2009,2009-12-27,0.01,0.025666803
9,6,2010,2010-07-04,0.02,0.09547934
9,6,2010,2010-07-12,0.1,0.06058088
9,6,2010,2010-07-20,0.08,0.11458108
9,6,2010,2010-07-28,0.05,0.094291955
9,6,2010,2010-08-05,0.09,0.064486355
9,6,2010,2010-08-13,0.12,0.08843842
9,6,2010,2010-08-21,0.04,0.12039861
9,6,2010,2010-08-29,0.07,0.06783992
9,6,2010,2010-09-06,0.15,0.075239986
9,6,2010,2010-09-14,0.14,0.13611378
9,6,2010,2010-09-22,0.08,0.13777152
9,6,2010,2010-09-30,0.08,0.085831314
9,6,2010,2010-10-08,0.1,0.07718524
9,6,2010,2010-10-16,0.13,0.1015456
9,6,2010,2010-10-24,0.12,0.15184414
9,6,2010,2010-11-01,0.11,0.13915409
9,6,2010,2010-11-09,0.2,0.1332554
9,6,2010,2010-11-17,0.15,0.2157753
9,6,2010,2010-11-25,0.14,0.2097373
9,6,2010,2010-12-03,0.09,0.12965716
9,6,2010,2010-12-11,0.08,0.10547347
9,6,2010,2010-12-19,0.13,0.07254097
9,6,2010,2010-12-27,0.09,0.09747726
9,6,2011,2011-07-04,0.03,0.06985584
9,6,2011,2011-07-12,0.06,0.04275769
9,6,2011,2011-07-20,0.03,0.08017287
9,6,2011,2011-07-28,0.06,0.05623564
9,6,2011,2011-08-05,0.06,0.0695402
9,6,2011,2011-08-13,0.14,0.07691166
9,6,2011,2011-08-21,0.23,0.14799738
9,6,2011,2011-08-29,0.13,0.2026332
9,6,2011,2011-09-06,0.09,0.13728729
9,6,2011,2011-09-14,0.07,0.10510369
9,6,2011,2011-09-22,0.07,0.08166763
9,6,2011,2011-09-30,0.07,0.07372624
9,6,2011,2011-10-08,0.09,0.07595983
9,6,2011,2011-10-16,0.13,0.0989995
9,6,2011,2011-10-24,0.17,0.13957377
9,6,2011,2011-11-01,0.19,0.1698362
9,6,2011,2011-11-09,0.12,0.18109468
9,6,2011,2011-11-17,0.17,0.14348653
9,6,2011,2011-11-25,0.19,0.1571033
9,6,2011,2011-12-03,0.15,0.1730018
9,6,2011,2011-12-11,0.14,0.1382704
9,6,2011,2011-12-19,0.05,0.1211379
9,6,2011,2011-12-27,0.02,0.06980169
9,6,2012,2012-07-03,0.07,0.06843129
9,6,2012,2012-07-11,0.07,0.07923621
9,6,2012,2012-07-19,0.07,0.08621484
9,6,2012,2012-07-27,0.04,0.08059034
9,6,2012,2012-08-04,0.07,0.06389007
9,6,2012,2012-08-12,0.07,0.0831708
9,6,2012,2012-08-20,0.08,0.10397649
9,6,2012,2012-08-28,0.04,0.13293795
9,6,2012,2012-09-05,0.09,0.0765889
9,6,2012,2012-09-13,0.09,0.094280005
9,6,2012,2012-09-21,0.06,0.09418729
9,6,2012,2012-09-29,0.07,0.08003992
9,6,2012,2012-10-07,0.12,0.08279845
9,6,2012,2012-10-15,0.15,0.12695543
9,6,2012,2012-10-23,0.18,0.16606775
9,6,2012,2012-10-31,0.17,0.19852808
9,6,2012,2012-11-08,0.14,0.1886766
9,6,2012,2012-11-16,0.23,0.14014083
9,6,2012,2012-11-24,0.11,0.2150814
9,6,2012,2012-12-02,0.19,0.14135183
9,6,2012,2012-12-10,0.17,0.17657493
9,6,2012,2012-12-18,0.12,0.16076687
9,6,2012,2012-12-26,0.06,0.11293104
9,7,2001,2001-07-04,0.18,0.17619392
9,7,2001,2001-07-12,0.19,0.18094113
9,7,2001,2001-07-20,0.17,0.19030666
9,7,2001,2001-07-28,0.2,0.18394443
9,7,2001,2001-08-05,0.2,0.20785782
9,7,2001,2001-08-13,0.18,0.19214147
9,7,2001,2001-08-21,0.23,0.19234328
9,7,2001,2001-08-29,0.25,0.23901355
9,7,2001,2001-09-06,0.3,0.28149426
9,7,2001,2001-09-14,0.28,0.30372444
9,7,2001,2001-09-22,0.3,0.28202578
9,7,2001,2001-09-30,0.27,0.28842163
9,7,2001,2001-10-08,0.26,0.24412286
9,7,2001,2001-10-16,0.22,0.21988152
9,7,2001,2001-10-24,0.23,0.20367366
9,7,2001,2001-11-01,0.2,0.21018445
9,7,2001,2001-11-09,0.25,0.19598556
9,7,2001,2001-11-17,0.2,0.23378025
9,7,2001,2001-11-25,0.22,0.19893126
9,7,2001,2001-12-03,0.22,0.21297117
9,7,2001,2001-12-11,0.21,0.20921084
9,7,2001,2001-12-19,0.2,0.21097496
9,7,2001,2001-12-27,0.17,0.19554462
9,7,2002,2002-07-04,0.17,0.20541452
9,7,2002,2002-07-12,0.19,0.17747107
9,7,2002,2002-07-20,0.2,0.19614716
9,7,2002,2002-07-28,0.19,0.2014355
9,7,2002,2002-08-05,0.18,0.20454171
9,7,2002,2002-08-13,0.22,0.19288072
9,7,2002,2002-08-21,0.22,0.2173477
9,7,2002,2002-08-29,0.21,0.23328188
9,7,2002,2002-09-06,0.2,0.22793908
9,7,2002,2002-09-14,0.22,0.22262932
9,7,2002,2002-09-22,0.27,0.22890607
9,7,2002,2002-09-30,0.26,0.2740727
9,7,2002,2002-10-08,0.25,0.26092273
9,7,2002,2002-10-16,0.21,0.24203798
9,7,2002,2002-10-24,0.2,0.19707967
9,7,2002,2002-11-01,0.18,0.19340946
9,7,2002,2002-11-09,0.16,0.17837194
9,7,2002,2002-11-17,0.21,0.18046136
9,7,2002,2002-11-25,0.19,0.20945877
9,7,2002,2002-12-03,0.21,0.2059617
9,7,2002,2002-12-11,0.22,0.21870486
9,7,2002,2002-12-19,0.2,0.22223398
9,7,2002,2002-12-27,0.19,0.20534949
9,7,2003,2003-07-04,0.21,0.19112355
9,7,2003,2003-07-12,0.21,0.19818488
9,7,2003,2003-07-20,0.2,0.20479465
9,7,2003,2003-07-28,0.19,0.20238173
9,7,2003,2003-08-05,0.2,0.19087046
9,7,2003,2003-08-13,0.2,0.19338146
9,7,2003,2003-08-21,0.2,0.20435438
9,7,2003,2003-08-29,0.23,0.20597026
9,7,2003,2003-09-06,0.25,0.22204162
9,7,2003,2003-09-14,0.26,0.2361171
9,7,2003,2003-09-22,0.31,0.24911653
9,7,2003,2003-09-30,0.26,0.29347792
9,7,2003,2003-10-08,0.24,0.25950497
9,7,2003,2003-10-16,0.24,0.22794256
9,7,2003,2003-10-24,0.21,0.21223223
9,7,2003,2003-11-01,0.2,0.19785398
9,7,2003,2003-11-09,0.19,0.18777826
9,7,2003,2003-11-17,0.22,0.179397
9,7,2003,2003-11-25,0.26,0.21398216
9,7,2003,2003-12-03,0.14,0.2448928
9,7,2003,2003-12-11,0.21,0.17186897
9,7,2003,2003-12-19,0.19,0.19786945
9,7,2003,2003-12-27,0.19,0.18955767
9,7,2004,2004-07-03,0.21,0.19171868
9,7,2004,2004-07-11,0.2,0.19814447
9,7,2004,2004-07-19,0.19,0.20491172
9,7,2004,2004-07-27,0.18,0.19285697
9,7,2004,2004-08-04,0.18,0.18224926
9,7,2004,2004-08-12,0.2,0.18581003
9,7,2004,2004-08-20,0.21,0.20317441
9,7,2004,2004-08-28,0.26,0.21371982
9,7,2004,2004-09-05,0.26,0.2577232
9,7,2004,2004-09-13,0.28,0.263722
9,7,2004,2004-09-21,0.28,0.27430645
9,7,2004,2004-09-29,0.25,0.27863058
9,7,2004,2004-10-07,0.27,0.24111359
9,7,2004,2004-10-15,0.23,0.2425137
9,7,2004,2004-10-23,0.2,0.21837434
9,7,2004,2004-10-31,0.21,0.19123513
9,7,2004,2004-11-08,0.21,0.19489408
9,7,2004,2004-11-16,0.18,0.20256005
9,7,2004,2004-11-24,0.22,0.19207633
9,7,2004,2004-12-02,0.21,0.22697264
9,7,2004,2004-12-10,0.19,0.19805284
9,7,2004,2004-12-18,0.21,0.1955101
9,7,2004,2004-12-26,0.2,0.20394298
9,7,2005,2005-07-04,0.24,0.22127223
9,7,2005,2005-07-12,0.23,0.22106624
9,7,2005,2005-07-20,0.22,0.21958412
9,7,2005,2005-07-28,0.15,0.21208742
9,7,2005,2005-08-05,0.23,0.15804055
9,7,2005,2005-08-13,0.19,0.21633074
9,7,2005,2005-08-21,0.2,0.20237818
9,7,2005,2005-08-29,0.24,0.2115961
9,7,2005,2005-09-06,0.25,0.24805596
9,7,2005,2005-09-14,0.28,0.26083598
9,7,2005,2005-09-22,0.29,0.28241226
9,7,2005,2005-09-30,0.33,0.28444234
9,7,2005,2005-10-08,0.3,0.30556792
9,7,2005,2005-10-16,0.25,0.2850268
9,7,2005,2005-10-24,0.25,0.23056768
9,7,2005,2005-11-01,0.23,0.21691483
9,7,2005,2005-11-09,0.2,0.21387383
9,7,2005,2005-11-17,0.21,0.1988319
9,7,2005,2005-11-25,0.19,0.19912215
9,7,2005,2005-12-03,0.19,0.19842918
9,7,2005,2005-12-11,0.2,0.19824119
9,7,2005,2005-12-19,0.21,0.20079464
9,7,2005,2005-12-27,0.22,0.21561909
9,7,2006,2006-07-04,0.23,0.23173565
9,7,2006,2006-07-12,0.2,0.22896081
9,7,2006,2006-07-20,0.19,0.20315464
9,7,2006,2006-07-28,0.2,0.18779126
9,7,2006,2006-08-05,0.22,0.18339649
9,7,2006,2006-08-13,0.23,0.22493015
9,7,2006,2006-08-21,0.23,0.22873688
9,7,2006,2006-08-29,0.27,0.22797625
9,7,2006,2006-09-06,0.26,0.264234
9,7,2006,2006-09-14,0.29,0.26123902
9,7,2006,2006-09-22,0.26,0.28403023
9,7,2006,2006-09-30,0.27,0.25805265
9,7,2006,2006-10-08,0.26,0.26747772
9,7,2006,2006-10-16,0.19,0.24940488
9,7,2006,2006-10-24,0.19,0.18485215
9,7,2006,2006-11-01,0.2,0.17840646
9,7,2006,2006-11-09,0.21,0.19325942
9,7,2006,2006-11-17,0.23,0.20695874
9,7,2006,2006-11-25,0.22,0.22670753
9,7,2006,2006-12-03,0.19,0.21690902
9,7,2006,2006-12-11,0.2,0.19138664
9,7,2006,2006-12-19,0.18,0.19750291
9,7,2006,2006-12-27,0.18,0.18968546
9,7,2007,2007-07-04,0.2,0.25641108
9,7,2007,2007-07-12,0.21,0.2062854
9,7,2007,2007-07-20,0.19,0.19920063
9,7,2007,2007-07-28,0.16,0.18230543
9,7,2007,2007-08-05,0.16,0.17061254
9,7,2007,2007-08-13,0.2,0.17430118
9,7,2007,2007-08-21,0.17,0.21119823
9,7,2007,2007-08-29,0.24,0.19367644
9,7,2007,2007-09-06,0.24,0.2503268
9,7,2007,2007-09-14,0.24,0.24943933
9,7,2007,2007-09-22,0.27,0.2517187
9,7,2007,2007-09-30,0.26,0.25782758
9,7,2007,2007-10-08,0.27,0.25431424
9,7,2007,2007-10-16,0.26,0.25658828
9,7,2007,2007-10-24,0.19,0.23197791
9,7,2007,2007-11-01,0.21,0.1802778
9,7,2007,2007-11-09,0.19,0.19516817
9,7,2007,2007-11-17,0.21,0.19344659
9,7,2007,2007-11-25,0.2,0.217835
9,7,2007,2007-12-03,0.21,0.20737582
9,7,2007,2007-12-11,0.22,0.20663337
9,7,2007,2007-12-19,0.19,0.21627456
9,7,2007,2007-12-27,0.19,0.19253227
9,7,2008,2008-07-03,0.2,0.22259028
9,7,2008,2008-07-11,0.2,0.20306663
9,7,2008,2008-07-19,0.18,0.20053242
9,7,2008,2008-07-27,0.18,0.18397379
9,7,2008,2008-08-04,0.2,0.18026525
9,7,2008,2008-08-12,0.22,0.19636959
9,7,2008,2008-08-20,0.25,0.22629559
9,7,2008,2008-08-28,0.26,0.2439858
9,7,2008,2008-09-05,0.29,0.26465827
9,7,2008,2008-09-13,0.26,0.2831635
9,7,2008,2008-09-21,0.24,0.25794715
9,7,2008,2008-09-29,0.26,0.23914953
9,7,2008,2008-10-07,0.23,0.24720624
9,7,2008,2008-10-15,0.21,0.23341838
9,7,2008,2008-10-23,0.3,0.21318841
9,7,2008,2008-10-31,0.21,0.26148525
9,7,2008,2008-11-08,0.19,0.21747157
9,7,2008,2008-11-16,0.2,0.18778399
9,7,2008,2008-11-24,0.22,0.19437084
9,7,2008,2008-12-02,0.3,0.21950099
9,7,2008,2008-12-10,0.24,0.28506196
9,7,2008,2008-12-18,0.22,0.24990179
9,7,2008,2008-12-26,0.26,0.21298611
9,7,2009,2009-07-04,0.17,0.1878401
9,7,2009,2009-07-12,0.16,0.17280115
9,7,2009,2009-07-20,0.18,0.1641538
9,7,2009,2009-07-28,0.17,0.17638889
9,7,2009,2009-08-05,0.18,0.17627016
9,7,2009,2009-08-13,0.2,0.18770689
9,7,2009,2009-08-21,0.2,0.20671041
9,7,2009,2009-08-29,0.29,0.21483454
9,7,2009,2009-09-06,0.29,0.28062648
9,7,2009,2009-09-14,0.29,0.29158986
9,7,2009,2009-09-22,0.27,0.27691978
9,7,2009,2009-09-30,0.28,0.2447174
9,7,2009,2009-10-08,0.26,0.25473687
9,7,2009,2009-10-16,0.23,0.23834684
9,7,2009,2009-10-24,0.21,0.21140063
9,7,2009,2009-11-01,0.2,0.21344207
9,7,2009,2009-11-09,0.21,0.19069034
9,7,2009,2009-11-17,0.23,0.19378048
9,7,2009,2009-11-25,0.21,0.2157954
9,7,2009,2009-12-03,0.2,0.21355224
9,7,2009,2009-12-11,0.23,0.21881391
9,7,2009,2009-12-19,0.2,0.22324641
9,7,2009,2009-12-27,0.19,0.19886404
9,7,2010,2010-07-04,0.21,0.2056073
9,7,2010,2010-07-12,0.28,0.1858536
9,7,2010,2010-07-20,0.21,0.23786426
9,7,2010,2010-07-28,0.18,0.21233688
9,7,2010,2010-08-05,0.19,0.17927943
9,7,2010,2010-08-13,0.19,0.1812528
9,7,2010,2010-08-21,0.18,0.19575298
9,7,2010,2010-08-29,0.21,0.19102125
9,7,2010,2010-09-06,0.24,0.22966143
9,7,2010,2010-09-14,0.33,0.25387976
9,7,2010,2010-09-22,0.27,0.32131472
9,7,2010,2010-09-30,0.32,0.2714709
9,7,2010,2010-10-08,0.4,0.29405174
9,7,2010,2010-10-16,0.28,0.352005
9,7,2010,2010-10-24,0.27,0.27004585
9,7,2010,2010-11-01,0.2,0.22889157
9,7,2010,2010-11-09,0.23,0.1761918
9,7,2010,2010-11-17,0.23,0.21044745
9,7,2010,2010-11-25,0.21,0.22471714
9,7,2010,2010-12-03,0.16,0.21201946
9,7,2010,2010-12-11,0.22,0.16652581
9,7,2010,2010-12-19,0.23,0.21333355
9,7,2010,2010-12-27,0.23,0.22626838
9,7,2011,2011-07-04,0.2,0.18444309
9,7,2011,2011-07-12,0.2,0.1875943
9,7,2011,2011-07-20,0.2,0.20956424
9,7,2011,2011-07-28,0.19,0.20396811
9,7,2011,2011-08-05,0.22,0.1877492
9,7,2011,2011-08-13,0.2,0.21210912
9,7,2011,2011-08-21,0.23,0.20587085
9,7,2011,2011-08-29,0.24,0.22373274
9,7,2011,2011-09-06,0.26,0.23844066
9,7,2011,2011-09-14,0.25,0.26206842
9,7,2011,2011-09-22,0.26,0.2705717
9,7,2011,2011-09-30,0.24,0.25671577
9,7,2011,2011-10-08,0.25,0.24567348
9,7,2011,2011-10-16,0.21,0.26774722
9,7,2011,2011-10-24,0.19,0.2124276
9,7,2011,2011-11-01,0.21,0.18592556
9,7,2011,2011-11-09,0.21,0.18893509
9,7,2011,2011-11-17,0.19,0.21124378
9,7,2011,2011-11-25,0.2,0.20186363
9,7,2011,2011-12-03,0.2,0.20160732
9,7,2011,2011-12-11,0.22,0.19216637
9,7,2011,2011-12-19,0.2,0.22348933
9,7,2011,2011-12-27,0.17,0.21477535
9,7,2012,2012-07-03,0.2,0.19704996
9,7,2012,2012-07-11,0.2,0.19820262
9,7,2012,2012-07-19,0.18,0.19858982
9,7,2012,2012-07-27,0.19,0.18551788
9,7,2012,2012-08-04,0.21,0.18920769
9,7,2012,2012-08-12,0.21,0.21229932
9,7,2012,2012-08-20,0.2,0.21251225
9,7,2012,2012-08-28,0.21,0.20838624
9,7,2012,2012-09-05,0.29,0.21383741
9,7,2012,2012-09-13,0.31,0.27897224
9,7,2012,2012-09-21,0.22,0.29925606
9,7,2012,2012-09-29,0.19,0.23088178
9,7,2012,2012-10-07,0.21,0.1814385
9,7,2012,2012-10-15,0.19,0.19737472
9,7,2012,2012-10-23,0.22,0.1902331
9,7,2012,2012-10-31,0.2,0.20808956
9,7,2012,2012-11-08,0.17,0.20204423
9,7,2012,2012-11-16,0.23,0.18172026
9,7,2012,2012-11-24,0.2,0.21475703
9,7,2012,2012-12-02,0.22,0.20512095
9,7,2012,2012-12-10,0.31,0.2171211
9,7,2012,2012-12-18,0.21,0.28655413
9,7,2012,2012-12-26,0.26,0.22268233
9,8,2001,2001-07-04,0.11,0.11762914
9,8,2001,2001-07-12,0.11,0.13718829
9,8,2001,2001-07-20,0.1,0.14194354
9,8,2001,2001-07-28,0.14,0.13188258
9,8,2001,2001-08-05,0.13,0.16915613
9,8,2001,2001-08-13,0.19,0.15800488
9,8,2001,2001-08-21,0.19,0.20841391
9,8,2001,2001-08-29,0.25,0.22201495
9,8,2001,2001-09-06,0.39,0.30793753
9,8,2001,2001-09-14,0.4,0.3916118
9,8,2001,2001-09-22,0.5,0.41086012
9,8,2001,2001-09-30,0.4,0.5051439
9,8,2001,2001-10-08,0.3,0.38865525
9,8,2001,2001-10-16,0.19,0.22110714
9,8,2001,2001-10-24,0.15,0.12543696
9,8,2001,2001-11-01,0.1,0.11822519
9,8,2001,2001-11-09,0.15,0.1070794
9,8,2001,2001-11-17,0.1,0.14820513
9,8,2001,2001-11-25,0.11,0.12599283
9,8,2001,2001-12-03,0.12,0.13861045
9,8,2001,2001-12-11,0.11,0.14208856
9,8,2001,2001-12-19,0.1,0.14172927
9,8,2001,2001-12-27,0.06,0.13469434
9,8,2002,2002-07-04,0.18,0.18433702
9,8,2002,2002-07-12,0.17,0.15470569
9,8,2002,2002-07-20,0.16,0.15859753
9,8,2002,2002-07-28,0.15,0.16476429
9,8,2002,2002-08-05,0.15,0.16778535
9,8,2002,2002-08-13,0.19,0.16626748
9,8,2002,2002-08-21,0.19,0.20929289
9,8,2002,2002-08-29,0.16,0.21220976
9,8,2002,2002-09-06,0.19,0.19801545
9,8,2002,2002-09-14,0.29,0.2410207
9,8,2002,2002-09-22,0.49,0.31897247
9,8,2002,2002-09-30,0.48,0.50020885
9,8,2002,2002-10-08,0.51,0.46453214
9,8,2002,2002-10-16,0.38,0.43330228
9,8,2002,2002-10-24,0.22,0.2922446
9,8,2002,2002-11-01,0.14,0.16407296
9,8,2002,2002-11-09,0.12,0.101013094
9,8,2002,2002-11-17,0.15,0.11871062
9,8,2002,2002-11-25,0.12,0.1508806
9,8,2002,2002-12-03,0.14,0.14356707
9,8,2002,2002-12-11,0.1,0.15809256
9,8,2002,2002-12-19,0.12,0.12926525
9,8,2002,2002-12-27,0.11,0.13854659
9,8,2003,2003-07-04,0.24,0.15884238
9,8,2003,2003-07-12,0.23,0.18956086
9,8,2003,2003-07-20,0.19,0.20966016
9,8,2003,2003-07-28,0.2,0.19905679
9,8,2003,2003-08-05,0.18,0.19365984
9,8,2003,2003-08-13,0.17,0.18471846
9,8,2003,2003-08-21,0.19,0.1875539
9,8,2003,2003-08-29,0.19,0.19974087
9,8,2003,2003-09-06,0.25,0.19711255
9,8,2003,2003-09-14,0.28,0.2425712
9,8,2003,2003-09-22,0.51,0.29091135
9,8,2003,2003-09-30,0.54,0.50280845
9,8,2003,2003-10-08,0.5,0.52636075
9,8,2003,2003-10-16,0.57,0.48680043
9,8,2003,2003-10-24,0.31,0.4776321
9,8,2003,2003-11-01,0.26,0.2701613
9,8,2003,2003-11-09,0.14,0.18091512
9,8,2003,2003-11-17,0.14,0.112696335
9,8,2003,2003-11-25,0.16,0.14045712
9,8,2003,2003-12-03,0.08,0.15858492
9,8,2003,2003-12-11,0.15,0.124641895
9,8,2003,2003-12-19,0.1,0.15088132
9,8,2003,2003-12-27,0.1,0.13076457
9,8,2004,2004-07-03,0.29,0.191997
9,8,2004,2004-07-11,0.27,0.25074887
9,8,2004,2004-07-19,0.29,0.26979798
9,8,2004,2004-07-27,0.27,0.27359372
9,8,2004,2004-08-04,0.21,0.25852925
9,8,2004,2004-08-12,0.25,0.21329862
9,8,2004,2004-08-20,0.22,0.23231313
9,8,2004,2004-08-28,0.29,0.22587441
9,8,2004,2004-09-05,0.35,0.27949318
9,8,2004,2004-09-13,0.43,0.34104434
9,8,2004,2004-09-21,0.53,0.41226748
9,8,2004,2004-09-29,0.58,0.5305997
9,8,2004,2004-10-07,0.51,0.56132543
9,8,2004,2004-10-15,0.32,0.48110315
9,8,2004,2004-10-23,0.29,0.30962196
9,8,2004,2004-10-31,0.2,0.20071632
9,8,2004,2004-11-08,0.24,0.15358582
9,8,2004,2004-11-16,0.19,0.18656856
9,8,2004,2004-11-24,0.22,0.18233366
9,8,2004,2004-12-02,0.19,0.21867767
9,8,2004,2004-12-10,0.16,0.18782443
9,8,2004,2004-12-18,0.19,0.1805517
9,8,2004,2004-12-26,0.18,0.18867642
9,8,2005,2005-07-04,0.37,0.3850063
9,8,2005,2005-07-12,0.3,0.33783534
9,8,2005,2005-07-20,0.29,0.2811615
9,8,2005,2005-07-28,0.23,0.27520195
9,8,2005,2005-08-05,0.24,0.23447731
9,8,2005,2005-08-13,0.27,0.23106472
9,8,2005,2005-08-21,0.23,0.27014822
9,8,2005,2005-08-29,0.26,0.24693014
9,8,2005,2005-09-06,0.23,0.27869713
9,8,2005,2005-09-14,0.24,0.26960722
9,8,2005,2005-09-22,0.35,0.2908803
9,8,2005,2005-09-30,0.44,0.3919844
9,8,2005,2005-10-08,0.56,0.473334
9,8,2005,2005-10-16,0.54,0.5408555
9,8,2005,2005-10-24,0.59,0.47514108
9,8,2005,2005-11-01,0.37,0.49771515
9,8,2005,2005-11-09,0.28,0.31465963
9,8,2005,2005-11-17,0.27,0.23389183
9,8,2005,2005-11-25,0.22,0.21756291
9,8,2005,2005-12-03,0.2,0.22269982
9,8,2005,2005-12-11,0.21,0.20760603
9,8,2005,2005-12-19,0.21,0.21124002
9,8,2005,2005-12-27,0.21,0.22603683
9,8,2006,2006-07-04,0.32,0.31777057
9,8,2006,2006-07-12,0.31,0.269328
9,8,2006,2006-07-20,0.25,0.2626703
9,8,2006,2006-07-28,0.22,0.2395626
9,8,2006,2006-08-05,0.23,0.20892201
9,8,2006,2006-08-13,0.24,0.22609243
9,8,2006,2006-08-21,0.24,0.25478
9,8,2006,2006-08-29,0.28,0.25213373
9,8,2006,2006-09-06,0.33,0.28500476
9,8,2006,2006-09-14,0.38,0.31960905
9,8,2006,2006-09-22,0.55,0.36315605
9,8,2006,2006-09-30,0.58,0.519308
9,8,2006,2006-10-08,0.56,0.5578297
9,8,2006,2006-10-16,0.39,0.5486531
9,8,2006,2006-10-24,0.36,0.37671322
9,8,2006,2006-11-01,0.24,0.31996682
9,8,2006,2006-11-09,0.23,0.18930075
9,8,2006,2006-11-17,0.2,0.17995515
9,8,2006,2006-11-25,0.19,0.18429284
9,8,2006,2006-12-03,0.17,0.197581
9,8,2006,2006-12-11,0.15,0.18698137
9,8,2006,2006-12-19,0.19,0.18050522
9,8,2006,2006-12-27,0.18,0.21291924
9,8,2007,2007-07-04,0.22,0.3049311
9,8,2007,2007-07-12,0.24,0.18389776
9,8,2007,2007-07-20,0.23,0.2081397
9,8,2007,2007-07-28,0.21,0.21011645
9,8,2007,2007-08-05,0.21,0.21693851
9,8,2007,2007-08-13,0.22,0.22090775
9,8,2007,2007-08-21,0.22,0.23827502
9,8,2007,2007-08-29,0.24,0.2422263
9,8,2007,2007-09-06,0.25,0.26469743
9,8,2007,2007-09-14,0.32,0.2827506
9,8,2007,2007-09-22,0.51,0.34478703
9,8,2007,2007-09-30,0.57,0.53451985
9,8,2007,2007-10-08,0.64,0.57164437
9,8,2007,2007-10-16,0.51,0.5955175
9,8,2007,2007-10-24,0.25,0.42617372
9,8,2007,2007-11-01,0.28,0.18737268
9,8,2007,2007-11-09,0.17,0.17205752
9,8,2007,2007-11-17,0.22,0.1488007
9,8,2007,2007-11-25,0.18,0.21063307
9,8,2007,2007-12-03,0.18,0.1951387
9,8,2007,2007-12-11,0.18,0.19908771
9,8,2007,2007-12-19,0.09,0.19436848
9,8,2007,2007-12-27,0.09,0.14457616
9,8,2008,2008-07-03,0.22,0.21671933
9,8,2008,2008-07-11,0.21,0.1949538
9,8,2008,2008-07-19,0.22,0.2051093
9,8,2008,2008-07-27,0.22,0.22114149
9,8,2008,2008-08-04,0.19,0.23091869
9,8,2008,2008-08-12,0.19,0.20984337
9,8,2008,2008-08-20,0.24,0.20897752
9,8,2008,2008-08-28,0.28,0.24815428
9,8,2008,2008-09-05,0.44,0.29021543
9,8,2008,2008-09-13,0.44,0.4157386
9,8,2008,2008-09-21,0.5,0.43354622
9,8,2008,2008-09-29,0.52,0.50315803
9,8,2008,2008-10-07,0.51,0.5096445
9,8,2008,2008-10-15,0.33,0.49892205
9,8,2008,2008-10-23,0.27,0.30659792
9,8,2008,2008-10-31,0.24,0.17326933
9,8,2008,2008-11-08,0.23,0.18055883
9,8,2008,2008-11-16,0.17,0.19838014
9,8,2008,2008-11-24,0.17,0.1878202
9,8,2008,2008-12-02,0.2,0.1812815
9,8,2008,2008-12-10,0.15,0.21001087
9,8,2008,2008-12-18,0.17,0.18457754
9,8,2008,2008-12-26,0.18,0.17379631
9,8,2009,2009-07-04,0.18,0.19491038
9,8,2009,2009-07-12,0.22,0.18232337
9,8,2009,2009-07-20,0.22,0.21783172
9,8,2009,2009-07-28,0.19,0.23168889
9,8,2009,2009-08-05,0.2,0.21726106
9,8,2009,2009-08-13,0.21,0.20979476
9,8,2009,2009-08-21,0.21,0.2193915
9,8,2009,2009-08-29,0.29,0.2354899
9,8,2009,2009-09-06,0.42,0.30224013
9,8,2009,2009-09-14,0.47,0.4389885
9,8,2009,2009-09-22,0.44,0.47568843
9,8,2009,2009-09-30,0.58,0.44522217
9,8,2009,2009-10-08,0.55,0.534043
9,8,2009,2009-10-16,0.41,0.51161253
9,8,2009,2009-10-24,0.27,0.35558996
9,8,2009,2009-11-01,0.26,0.20146859
9,8,2009,2009-11-09,0.21,0.19649199
9,8,2009,2009-11-17,0.13,0.19896762
9,8,2009,2009-11-25,0.19,0.1497084
9,8,2009,2009-12-03,0.14,0.18682432
9,8,2009,2009-12-11,0.15,0.1771307
9,8,2009,2009-12-19,0.14,0.17598483
9,8,2009,2009-12-27,0.1,0.16948739
9,8,2010,2010-07-04,0.38,0.4944001
9,8,2010,2010-07-12,0.54,0.35085735
9,8,2010,2010-07-20,0.35,0.43815285
9,8,2010,2010-07-28,0.29,0.32196754
9,8,2010,2010-08-05,0.3,0.2577402
9,8,2010,2010-08-13,0.22,0.24645251
9,8,2010,2010-08-21,0.19,0.22059393
9,8,2010,2010-08-29,0.24,0.19538611
9,8,2010,2010-09-06,0.22,0.24462557
9,8,2010,2010-09-14,0.23,0.27225626
9,8,2010,2010-09-22,0.22,0.28369382
9,8,2010,2010-09-30,0.31,0.25615025
9,8,2010,2010-10-08,0.49,0.345108
9,8,2010,2010-10-16,0.51,0.4795355
9,8,2010,2010-10-24,0.59,0.47708344
9,8,2010,2010-11-01,0.56,0.49268055
9,8,2010,2010-11-09,0.43,0.46913478
9,8,2010,2010-11-17,0.38,0.36744547
9,8,2010,2010-11-25,0.31,0.29130217
9,8,2010,2010-12-03,0.17,0.25810724
9,8,2010,2010-12-11,0.15,0.16785552
9,8,2010,2010-12-19,0.12,0.14482746
9,8,2010,2010-12-27,0.14,0.13109419
9,8,2011,2011-07-04,0.3,0.32838255
9,8,2011,2011-07-12,0.28,0.23907214
9,8,2011,2011-07-20,0.22,0.2643637
9,8,2011,2011-07-28,0.22,0.21554466
9,8,2011,2011-08-05,0.22,0.20334177
9,8,2011,2011-08-13,0.24,0.22153166
9,8,2011,2011-08-21,0.24,0.2404548
9,8,2011,2011-08-29,0.19,0.23957422
9,8,2011,2011-09-06,0.2,0.21681888
9,8,2011,2011-09-14,0.22,0.21706636
9,8,2011,2011-09-22,0.4,0.23796627
9,8,2011,2011-09-30,0.52,0.38534582
9,8,2011,2011-10-08,0.59,0.5056008
9,8,2011,2011-10-16,0.46,0.5872252
9,8,2011,2011-10-24,0.43,0.46384558
9,8,2011,2011-11-01,0.4,0.4032276
9,8,2011,2011-11-09,0.33,0.35532278
9,8,2011,2011-11-17,0.29,0.28217238
9,8,2011,2011-11-25,0.2,0.24159423
9,8,2011,2011-12-03,0.2,0.18074761
9,8,2011,2011-12-11,0.13,0.16761033
9,8,2011,2011-12-19,0.15,0.13686496
9,8,2011,2011-12-27,0.14,0.16011877
9,8,2012,2012-07-03,0.21,0.19111711
9,8,2012,2012-07-11,0.24,0.1850815
9,8,2012,2012-07-19,0.21,0.22532877
9,8,2012,2012-07-27,0.21,0.21241131
9,8,2012,2012-08-04,0.2,0.21179576
9,8,2012,2012-08-12,0.22,0.20671332
9,8,2012,2012-08-20,0.18,0.22882582
9,8,2012,2012-08-28,0.18,0.20508876
9,8,2012,2012-09-05,0.28,0.18882808
9,8,2012,2012-09-13,0.49,0.2584148
9,8,2012,2012-09-21,0.43,0.43334025
9,8,2012,2012-09-29,0.5,0.4477697
9,8,2012,2012-10-07,0.5,0.49678588
9,8,2012,2012-10-15,0.49,0.4917966
9,8,2012,2012-10-23,0.34,0.4467544
9,8,2012,2012-10-31,0.26,0.31031564
9,8,2012,2012-11-08,0.23,0.22583288
9,8,2012,2012-11-16,0.23,0.19809046
9,8,2012,2012-11-24,0.18,0.21312419
9,8,2012,2012-12-02,0.19,0.17902756
9,8,2012,2012-12-10,0.19,0.18682301
9,8,2012,2012-12-18,0.18,0.18189009
9,8,2012,2012-12-26,0.24,0.18743409
10,0,2001,2001-07-04,0.04,0.06338093
10,0,2001,2001-07-12,0.0,0.07991168
10,0,2001,2001-07-20,0.0,0.027472705
10,0,2001,2001-07-28,0.0,0.022528946
10,0,2001,2001-08-05,0.0,0.028357059
10,0,2001,2001-08-13,0.0,0.021760046
10,0,2001,2001-08-21,0.01,0.020540327
10,0,2001,2001-08-29,0.03,0.03633842
10,0,2001,2001-09-06,0.06,0.054957062
10,0,2001,2001-09-14,0.07,0.07519305
10,0,2001,2001-09-22,0.2,0.116928756
10,0,2001,2001-09-30,0.35,0.28302735
10,0,2001,2001-10-08,0.31,0.4076107
10,0,2001,2001-10-16,0.36,0.36095932
10,0,2001,2001-10-24,0.29,0.35344607
10,0,2001,2001-11-01,0.29,0.28039896
10,0,2001,2001-11-09,0.26,0.27013752
10,0,2001,2001-11-17,0.22,0.22653565
10,0,2001,2001-11-25,0.17,0.22131515
10,0,2001,2001-12-03,0.09,0.16955917
10,0,2001,2001-12-11,0.16,0.08010718
10,0,2001,2001-12-19,0.13,0.14725852
10,0,2001,2001-12-27,0.04,0.1301922
10,0,2002,2002-07-04,0.01,0.045226485
10,0,2002,2002-07-12,0.04,0.03851527
10,0,2002,2002-07-20,0.0,0.049922854
10,0,2002,2002-07-28,0.01,0.020069271
10,0,2002,2002-08-05,0.0,0.02559629
10,0,2002,2002-08-13,0.0,0.018237263
10,0,2002,2002-08-21,0.0,0.02024892
10,0,2002,2002-08-29,0.0,0.021995991
10,0,2002,2002-09-06,0.01,0.027496934
10,0,2002,2002-09-14,0.04,0.042228043
10,0,2002,2002-09-22,0.14,0.06827247
10,0,2002,2002-09-30,0.17,0.18632367
10,0,2002,2002-10-08,0.32,0.25090313
10,0,2002,2002-10-16,0.28,0.35061336
10,0,2002,2002-10-24,0.3,0.3128001
10,0,2002,2002-11-01,0.24,0.2810465
10,0,2002,2002-11-09,0.22,0.21528804
10,0,2002,2002-11-17,0.25,0.19034305
10,0,2002,2002-11-25,0.26,0.21034172
10,0,2002,2002-12-03,0.22,0.22510189
10,0,2002,2002-12-11,0.14,0.1812848
10,0,2002,2002-12-19,0.12,0.13052225
10,0,2002,2002-12-27,0.07,0.106445625
10,0,2003,2003-07-04,0.02,0.043495387
10,0,2003,2003-07-12,0.05,0.039724767
10,0,2003,2003-07-20,0.02,0.06840116
10,0,2003,2003-07-28,0.03,0.038784474
10,0,2003,2003-08-05,0.01,0.044609934
10,0,2003,2003-08-13,0.02,0.026048869
10,0,2003,2003-08-21,0.0,0.03525603
10,0,2003,2003-08-29,0.01,0.020139903
10,0,2003,2003-09-06,0.03,0.027804166
10,0,2003,2003-09-14,0.06,0.046213955
10,0,2003,2003-09-22,0.05,0.08118352
10,0,2003,2003-09-30,0.19,0.09894782
10,0,2003,2003-10-08,0.25,0.21971318
10,0,2003,2003-10-16,0.19,0.3097502
10,0,2003,2003-10-24,0.26,0.24039152
10,0,2003,2003-11-01,0.2,0.25686577
10,0,2003,2003-11-09,0.13,0.19401169
10,0,2003,2003-11-17,0.15,0.12935701
10,0,2003,2003-11-25,0.18,0.14226072
10,0,2003,2003-12-03,0.1,0.18963617
10,0,2003,2003-12-11,0.1,0.12834215
10,0,2003,2003-12-19,0.07,0.09225327
10,0,2003,2003-12-27,0.01,0.070239246
10,0,2004,2004-07-03,0.01,0.032424927
10,0,2004,2004-07-11,0.04,0.031552047
10,0,2004,2004-07-19,0.01,0.06436765
10,0,2004,2004-07-27,0.0,0.036592513
10,0,2004,2004-08-04,0.0,0.026661605
10,0,2004,2004-08-12,0.01,0.019369215
10,0,2004,2004-08-20,0.01,0.032381177
10,0,2004,2004-08-28,0.01,0.029534847
10,0,2004,2004-09-05,0.1,0.032138854
10,0,2004,2004-09-13,0.17,0.10844654
10,0,2004,2004-09-21,0.22,0.18242365
10,0,2004,2004-09-29,0.22,0.22437033
10,0,2004,2004-10-07,0.24,0.24718484
10,0,2004,2004-10-15,0.18,0.26239067
10,0,2004,2004-10-23,0.17,0.1858621
10,0,2004,2004-10-31,0.16,0.17223614
10,0,2004,2004-11-08,0.17,0.15136972
10,0,2004,2004-11-16,0.12,0.15053855
10,0,2004,2004-11-24,0.05,0.12134269
10,0,2004,2004-12-02,0.08,0.07670936
10,0,2004,2004-12-10,0.0,0.076823145
10,0,2004,2004-12-18,0.01,0.02958873
10,0,2004,2004-12-26,0.01,0.030093968
10,0,2005,2005-07-04,0.0,0.024837285
10,0,2005,2005-07-12,0.02,0.01756543
10,0,2005,2005-07-20,0.08,0.04193756
10,0,2005,2005-07-28,0.0,0.08366597
10,0,2005,2005-08-05,0.0,0.020969301
10,0,2005,2005-08-13,0.0,0.01072064
10,0,2005,2005-08-21,0.0,0.012114793
10,0,2005,2005-08-29,0.01,0.019017726
10,0,2005,2005-09-06,0.01,0.026646137
10,0,2005,2005-09-14,0.03,0.049458712
10,0,2005,2005-09-22,0.01,0.08158654
10,0,2005,2005-09-30,0.09,0.07227424
10,0,2005,2005-10-08,0.15,0.1275337
10,0,2005,2005-10-16,0.18,0.18202953
10,0,2005,2005-10-24,0.3,0.19012564
10,0,2005,2005-11-01,0.26,0.27825305
10,0,2005,2005-11-09,0.21,0.24317007
10,0,2005,2005-11-17,0.29,0.184851
10,0,2005,2005-11-25,0.24,0.22389993
10,0,2005,2005-12-03,0.19,0.18560156
10,0,2005,2005-12-11,0.15,0.15001902
10,0,2005,2005-12-19,0.12,0.09548789
10,0,2005,2005-12-27,0.12,0.08379871
10,0,2006,2006-07-04,0.03,0.039146572
10,0,2006,2006-07-12,0.0,0.044172645
10,0,2006,2006-07-20,0.0,0.025577635
10,0,2006,2006-07-28,0.0,0.036707252
10,0,2006,2006-08-05,0.0,0.017571658
10,0,2006,2006-08-13,0.05,0.01743573
10,0,2006,2006-08-21,0.02,0.056022257
10,0,2006,2006-08-29,0.03,0.039978206
10,0,2006,2006-09-06,0.03,0.04628274
10,0,2006,2006-09-14,0.04,0.043792307
10,0,2006,2006-09-22,0.16,0.058226198
10,0,2006,2006-09-30,0.1,0.15067022
10,0,2006,2006-10-08,0.21,0.13170943
10,0,2006,2006-10-16,0.24,0.22442225
10,0,2006,2006-10-24,0.27,0.25134116
10,0,2006,2006-11-01,0.18,0.30059376
10,0,2006,2006-11-09,0.18,0.19834787
10,0,2006,2006-11-17,0.17,0.1545993
10,0,2006,2006-11-25,0.11,0.16723713
10,0,2006,2006-12-03,0.08,0.12571038
10,0,2006,2006-12-11,0.08,0.08273432
10,0,2006,2006-12-19,0.13,0.077020735
10,0,2006,2006-12-27,0.02,0.1240741
10,0,2007,2007-07-04,0.0,0.04585585
10,0,2007,2007-07-12,0.0,0.03209272
10,0,2007,2007-07-20,0.0,0.021707326
10,0,2007,2007-07-28,0.01,0.021552414
10,0,2007,2007-08-05,0.01,0.031116337
10,0,2007,2007-08-13,0.01,0.033024162
10,0,2007,2007-08-21,0.01,0.045074433
10,0,2007,2007-08-29,0.08,0.03720966
10,0,2007,2007-09-06,0.06,0.09428677
10,0,2007,2007-09-14,0.05,0.0839082
10,0,2007,2007-09-22,0.13,0.07498321
10,0,2007,2007-09-30,0.09,0.16373184
10,0,2007,2007-10-08,0.22,0.12652868
10,0,2007,2007-10-16,0.3,0.24910289
10,0,2007,2007-10-24,0.19,0.3228634
10,0,2007,2007-11-01,0.17,0.24286588
10,0,2007,2007-11-09,0.17,0.15378724
10,0,2007,2007-11-17,0.2,0.1471024
10,0,2007,2007-11-25,0.2,0.19204012
10,0,2007,2007-12-03,0.11,0.1895613
10,0,2007,2007-12-11,0.13,0.11111826
10,0,2007,2007-12-19,0.07,0.114981145
10,0,2007,2007-12-27,0.01,0.092051
10,0,2008,2008-07-03,0.02,0.053553253
10,0,2008,2008-07-11,0.0,0.040720493
10,0,2008,2008-07-19,0.01,0.026723087
10,0,2008,2008-07-27,0.02,0.031521708
10,0,2008,2008-08-04,0.02,0.044219643
10,0,2008,2008-08-12,0.02,0.046805084
10,0,2008,2008-08-20,0.06,0.045729637
10,0,2008,2008-08-28,0.01,0.07664117
10,0,2008,2008-09-05,0.05,0.058160037
10,0,2008,2008-09-13,0.13,0.079024225
10,0,2008,2008-09-21,0.04,0.14152528
10,0,2008,2008-09-29,0.18,0.09948945
10,0,2008,2008-10-07,0.18,0.18823622
10,0,2008,2008-10-15,0.27,0.2260826
10,0,2008,2008-10-23,0.25,0.32378274
10,0,2008,2008-10-31,0.32,0.267169
10,0,2008,2008-11-08,0.25,0.2976502
10,0,2008,2008-11-16,0.3,0.24192324
10,0,2008,2008-11-24,0.18,0.28512102
10,0,2008,2008-12-02,0.21,0.19132316
10,0,2008,2008-12-10,0.21,0.17770833
10,0,2008,2008-12-18,0.2,0.18821639
10,0,2008,2008-12-26,0.15,0.1879024
10,0,2009,2009-07-04,0.0,0.037229687
10,0,2009,2009-07-12,0.0,0.027094692
10,0,2009,2009-07-20,0.01,0.020854354
10,0,2009,2009-07-28,0.0,0.03124109
10,0,2009,2009-08-05,0.01,0.028480917
10,0,2009,2009-08-13,0.01,0.03548193
10,0,2009,2009-08-21,0.01,0.03514704
10,0,2009,2009-08-29,0.06,0.044964552
10,0,2009,2009-09-06,0.08,0.07112828
10,0,2009,2009-09-14,0.09,0.100381345
10,0,2009,2009-09-22,0.14,0.12904091
10,0,2009,2009-09-30,0.12,0.14219266
10,0,2009,2009-10-08,0.2,0.15757662
10,0,2009,2009-10-16,0.26,0.21724743
10,0,2009,2009-10-24,0.18,0.2888071
10,0,2009,2009-11-01,0.22,0.21522601
10,0,2009,2009-11-09,0.18,0.22770101
10,0,2009,2009-11-17,0.17,0.17821044
10,0,2009,2009-11-25,0.13,0.18132874
10,0,2009,2009-12-03,0.12,0.12029418
10,0,2009,2009-12-11,0.07,0.12265684
10,0,2009,2009-12-19,0.05,0.09274408
10,0,2009,2009-12-27,0.02,0.07917923
10,0,2010,2010-07-04,0.03,0.028218895
10,0,2010,2010-07-12,0.0,0.04858336
10,0,2010,2010-07-20,0.0,0.028255135
10,0,2010,2010-07-28,0.0,0.028040826
10,0,2010,2010-08-05,0.0,0.02391088
10,0,2010,2010-08-13,0.03,0.028244048
10,0,2010,2010-08-21,0.01,0.052019864
10,0,2010,2010-08-29,0.04,0.039215654
10,0,2010,2010-09-06,0.12,0.07305148
10,0,2010,2010-09-14,0.06,0.14523478
10,0,2010,2010-09-22,0.06,0.10684535
10,0,2010,2010-09-30,0.14,0.101465166
10,0,2010,2010-10-08,0.22,0.1548196
10,0,2010,2010-10-16,0.18,0.256739
10,0,2010,2010-10-24,0.29,0.2403818
10,0,2010,2010-11-01,0.28,0.28530833
10,0,2010,2010-11-09,0.22,0.28568518
10,0,2010,2010-11-17,0.19,0.22430333
10,0,2010,2010-11-25,0.19,0.17391208
10,0,2010,2010-12-03,0.17,0.16731559
10,0,2010,2010-12-11,0.1,0.163571
10,0,2010,2010-12-19,0.12,0.10193561
10,0,2010,2010-12-27,0.06,0.10746412
10,0,2011,2011-07-04,0.01,0.030956686
10,0,2011,2011-07-12,0.03,0.03924051
10,0,2011,2011-07-20,0.0,0.05064711
10,0,2011,2011-07-28,0.0,0.027167171
10,0,2011,2011-08-05,0.01,0.02384904
10,0,2011,2011-08-13,0.04,0.03129357
10,0,2011,2011-08-21,0.04,0.06645143
10,0,2011,2011-08-29,0.01,0.06437144
10,0,2011,2011-09-06,0.01,0.04551378
10,0,2011,2011-09-14,0.06,0.059257954
10,0,2011,2011-09-22,0.13,0.08510223
10,0,2011,2011-09-30,0.15,0.14806949
10,0,2011,2011-10-08,0.18,0.19028044
10,0,2011,2011-10-16,0.26,0.2312727
10,0,2011,2011-10-24,0.33,0.27724206
10,0,2011,2011-11-01,0.32,0.36088005
10,0,2011,2011-11-09,0.31,0.34436768
10,0,2011,2011-11-17,0.22,0.29537886
10,0,2011,2011-11-25,0.22,0.1979091
10,0,2011,2011-12-03,0.2,0.19159356
10,0,2011,2011-12-11,0.17,0.1848174
10,0,2011,2011-12-19,0.14,0.15715545
10,0,2011,2011-12-27,0.04,0.13704664
10,0,2012,2012-07-03,0.03,0.025156975
10,0,2012,2012-07-11,0.01,0.052997798
10,0,2012,2012-07-19,0.0,0.044858426
10,0,2012,2012-07-27,0.0,0.027821451
10,0,2012,2012-08-04,0.0,0.024067014
10,0,2012,2012-08-12,0.0,0.028062403
10,0,2012,2012-08-20,0.01,0.037278563
10,0,2012,2012-08-28,0.01,0.045149505
10,0,2012,2012-09-05,0.03,0.037632853
10,0,2012,2012-09-13,0.14,0.052462816
10,0,2012,2012-09-21,0.14,0.16115189
10,0,2012,2012-09-29,0.22,0.19011763
10,0,2012,2012-10-07,0.22,0.25426304
10,0,2012,2012-10-15,0.3,0.25111172
10,0,2012,2012-10-23,0.19,0.32855126
10,0,2012,2012-10-31,0.19,0.24878608
10,0,2012,2012-11-08,0.16,0.2098411
10,0,2012,2012-11-16,0.24,0.17154847
10,0,2012,2012-11-24,0.19,0.22813952
10,0,2012,2012-12-02,0.17,0.20298922
10,0,2012,2012-12-10,0.17,0.17897145
10,0,2012,2012-12-18,0.11,0.16631521
10,0,2012,2012-12-26,0.03,0.122252494
10,1,2001,2001-07-04,0.04,0.057953626
10,1,2001,2001-07-12,0.0,0.06733766
10,1,2001,2001-07-20,0.0,0.031076223
10,1,2001,2001-07-28,0.0,0.028441578
10,1,2001,2001-08-05,0.02,0.02608487
10,1,2001,2001-08-13,0.0,0.037228465
10,1,2001,2001-08-21,0.01,0.030302137
10,1,2001,2001-08-29,0.02,0.04934466
10,1,2001,2001-09-06,0.18,0.05930713
10,1,2001,2001-09-14,0.3,0.19016027
10,1,2001,2001-09-22,0.4,0.36461776
10,1,2001,2001-09-30,0.6,0.5005662
10,1,2001,2001-10-08,0.49,0.628647
10,1,2001,2001-10-16,0.56,0.5286087
10,1,2001,2001-10-24,0.44,0.5509376
10,1,2001,2001-11-01,0.45,0.38189912
10,1,2001,2001-11-09,0.45,0.40055954
10,1,2001,2001-11-17,0.36,0.3730482
10,1,2001,2001-11-25,0.29,0.33229247
10,1,2001,2001-12-03,0.21,0.21837886
10,1,2001,2001-12-11,0.24,0.14687172
10,1,2001,2001-12-19,0.17,0.19771352
10,1,2001,2001-12-27,0.06,0.15233096
10,1,2002,2002-07-04,0.0,0.04289499
10,1,2002,2002-07-12,0.01,0.02887103
10,1,2002,2002-07-20,0.0,0.02491033
10,1,2002,2002-07-28,0.01,0.016619176
10,1,2002,2002-08-05,0.0,0.025547862
10,1,2002,2002-08-13,0.01,0.02400428
10,1,2002,2002-08-21,0.01,0.02669552
10,1,2002,2002-08-29,0.0,0.028758049
10,1,2002,2002-09-06,0.03,0.024067014
10,1,2002,2002-09-14,0.14,0.085185766
10,1,2002,2002-09-22,0.28,0.20678854
10,1,2002,2002-09-30,0.37,0.34907725
10,1,2002,2002-10-08,0.53,0.45276552
10,1,2002,2002-10-16,0.47,0.5236729
10,1,2002,2002-10-24,0.45,0.46918467
10,1,2002,2002-11-01,0.29,0.38622612
10,1,2002,2002-11-09,0.3,0.23085296
10,1,2002,2002-11-17,0.33,0.23272404
10,1,2002,2002-11-25,0.34,0.26324922
10,1,2002,2002-12-03,0.28,0.287515
10,1,2002,2002-12-11,0.24,0.22542937
10,1,2002,2002-12-19,0.16,0.19816878
10,1,2002,2002-12-27,0.11,0.12802537
10,1,2003,2003-07-04,0.01,0.028880686
10,1,2003,2003-07-12,0.02,0.023297638
10,1,2003,2003-07-20,0.0,0.031585306
10,1,2003,2003-07-28,0.01,0.016187102
10,1,2003,2003-08-05,0.01,0.025067776
10,1,2003,2003-08-13,0.05,0.022624642
10,1,2003,2003-08-21,0.0,0.05805731
10,1,2003,2003-08-29,0.0,0.021504372
10,1,2003,2003-09-06,0.01,0.014679879
10,1,2003,2003-09-14,0.05,0.026824683
10,1,2003,2003-09-22,0.1,0.09062761
10,1,2003,2003-09-30,0.22,0.16867891
10,1,2003,2003-10-08,0.33,0.28707895
10,1,2003,2003-10-16,0.21,0.40448427
10,1,2003,2003-10-24,0.17,0.27223307
10,1,2003,2003-11-01,0.23,0.16708761
10,1,2003,2003-11-09,0.16,0.16785908
10,1,2003,2003-11-17,0.2,0.15335092
10,1,2003,2003-11-25,0.19,0.19805501
10,1,2003,2003-12-03,0.11,0.2002151
10,1,2003,2003-12-11,0.15,0.12639853
10,1,2003,2003-12-19,0.09,0.13341501
10,1,2003,2003-12-27,0.01,0.08555135
10,1,2004,2004-07-03,0.01,0.030013949
10,1,2004,2004-07-11,0.04,0.02755019
10,1,2004,2004-07-19,0.01,0.053844243
10,1,2004,2004-07-27,0.01,0.030343443
10,1,2004,2004-08-04,0.0,0.029393166
10,1,2004,2004-08-12,0.01,0.020374417
10,1,2004,2004-08-20,0.02,0.038907856
10,1,2004,2004-08-28,0.02,0.035214394
10,1,2004,2004-09-05,0.06,0.035646945
10,1,2004,2004-09-13,0.23,0.06814027
10,1,2004,2004-09-21,0.3,0.22552374
10,1,2004,2004-09-29,0.28,0.30695283
10,1,2004,2004-10-07,0.31,0.30930033
10,1,2004,2004-10-15,0.24,0.32460287
10,1,2004,2004-10-23,0.23,0.22332278
10,1,2004,2004-10-31,0.23,0.18160008
10,1,2004,2004-11-08,0.22,0.20041935
10,1,2004,2004-11-16,0.18,0.19539914
10,1,2004,2004-11-24,0.12,0.17186792
10,1,2004,2004-12-02,0.12,0.12041347
10,1,2004,2004-12-10,0.06,0.10073969
10,1,2004,2004-12-18,0.03,0.07408944
10,1,2004,2004-12-26,0.03,0.043999046
10,1,2005,2005-07-04,0.01,0.041418016
10,1,2005,2005-07-12,0.02,0.02638045
10,1,2005,2005-07-20,0.02,0.040405422
10,1,2005,2005-07-28,0.0,0.032163054
10,1,2005,2005-08-05,0.0,0.017229885
10,1,2005,2005-08-13,0.0,0.013161719
10,1,2005,2005-08-21,0.01,0.016999274
10,1,2005,2005-08-29,0.02,0.029038996
10,1,2005,2005-09-06,0.03,0.037383795
10,1,2005,2005-09-14,0.11,0.055217326
10,1,2005,2005-09-22,0.08,0.16715711
10,1,2005,2005-09-30,0.14,0.1541853
10,1,2005,2005-10-08,0.28,0.17416362
10,1,2005,2005-10-16,0.28,0.29146558
10,1,2005,2005-10-24,0.36,0.27722362
10,1,2005,2005-11-01,0.29,0.32031307
10,1,2005,2005-11-09,0.27,0.25146234
10,1,2005,2005-11-17,0.34,0.21905601
10,1,2005,2005-11-25,0.26,0.2658795
10,1,2005,2005-12-03,0.2,0.20514905
10,1,2005,2005-12-11,0.21,0.14771879
10,1,2005,2005-12-19,0.12,0.14105283
10,1,2005,2005-12-27,0.09,0.08481231
10,1,2006,2006-07-04,0.07,0.077783495
10,1,2006,2006-07-12,0.04,0.08281025
10,1,2006,2006-07-20,0.01,0.059009403
10,1,2006,2006-07-28,0.0,0.031336814
10,1,2006,2006-08-05,0.02,0.017161041
10,1,2006,2006-08-13,0.04,0.033266485
10,1,2006,2006-08-21,0.03,0.05272308
10,1,2006,2006-08-29,0.08,0.050465256
10,1,2006,2006-09-06,0.05,0.089060575
10,1,2006,2006-09-14,0.09,0.07085341
10,1,2006,2006-09-22,0.13,0.117373675
10,1,2006,2006-09-30,0.11,0.14035764
10,1,2006,2006-10-08,0.23,0.1403718
10,1,2006,2006-10-16,0.29,0.2643631
10,1,2006,2006-10-24,0.26,0.31483263
10,1,2006,2006-11-01,0.24,0.29611266
10,1,2006,2006-11-09,0.25,0.22830462
10,1,2006,2006-11-17,0.19,0.21802965
10,1,2006,2006-11-25,0.14,0.19515109
10,1,2006,2006-12-03,0.11,0.13638669
10,1,2006,2006-12-11,0.09,0.09621067
10,1,2006,2006-12-19,0.15,0.0953404
10,1,2006,2006-12-27,0.02,0.13461399
10,1,2007,2007-07-04,0.0,0.03527507
10,1,2007,2007-07-12,0.0,0.03375742
10,1,2007,2007-07-20,0.04,0.025977373
10,1,2007,2007-07-28,0.02,0.049898505
10,1,2007,2007-08-05,0.03,0.035811514
10,1,2007,2007-08-13,0.04,0.048041523
10,1,2007,2007-08-21,0.01,0.059769303
10,1,2007,2007-08-29,0.06,0.036398023
10,1,2007,2007-09-06,0.03,0.08291569
10,1,2007,2007-09-14,0.05,0.05546102
10,1,2007,2007-09-22,0.08,0.07765669
10,1,2007,2007-09-30,0.08,0.108295634
10,1,2007,2007-10-08,0.21,0.10783473
10,1,2007,2007-10-16,0.33,0.24176379
10,1,2007,2007-10-24,0.2,0.35980177
10,1,2007,2007-11-01,0.19,0.24555655
10,1,2007,2007-11-09,0.19,0.17146583
10,1,2007,2007-11-17,0.18,0.16766313
10,1,2007,2007-11-25,0.22,0.16895708
10,1,2007,2007-12-03,0.17,0.19124061
10,1,2007,2007-12-11,0.12,0.15413612
10,1,2007,2007-12-19,0.11,0.10933322
10,1,2007,2007-12-27,0.02,0.11267921
10,1,2008,2008-07-03,0.01,0.0435915
10,1,2008,2008-07-11,0.0,0.028592557
10,1,2008,2008-07-19,0.0,0.022762358
10,1,2008,2008-07-27,0.0,0.030257195
10,1,2008,2008-08-04,0.0,0.02720368
10,1,2008,2008-08-12,0.01,0.029120564
10,1,2008,2008-08-20,0.06,0.038086176
10,1,2008,2008-08-28,0.03,0.07029247
10,1,2008,2008-09-05,0.1,0.063489854
10,1,2008,2008-09-13,0.15,0.10661423
10,1,2008,2008-09-21,0.14,0.1537785
10,1,2008,2008-09-29,0.17,0.15907507
10,1,2008,2008-10-07,0.21,0.17248282
10,1,2008,2008-10-15,0.26,0.2320313
10,1,2008,2008-10-23,0.31,0.30253142
10,1,2008,2008-10-31,0.36,0.302969
10,1,2008,2008-11-08,0.32,0.32612354
10,1,2008,2008-11-16,0.36,0.29314333
10,1,2008,2008-11-24,0.23,0.31415102
10,1,2008,2008-12-02,0.25,0.22344922
10,1,2008,2008-12-10,0.25,0.20853716
10,1,2008,2008-12-18,0.26,0.20208788
10,1,2008,2008-12-26,0.24,0.22703522
10,1,2009,2009-07-04,0.01,0.04070607
10,1,2009,2009-07-12,0.02,0.030836195
10,1,2009,2009-07-20,0.01,0.036519617
10,1,2009,2009-07-28,0.01,0.028352827
10,1,2009,2009-08-05,0.01,0.029038727
10,1,2009,2009-08-13,0.02,0.028701067
10,1,2009,2009-08-21,0.02,0.03936094
10,1,2009,2009-08-29,0.1,0.05207345
10,1,2009,2009-09-06,0.12,0.10793249
10,1,2009,2009-09-14,0.14,0.14555214
10,1,2009,2009-09-22,0.2,0.17228484
10,1,2009,2009-09-30,0.19,0.20841825
10,1,2009,2009-10-08,0.22,0.20420033
10,1,2009,2009-10-16,0.29,0.22799781
10,1,2009,2009-10-24,0.25,0.29272375
10,1,2009,2009-11-01,0.3,0.27306098
10,1,2009,2009-11-09,0.22,0.3036598
10,1,2009,2009-11-17,0.2,0.22120285
10,1,2009,2009-11-25,0.21,0.1967358
10,1,2009,2009-12-03,0.17,0.17190027
10,1,2009,2009-12-11,0.13,0.16258864
10,1,2009,2009-12-19,0.09,0.13535327
10,1,2009,2009-12-27,0.03,0.10928419
10,1,2010,2010-07-04,0.01,0.040652484
10,1,2010,2010-07-12,0.01,0.032066107
10,1,2010,2010-07-20,0.01,0.03330338
10,1,2010,2010-07-28,0.02,0.029939026
10,1,2010,2010-08-05,0.02,0.038325995
10,1,2010,2010-08-13,0.03,0.039090693
10,1,2010,2010-08-21,0.01,0.049451917
10,1,2010,2010-08-29,0.02,0.03434369
10,1,2010,2010-09-06,0.07,0.058976144
10,1,2010,2010-09-14,0.08,0.10312235
10,1,2010,2010-09-22,0.06,0.11924067
10,1,2010,2010-09-30,0.16,0.1117779
10,1,2010,2010-10-08,0.42,0.18061624
10,1,2010,2010-10-16,0.18,0.4190922
10,1,2010,2010-10-24,0.3,0.26483747
10,1,2010,2010-11-01,0.25,0.26640916
10,1,2010,2010-11-09,0.27,0.23202321
10,1,2010,2010-11-17,0.23,0.24882206
10,1,2010,2010-11-25,0.16,0.20157257
10,1,2010,2010-12-03,0.19,0.15237653
10,1,2010,2010-12-11,0.15,0.1634045
10,1,2010,2010-12-19,0.1,0.13842519
10,1,2010,2010-12-27,0.06,0.09586409
10,1,2011,2011-07-04,0.02,0.027728885
10,1,2011,2011-07-12,0.02,0.039058477
10,1,2011,2011-07-20,0.06,0.040322453
10,1,2011,2011-07-28,0.0,0.07150641
10,1,2011,2011-08-05,0.0,0.029785365
10,1,2011,2011-08-13,0.01,0.023849666
10,1,2011,2011-08-21,0.01,0.03137335
10,1,2011,2011-08-29,0.04,0.03139913
10,1,2011,2011-09-06,0.04,0.05739793
10,1,2011,2011-09-14,0.09,0.07144144
10,1,2011,2011-09-22,0.14,0.114752784
10,1,2011,2011-09-30,0.17,0.15044092
10,1,2011,2011-10-08,0.25,0.20162737
10,1,2011,2011-10-16,0.3,0.33030614
10,1,2011,2011-10-24,0.35,0.30226305
10,1,2011,2011-11-01,0.39,0.3488532
10,1,2011,2011-11-09,0.36,0.3614227
10,1,2011,2011-11-17,0.26,0.33942345
10,1,2011,2011-11-25,0.23,0.22835088
10,1,2011,2011-12-03,0.27,0.17088616
10,1,2011,2011-12-11,0.2,0.22466974
10,1,2011,2011-12-19,0.17,0.18705292
10,1,2011,2011-12-27,0.07,0.14442179
10,1,2012,2012-07-03,0.03,0.020204574
10,1,2012,2012-07-11,0.0,0.051652938
10,1,2012,2012-07-19,0.01,0.029952943
10,1,2012,2012-07-27,0.0,0.04500422
10,1,2012,2012-08-04,0.0,0.022054017
10,1,2012,2012-08-12,0.0,0.022076994
10,1,2012,2012-08-20,0.01,0.023829192
10,1,2012,2012-08-28,0.01,0.034048438
10,1,2012,2012-09-05,0.01,0.041827112
10,1,2012,2012-09-13,0.12,0.041514605
10,1,2012,2012-09-21,0.09,0.14210874
10,1,2012,2012-09-29,0.19,0.13754088
10,1,2012,2012-10-07,0.22,0.21838057
10,1,2012,2012-10-15,0.33,0.25602815
10,1,2012,2012-10-23,0.2,0.35682735
10,1,2012,2012-10-31,0.19,0.25190282
10,1,2012,2012-11-08,0.16,0.20557489
10,1,2012,2012-11-16,0.25,0.16241044
10,1,2012,2012-11-24,0.17,0.22629735
10,1,2012,2012-12-02,0.16,0.17250857
10,1,2012,2012-12-10,0.13,0.16817498
10,1,2012,2012-12-18,0.07,0.12794197
10,1,2012,2012-12-26,0.0,0.084103644
10,2,2001,2001-07-04,0.02,0.0377644
10,2,2001,2001-07-12,0.0,0.045585096
10,2,2001,2001-07-20,0.01,0.029865414
10,2,2001,2001-07-28,0.0,0.034900993
10,2,2001,2001-08-05,0.01,0.034977436
10,2,2001,2001-08-13,0.01,0.03623876
10,2,2001,2001-08-21,0.03,0.04546842
10,2,2001,2001-08-29,0.13,0.09728791
10,2,2001,2001-09-06,0.33,0.18220758
10,2,2001,2001-09-14,0.32,0.32520914
10,2,2001,2001-09-22,0.44,0.40161878
10,2,2001,2001-09-30,0.44,0.48129404
10,2,2001,2001-10-08,0.43,0.46222344
10,2,2001,2001-10-16,0.46,0.40839663
10,2,2001,2001-10-24,0.38,0.44311297
10,2,2001,2001-11-01,0.38,0.37226
10,2,2001,2001-11-09,0.34,0.35953325
10,2,2001,2001-11-17,0.36,0.30505583
10,2,2001,2001-11-25,0.32,0.35372525
10,2,2001,2001-12-03,0.31,0.32050464
10,2,2001,2001-12-11,0.33,0.30335182
10,2,2001,2001-12-19,0.31,0.3202693
10,2,2001,2001-12-27,0.12,0.2665781
10,2,2002,2002-07-04,0.02,0.16059506
10,2,2002,2002-07-12,0.04,0.05213675
10,2,2002,2002-07-20,0.02,0.04340151
10,2,2002,2002-07-28,0.01,0.030496955
10,2,2002,2002-08-05,0.0,0.03032723
10,2,2002,2002-08-13,0.02,0.023302704
10,2,2002,2002-08-21,0.02,0.039075226
10,2,2002,2002-08-29,0.02,0.04624757
10,2,2002,2002-09-06,0.03,0.07093659
10,2,2002,2002-09-14,0.19,0.1255194
10,2,2002,2002-09-22,0.33,0.2522186
10,2,2002,2002-09-30,0.44,0.39808816
10,2,2002,2002-10-08,0.51,0.4751002
10,2,2002,2002-10-16,0.47,0.5031459
10,2,2002,2002-10-24,0.42,0.45471027
10,2,2002,2002-11-01,0.31,0.3651899
10,2,2002,2002-11-09,0.35,0.2541272
10,2,2002,2002-11-17,0.42,0.27935848
10,2,2002,2002-11-25,0.34,0.3763076
10,2,2002,2002-12-03,0.31,0.32470238
10,2,2002,2002-12-11,0.28,0.2724992
10,2,2002,2002-12-19,0.2,0.24616742
10,2,2002,2002-12-27,0.13,0.19085312
10,2,2003,2003-07-04,0.01,0.059526652
10,2,2003,2003-07-12,0.0,0.03129813
10,2,2003,2003-07-20,0.0,0.026895672
10,2,2003,2003-07-28,0.0,0.025042921
10,2,2003,2003-08-05,0.01,0.02602169
10,2,2003,2003-08-13,0.06,0.031833738
10,2,2003,2003-08-21,0.01,0.07901654
10,2,2003,2003-08-29,0.02,0.043794245
10,2,2003,2003-09-06,0.02,0.04569632
10,2,2003,2003-09-14,0.08,0.04490933
10,2,2003,2003-09-22,0.19,0.13970461
10,2,2003,2003-09-30,0.25,0.27214223
10,2,2003,2003-10-08,0.29,0.34585425
10,2,2003,2003-10-16,0.27,0.36745882
10,2,2003,2003-10-24,0.26,0.30797154
10,2,2003,2003-11-01,0.23,0.259187
10,2,2003,2003-11-09,0.21,0.20273617
10,2,2003,2003-11-17,0.22,0.20571153
10,2,2003,2003-11-25,0.29,0.2437991
10,2,2003,2003-12-03,0.17,0.29365462
10,2,2003,2003-12-11,0.19,0.19382334
10,2,2003,2003-12-19,0.13,0.17902249
10,2,2003,2003-12-27,0.03,0.12278865
10,2,2004,2004-07-03,0.0,0.032682568
10,2,2004,2004-07-11,0.02,0.028186709
10,2,2004,2004-07-19,0.01,0.04029864
10,2,2004,2004-07-27,0.0,0.035016507
10,2,2004,2004-08-04,0.0,0.027143687
10,2,2004,2004-08-12,0.01,0.027600199
10,2,2004,2004-08-20,0.07,0.047871858
10,2,2004,2004-08-28,0.09,0.08469388
10,2,2004,2004-09-05,0.15,0.10703027
10,2,2004,2004-09-13,0.28,0.15653338
10,2,2004,2004-09-21,0.32,0.28446382
10,2,2004,2004-09-29,0.32,0.35015535
10,2,2004,2004-10-07,0.31,0.3481943
10,2,2004,2004-10-15,0.28,0.3183037
10,2,2004,2004-10-23,0.21,0.27044195
10,2,2004,2004-10-31,0.23,0.20126978
10,2,2004,2004-11-08,0.29,0.20406231
10,2,2004,2004-11-16,0.23,0.2653185
10,2,2004,2004-11-24,0.22,0.23842949
10,2,2004,2004-12-02,0.21,0.23241134
10,2,2004,2004-12-10,0.19,0.19050899
10,2,2004,2004-12-18,0.11,0.18369274
10,2,2004,2004-12-26,0.09,0.112097055
10,2,2005,2005-07-04,0.04,0.06323999
10,2,2005,2005-07-12,0.06,0.05151552
10,2,2005,2005-07-20,0.03,0.07963267
10,2,2005,2005-07-28,0.01,0.047855616
10,2,2005,2005-08-05,0.0,0.02685231
10,2,2005,2005-08-13,0.0,0.018046796
10,2,2005,2005-08-21,0.01,0.024489135
10,2,2005,2005-08-29,0.05,0.051457435
10,2,2005,2005-09-06,0.06,0.09117666
10,2,2005,2005-09-14,0.11,0.112771004
10,2,2005,2005-09-22,0.15,0.1849069
10,2,2005,2005-09-30,0.18,0.21514973
10,2,2005,2005-10-08,0.31,0.22070499
10,2,2005,2005-10-16,0.35,0.31922382
10,2,2005,2005-10-24,0.37,0.33838108
10,2,2005,2005-11-01,0.32,0.31961653
10,2,2005,2005-11-09,0.31,0.26363188
10,2,2005,2005-11-17,0.35,0.26474026
10,2,2005,2005-11-25,0.33,0.28677633
10,2,2005,2005-12-03,0.3,0.27439743
10,2,2005,2005-12-11,0.31,0.24241665
10,2,2005,2005-12-19,0.22,0.24565196
10,2,2005,2005-12-27,0.11,0.15809232
10,2,2006,2006-07-04,0.03,0.05361393
10,2,2006,2006-07-12,0.02,0.05615458
10,2,2006,2006-07-20,0.02,0.053296626
10,2,2006,2006-07-28,0.01,0.046512783
10,2,2006,2006-08-05,0.05,0.033371598
10,2,2006,2006-08-13,0.07,0.061735004
10,2,2006,2006-08-21,0.02,0.08246142
10,2,2006,2006-08-29,0.11,0.049642354
10,2,2006,2006-09-06,0.14,0.123829365
10,2,2006,2006-09-14,0.18,0.15651295
10,2,2006,2006-09-22,0.25,0.20627554
10,2,2006,2006-09-30,0.24,0.26573893
10,2,2006,2006-10-08,0.29,0.262656
10,2,2006,2006-10-16,0.31,0.31935948
10,2,2006,2006-10-24,0.32,0.33549327
10,2,2006,2006-11-01,0.29,0.33620718
10,2,2006,2006-11-09,0.28,0.28115508
10,2,2006,2006-11-17,0.24,0.25870958
10,2,2006,2006-11-25,0.2,0.23764956
10,2,2006,2006-12-03,0.22,0.20330371
10,2,2006,2006-12-11,0.17,0.21038632
10,2,2006,2006-12-19,0.18,0.18479992
10,2,2006,2006-12-27,0.04,0.1726248
10,2,2007,2007-07-04,0.01,0.038010746
10,2,2007,2007-07-12,0.01,0.038990915
10,2,2007,2007-07-20,0.0,0.03919813
10,2,2007,2007-07-28,0.03,0.032214522
10,2,2007,2007-08-05,0.03,0.0522272
10,2,2007,2007-08-13,0.03,0.06486353
10,2,2007,2007-08-21,0.02,0.07092717
10,2,2007,2007-08-29,0.07,0.048226744
10,2,2007,2007-09-06,0.13,0.10761626
10,2,2007,2007-09-14,0.15,0.1696253
10,2,2007,2007-09-22,0.22,0.20080838
10,2,2007,2007-09-30,0.14,0.2657604
10,2,2007,2007-10-08,0.22,0.19350217
10,2,2007,2007-10-16,0.29,0.24539644
10,2,2007,2007-10-24,0.31,0.31044373
10,2,2007,2007-11-01,0.33,0.34078914
10,2,2007,2007-11-09,0.28,0.33140123
10,2,2007,2007-11-17,0.28,0.27640256
10,2,2007,2007-11-25,0.3,0.2559538
10,2,2007,2007-12-03,0.22,0.2678388
10,2,2007,2007-12-11,0.23,0.22192538
10,2,2007,2007-12-19,0.11,0.20923075
10,2,2007,2007-12-27,0.02,0.12376937
10,2,2008,2008-07-03,0.01,0.04148826
10,2,2008,2008-07-11,0.01,0.03882876
10,2,2008,2008-07-19,0.0,0.037823588
10,2,2008,2008-07-27,0.0,0.027776241
10,2,2008,2008-08-04,0.01,0.034550786
10,2,2008,2008-08-12,0.02,0.042497784
10,2,2008,2008-08-20,0.12,0.051616758
10,2,2008,2008-08-28,0.07,0.13052745
10,2,2008,2008-09-05,0.11,0.110948294
10,2,2008,2008-09-13,0.19,0.14994304
10,2,2008,2008-09-21,0.26,0.21520829
10,2,2008,2008-09-29,0.25,0.2989052
10,2,2008,2008-10-07,0.25,0.2660078
10,2,2008,2008-10-15,0.33,0.2623702
10,2,2008,2008-10-23,0.36,0.338949
10,2,2008,2008-10-31,0.36,0.37671965
10,2,2008,2008-11-08,0.31,0.36938265
10,2,2008,2008-11-16,0.37,0.2964923
10,2,2008,2008-11-24,0.31,0.33383647
10,2,2008,2008-12-02,0.34,0.302541
10,2,2008,2008-12-10,0.32,0.30482602
10,2,2008,2008-12-18,0.34,0.29070473
10,2,2008,2008-12-26,0.28,0.28784996
10,2,2009,2009-07-04,0.0,0.03611508
10,2,2009,2009-07-12,0.01,0.02692759
10,2,2009,2009-07-20,0.01,0.035044163
10,2,2009,2009-07-28,0.0,0.033639103
10,2,2009,2009-08-05,0.01,0.027007848
10,2,2009,2009-08-13,0.03,0.035741925
10,2,2009,2009-08-21,0.03,0.05487737
10,2,2009,2009-08-29,0.15,0.08166841
10,2,2009,2009-09-06,0.18,0.16691874
10,2,2009,2009-09-14,0.24,0.20732966
10,2,2009,2009-09-22,0.29,0.27454755
10,2,2009,2009-09-30,0.27,0.32266727
10,2,2009,2009-10-08,0.29,0.29345813
10,2,2009,2009-10-16,0.37,0.2853919
10,2,2009,2009-10-24,0.31,0.3682019
10,2,2009,2009-11-01,0.3,0.33458042
10,2,2009,2009-11-09,0.29,0.29879248
10,2,2009,2009-11-17,0.3,0.26329023
10,2,2009,2009-11-25,0.29,0.2955203
10,2,2009,2009-12-03,0.28,0.2790087
10,2,2009,2009-12-11,0.23,0.27635092
10,2,2009,2009-12-19,0.1,0.22863957
10,2,2009,2009-12-27,0.14,0.12769434
10,2,2010,2010-07-04,0.01,0.05961144
10,2,2010,2010-07-12,0.01,0.03174433
10,2,2010,2010-07-20,0.01,0.02981168
10,2,2010,2010-07-28,0.0,0.03287813
10,2,2010,2010-08-05,0.01,0.024932712
10,2,2010,2010-08-13,0.02,0.033969074
10,2,2010,2010-08-21,0.01,0.047644705
10,2,2010,2010-08-29,0.02,0.04153815
10,2,2010,2010-09-06,0.05,0.07665688
10,2,2010,2010-09-14,0.1,0.10728109
10,2,2010,2010-09-22,0.05,0.1627668
10,2,2010,2010-09-30,0.24,0.1301639
10,2,2010,2010-10-08,0.33,0.27104372
10,2,2010,2010-10-16,0.27,0.35694224
10,2,2010,2010-10-24,0.35,0.32792655
10,2,2010,2010-11-01,0.31,0.33713922
10,2,2010,2010-11-09,0.35,0.2976002
10,2,2010,2010-11-17,0.28,0.3264387
10,2,2010,2010-11-25,0.22,0.2705152
10,2,2010,2010-12-03,0.23,0.21155715
10,2,2010,2010-12-11,0.17,0.20917782
10,2,2010,2010-12-19,0.11,0.16709533
10,2,2010,2010-12-27,0.16,0.09382126
10,2,2011,2011-07-04,0.01,0.028658658
10,2,2011,2011-07-12,0.01,0.036063552
10,2,2011,2011-07-20,0.0,0.036438674
10,2,2011,2011-07-28,0.0,0.03053549
10,2,2011,2011-08-05,0.0,0.02754265
10,2,2011,2011-08-13,0.03,0.029913485
10,2,2011,2011-08-21,0.02,0.05753985
10,2,2011,2011-08-29,0.08,0.04954663
10,2,2011,2011-09-06,0.1,0.100342184
10,2,2011,2011-09-14,0.2,0.12698668
10,2,2011,2011-09-22,0.28,0.22903426
10,2,2011,2011-09-30,0.24,0.28428942
10,2,2011,2011-10-08,0.37,0.2937899
10,2,2011,2011-10-16,0.33,0.40433973
10,2,2011,2011-10-24,0.36,0.34979403
10,2,2011,2011-11-01,0.35,0.36547536
10,2,2011,2011-11-09,0.35,0.33320007
10,2,2011,2011-11-17,0.33,0.34342068
10,2,2011,2011-11-25,0.32,0.3028103
10,2,2011,2011-12-03,0.34,0.2793057
10,2,2011,2011-12-11,0.29,0.30475363
10,2,2011,2011-12-19,0.27,0.263276
10,2,2011,2011-12-27,0.12,0.22803041
10,2,2012,2012-07-03,0.03,0.021875858
10,2,2012,2012-07-11,0.0,0.055583358
10,2,2012,2012-07-19,0.01,0.033674717
10,2,2012,2012-07-27,0.0,0.036889613
10,2,2012,2012-08-04,0.01,0.027412295
10,2,2012,2012-08-12,0.01,0.03672093
10,2,2012,2012-08-20,0.03,0.044469953
10,2,2012,2012-08-28,0.07,0.058872998
10,2,2012,2012-09-05,0.11,0.10725069
10,2,2012,2012-09-13,0.17,0.14821652
10,2,2012,2012-09-21,0.29,0.22416085
10,2,2012,2012-09-29,0.37,0.34278312
10,2,2012,2012-10-07,0.3,0.3944922
10,2,2012,2012-10-15,0.35,0.34890467
10,2,2012,2012-10-23,0.27,0.344172
10,2,2012,2012-10-31,0.28,0.27752912
10,2,2012,2012-11-08,0.25,0.27250108
10,2,2012,2012-11-16,0.33,0.24819164
10,2,2012,2012-11-24,0.23,0.32077622
10,2,2012,2012-12-02,0.25,0.2472566
10,2,2012,2012-12-10,0.18,0.25126874
10,2,2012,2012-12-18,0.12,0.18292022
10,2,2012,2012-12-26,0.09,0.13464311
10,3,2001,2001-07-04,0.1,0.10060589
10,3,2001,2001-07-12,0.08,0.10766229
10,3,2001,2001-07-20,0.07,0.085321754
10,3,2001,2001-07-28,0.08,0.07876465
10,3,2001,2001-08-05,0.1,0.09067282
10,3,2001,2001-08-13,0.07,0.11281225
10,3,2001,2001-08-21,0.12,0.08280566
10,3,2001,2001-08-29,0.08,0.11113371
10,3,2001,2001-09-06,0.08,0.088876754
10,3,2001,2001-09-14,0.08,0.089861184
10,3,2001,2001-09-22,0.09,0.0910525
10,3,2001,2001-09-30,0.11,0.10345057
10,3,2001,2001-10-08,0.09,0.11571936
10,3,2001,2001-10-16,0.09,0.11030395
10,3,2001,2001-10-24,0.08,0.106202155
10,3,2001,2001-11-01,0.08,0.08780393
10,3,2001,2001-11-09,0.08,0.08971128
10,3,2001,2001-11-17,0.07,0.091689855
10,3,2001,2001-11-25,0.1,0.08648744
10,3,2001,2001-12-03,0.1,0.11841917
10,3,2001,2001-12-11,0.1,0.11458203
10,3,2001,2001-12-19,0.07,0.11871731
10,3,2001,2001-12-27,0.07,0.08683327
10,3,2002,2002-07-04,0.07,0.09741175
10,3,2002,2002-07-12,0.08,0.09256691
10,3,2002,2002-07-20,0.07,0.09258774
10,3,2002,2002-07-28,0.07,0.08120707
10,3,2002,2002-08-05,0.06,0.08375636
10,3,2002,2002-08-13,0.1,0.08144221
10,3,2002,2002-08-21,0.1,0.1035122
10,3,2002,2002-08-29,0.09,0.11779104
10,3,2002,2002-09-06,0.07,0.10168016
10,3,2002,2002-09-14,0.07,0.08175883
10,3,2002,2002-09-22,0.07,0.0799894
10,3,2002,2002-09-30,0.09,0.085110724
10,3,2002,2002-10-08,0.1,0.105721205
10,3,2002,2002-10-16,0.12,0.11009459
10,3,2002,2002-10-24,0.1,0.12389696
10,3,2002,2002-11-01,0.1,0.10704464
10,3,2002,2002-11-09,0.12,0.10385604
10,3,2002,2002-11-17,0.15,0.1176893
10,3,2002,2002-11-25,0.11,0.14217034
10,3,2002,2002-12-03,0.08,0.12188968
10,3,2002,2002-12-11,0.1,0.09290615
10,3,2002,2002-12-19,0.09,0.10189916
10,3,2002,2002-12-27,0.07,0.09426859
10,3,2003,2003-07-04,0.08,0.086379915
10,3,2003,2003-07-12,0.08,0.089586645
10,3,2003,2003-07-20,0.07,0.09038094
10,3,2003,2003-07-28,0.09,0.08232769
10,3,2003,2003-08-05,0.1,0.094566554
10,3,2003,2003-08-13,0.12,0.10184954
10,3,2003,2003-08-21,0.07,0.12696442
10,3,2003,2003-08-29,0.07,0.09164962
10,3,2003,2003-09-06,0.08,0.08086294
10,3,2003,2003-09-14,0.09,0.08223501
10,3,2003,2003-09-22,0.09,0.0952774
10,3,2003,2003-09-30,0.08,0.09713405
10,3,2003,2003-10-08,0.12,0.09386715
10,3,2003,2003-10-16,0.09,0.1229454
10,3,2003,2003-10-24,0.06,0.109354526
10,3,2003,2003-11-01,0.08,0.078888625
10,3,2003,2003-11-09,0.09,0.08614814
10,3,2003,2003-11-17,0.09,0.10334186
10,3,2003,2003-11-25,0.09,0.11379075
10,3,2003,2003-12-03,0.05,0.10192795
10,3,2003,2003-12-11,0.09,0.06521776
10,3,2003,2003-12-19,0.07,0.09393516
10,3,2003,2003-12-27,0.07,0.08522242
10,3,2004,2004-07-03,0.07,0.08714512
10,3,2004,2004-07-11,0.07,0.08520055
10,3,2004,2004-07-19,0.06,0.08345145
10,3,2004,2004-07-27,0.06,0.075345546
10,3,2004,2004-08-04,0.07,0.078434825
10,3,2004,2004-08-12,0.08,0.08841336
10,3,2004,2004-08-20,0.11,0.101539105
10,3,2004,2004-08-28,0.12,0.11186677
10,3,2004,2004-09-05,0.14,0.11996013
10,3,2004,2004-09-13,0.11,0.13745537
10,3,2004,2004-09-21,0.1,0.118031085
10,3,2004,2004-09-29,0.09,0.104954034
10,3,2004,2004-10-07,0.1,0.0931277
10,3,2004,2004-10-15,0.1,0.111264214
10,3,2004,2004-10-23,0.09,0.10720962
10,3,2004,2004-10-31,0.1,0.092713624
10,3,2004,2004-11-08,0.09,0.10240838
10,3,2004,2004-11-16,0.07,0.10093498
10,3,2004,2004-11-24,0.1,0.08629733
10,3,2004,2004-12-02,0.15,0.10440403
10,3,2004,2004-12-10,0.14,0.13685769
10,3,2004,2004-12-18,0.09,0.14465383
10,3,2004,2004-12-26,0.08,0.099113286
10,3,2005,2005-07-04,0.06,0.08341646
10,3,2005,2005-07-12,0.08,0.075305104
10,3,2005,2005-07-20,0.06,0.088956445
10,3,2005,2005-07-28,0.07,0.074148595
10,3,2005,2005-08-05,0.07,0.079645485
10,3,2005,2005-08-13,0.07,0.08195779
10,3,2005,2005-08-21,0.09,0.085900754
10,3,2005,2005-08-29,0.12,0.10578856
10,3,2005,2005-09-06,0.12,0.13118169
10,3,2005,2005-09-14,0.09,0.1360535
10,3,2005,2005-09-22,0.08,0.10252413
10,3,2005,2005-09-30,0.09,0.08606768
10,3,2005,2005-10-08,0.09,0.092042774
10,3,2005,2005-10-16,0.08,0.10006566
10,3,2005,2005-10-24,0.09,0.094177455
10,3,2005,2005-11-01,0.09,0.097212195
10,3,2005,2005-11-09,0.11,0.10043943
10,3,2005,2005-11-17,0.09,0.1137543
10,3,2005,2005-11-25,0.15,0.09596351
10,3,2005,2005-12-03,0.1,0.1445814
10,3,2005,2005-12-11,0.16,0.1242435
10,3,2005,2005-12-19,0.1,0.15945837
10,3,2005,2005-12-27,0.11,0.10407783
10,3,2006,2006-07-04,0.07,0.0767017
10,3,2006,2006-07-12,0.07,0.079209775
10,3,2006,2006-07-20,0.08,0.08336204
10,3,2006,2006-07-28,0.06,0.087584734
10,3,2006,2006-08-05,0.07,0.07525715
10,3,2006,2006-08-13,0.13,0.080219924
10,3,2006,2006-08-21,0.09,0.12533143
10,3,2006,2006-08-29,0.14,0.107298985
10,3,2006,2006-09-06,0.11,0.1437912
10,3,2006,2006-09-14,0.07,0.1211866
10,3,2006,2006-09-22,0.06,0.082381874
10,3,2006,2006-09-30,0.07,0.06522152
10,3,2006,2006-10-08,0.1,0.07871559
10,3,2006,2006-10-16,0.11,0.10671389
10,3,2006,2006-10-24,0.09,0.11532147
10,3,2006,2006-11-01,0.11,0.1016196
10,3,2006,2006-11-09,0.11,0.111317456
10,3,2006,2006-11-17,0.1,0.1174503
10,3,2006,2006-11-25,0.08,0.106473714
10,3,2006,2006-12-03,0.07,0.10132177
10,3,2006,2006-12-11,0.1,0.081706524
10,3,2006,2006-12-19,0.13,0.11585367
10,3,2006,2006-12-27,0.08,0.12922049
10,3,2007,2007-07-04,0.04,0.07101694
10,3,2007,2007-07-12,0.09,0.059862703
10,3,2007,2007-07-20,0.07,0.09585035
10,3,2007,2007-07-28,0.07,0.08876452
10,3,2007,2007-08-05,0.08,0.08223301
10,3,2007,2007-08-13,0.07,0.08773032
10,3,2007,2007-08-21,0.09,0.09679112
10,3,2007,2007-08-29,0.11,0.101260126
10,3,2007,2007-09-06,0.17,0.1260305
10,3,2007,2007-09-14,0.12,0.16596365
10,3,2007,2007-09-22,0.11,0.12260422
10,3,2007,2007-09-30,0.08,0.10185374
10,3,2007,2007-10-08,0.1,0.08119407
10,3,2007,2007-10-16,0.1,0.106382936
10,3,2007,2007-10-24,0.07,0.11231816
10,3,2007,2007-11-01,0.08,0.086661786
10,3,2007,2007-11-09,0.09,0.091926694
10,3,2007,2007-11-17,0.08,0.1015597
10,3,2007,2007-11-25,0.08,0.09551793
10,3,2007,2007-12-03,0.09,0.08815351
10,3,2007,2007-12-11,0.09,0.09316617
10,3,2007,2007-12-19,0.1,0.1029312
10,3,2007,2007-12-27,0.08,0.11761987
10,3,2008,2008-07-03,0.07,0.092007995
10,3,2008,2008-07-11,0.07,0.07461682
10,3,2008,2008-07-19,0.07,0.08550984
10,3,2008,2008-07-27,0.06,0.08147672
10,3,2008,2008-08-04,0.1,0.07501194
10,3,2008,2008-08-12,0.08,0.103927135
10,3,2008,2008-08-20,0.1,0.09226844
10,3,2008,2008-08-28,0.11,0.10822128
10,3,2008,2008-09-05,0.09,0.11889365
10,3,2008,2008-09-13,0.07,0.11925064
10,3,2008,2008-09-21,0.08,0.08804339
10,3,2008,2008-09-29,0.08,0.08752212
10,3,2008,2008-10-07,0.09,0.08462688
10,3,2008,2008-10-15,0.12,0.099951774
10,3,2008,2008-10-23,0.14,0.12335788
10,3,2008,2008-10-31,0.14,0.13451004
10,3,2008,2008-11-08,0.1,0.13604671
10,3,2008,2008-11-16,0.11,0.106921494
10,3,2008,2008-11-24,0.12,0.106098324
10,3,2008,2008-12-02,0.1,0.11516711
10,3,2008,2008-12-10,0.11,0.107635766
10,3,2008,2008-12-18,0.13,0.111650005
10,3,2008,2008-12-26,0.09,0.1288527
10,3,2009,2009-07-04,0.06,0.09499964
10,3,2009,2009-07-12,0.07,0.07344505
10,3,2009,2009-07-20,0.08,0.07858077
10,3,2009,2009-07-28,0.06,0.08927861
10,3,2009,2009-08-05,0.08,0.07615119
10,3,2009,2009-08-13,0.12,0.09606674
10,3,2009,2009-08-21,0.12,0.12265374
10,3,2009,2009-08-29,0.12,0.13135764
10,3,2009,2009-09-06,0.08,0.12937252
10,3,2009,2009-09-14,0.07,0.09241691
10,3,2009,2009-09-22,0.11,0.07575825
10,3,2009,2009-09-30,0.1,0.107395545
10,3,2009,2009-10-08,0.1,0.10969654
10,3,2009,2009-10-16,0.15,0.1107122
10,3,2009,2009-10-24,0.08,0.15070009
10,3,2009,2009-11-01,0.07,0.10994974
10,3,2009,2009-11-09,0.09,0.09034172
10,3,2009,2009-11-17,0.11,0.09131202
10,3,2009,2009-11-25,0.1,0.11671476
10,3,2009,2009-12-03,0.09,0.11562449
10,3,2009,2009-12-11,0.09,0.1013155
10,3,2009,2009-12-19,0.09,0.10017796
10,3,2009,2009-12-27,0.08,0.10628909
10,3,2010,2010-07-04,0.05,0.0801208
10,3,2010,2010-07-12,0.08,0.062756866
10,3,2010,2010-07-20,0.08,0.08528164
10,3,2010,2010-07-28,0.06,0.091910034
10,3,2010,2010-08-05,0.07,0.074248195
10,3,2010,2010-08-13,0.08,0.08084494
10,3,2010,2010-08-21,0.09,0.09875119
10,3,2010,2010-08-29,0.08,0.1082551
10,3,2010,2010-09-06,0.1,0.09810127
10,3,2010,2010-09-14,0.13,0.1000811
10,3,2010,2010-09-22,0.08,0.121709585
10,3,2010,2010-09-30,0.07,0.098753065
10,3,2010,2010-10-08,0.09,0.08278233
10,3,2010,2010-10-16,0.09,0.094361275
10,3,2010,2010-10-24,0.1,0.111435324
10,3,2010,2010-11-01,0.09,0.10346429
10,3,2010,2010-11-09,0.1,0.09129256
10,3,2010,2010-11-17,0.1,0.10293056
10,3,2010,2010-11-25,0.08,0.11059454
10,3,2010,2010-12-03,0.06,0.0937331
10,3,2010,2010-12-11,0.09,0.072906286
10,3,2010,2010-12-19,0.09,0.093281984
10,3,2010,2010-12-27,0.14,0.0992312
10,3,2011,2011-07-04,0.08,0.08125749
10,3,2011,2011-07-12,0.09,0.087343425
10,3,2011,2011-07-20,0.07,0.099839926
10,3,2011,2011-07-28,0.06,0.08783677
10,3,2011,2011-08-05,0.08,0.072885334
10,3,2011,2011-08-13,0.09,0.08697519
10,3,2011,2011-08-21,0.08,0.10091001
10,3,2011,2011-08-29,0.08,0.097579315
10,3,2011,2011-09-06,0.07,0.09155071
10,3,2011,2011-09-14,0.08,0.08747852
10,3,2011,2011-09-22,0.06,0.10102931
10,3,2011,2011-09-30,0.07,0.07704201
10,3,2011,2011-10-08,0.15,0.0786213
10,3,2011,2011-10-16,0.09,0.14338204
10,3,2011,2011-10-24,0.09,0.111402005
10,3,2011,2011-11-01,0.1,0.10185568
10,3,2011,2011-11-09,0.1,0.101165056
10,3,2011,2011-11-17,0.09,0.10984607
10,3,2011,2011-11-25,0.08,0.10230607
10,3,2011,2011-12-03,0.1,0.08888778
10,3,2011,2011-12-11,0.08,0.097855955
10,3,2011,2011-12-19,0.09,0.09413412
10,3,2011,2011-12-27,0.06,0.10098712
10,3,2012,2012-07-03,0.12,0.086853355
10,3,2012,2012-07-11,0.07,0.122598454
10,3,2012,2012-07-19,0.08,0.09047052
10,3,2012,2012-07-27,0.08,0.08867982
10,3,2012,2012-08-04,0.07,0.08416507
10,3,2012,2012-08-12,0.08,0.08599305
10,3,2012,2012-08-20,0.08,0.09447333
10,3,2012,2012-08-28,0.11,0.09316695
10,3,2012,2012-09-05,0.17,0.11439264
10,3,2012,2012-09-13,0.11,0.1590263
10,3,2012,2012-09-21,0.12,0.12300515
10,3,2012,2012-09-29,0.1,0.11352219
10,3,2012,2012-10-07,0.13,0.09928958
10,3,2012,2012-10-15,0.1,0.14291449
10,3,2012,2012-10-23,0.07,0.1110284
10,3,2012,2012-10-31,0.09,0.0829553
10,3,2012,2012-11-08,0.07,0.09428123
10,3,2012,2012-11-16,0.12,0.08812198
10,3,2012,2012-11-24,0.08,0.12179181
10,3,2012,2012-12-02,0.08,0.0944148
10,3,2012,2012-12-10,0.09,0.09478587
10,3,2012,2012-12-18,0.08,0.09515011
10,3,2012,2012-12-26,0.11,0.09456012
10,4,2001,2001-07-04,0.12,0.11391659
10,4,2001,2001-07-12,0.06,0.1271159
10,4,2001,2001-07-20,0.07,0.07908225
10,4,2001,2001-07-28,0.07,0.078758925
10,4,2001,2001-08-05,0.08,0.077073365
10,4,2001,2001-08-13,0.07,0.09112251
10,4,2001,2001-08-21,0.09,0.08409011
10,4,2001,2001-08-29,0.09,0.09967838
10,4,2001,2001-09-06,0.09,0.10046829
10,4,2001,2001-09-14,0.07,0.100299194
10,4,2001,2001-09-22,0.1,0.08625534
10,4,2001,2001-09-30,0.09,0.1036004
10,4,2001,2001-10-08,0.07,0.09940982
10,4,2001,2001-10-16,0.05,0.08938381
10,4,2001,2001-10-24,0.06,0.078038186
10,4,2001,2001-11-01,0.08,0.07962191
10,4,2001,2001-11-09,0.08,0.088784724
10,4,2001,2001-11-17,0.05,0.0983002
10,4,2001,2001-11-25,0.08,0.069045395
10,4,2001,2001-12-03,0.11,0.10338399
10,4,2001,2001-12-11,0.11,0.11503869
10,4,2001,2001-12-19,0.07,0.1291439
10,4,2001,2001-12-27,0.09,0.07728794
10,4,2002,2002-07-04,0.06,0.111090034
10,4,2002,2002-07-12,0.07,0.091361076
10,4,2002,2002-07-20,0.07,0.07823801
10,4,2002,2002-07-28,0.07,0.08021292
10,4,2002,2002-08-05,0.06,0.08451691
10,4,2002,2002-08-13,0.1,0.08051738
10,4,2002,2002-08-21,0.1,0.10546784
10,4,2002,2002-08-29,0.06,0.113336176
10,4,2002,2002-09-06,0.06,0.08475837
10,4,2002,2002-09-14,0.1,0.077165514
10,4,2002,2002-09-22,0.07,0.101591036
10,4,2002,2002-09-30,0.09,0.093969315
10,4,2002,2002-10-08,0.08,0.102522776
10,4,2002,2002-10-16,0.11,0.090188384
10,4,2002,2002-10-24,0.09,0.107580364
10,4,2002,2002-11-01,0.11,0.098037675
10,4,2002,2002-11-09,0.06,0.116172135
10,4,2002,2002-11-17,0.09,0.081290245
10,4,2002,2002-11-25,0.09,0.09079644
10,4,2002,2002-12-03,0.08,0.09920704
10,4,2002,2002-12-11,0.08,0.10314965
10,4,2002,2002-12-19,0.09,0.099367246
10,4,2002,2002-12-27,0.06,0.095970094
10,4,2003,2003-07-04,0.08,0.08809951
10,4,2003,2003-07-12,0.08,0.09033665
10,4,2003,2003-07-20,0.06,0.09327704
10,4,2003,2003-07-28,0.08,0.07966444
10,4,2003,2003-08-05,0.1,0.091195315
10,4,2003,2003-08-13,0.09,0.10500416
10,4,2003,2003-08-21,0.08,0.1097227
10,4,2003,2003-08-29,0.07,0.09986016
10,4,2003,2003-09-06,0.08,0.081212014
10,4,2003,2003-09-14,0.08,0.086805254
10,4,2003,2003-09-22,0.1,0.098665535
10,4,2003,2003-09-30,0.06,0.10819021
10,4,2003,2003-10-08,0.08,0.08465931
10,4,2003,2003-10-16,0.07,0.09128797
10,4,2003,2003-10-24,0.04,0.092424124
10,4,2003,2003-11-01,0.07,0.06957492
10,4,2003,2003-11-09,0.08,0.08908841
10,4,2003,2003-11-17,0.09,0.08944577
10,4,2003,2003-11-25,0.07,0.10540214
10,4,2003,2003-12-03,0.04,0.090990186
10,4,2003,2003-12-11,0.08,0.06627068
10,4,2003,2003-12-19,0.1,0.089265615
10,4,2003,2003-12-27,0.06,0.111658365
10,4,2004,2004-07-03,0.09,0.08557543
10,4,2004,2004-07-11,0.07,0.102080405
10,4,2004,2004-07-19,0.06,0.090302944
10,4,2004,2004-07-27,0.05,0.0750989
10,4,2004,2004-08-04,0.06,0.07029876
10,4,2004,2004-08-12,0.07,0.08308205
10,4,2004,2004-08-20,0.08,0.08980128
10,4,2004,2004-08-28,0.1,0.09479511
10,4,2004,2004-09-05,0.07,0.1063481
10,4,2004,2004-09-13,0.08,0.08878559
10,4,2004,2004-09-21,0.1,0.092136085
10,4,2004,2004-09-29,0.1,0.110808626
10,4,2004,2004-10-07,0.08,0.105930716
10,4,2004,2004-10-15,0.08,0.09381434
10,4,2004,2004-10-23,0.08,0.088903636
10,4,2004,2004-10-31,0.09,0.08383787
10,4,2004,2004-11-08,0.09,0.09881753
10,4,2004,2004-11-16,0.07,0.10319549
10,4,2004,2004-11-24,0.09,0.090811014
10,4,2004,2004-12-02,0.1,0.09643482
10,4,2004,2004-12-10,0.12,0.098846346
10,4,2004,2004-12-18,0.1,0.12465778
10,4,2004,2004-12-26,0.1,0.11609015
10,4,2005,2005-07-04,0.07,0.09179455
10,4,2005,2005-07-12,0.08,0.0886516
10,4,2005,2005-07-20,0.08,0.090696484
10,4,2005,2005-07-28,0.07,0.089601964
10,4,2005,2005-08-05,0.06,0.08108881
10,4,2005,2005-08-13,0.05,0.0756138
10,4,2005,2005-08-21,0.07,0.07084212
10,4,2005,2005-08-29,0.11,0.08714768
10,4,2005,2005-09-06,0.1,0.12254639
10,4,2005,2005-09-14,0.11,0.11183658
10,4,2005,2005-09-22,0.08,0.11582412
10,4,2005,2005-09-30,0.09,0.09702778
10,4,2005,2005-10-08,0.07,0.10230295
10,4,2005,2005-10-16,0.08,0.08407605
10,4,2005,2005-10-24,0.08,0.09089729
10,4,2005,2005-11-01,0.08,0.09231803
10,4,2005,2005-11-09,0.08,0.09659763
10,4,2005,2005-11-17,0.07,0.095694065
10,4,2005,2005-11-25,0.13,0.08402476
10,4,2005,2005-12-03,0.11,0.13066944
10,4,2005,2005-12-11,0.08,0.12453243
10,4,2005,2005-12-19,0.07,0.10365957
10,4,2005,2005-12-27,0.13,0.08389667
10,4,2006,2006-07-04,0.17,0.09750563
10,4,2006,2006-07-12,0.1,0.15568598
10,4,2006,2006-07-20,0.07,0.11433354
10,4,2006,2006-07-28,0.07,0.08214757
10,4,2006,2006-08-05,0.06,0.07348096
10,4,2006,2006-08-13,0.08,0.071125895
10,4,2006,2006-08-21,0.07,0.084961355
10,4,2006,2006-08-29,0.11,0.08482584
10,4,2006,2006-09-06,0.06,0.12272635
10,4,2006,2006-09-14,0.06,0.08647737
10,4,2006,2006-09-22,0.07,0.08080596
10,4,2006,2006-09-30,0.07,0.078869015
10,4,2006,2006-10-08,0.07,0.086272
10,4,2006,2006-10-16,0.07,0.08239192
10,4,2006,2006-10-24,0.09,0.08443779
10,4,2006,2006-11-01,0.09,0.098987
10,4,2006,2006-11-09,0.09,0.101045966
10,4,2006,2006-11-17,0.08,0.10004516
10,4,2006,2006-11-25,0.08,0.08910665
10,4,2006,2006-12-03,0.05,0.10124129
10,4,2006,2006-12-11,0.08,0.076391846
10,4,2006,2006-12-19,0.08,0.08717403
10,4,2006,2006-12-27,0.06,0.08737728
10,4,2007,2007-07-04,0.06,0.086051434
10,4,2007,2007-07-12,0.09,0.09871176
10,4,2007,2007-07-20,0.06,0.10326059
10,4,2007,2007-07-28,0.07,0.07595438
10,4,2007,2007-08-05,0.07,0.080014974
10,4,2007,2007-08-13,0.07,0.080468506
10,4,2007,2007-08-21,0.06,0.08801755
10,4,2007,2007-08-29,0.08,0.07840362
10,4,2007,2007-09-06,0.09,0.09991877
10,4,2007,2007-09-14,0.09,0.097755924
10,4,2007,2007-09-22,0.08,0.09787193
10,4,2007,2007-09-30,0.06,0.0914858
10,4,2007,2007-10-08,0.1,0.077503294
10,4,2007,2007-10-16,0.08,0.10386261
10,4,2007,2007-10-24,0.04,0.094281554
10,4,2007,2007-11-01,0.06,0.069348484
10,4,2007,2007-11-09,0.04,0.07695052
10,4,2007,2007-11-17,0.07,0.066847116
10,4,2007,2007-11-25,0.07,0.08587459
10,4,2007,2007-12-03,0.08,0.08733216
10,4,2007,2007-12-11,0.09,0.08913976
10,4,2007,2007-12-19,0.14,0.10161722
10,4,2007,2007-12-27,0.09,0.13970217
10,4,2008,2008-07-03,0.07,0.103779286
10,4,2008,2008-07-11,0.06,0.08596367
10,4,2008,2008-07-19,0.07,0.08022806
10,4,2008,2008-07-27,0.06,0.079399735
10,4,2008,2008-08-04,0.06,0.07756585
10,4,2008,2008-08-12,0.07,0.077193946
10,4,2008,2008-08-20,0.09,0.08414638
10,4,2008,2008-08-28,0.08,0.0972791
10,4,2008,2008-09-05,0.09,0.09624156
10,4,2008,2008-09-13,0.06,0.10335347
10,4,2008,2008-09-21,0.06,0.08197591
10,4,2008,2008-09-29,0.07,0.07640931
10,4,2008,2008-10-07,0.09,0.0787698
10,4,2008,2008-10-15,0.11,0.104931325
10,4,2008,2008-10-23,0.09,0.11738369
10,4,2008,2008-10-31,0.09,0.0946835
10,4,2008,2008-11-08,0.06,0.093946695
10,4,2008,2008-11-16,0.04,0.07052934
10,4,2008,2008-11-24,0.09,0.06259689
10,4,2008,2008-12-02,0.08,0.09577465
10,4,2008,2008-12-10,0.08,0.09795123
10,4,2008,2008-12-18,0.1,0.0983863
10,4,2008,2008-12-26,0.08,0.1190595
10,4,2009,2009-07-04,0.04,0.09848049
10,4,2009,2009-07-12,0.06,0.062803
10,4,2009,2009-07-20,0.08,0.069061786
10,4,2009,2009-07-28,0.06,0.08885613
10,4,2009,2009-08-05,0.07,0.07860237
10,4,2009,2009-08-13,0.07,0.08169845
10,4,2009,2009-08-21,0.07,0.08362815
10,4,2009,2009-08-29,0.09,0.08960438
10,4,2009,2009-09-06,0.07,0.100384936
10,4,2009,2009-09-14,0.07,0.0891909
10,4,2009,2009-09-22,0.1,0.0800125
10,4,2009,2009-09-30,0.18,0.10021058
10,4,2009,2009-10-08,0.09,0.16688646
10,4,2009,2009-10-16,0.1,0.113807574
10,4,2009,2009-10-24,0.07,0.1081852
10,4,2009,2009-11-01,0.05,0.07962695
10,4,2009,2009-11-09,0.08,0.069450796
10,4,2009,2009-11-17,0.08,0.08234623
10,4,2009,2009-11-25,0.09,0.084435195
10,4,2009,2009-12-03,0.06,0.10441983
10,4,2009,2009-12-11,0.08,0.08118835
10,4,2009,2009-12-19,0.04,0.09087235
10,4,2009,2009-12-27,0.04,0.067990094
10,4,2010,2010-07-04,0.05,0.09199175
10,4,2010,2010-07-12,0.1,0.06386706
10,4,2010,2010-07-20,0.08,0.10070102
10,4,2010,2010-07-28,0.06,0.09626031
10,4,2010,2010-08-05,0.09,0.07776639
10,4,2010,2010-08-13,0.08,0.094665945
10,4,2010,2010-08-21,0.07,0.09231749
10,4,2010,2010-08-29,0.05,0.08546725
10,4,2010,2010-09-06,0.06,0.072506696
10,4,2010,2010-09-14,0.13,0.074494034
10,4,2010,2010-09-22,0.08,0.12663288
10,4,2010,2010-09-30,0.06,0.10463528
10,4,2010,2010-10-08,0.11,0.09979454
10,4,2010,2010-10-16,0.1,0.10825384
10,4,2010,2010-10-24,0.06,0.10952501
10,4,2010,2010-11-01,0.05,0.07504788
10,4,2010,2010-11-09,0.1,0.059422642
10,4,2010,2010-11-17,0.09,0.10299268
10,4,2010,2010-11-25,0.07,0.10517092
10,4,2010,2010-12-03,0.06,0.091003805
10,4,2010,2010-12-11,0.08,0.07118866
10,4,2010,2010-12-19,0.09,0.089830965
10,4,2010,2010-12-27,0.07,0.09248945
10,4,2011,2011-07-04,0.07,0.085310996
10,4,2011,2011-07-12,0.09,0.07823244
10,4,2011,2011-07-20,0.08,0.104405105
10,4,2011,2011-07-28,0.06,0.095418066
10,4,2011,2011-08-05,0.07,0.07502201
10,4,2011,2011-08-13,0.08,0.08429319
10,4,2011,2011-08-21,0.09,0.092559755
10,4,2011,2011-08-29,0.09,0.09942405
10,4,2011,2011-09-06,0.07,0.09432033
10,4,2011,2011-09-14,0.09,0.08218154
10,4,2011,2011-09-22,0.08,0.109738365
10,4,2011,2011-09-30,0.08,0.09449065
10,4,2011,2011-10-08,0.13,0.08728513
10,4,2011,2011-10-16,0.09,0.13223751
10,4,2011,2011-10-24,0.08,0.10947622
10,4,2011,2011-11-01,0.1,0.08651301
10,4,2011,2011-11-09,0.11,0.09350863
10,4,2011,2011-11-17,0.07,0.118954375
10,4,2011,2011-11-25,0.07,0.0916737
10,4,2011,2011-12-03,0.08,0.07982674
10,4,2011,2011-12-11,0.06,0.08385894
10,4,2011,2011-12-19,0.06,0.07953045
10,4,2011,2011-12-27,0.03,0.08053902
10,4,2012,2012-07-03,0.12,0.0956133
10,4,2012,2012-07-11,0.06,0.12024841
10,4,2012,2012-07-19,0.06,0.08413115
10,4,2012,2012-07-27,0.07,0.076325655
10,4,2012,2012-08-04,0.08,0.07699677
10,4,2012,2012-08-12,0.08,0.091650814
10,4,2012,2012-08-20,0.08,0.095452756
10,4,2012,2012-08-28,0.09,0.09678388
10,4,2012,2012-09-05,0.09,0.10224667
10,4,2012,2012-09-13,0.1,0.09816888
10,4,2012,2012-09-21,0.07,0.10893096
10,4,2012,2012-09-29,0.12,0.08666155
10,4,2012,2012-10-07,0.1,0.11877084
10,4,2012,2012-10-15,0.1,0.11957994
10,4,2012,2012-10-23,0.08,0.110072285
10,4,2012,2012-10-31,0.08,0.08847776
10,4,2012,2012-11-08,0.07,0.0925096
10,4,2012,2012-11-16,0.1,0.09003684
10,4,2012,2012-11-24,0.07,0.102877975
10,4,2012,2012-12-02,0.1,0.08417174
10,4,2012,2012-12-10,0.09,0.105623126
10,4,2012,2012-12-18,0.07,0.09668288
10,4,2012,2012-12-26,0.06,0.083083004
10,5,2001,2001-07-04,0.2,0.1846636
10,5,2001,2001-07-12,0.18,0.19827327
10,5,2001,2001-07-20,0.19,0.17712143
10,5,2001,2001-07-28,0.2,0.18361709
10,5,2001,2001-08-05,0.19,0.19180298
10,5,2001,2001-08-13,0.18,0.18327847
10,5,2001,2001-08-21,0.18,0.17470142
10,5,2001,2001-08-29,0.17,0.17431793
10,5,2001,2001-09-06,0.18,0.17761919
10,5,2001,2001-09-14,0.18,0.18401277
10,5,2001,2001-09-22,0.19,0.19212441
10,5,2001,2001-09-30,0.2,0.1957857
10,5,2001,2001-10-08,0.19,0.19876781
10,5,2001,2001-10-16,0.21,0.18275371
10,5,2001,2001-10-24,0.19,0.19952743
10,5,2001,2001-11-01,0.17,0.19166815
10,5,2001,2001-11-09,0.21,0.17977348
10,5,2001,2001-11-17,0.22,0.19471304
10,5,2001,2001-11-25,0.23,0.21969408
10,5,2001,2001-12-03,0.21,0.22934245
10,5,2001,2001-12-11,0.21,0.19523269
10,5,2001,2001-12-19,0.19,0.1930255
10,5,2001,2001-12-27,0.15,0.17428352
10,5,2002,2002-07-04,0.16,0.21589866
10,5,2002,2002-07-12,0.17,0.17556185
10,5,2002,2002-07-20,0.17,0.16359112
10,5,2002,2002-07-28,0.17,0.16826919
10,5,2002,2002-08-05,0.19,0.17756349
10,5,2002,2002-08-13,0.19,0.18874352
10,5,2002,2002-08-21,0.19,0.1882596
10,5,2002,2002-08-29,0.17,0.18733346
10,5,2002,2002-09-06,0.16,0.17016727
10,5,2002,2002-09-14,0.18,0.16318293
10,5,2002,2002-09-22,0.2,0.17726475
10,5,2002,2002-09-30,0.21,0.1985253
10,5,2002,2002-10-08,0.24,0.20995411
10,5,2002,2002-10-16,0.22,0.22681054
10,5,2002,2002-10-24,0.2,0.21688084
10,5,2002,2002-11-01,0.21,0.19313574
10,5,2002,2002-11-09,0.18,0.19038746
10,5,2002,2002-11-17,0.22,0.1825949
10,5,2002,2002-11-25,0.2,0.21281143
10,5,2002,2002-12-03,0.19,0.20495638
10,5,2002,2002-12-11,0.16,0.18987744
10,5,2002,2002-12-19,0.17,0.16350743
10,5,2002,2002-12-27,0.14,0.16586097
10,5,2003,2003-07-04,0.2,0.18121581
10,5,2003,2003-07-12,0.17,0.19187623
10,5,2003,2003-07-20,0.17,0.17472212
10,5,2003,2003-07-28,0.2,0.17220935
10,5,2003,2003-08-05,0.18,0.19284266
10,5,2003,2003-08-13,0.18,0.19014642
10,5,2003,2003-08-21,0.19,0.18608831
10,5,2003,2003-08-29,0.17,0.18959203
10,5,2003,2003-09-06,0.16,0.17476588
10,5,2003,2003-09-14,0.21,0.16273378
10,5,2003,2003-09-22,0.22,0.20037445
10,5,2003,2003-09-30,0.21,0.2219724
10,5,2003,2003-10-08,0.21,0.21698128
10,5,2003,2003-10-16,0.18,0.21378699
10,5,2003,2003-10-24,0.16,0.18728948
10,5,2003,2003-11-01,0.18,0.16454792
10,5,2003,2003-11-09,0.18,0.17837602
10,5,2003,2003-11-17,0.21,0.18116261
10,5,2003,2003-11-25,0.2,0.21169025
10,5,2003,2003-12-03,0.14,0.20375001
10,5,2003,2003-12-11,0.18,0.15798907
10,5,2003,2003-12-19,0.2,0.16671336
10,5,2003,2003-12-27,0.17,0.1924288
10,5,2004,2004-07-03,0.2,0.18541473
10,5,2004,2004-07-11,0.17,0.19687198
10,5,2004,2004-07-19,0.2,0.17509416
10,5,2004,2004-07-27,0.16,0.19018836
10,5,2004,2004-08-04,0.16,0.17210895
10,5,2004,2004-08-12,0.18,0.16588666
10,5,2004,2004-08-20,0.19,0.17673618
10,5,2004,2004-08-28,0.21,0.19228816
10,5,2004,2004-09-05,0.17,0.20346332
10,5,2004,2004-09-13,0.23,0.17355785
10,5,2004,2004-09-21,0.23,0.21923876
10,5,2004,2004-09-29,0.24,0.22960843
10,5,2004,2004-10-07,0.23,0.23416029
10,5,2004,2004-10-15,0.2,0.2189445
10,5,2004,2004-10-23,0.2,0.1901735
10,5,2004,2004-10-31,0.2,0.18166383
10,5,2004,2004-11-08,0.18,0.18985295
10,5,2004,2004-11-16,0.19,0.18184793
10,5,2004,2004-11-24,0.22,0.19206369
10,5,2004,2004-12-02,0.19,0.21233425
10,5,2004,2004-12-10,0.2,0.18377069
10,5,2004,2004-12-18,0.2,0.19113687
10,5,2004,2004-12-26,0.21,0.19796242
10,5,2005,2005-07-04,0.19,0.18823153
10,5,2005,2005-07-12,0.21,0.19107574
10,5,2005,2005-07-20,0.15,0.19733523
10,5,2005,2005-07-28,0.18,0.16363063
10,5,2005,2005-08-05,0.18,0.16882205
10,5,2005,2005-08-13,0.16,0.17304584
10,5,2005,2005-08-21,0.17,0.16919568
10,5,2005,2005-08-29,0.2,0.17415975
10,5,2005,2005-09-06,0.21,0.20056157
10,5,2005,2005-09-14,0.24,0.2033885
10,5,2005,2005-09-22,0.19,0.23489653
10,5,2005,2005-09-30,0.22,0.20074084
10,5,2005,2005-10-08,0.23,0.21259052
10,5,2005,2005-10-16,0.22,0.21793893
10,5,2005,2005-10-24,0.27,0.2098496
10,5,2005,2005-11-01,0.22,0.24063715
10,5,2005,2005-11-09,0.19,0.21317509
10,5,2005,2005-11-17,0.17,0.18082842
10,5,2005,2005-11-25,0.26,0.162302
10,5,2005,2005-12-03,0.23,0.23867375
10,5,2005,2005-12-11,0.16,0.22666624
10,5,2005,2005-12-19,0.18,0.1711511
10,5,2005,2005-12-27,0.19,0.16756342
10,5,2006,2006-07-04,0.23,0.19013262
10,5,2006,2006-07-12,0.17,0.21972804
10,5,2006,2006-07-20,0.18,0.18504566
10,5,2006,2006-07-28,0.17,0.1681763
10,5,2006,2006-08-05,0.17,0.16680603
10,5,2006,2006-08-13,0.18,0.17370856
10,5,2006,2006-08-21,0.17,0.17698577
10,5,2006,2006-08-29,0.22,0.17321825
10,5,2006,2006-09-06,0.16,0.21387455
10,5,2006,2006-09-14,0.17,0.18065962
10,5,2006,2006-09-22,0.19,0.18172608
10,5,2006,2006-09-30,0.21,0.18226212
10,5,2006,2006-10-08,0.22,0.20955911
10,5,2006,2006-10-16,0.19,0.22041354
10,5,2006,2006-10-24,0.18,0.19618857
10,5,2006,2006-11-01,0.22,0.19053307
10,5,2006,2006-11-09,0.2,0.20725742
10,5,2006,2006-11-17,0.21,0.19448456
10,5,2006,2006-11-25,0.19,0.19399244
10,5,2006,2006-12-03,0.16,0.20026669
10,5,2006,2006-12-11,0.18,0.17503381
10,5,2006,2006-12-19,0.17,0.16637449
10,5,2006,2006-12-27,0.15,0.16752331
10,5,2007,2007-07-04,0.16,0.19694892
10,5,2007,2007-07-12,0.2,0.17690912
10,5,2007,2007-07-20,0.18,0.18394661
10,5,2007,2007-07-28,0.16,0.17678851
10,5,2007,2007-08-05,0.15,0.1621455
10,5,2007,2007-08-13,0.17,0.15156269
10,5,2007,2007-08-21,0.16,0.1692842
10,5,2007,2007-08-29,0.19,0.16571143
10,5,2007,2007-09-06,0.18,0.19573307
10,5,2007,2007-09-14,0.21,0.17828834
10,5,2007,2007-09-22,0.18,0.19764142
10,5,2007,2007-09-30,0.2,0.18253314
10,5,2007,2007-10-08,0.21,0.19862789
10,5,2007,2007-10-16,0.2,0.20697045
10,5,2007,2007-10-24,0.15,0.19541088
10,5,2007,2007-11-01,0.22,0.15356754
10,5,2007,2007-11-09,0.18,0.20547241
10,5,2007,2007-11-17,0.19,0.1867153
10,5,2007,2007-11-25,0.18,0.1905032
10,5,2007,2007-12-03,0.18,0.17445746
10,5,2007,2007-12-11,0.17,0.17142251
10,5,2007,2007-12-19,0.18,0.1686609
10,5,2007,2007-12-27,0.14,0.17570187
10,5,2008,2008-07-03,0.17,0.19468138
10,5,2008,2008-07-11,0.19,0.16649285
10,5,2008,2008-07-19,0.17,0.18612891
10,5,2008,2008-07-27,0.18,0.17380688
10,5,2008,2008-08-04,0.17,0.17560399
10,5,2008,2008-08-12,0.17,0.16630295
10,5,2008,2008-08-20,0.19,0.17224094
10,5,2008,2008-08-28,0.2,0.18431361
10,5,2008,2008-09-05,0.19,0.2003287
10,5,2008,2008-09-13,0.16,0.19209181
10,5,2008,2008-09-21,0.19,0.17316471
10,5,2008,2008-09-29,0.19,0.18157506
10,5,2008,2008-10-07,0.19,0.19083567
10,5,2008,2008-10-15,0.22,0.19505773
10,5,2008,2008-10-23,0.22,0.2105669
10,5,2008,2008-10-31,0.23,0.2034024
10,5,2008,2008-11-08,0.16,0.22295333
10,5,2008,2008-11-16,0.17,0.17033388
10,5,2008,2008-11-24,0.21,0.16614434
10,5,2008,2008-12-02,0.18,0.19278595
10,5,2008,2008-12-10,0.19,0.18682836
10,5,2008,2008-12-18,0.18,0.18450497
10,5,2008,2008-12-26,0.18,0.17869331
10,5,2009,2009-07-04,0.16,0.18256609
10,5,2009,2009-07-12,0.16,0.16147846
10,5,2009,2009-07-20,0.18,0.16371453
10,5,2009,2009-07-28,0.15,0.17656702
10,5,2009,2009-08-05,0.17,0.1628344
10,5,2009,2009-08-13,0.17,0.17003441
10,5,2009,2009-08-21,0.17,0.17209336
10,5,2009,2009-08-29,0.19,0.17866972
10,5,2009,2009-09-06,0.18,0.19316635
10,5,2009,2009-09-14,0.16,0.18552777
10,5,2009,2009-09-22,0.18,0.16174534
10,5,2009,2009-09-30,0.19,0.17788035
10,5,2009,2009-10-08,0.2,0.19122371
10,5,2009,2009-10-16,0.22,0.20069593
10,5,2009,2009-10-24,0.2,0.21866429
10,5,2009,2009-11-01,0.17,0.20523411
10,5,2009,2009-11-09,0.2,0.17952651
10,5,2009,2009-11-17,0.2,0.17952494
10,5,2009,2009-11-25,0.19,0.18903702
10,5,2009,2009-12-03,0.18,0.19547494
10,5,2009,2009-12-11,0.16,0.18008283
10,5,2009,2009-12-19,0.13,0.16494413
10,5,2009,2009-12-27,0.13,0.14129466
10,5,2010,2010-07-04,0.15,0.16671626
10,5,2010,2010-07-12,0.18,0.15138997
10,5,2010,2010-07-20,0.2,0.17068332
10,5,2010,2010-07-28,0.17,0.19547825
10,5,2010,2010-08-05,0.24,0.17122643
10,5,2010,2010-08-13,0.17,0.21691464
10,5,2010,2010-08-21,0.16,0.17558376
10,5,2010,2010-08-29,0.16,0.15899149
10,5,2010,2010-09-06,0.2,0.15728527
10,5,2010,2010-09-14,0.2,0.1915311
10,5,2010,2010-09-22,0.18,0.19224843
10,5,2010,2010-09-30,0.18,0.18001913
10,5,2010,2010-10-08,0.19,0.17667459
10,5,2010,2010-10-16,0.26,0.1866433
10,5,2010,2010-10-24,0.17,0.24409625
10,5,2010,2010-11-01,0.17,0.18351129
10,5,2010,2010-11-09,0.2,0.15768237
10,5,2010,2010-11-17,0.23,0.18254939
10,5,2010,2010-11-25,0.19,0.22036903
10,5,2010,2010-12-03,0.14,0.19195414
10,5,2010,2010-12-11,0.18,0.14387667
10,5,2010,2010-12-19,0.19,0.1605688
10,5,2010,2010-12-27,0.23,0.17349648
10,5,2011,2011-07-04,0.17,0.18237334
10,5,2011,2011-07-12,0.19,0.16925736
10,5,2011,2011-07-20,0.19,0.18740827
10,5,2011,2011-07-28,0.17,0.19653353
10,5,2011,2011-08-05,0.18,0.1758053
10,5,2011,2011-08-13,0.18,0.18998256
10,5,2011,2011-08-21,0.18,0.17846456
10,5,2011,2011-08-29,0.17,0.17574203
10,5,2011,2011-09-06,0.16,0.16824907
10,5,2011,2011-09-14,0.19,0.17179154
10,5,2011,2011-09-22,0.2,0.19222133
10,5,2011,2011-09-30,0.19,0.1985128
10,5,2011,2011-10-08,0.21,0.19079706
10,5,2011,2011-10-16,0.19,0.20277832
10,5,2011,2011-10-24,0.2,0.20612389
10,5,2011,2011-11-01,0.23,0.19150367
10,5,2011,2011-11-09,0.21,0.20857379
10,5,2011,2011-11-17,0.19,0.20793635
10,5,2011,2011-11-25,0.17,0.19892558
10,5,2011,2011-12-03,0.18,0.17042783
10,5,2011,2011-12-11,0.19,0.16472428
10,5,2011,2011-12-19,0.15,0.1849485
10,5,2011,2011-12-27,0.13,0.16689894
10,5,2012,2012-07-03,0.22,0.18271904
10,5,2012,2012-07-11,0.17,0.20440854
10,5,2012,2012-07-19,0.17,0.17939991
10,5,2012,2012-07-27,0.15,0.1726414
10,5,2012,2012-08-04,0.18,0.15249743
10,5,2012,2012-08-12,0.18,0.17727514
10,5,2012,2012-08-20,0.19,0.18276694
10,5,2012,2012-08-28,0.2,0.19098881
10,5,2012,2012-09-05,0.18,0.19355927
10,5,2012,2012-09-13,0.21,0.17843756
10,5,2012,2012-09-21,0.22,0.20214918
10,5,2012,2012-09-29,0.21,0.21580663
10,5,2012,2012-10-07,0.23,0.20771147
10,5,2012,2012-10-15,0.25,0.21904728
10,5,2012,2012-10-23,0.21,0.23114926
10,5,2012,2012-10-31,0.19,0.20723937
10,5,2012,2012-11-08,0.17,0.19052422
10,5,2012,2012-11-16,0.2,0.17005794
10,5,2012,2012-11-24,0.2,0.18777981
10,5,2012,2012-12-02,0.18,0.19043422
10,5,2012,2012-12-10,0.18,0.18131563
10,5,2012,2012-12-18,0.16,0.1793468
10,5,2012,2012-12-26,0.16,0.15881555
10,6,2001,2001-07-04,0.1,0.105358526
10,6,2001,2001-07-12,0.07,0.11932653
10,6,2001,2001-07-20,0.07,0.085181355
10,6,2001,2001-07-28,0.05,0.0825603
10,6,2001,2001-08-05,0.11,0.075599134
10,6,2001,2001-08-13,0.09,0.12088211
10,6,2001,2001-08-21,0.11,0.1093951
10,6,2001,2001-08-29,0.13,0.13102661
10,6,2001,2001-09-06,0.21,0.170477
10,6,2001,2001-09-14,0.22,0.21487784
10,6,2001,2001-09-22,0.25,0.26412758
10,6,2001,2001-09-30,0.3,0.26554188
10,6,2001,2001-10-08,0.33,0.28853717
10,6,2001,2001-10-16,0.29,0.28880256
10,6,2001,2001-10-24,0.21,0.2564626
10,6,2001,2001-11-01,0.14,0.16669887
10,6,2001,2001-11-09,0.24,0.1242283
10,6,2001,2001-11-17,0.23,0.18460801
10,6,2001,2001-11-25,0.14,0.22020331
10,6,2001,2001-12-03,0.14,0.14441532
10,6,2001,2001-12-11,0.16,0.12254724
10,6,2001,2001-12-19,0.11,0.14468114
10,6,2001,2001-12-27,0.05,0.107020006
10,6,2002,2002-07-04,0.07,0.13039039
10,6,2002,2002-07-12,0.08,0.09283677
10,6,2002,2002-07-20,0.06,0.08705953
10,6,2002,2002-07-28,0.06,0.08026895
10,6,2002,2002-08-05,0.06,0.07794589
10,6,2002,2002-08-13,0.14,0.093248576
10,6,2002,2002-08-21,0.14,0.15381184
10,6,2002,2002-08-29,0.08,0.16121283
10,6,2002,2002-09-06,0.07,0.11275944
10,6,2002,2002-09-14,0.1,0.11104101
10,6,2002,2002-09-22,0.26,0.13626745
10,6,2002,2002-09-30,0.29,0.28250653
10,6,2002,2002-10-08,0.35,0.3186762
10,6,2002,2002-10-16,0.2,0.35610512
10,6,2002,2002-10-24,0.21,0.20243052
10,6,2002,2002-11-01,0.1,0.16001433
10,6,2002,2002-11-09,0.08,0.077687025
10,6,2002,2002-11-17,0.08,0.10185039
10,6,2002,2002-11-25,0.1,0.108798936
10,6,2002,2002-12-03,0.11,0.11504249
10,6,2002,2002-12-11,0.08,0.12522784
10,6,2002,2002-12-19,0.1,0.11087054
10,6,2002,2002-12-27,0.03,0.11294037
10,6,2003,2003-07-04,0.1,0.08995092
10,6,2003,2003-07-12,0.08,0.112106875
10,6,2003,2003-07-20,0.05,0.10280424
10,6,2003,2003-07-28,0.07,0.07708067
10,6,2003,2003-08-05,0.07,0.08908984
10,6,2003,2003-08-13,0.09,0.093438596
10,6,2003,2003-08-21,0.08,0.13130851
10,6,2003,2003-08-29,0.14,0.12085408
10,6,2003,2003-09-06,0.14,0.14839123
10,6,2003,2003-09-14,0.24,0.14637393
10,6,2003,2003-09-22,0.34,0.23791644
10,6,2003,2003-09-30,0.31,0.36181167
10,6,2003,2003-10-08,0.22,0.33366358
10,6,2003,2003-10-16,0.19,0.23251325
10,6,2003,2003-10-24,0.15,0.14687642
10,6,2003,2003-11-01,0.08,0.12978733
10,6,2003,2003-11-09,0.05,0.07313603
10,6,2003,2003-11-17,0.08,0.056862026
10,6,2003,2003-11-25,0.12,0.090343416
10,6,2003,2003-12-03,0.03,0.14118016
10,6,2003,2003-12-11,0.13,0.0786185
10,6,2003,2003-12-19,0.05,0.13749538
10,6,2003,2003-12-27,0.04,0.08555305
10,6,2004,2004-07-03,0.07,0.11558923
10,6,2004,2004-07-11,0.09,0.09263423
10,6,2004,2004-07-19,0.08,0.10300015
10,6,2004,2004-07-27,0.07,0.08632693
10,6,2004,2004-08-04,0.04,0.08600727
10,6,2004,2004-08-12,0.08,0.06392935
10,6,2004,2004-08-20,0.12,0.09673865
10,6,2004,2004-08-28,0.14,0.12779239
10,6,2004,2004-09-05,0.19,0.16124481
10,6,2004,2004-09-13,0.27,0.1953634
10,6,2004,2004-09-21,0.36,0.2798552
10,6,2004,2004-09-29,0.3,0.3719
10,6,2004,2004-10-07,0.34,0.30490822
10,6,2004,2004-10-15,0.16,0.27858084
10,6,2004,2004-10-23,0.17,0.13610682
10,6,2004,2004-10-31,0.15,0.12570316
10,6,2004,2004-11-08,0.09,0.11110619
10,6,2004,2004-11-16,0.05,0.08447343
10,6,2004,2004-11-24,0.12,0.06272653
10,6,2004,2004-12-02,0.09,0.12708578
10,6,2004,2004-12-10,0.06,0.09613079
10,6,2004,2004-12-18,0.06,0.09250924
10,6,2004,2004-12-26,0.06,0.06916925
10,6,2005,2005-07-04,0.1,0.13741252
10,6,2005,2005-07-12,0.09,0.11680406
10,6,2005,2005-07-20,0.09,0.10999662
10,6,2005,2005-07-28,0.08,0.11060932
10,6,2005,2005-08-05,0.08,0.102809414
10,6,2005,2005-08-13,0.08,0.09607521
10,6,2005,2005-08-21,0.11,0.10801819
10,6,2005,2005-08-29,0.19,0.1443483
10,6,2005,2005-09-06,0.19,0.21681708
10,6,2005,2005-09-14,0.36,0.22535026
10,6,2005,2005-09-22,0.21,0.38316053
10,6,2005,2005-09-30,0.28,0.26522306
10,6,2005,2005-10-08,0.33,0.2584174
10,6,2005,2005-10-16,0.18,0.30711672
10,6,2005,2005-10-24,0.22,0.16185296
10,6,2005,2005-11-01,0.14,0.17071688
10,6,2005,2005-11-09,0.06,0.12429799
10,6,2005,2005-11-17,0.09,0.06837767
10,6,2005,2005-11-25,0.08,0.083141774
10,6,2005,2005-12-03,0.1,0.110070154
10,6,2005,2005-12-11,0.08,0.12752953
10,6,2005,2005-12-19,0.05,0.10145593
10,6,2005,2005-12-27,0.05,0.07651624
10,6,2006,2006-07-04,0.12,0.10916254
10,6,2006,2006-07-12,0.1,0.13195765
10,6,2006,2006-07-20,0.1,0.11441645
10,6,2006,2006-07-28,0.11,0.115536004
10,6,2006,2006-08-05,0.13,0.11881602
10,6,2006,2006-08-13,0.12,0.13719776
10,6,2006,2006-08-21,0.11,0.13101582
10,6,2006,2006-08-29,0.25,0.12794736
10,6,2006,2006-09-06,0.19,0.25799775
10,6,2006,2006-09-14,0.28,0.21717381
10,6,2006,2006-09-22,0.3,0.30962282
10,6,2006,2006-09-30,0.22,0.2763995
10,6,2006,2006-10-08,0.23,0.22147134
10,6,2006,2006-10-16,0.12,0.22132817
10,6,2006,2006-10-24,0.07,0.11487667
10,6,2006,2006-11-01,0.13,0.082164764
10,6,2006,2006-11-09,0.1,0.11623865
10,6,2006,2006-11-17,0.15,0.101503015
10,6,2006,2006-11-25,0.08,0.14943361
10,6,2006,2006-12-03,0.05,0.09976515
10,6,2006,2006-12-11,0.08,0.07829246
10,6,2006,2006-12-19,0.06,0.09179893
10,6,2006,2006-12-27,0.03,0.07939088
10,6,2007,2007-07-04,0.07,0.109404474
10,6,2007,2007-07-12,0.09,0.10378656
10,6,2007,2007-07-20,0.09,0.11423066
10,6,2007,2007-07-28,0.09,0.114994004
10,6,2007,2007-08-05,0.09,0.11775227
10,6,2007,2007-08-13,0.09,0.12103979
10,6,2007,2007-08-21,0.13,0.117639974
10,6,2007,2007-08-29,0.25,0.14627641
10,6,2007,2007-09-06,0.27,0.28676042
10,6,2007,2007-09-14,0.34,0.28448272
10,6,2007,2007-09-22,0.23,0.34310564
10,6,2007,2007-09-30,0.25,0.2392418
10,6,2007,2007-10-08,0.22,0.20809132
10,6,2007,2007-10-16,0.24,0.19029245
10,6,2007,2007-10-24,0.03,0.19591746
10,6,2007,2007-11-01,0.06,0.04167971
10,6,2007,2007-11-09,0.04,0.06915468
10,6,2007,2007-11-17,0.07,0.06118816
10,6,2007,2007-11-25,0.08,0.11532283
10,6,2007,2007-12-03,0.06,0.10382332
10,6,2007,2007-12-11,0.13,0.082182914
10,6,2007,2007-12-19,0.05,0.14394997
10,6,2007,2007-12-27,0.05,0.08229312
10,6,2008,2008-07-03,0.1,0.11734076
10,6,2008,2008-07-11,0.08,0.116386294
10,6,2008,2008-07-19,0.08,0.10526478
10,6,2008,2008-07-27,0.09,0.10238308
10,6,2008,2008-08-04,0.14,0.11087425
10,6,2008,2008-08-12,0.23,0.15216543
10,6,2008,2008-08-20,0.29,0.22822857
10,6,2008,2008-08-28,0.24,0.2886604
10,6,2008,2008-09-05,0.19,0.26612544
10,6,2008,2008-09-13,0.19,0.20327264
10,6,2008,2008-09-21,0.14,0.20201397
10,6,2008,2008-09-29,0.17,0.14159638
10,6,2008,2008-10-07,0.1,0.16891071
10,6,2008,2008-10-15,0.11,0.119339734
10,6,2008,2008-10-23,0.09,0.13323654
10,6,2008,2008-10-31,0.09,0.0760307
10,6,2008,2008-11-08,0.08,0.09217772
10,6,2008,2008-11-16,0.1,0.087548465
10,6,2008,2008-11-24,0.1,0.11808981
10,6,2008,2008-12-02,0.15,0.121213436
10,6,2008,2008-12-10,0.11,0.1552647
10,6,2008,2008-12-18,0.05,0.14022152
10,6,2008,2008-12-26,0.06,0.07089186
10,6,2009,2009-07-04,0.09,0.10707849
10,6,2009,2009-07-12,0.09,0.10679358
10,6,2009,2009-07-20,0.1,0.10182808
10,6,2009,2009-07-28,0.07,0.1099477
10,6,2009,2009-08-05,0.12,0.09113988
10,6,2009,2009-08-13,0.14,0.13956907
10,6,2009,2009-08-21,0.14,0.17823014
10,6,2009,2009-08-29,0.27,0.18967661
10,6,2009,2009-09-06,0.26,0.26870656
10,6,2009,2009-09-14,0.25,0.24877802
10,6,2009,2009-09-22,0.18,0.22979537
10,6,2009,2009-09-30,0.19,0.15420079
10,6,2009,2009-10-08,0.15,0.16753668
10,6,2009,2009-10-16,0.12,0.13094616
10,6,2009,2009-10-24,0.08,0.11629963
10,6,2009,2009-11-01,0.04,0.08413449
10,6,2009,2009-11-09,0.06,0.060298175
10,6,2009,2009-11-17,0.17,0.07466206
10,6,2009,2009-11-25,0.05,0.17243075
10,6,2009,2009-12-03,0.1,0.09118268
10,6,2009,2009-12-11,0.17,0.12206417
10,6,2009,2009-12-19,0.08,0.16345835
10,6,2009,2009-12-27,0.03,0.09628011
10,6,2010,2010-07-04,0.08,0.11000675
10,6,2010,2010-07-12,0.09,0.08748403
10,6,2010,2010-07-20,0.11,0.09619251
10,6,2010,2010-07-28,0.07,0.120424464
10,6,2010,2010-08-05,0.08,0.08761069
10,6,2010,2010-08-13,0.09,0.1015736
10,6,2010,2010-08-21,0.07,0.113973826
10,6,2010,2010-08-29,0.08,0.101881295
10,6,2010,2010-09-06,0.2,0.13409008
10,6,2010,2010-09-14,0.18,0.22487573
10,6,2010,2010-09-22,0.17,0.21033531
10,6,2010,2010-09-30,0.26,0.16920266
10,6,2010,2010-10-08,0.33,0.23322132
10,6,2010,2010-10-16,0.26,0.29433745
10,6,2010,2010-10-24,0.09,0.23692073
10,6,2010,2010-11-01,0.08,0.084067136
10,6,2010,2010-11-09,0.08,0.054671198
10,6,2010,2010-11-17,0.09,0.07373369
10,6,2010,2010-11-25,0.06,0.1253674
10,6,2010,2010-12-03,0.03,0.077168375
10,6,2010,2010-12-11,0.07,0.059750468
10,6,2010,2010-12-19,0.13,0.1034566
10,6,2010,2010-12-27,0.19,0.13616097
10,6,2011,2011-07-04,0.09,0.08337131
10,6,2011,2011-07-12,0.09,0.094177395
10,6,2011,2011-07-20,0.08,0.09884697
10,6,2011,2011-07-28,0.08,0.10115379
10,6,2011,2011-08-05,0.1,0.091260254
10,6,2011,2011-08-13,0.12,0.10752571
10,6,2011,2011-08-21,0.19,0.12763695
10,6,2011,2011-08-29,0.09,0.1786224
10,6,2011,2011-09-06,0.15,0.11029804
10,6,2011,2011-09-14,0.15,0.16779545
10,6,2011,2011-09-22,0.26,0.16357493
10,6,2011,2011-09-30,0.22,0.24918975
10,6,2011,2011-10-08,0.2,0.23732275
10,6,2011,2011-10-16,0.07,0.22571455
10,6,2011,2011-10-24,0.08,0.10051575
10,6,2011,2011-11-01,0.06,0.059001178
10,6,2011,2011-11-09,0.07,0.05544588
10,6,2011,2011-11-17,0.04,0.080687076
10,6,2011,2011-11-25,0.08,0.068019
10,6,2011,2011-12-03,0.1,0.08934298
10,6,2011,2011-12-11,0.13,0.09982656
10,6,2011,2011-12-19,0.06,0.13555866
10,6,2011,2011-12-27,0.04,0.09808138
10,6,2012,2012-07-03,0.13,0.10556388
10,6,2012,2012-07-11,0.09,0.1396472
10,6,2012,2012-07-19,0.08,0.11005865
10,6,2012,2012-07-27,0.1,0.09545168
10,6,2012,2012-08-04,0.09,0.10833973
10,6,2012,2012-08-12,0.14,0.111264065
10,6,2012,2012-08-20,0.21,0.15382308
10,6,2012,2012-08-28,0.11,0.22690079
10,6,2012,2012-09-05,0.22,0.13058834
10,6,2012,2012-09-13,0.2,0.20588753
10,6,2012,2012-09-21,0.14,0.19609733
10,6,2012,2012-09-29,0.1,0.17866269
10,6,2012,2012-10-07,0.07,0.12015991
10,6,2012,2012-10-15,0.1,0.09182927
10,6,2012,2012-10-23,0.07,0.09004608
10,6,2012,2012-10-31,0.06,0.08241138
10,6,2012,2012-11-08,0.04,0.07582888
10,6,2012,2012-11-16,0.08,0.065475315
10,6,2012,2012-11-24,0.07,0.089520335
10,6,2012,2012-12-02,0.12,0.095630735
10,6,2012,2012-12-10,0.22,0.13887359
10,6,2012,2012-12-18,0.14,0.22522926
10,6,2012,2012-12-26,0.19,0.15146887
10,7,2001,2001-07-04,0.14,0.15002003
10,7,2001,2001-07-12,0.12,0.17268838
10,7,2001,2001-07-20,0.11,0.1532686
10,7,2001,2001-07-28,0.14,0.14083338
10,7,2001,2001-08-05,0.1,0.16597053
10,7,2001,2001-08-13,0.09,0.13420287
10,7,2001,2001-08-21,0.15,0.12339333
10,7,2001,2001-08-29,0.25,0.17031296
10,7,2001,2001-09-06,0.41,0.29931116
10,7,2001,2001-09-14,0.37,0.40780395
10,7,2001,2001-09-22,0.39,0.39368495
10,7,2001,2001-09-30,0.34,0.36936373
10,7,2001,2001-10-08,0.35,0.31537053
10,7,2001,2001-10-16,0.3,0.28186473
10,7,2001,2001-10-24,0.17,0.24789548
10,7,2001,2001-11-01,0.17,0.1642933
10,7,2001,2001-11-09,0.11,0.15805206
10,7,2001,2001-11-17,0.12,0.12450406
10,7,2001,2001-11-25,0.15,0.14047
10,7,2001,2001-12-03,0.16,0.16621724
10,7,2001,2001-12-11,0.18,0.17870432
10,7,2001,2001-12-19,0.15,0.19125962
10,7,2001,2001-12-27,0.11,0.16811301
10,7,2002,2002-07-04,0.11,0.19447958
10,7,2002,2002-07-12,0.16,0.1349273
10,7,2002,2002-07-20,0.15,0.16009298
10,7,2002,2002-07-28,0.13,0.16719319
10,7,2002,2002-08-05,0.11,0.163132
10,7,2002,2002-08-13,0.17,0.13592875
10,7,2002,2002-08-21,0.17,0.17491743
10,7,2002,2002-08-29,0.21,0.19666916
10,7,2002,2002-09-06,0.18,0.24923894
10,7,2002,2002-09-14,0.24,0.25564432
10,7,2002,2002-09-22,0.34,0.2749888
10,7,2002,2002-09-30,0.38,0.34575513
10,7,2002,2002-10-08,0.45,0.36881095
10,7,2002,2002-10-16,0.28,0.41649026
10,7,2002,2002-10-24,0.21,0.2769146
10,7,2002,2002-11-01,0.12,0.1669373
10,7,2002,2002-11-09,0.12,0.10827975
10,7,2002,2002-11-17,0.15,0.118353084
10,7,2002,2002-11-25,0.16,0.15831128
10,7,2002,2002-12-03,0.18,0.18654129
10,7,2002,2002-12-11,0.14,0.20459794
10,7,2002,2002-12-19,0.2,0.17721757
10,7,2002,2002-12-27,0.16,0.20535298
10,7,2003,2003-07-04,0.19,0.1593233
10,7,2003,2003-07-12,0.2,0.17398782
10,7,2003,2003-07-20,0.16,0.2006342
10,7,2003,2003-07-28,0.18,0.18885455
10,7,2003,2003-08-05,0.17,0.18701038
10,7,2003,2003-08-13,0.14,0.17771214
10,7,2003,2003-08-21,0.19,0.17280817
10,7,2003,2003-08-29,0.36,0.20381619
10,7,2003,2003-09-06,0.18,0.3423697
10,7,2003,2003-09-14,0.34,0.23115872
10,7,2003,2003-09-22,0.41,0.31337693
10,7,2003,2003-09-30,0.32,0.38935286
10,7,2003,2003-10-08,0.28,0.35414037
10,7,2003,2003-10-16,0.23,0.29521963
10,7,2003,2003-10-24,0.2,0.20960602
10,7,2003,2003-11-01,0.18,0.17751949
10,7,2003,2003-11-09,0.13,0.15743893
10,7,2003,2003-11-17,0.17,0.1409776
10,7,2003,2003-11-25,0.18,0.178744
10,7,2003,2003-12-03,0.15,0.19956526
10,7,2003,2003-12-11,0.22,0.18647587
10,7,2003,2003-12-19,0.18,0.21705642
10,7,2003,2003-12-27,0.18,0.20879835
10,7,2004,2004-07-03,0.2,0.225469
10,7,2004,2004-07-11,0.19,0.20747611
10,7,2004,2004-07-19,0.15,0.20568636
10,7,2004,2004-07-27,0.2,0.16899012
10,7,2004,2004-08-04,0.17,0.20271637
10,7,2004,2004-08-12,0.2,0.19095522
10,7,2004,2004-08-20,0.25,0.2037684
10,7,2004,2004-08-28,0.26,0.247576
10,7,2004,2004-09-05,0.4,0.2994946
10,7,2004,2004-09-13,0.39,0.3570031
10,7,2004,2004-09-21,0.43,0.3849183
10,7,2004,2004-09-29,0.35,0.42060414
10,7,2004,2004-10-07,0.4,0.33804393
10,7,2004,2004-10-15,0.27,0.33956385
10,7,2004,2004-10-23,0.19,0.24727575
10,7,2004,2004-10-31,0.2,0.18174875
10,7,2004,2004-11-08,0.22,0.1772975
10,7,2004,2004-11-16,0.18,0.20326161
10,7,2004,2004-11-24,0.2,0.19751504
10,7,2004,2004-12-02,0.21,0.20895353
10,7,2004,2004-12-10,0.19,0.2121475
10,7,2004,2004-12-18,0.22,0.21499208
10,7,2004,2004-12-26,0.23,0.22341551
10,7,2005,2005-07-04,0.21,0.23397562
10,7,2005,2005-07-12,0.23,0.2200174
10,7,2005,2005-07-20,0.28,0.23283595
10,7,2005,2005-07-28,0.15,0.25886375
10,7,2005,2005-08-05,0.2,0.19088154
10,7,2005,2005-08-13,0.22,0.19955102
10,7,2005,2005-08-21,0.23,0.22449917
10,7,2005,2005-08-29,0.35,0.25586534
10,7,2005,2005-09-06,0.31,0.34201163
10,7,2005,2005-09-14,0.47,0.34897894
10,7,2005,2005-09-22,0.37,0.45253998
10,7,2005,2005-09-30,0.4,0.38856503
10,7,2005,2005-10-08,0.41,0.36938116
10,7,2005,2005-10-16,0.27,0.37757853
10,7,2005,2005-10-24,0.3,0.26602414
10,7,2005,2005-11-01,0.25,0.24439436
10,7,2005,2005-11-09,0.2,0.22445698
10,7,2005,2005-11-17,0.23,0.21262819
10,7,2005,2005-11-25,0.19,0.22050866
10,7,2005,2005-12-03,0.17,0.2062513
10,7,2005,2005-12-11,0.16,0.1942222
10,7,2005,2005-12-19,0.19,0.17999533
10,7,2005,2005-12-27,0.18,0.20927769
10,7,2006,2006-07-04,0.22,0.23526591
10,7,2006,2006-07-12,0.24,0.22697349
10,7,2006,2006-07-20,0.2,0.24236272
10,7,2006,2006-07-28,0.18,0.22856404
10,7,2006,2006-08-05,0.21,0.18492268
10,7,2006,2006-08-13,0.23,0.20829105
10,7,2006,2006-08-21,0.24,0.23854205
10,7,2006,2006-08-29,0.35,0.25466287
10,7,2006,2006-09-06,0.32,0.3529611
10,7,2006,2006-09-14,0.41,0.3325809
10,7,2006,2006-09-22,0.42,0.4135818
10,7,2006,2006-09-30,0.33,0.3954936
10,7,2006,2006-10-08,0.35,0.33090472
10,7,2006,2006-10-16,0.18,0.31982127
10,7,2006,2006-10-24,0.17,0.18796042
10,7,2006,2006-11-01,0.23,0.16750939
10,7,2006,2006-11-09,0.19,0.20901866
10,7,2006,2006-11-17,0.21,0.2067797
10,7,2006,2006-11-25,0.19,0.21991336
10,7,2006,2006-12-03,0.18,0.20118418
10,7,2006,2006-12-11,0.2,0.19180581
10,7,2006,2006-12-19,0.24,0.20117176
10,7,2006,2006-12-27,0.16,0.24233092
10,7,2007,2007-07-04,0.19,0.21168846
10,7,2007,2007-07-12,0.21,0.2058421
10,7,2007,2007-07-20,0.19,0.22338617
10,7,2007,2007-07-28,0.16,0.20456073
10,7,2007,2007-08-05,0.16,0.17793326
10,7,2007,2007-08-13,0.22,0.18061545
10,7,2007,2007-08-21,0.19,0.23339468
10,7,2007,2007-08-29,0.36,0.22388092
10,7,2007,2007-09-06,0.4,0.36602032
10,7,2007,2007-09-14,0.34,0.39462456
10,7,2007,2007-09-22,0.26,0.36147377
10,7,2007,2007-09-30,0.22,0.27100837
10,7,2007,2007-10-08,0.23,0.2071359
10,7,2007,2007-10-16,0.29,0.22260517
10,7,2007,2007-10-24,0.17,0.24918443
10,7,2007,2007-11-01,0.17,0.18152478
10,7,2007,2007-11-09,0.14,0.18134138
10,7,2007,2007-11-17,0.18,0.16034874
10,7,2007,2007-11-25,0.16,0.19908276
10,7,2007,2007-12-03,0.18,0.18649647
10,7,2007,2007-12-11,0.19,0.19773173
10,7,2007,2007-12-19,0.15,0.20818312
10,7,2007,2007-12-27,0.15,0.19240645
10,7,2008,2008-07-03,0.18,0.19842568
10,7,2008,2008-07-11,0.15,0.19418761
10,7,2008,2008-07-19,0.16,0.17599417
10,7,2008,2008-07-27,0.17,0.1801407
10,7,2008,2008-08-04,0.19,0.18433602
10,7,2008,2008-08-12,0.25,0.20190522
10,7,2008,2008-08-20,0.31,0.2598273
10,7,2008,2008-08-28,0.27,0.30243686
10,7,2008,2008-09-05,0.28,0.30851722
10,7,2008,2008-09-13,0.28,0.30684453
10,7,2008,2008-09-21,0.22,0.282547
10,7,2008,2008-09-29,0.19,0.21877088
10,7,2008,2008-10-07,0.17,0.18285954
10,7,2008,2008-10-15,0.2,0.17839026
10,7,2008,2008-10-23,0.18,0.22286871
10,7,2008,2008-10-31,0.13,0.19465187
10,7,2008,2008-11-08,0.17,0.15548092
10,7,2008,2008-11-16,0.11,0.17103761
10,7,2008,2008-11-24,0.15,0.15298784
10,7,2008,2008-12-02,0.17,0.17296463
10,7,2008,2008-12-10,0.2,0.19310063
10,7,2008,2008-12-18,0.15,0.22208187
10,7,2008,2008-12-26,0.16,0.17921664
10,7,2009,2009-07-04,0.14,0.18847485
10,7,2009,2009-07-12,0.16,0.16819504
10,7,2009,2009-07-20,0.2,0.17563368
10,7,2009,2009-07-28,0.17,0.21006116
10,7,2009,2009-08-05,0.17,0.20184714
10,7,2009,2009-08-13,0.17,0.19934629
10,7,2009,2009-08-21,0.17,0.20749262
10,7,2009,2009-08-29,0.35,0.22131781
10,7,2009,2009-09-06,0.26,0.33519143
10,7,2009,2009-09-14,0.31,0.29415703
10,7,2009,2009-09-22,0.21,0.305319
10,7,2009,2009-09-30,0.26,0.22104892
10,7,2009,2009-10-08,0.23,0.23947209
10,7,2009,2009-10-16,0.21,0.22365838
10,7,2009,2009-10-24,0.19,0.2250681
10,7,2009,2009-11-01,0.16,0.20361313
10,7,2009,2009-11-09,0.15,0.1750173
10,7,2009,2009-11-17,0.17,0.17365256
10,7,2009,2009-11-25,0.16,0.1794227
10,7,2009,2009-12-03,0.14,0.18629712
10,7,2009,2009-12-11,0.23,0.17744946
10,7,2009,2009-12-19,0.22,0.24032602
10,7,2009,2009-12-27,0.15,0.23476946
10,7,2010,2010-07-04,0.15,0.20248052
10,7,2010,2010-07-12,0.2,0.15809578
10,7,2010,2010-07-20,0.22,0.18117803
10,7,2010,2010-07-28,0.19,0.22810918
10,7,2010,2010-08-05,0.2,0.2082395
10,7,2010,2010-08-13,0.19,0.20234802
10,7,2010,2010-08-21,0.14,0.1956229
10,7,2010,2010-08-29,0.16,0.16552016
10,7,2010,2010-09-06,0.19,0.2071212
10,7,2010,2010-09-14,0.24,0.21507773
10,7,2010,2010-09-22,0.3,0.2593632
10,7,2010,2010-09-30,0.38,0.28074276
10,7,2010,2010-10-08,0.46,0.35290354
10,7,2010,2010-10-16,0.21,0.40918458
10,7,2010,2010-10-24,0.19,0.24490158
10,7,2010,2010-11-01,0.19,0.16935736
10,7,2010,2010-11-09,0.16,0.16259679
10,7,2010,2010-11-17,0.16,0.17035136
10,7,2010,2010-11-25,0.15,0.17403787
10,7,2010,2010-12-03,0.1,0.16807453
10,7,2010,2010-12-11,0.14,0.13326275
10,7,2010,2010-12-19,0.17,0.17003694
10,7,2010,2010-12-27,0.2,0.19639984
10,7,2011,2011-07-04,0.18,0.18957032
10,7,2011,2011-07-12,0.19,0.1873777
10,7,2011,2011-07-20,0.15,0.19596165
10,7,2011,2011-07-28,0.18,0.19116731
10,7,2011,2011-08-05,0.17,0.19878064
10,7,2011,2011-08-13,0.2,0.19525613
10,7,2011,2011-08-21,0.22,0.21531661
10,7,2011,2011-08-29,0.18,0.22111247
10,7,2011,2011-09-06,0.19,0.20125411
10,7,2011,2011-09-14,0.16,0.20729741
10,7,2011,2011-09-22,0.32,0.1992825
10,7,2011,2011-09-30,0.27,0.320604
10,7,2011,2011-10-08,0.33,0.3180625
10,7,2011,2011-10-16,0.18,0.36098832
10,7,2011,2011-10-24,0.22,0.20590061
10,7,2011,2011-11-01,0.18,0.19344342
10,7,2011,2011-11-09,0.17,0.17821273
10,7,2011,2011-11-17,0.14,0.18757534
10,7,2011,2011-11-25,0.16,0.16472512
10,7,2011,2011-12-03,0.17,0.17649966
10,7,2011,2011-12-11,0.16,0.17846589
10,7,2011,2011-12-19,0.16,0.18312627
10,7,2011,2011-12-27,0.12,0.1883827
10,7,2012,2012-07-03,0.18,0.18725121
10,7,2012,2012-07-11,0.2,0.199843
10,7,2012,2012-07-19,0.16,0.21336228
10,7,2012,2012-07-27,0.16,0.18494484
10,7,2012,2012-08-04,0.16,0.18335223
10,7,2012,2012-08-12,0.18,0.18207759
10,7,2012,2012-08-20,0.2,0.2050508
10,7,2012,2012-08-28,0.18,0.22430587
10,7,2012,2012-09-05,0.31,0.20520559
10,7,2012,2012-09-13,0.32,0.2876658
10,7,2012,2012-09-21,0.19,0.3044372
10,7,2012,2012-09-29,0.15,0.24965666
10,7,2012,2012-10-07,0.16,0.18305281
10,7,2012,2012-10-15,0.18,0.19223037
10,7,2012,2012-10-23,0.15,0.18874928
10,7,2012,2012-10-31,0.16,0.18197125
10,7,2012,2012-11-08,0.12,0.1791813
10,7,2012,2012-11-16,0.21,0.15666762
10,7,2012,2012-11-24,0.13,0.20607778
10,7,2012,2012-12-02,0.17,0.17221844
10,7,2012,2012-12-10,0.29,0.19139329
10,7,2012,2012-12-18,0.16,0.26958108
10,7,2012,2012-12-26,0.29,0.2073192
11,2,2001,2001-07-04,0.01,0.039340228
11,2,2001,2001-07-12,0.0,0.04857436
11,2,2001,2001-07-20,0.01,0.03524521
11,2,2001,2001-07-28,0.01,0.062263757
11,2,2001,2001-08-05,0.06,0.08763158
11,2,2001,2001-08-13,0.06,0.16114315
11,2,2001,2001-08-21,0.21,0.11256009
11,2,2001,2001-08-29,0.27,0.24423552
11,2,2001,2001-09-06,0.42,0.2891035
11,2,2001,2001-09-14,0.27,0.4180118
11,2,2001,2001-09-22,0.23,0.2807063
11,2,2001,2001-09-30,0.18,0.14237407
11,2,2001,2001-10-08,0.13,0.09748538
11,2,2001,2001-10-16,0.18,0.09096405
11,2,2001,2001-10-24,0.02,0.17186727
11,2,2001,2001-11-01,0.03,0.03780338
11,2,2001,2001-11-09,0.05,0.050525904
11,2,2001,2001-11-17,0.04,0.05224526
11,2,2001,2001-11-25,0.03,0.09365183
11,2,2001,2001-12-03,0.08,0.06455514
11,2,2001,2001-12-11,0.09,0.10143894
11,2,2001,2001-12-19,0.05,0.11519654
11,2,2001,2001-12-27,0.02,0.06863949
11,2,2002,2002-07-04,0.02,0.20673177
11,2,2002,2002-07-12,0.03,0.04304409
11,2,2002,2002-07-20,0.02,0.02750361
11,2,2002,2002-07-28,0.02,0.030470997
11,2,2002,2002-08-05,0.02,0.050598115
11,2,2002,2002-08-13,0.03,0.06459105
11,2,2002,2002-08-21,0.03,0.07216272
11,2,2002,2002-08-29,0.02,0.11282876
11,2,2002,2002-09-06,0.03,0.10882622
11,2,2002,2002-09-14,0.09,0.14396237
11,2,2002,2002-09-22,0.29,0.14016843
11,2,2002,2002-09-30,0.38,0.32264444
11,2,2002,2002-10-08,0.49,0.38335752
11,2,2002,2002-10-16,0.34,0.4502422
11,2,2002,2002-10-24,0.26,0.29608792
11,2,2002,2002-11-01,0.09,0.14791812
11,2,2002,2002-11-09,0.05,0.027978063
11,2,2002,2002-11-17,0.03,0.025420725
11,2,2002,2002-11-25,0.04,0.031532258
11,2,2002,2002-12-03,0.04,0.06019196
11,2,2002,2002-12-11,0.04,0.08131075
11,2,2002,2002-12-19,0.03,0.08388263
11,2,2002,2002-12-27,0.01,0.05892375
11,2,2003,2003-07-04,0.03,0.06887472
11,2,2003,2003-07-12,0.04,0.03960046
11,2,2003,2003-07-20,0.02,0.057231814
11,2,2003,2003-07-28,0.02,0.042809457
11,2,2003,2003-08-05,0.02,0.04549107
11,2,2003,2003-08-13,0.07,0.04606816
11,2,2003,2003-08-21,0.07,0.09619598
11,2,2003,2003-08-29,0.12,0.095951736
11,2,2003,2003-09-06,0.17,0.13407512
11,2,2003,2003-09-14,0.23,0.1778124
11,2,2003,2003-09-22,0.33,0.24665152
11,2,2003,2003-09-30,0.37,0.38080817
11,2,2003,2003-10-08,0.21,0.403859
11,2,2003,2003-10-16,0.06,0.24099247
11,2,2003,2003-10-24,0.01,0.037395477
11,2,2003,2003-11-01,0.02,-0.00280419
11,2,2003,2003-11-09,0.02,0.0020332038
11,2,2003,2003-11-17,0.03,0.027995855
11,2,2003,2003-11-25,0.04,0.048402935
11,2,2003,2003-12-03,0.01,0.06743243
11,2,2003,2003-12-11,0.04,0.042717725
11,2,2003,2003-12-19,0.04,0.06683609
11,2,2003,2003-12-27,0.02,0.065128475
11,2,2004,2004-07-03,0.01,0.019942433
11,2,2004,2004-07-11,0.05,0.03005302
11,2,2004,2004-07-19,0.01,0.06951669
11,2,2004,2004-07-27,0.01,0.033105463
11,2,2004,2004-08-04,0.03,0.028175205
11,2,2004,2004-08-12,0.04,0.042958528
11,2,2004,2004-08-20,0.32,0.0694758
11,2,2004,2004-08-28,0.38,0.32700458
11,2,2004,2004-09-05,0.49,0.38414773
11,2,2004,2004-09-13,0.31,0.46539894
11,2,2004,2004-09-21,0.22,0.29424724
11,2,2004,2004-09-29,0.18,0.18852136
11,2,2004,2004-10-07,0.16,0.15010834
11,2,2004,2004-10-15,0.09,0.11567202
11,2,2004,2004-10-23,0.03,0.043829054
11,2,2004,2004-10-31,0.04,0.004541993
11,2,2004,2004-11-08,0.04,0.030182034
11,2,2004,2004-11-16,0.01,0.04734519
11,2,2004,2004-11-24,0.09,0.032501906
11,2,2004,2004-12-02,0.06,0.099122584
11,2,2004,2004-12-10,0.05,0.07067567
11,2,2004,2004-12-18,0.04,0.066018194
11,2,2004,2004-12-26,0.03,0.051835865
11,2,2005,2005-07-04,0.01,0.04189983
11,2,2005,2005-07-12,0.05,0.031637877
11,2,2005,2005-07-20,0.05,0.079161435
11,2,2005,2005-07-28,0.03,0.07001126
11,2,2005,2005-08-05,0.04,0.050362557
11,2,2005,2005-08-13,0.02,0.06138128
11,2,2005,2005-08-21,0.01,0.04817742
11,2,2005,2005-08-29,0.07,0.11726506
11,2,2005,2005-09-06,0.09,0.17385536
11,2,2005,2005-09-14,0.25,0.20300668
11,2,2005,2005-09-22,0.21,0.27550417
11,2,2005,2005-09-30,0.28,0.20572144
11,2,2005,2005-10-08,0.27,0.2461965
11,2,2005,2005-10-16,0.29,0.23311046
11,2,2005,2005-10-24,0.28,0.23781395
11,2,2005,2005-11-01,0.28,0.21291366
11,2,2005,2005-11-09,0.13,0.22392409
11,2,2005,2005-11-17,0.19,0.10196619
11,2,2005,2005-11-25,0.04,0.13851123
11,2,2005,2005-12-03,0.04,0.05090776
11,2,2005,2005-12-11,0.04,0.046194345
11,2,2005,2005-12-19,0.02,0.048108608
11,2,2005,2005-12-27,0.03,0.043214113
11,2,2006,2006-07-04,0.06,0.106602415
11,2,2006,2006-07-12,0.02,0.07248828
11,2,2006,2006-07-20,0.02,0.043792248
11,2,2006,2006-07-28,0.02,0.03950891
11,2,2006,2006-08-05,0.05,0.038839728
11,2,2006,2006-08-13,0.05,0.0682458
11,2,2006,2006-08-21,0.04,0.06544387
11,2,2006,2006-08-29,0.18,0.054171443
11,2,2006,2006-09-06,0.21,0.18793659
11,2,2006,2006-09-14,0.27,0.22348462
11,2,2006,2006-09-22,0.44,0.30558428
11,2,2006,2006-09-30,0.29,0.41657874
11,2,2006,2006-10-08,0.29,0.29921344
11,2,2006,2006-10-16,0.28,0.24165031
11,2,2006,2006-10-24,0.12,0.22947083
11,2,2006,2006-11-01,0.1,0.11782417
11,2,2006,2006-11-09,0.04,0.08603516
11,2,2006,2006-11-17,0.02,0.02553463
11,2,2006,2006-11-25,0.03,0.04407212
11,2,2006,2006-12-03,0.02,0.028263062
11,2,2006,2006-12-11,0.04,0.034152955
11,2,2006,2006-12-19,0.05,0.054917634
11,2,2006,2006-12-27,0.01,0.06382635
11,2,2007,2007-07-04,0.02,0.03534153
11,2,2007,2007-07-12,0.02,0.042056352
11,2,2007,2007-07-20,0.01,0.03572154
11,2,2007,2007-07-28,0.02,0.028227597
11,2,2007,2007-08-05,0.04,0.037098557
11,2,2007,2007-08-13,0.06,0.062241524
11,2,2007,2007-08-21,0.1,0.07945877
11,2,2007,2007-08-29,0.27,0.1076211
11,2,2007,2007-09-06,0.28,0.29148835
11,2,2007,2007-09-14,0.28,0.30381626
11,2,2007,2007-09-22,0.29,0.2856385
11,2,2007,2007-09-30,0.13,0.3030723
11,2,2007,2007-10-08,0.18,0.13240543
11,2,2007,2007-10-16,0.24,0.13646021
11,2,2007,2007-10-24,0.01,0.20454259
11,2,2007,2007-11-01,0.03,0.035556346
11,2,2007,2007-11-09,0.02,0.015766114
11,2,2007,2007-11-17,0.03,0.009690732
11,2,2007,2007-11-25,0.04,0.040723443
11,2,2007,2007-12-03,0.06,0.05323544
11,2,2007,2007-12-11,0.08,0.070429295
11,2,2007,2007-12-19,0.06,0.09179607
11,2,2007,2007-12-27,0.02,0.077507466
11,2,2008,2008-07-03,0.02,0.04064086
11,2,2008,2008-07-11,0.02,0.044283837
11,2,2008,2008-07-19,0.02,0.044730753
11,2,2008,2008-07-27,0.1,0.041477352
11,2,2008,2008-08-04,0.16,0.1109148
11,2,2008,2008-08-12,0.28,0.17081572
11,2,2008,2008-08-20,0.27,0.2794255
11,2,2008,2008-08-28,0.25,0.268862
11,2,2008,2008-09-05,0.29,0.26792416
11,2,2008,2008-09-13,0.21,0.27737677
11,2,2008,2008-09-21,0.29,0.20251237
11,2,2008,2008-09-29,0.2,0.2538534
11,2,2008,2008-10-07,0.16,0.15357599
11,2,2008,2008-10-15,0.04,0.12932068
11,2,2008,2008-10-23,0.06,0.058606148
11,2,2008,2008-10-31,0.07,0.02987644
11,2,2008,2008-11-08,0.03,0.05794391
11,2,2008,2008-11-16,0.03,0.044539303
11,2,2008,2008-11-24,0.04,0.0490973
11,2,2008,2008-12-02,0.1,0.060254097
11,2,2008,2008-12-10,0.09,0.11906704
11,2,2008,2008-12-18,0.07,0.11690885
11,2,2008,2008-12-26,0.01,0.087649554
11,2,2009,2009-07-04,0.01,0.04219362
11,2,2009,2009-07-12,0.01,0.034052312
11,2,2009,2009-07-20,0.03,0.033958822
11,2,2009,2009-07-28,0.01,0.05196607
11,2,2009,2009-08-05,0.03,0.05783823
11,2,2009,2009-08-13,0.11,0.08619639
11,2,2009,2009-08-21,0.11,0.18233909
11,2,2009,2009-08-29,0.23,0.17145361
11,2,2009,2009-09-06,0.36,0.24963424
11,2,2009,2009-09-14,0.38,0.3668069
11,2,2009,2009-09-22,0.31,0.3558681
11,2,2009,2009-09-30,0.3,0.28240824
11,2,2009,2009-10-08,0.21,0.2265439
11,2,2009,2009-10-16,0.24,0.14875913
11,2,2009,2009-10-24,0.14,0.1526607
11,2,2009,2009-11-01,0.02,0.10188237
11,2,2009,2009-11-09,0.03,0.02332154
11,2,2009,2009-11-17,0.02,0.021962225
11,2,2009,2009-11-25,0.05,0.03116268
11,2,2009,2009-12-03,0.03,0.07134256
11,2,2009,2009-12-11,0.03,0.07167396
11,2,2009,2009-12-19,0.05,0.065182954
11,2,2009,2009-12-27,0.08,0.07199693
11,2,2010,2010-07-04,0.03,0.08580613
11,2,2010,2010-07-12,0.01,0.032718003
11,2,2010,2010-07-20,0.03,0.014258474
11,2,2010,2010-07-28,0.0,0.044952393
11,2,2010,2010-08-05,0.02,0.021183342
11,2,2010,2010-08-13,0.03,0.041235715
11,2,2010,2010-08-21,0.02,0.06932312
11,2,2010,2010-08-29,0.03,0.062025994
11,2,2010,2010-09-06,0.14,0.09323433
11,2,2010,2010-09-14,0.17,0.21629179
11,2,2010,2010-09-22,0.2,0.24002108
11,2,2010,2010-09-30,0.34,0.220431
11,2,2010,2010-10-08,0.37,0.32219535
11,2,2010,2010-10-16,0.11,0.33045515
11,2,2010,2010-10-24,0.25,0.120949
11,2,2010,2010-11-01,0.16,0.1633222
11,2,2010,2010-11-09,0.07,0.09871054
11,2,2010,2010-11-17,0.06,0.05417338
11,2,2010,2010-11-25,0.03,0.04007849
11,2,2010,2010-12-03,0.0,0.0409939
11,2,2010,2010-12-11,0.01,0.019669086
11,2,2010,2010-12-19,0.02,0.02747336
11,2,2010,2010-12-27,0.06,0.044101328
11,2,2011,2011-07-04,0.04,0.03501293
11,2,2011,2011-07-12,0.02,0.04604754
11,2,2011,2011-07-20,0.03,0.0265961
11,2,2011,2011-07-28,0.01,0.048277408
11,2,2011,2011-08-05,0.01,0.026448727
11,2,2011,2011-08-13,0.07,0.0319041
11,2,2011,2011-08-21,0.1,0.0831286
11,2,2011,2011-08-29,0.13,0.11035141
11,2,2011,2011-09-06,0.12,0.1359805
11,2,2011,2011-09-14,0.27,0.14874972
11,2,2011,2011-09-22,0.3,0.2783622
11,2,2011,2011-09-30,0.18,0.30574813
11,2,2011,2011-10-08,0.17,0.21824326
11,2,2011,2011-10-16,0.09,0.17251547
11,2,2011,2011-10-24,0.09,0.052470416
11,2,2011,2011-11-01,0.05,0.09314555
11,2,2011,2011-11-09,0.04,0.058916718
11,2,2011,2011-11-17,0.01,0.041728526
11,2,2011,2011-11-25,0.02,0.02160871
11,2,2011,2011-12-03,0.03,0.03172216
11,2,2011,2011-12-11,0.05,0.038698703
11,2,2011,2011-12-19,0.06,0.06206605
11,2,2011,2011-12-27,0.0,0.07440409
11,2,2012,2012-07-03,0.02,0.03638774
11,2,2012,2012-07-11,0.0,0.046302438
11,2,2012,2012-07-19,0.0,0.024388969
11,2,2012,2012-07-27,0.01,0.027975649
11,2,2012,2012-08-04,0.03,0.03192702
11,2,2012,2012-08-12,0.04,0.05186525
11,2,2012,2012-08-20,0.1,0.077037275
11,2,2012,2012-08-28,0.2,0.13531736
11,2,2012,2012-09-05,0.36,0.22884066
11,2,2012,2012-09-13,0.21,0.3642093
11,2,2012,2012-09-21,0.18,0.25101504
11,2,2012,2012-09-29,0.11,0.17332171
11,2,2012,2012-10-07,0.08,0.07534215
11,2,2012,2012-10-15,0.09,0.065185845
11,2,2012,2012-10-23,0.01,0.07138148
11,2,2012,2012-10-31,0.02,0.027854562
11,2,2012,2012-11-08,0.02,0.03003648
11,2,2012,2012-11-16,0.03,0.035863698
11,2,2012,2012-11-24,0.01,0.04608211
11,2,2012,2012-12-02,0.05,0.033893555
11,2,2012,2012-12-10,0.12,0.07102248
11,2,2012,2012-12-18,0.1,0.13988006
11,2,2012,2012-12-26,0.04,0.124420434
11,3,2001,2001-07-04,0.07,0.07476869
11,3,2001,2001-07-12,0.05,0.08011165
11,3,2001,2001-07-20,0.06,0.05387482
11,3,2001,2001-07-28,0.06,0.068440646
11,3,2001,2001-08-05,0.07,0.08056727
11,3,2001,2001-08-13,0.07,0.100743055
11,3,2001,2001-08-21,0.14,0.08652559
11,3,2001,2001-08-29,0.13,0.13538033
11,3,2001,2001-09-06,0.09,0.13392663
11,3,2001,2001-09-14,0.1,0.10074057
11,3,2001,2001-09-22,0.1,0.10174675
11,3,2001,2001-09-30,0.11,0.10754067
11,3,2001,2001-10-08,0.08,0.111372694
11,3,2001,2001-10-16,0.09,0.095171124
11,3,2001,2001-10-24,0.07,0.099578395
11,3,2001,2001-11-01,0.09,0.08827141
11,3,2001,2001-11-09,0.13,0.10648444
11,3,2001,2001-11-17,0.08,0.11953914
11,3,2001,2001-11-25,0.09,0.13611314
11,3,2001,2001-12-03,0.19,0.103318766
11,3,2001,2001-12-11,0.21,0.1622529
11,3,2001,2001-12-19,0.15,0.19307612
11,3,2001,2001-12-27,0.08,0.14734873
11,3,2002,2002-07-04,0.07,0.121352345
11,3,2002,2002-07-12,0.12,0.07841554
11,3,2002,2002-07-20,0.09,0.10541144
11,3,2002,2002-07-28,0.08,0.09988798
11,3,2002,2002-08-05,0.09,0.092449635
11,3,2002,2002-08-13,0.11,0.0970612
11,3,2002,2002-08-21,0.11,0.114691734
11,3,2002,2002-08-29,0.09,0.13240218
11,3,2002,2002-09-06,0.09,0.114764854
11,3,2002,2002-09-14,0.1,0.09917125
11,3,2002,2002-09-22,0.16,0.10636768
11,3,2002,2002-09-30,0.14,0.15426406
11,3,2002,2002-10-08,0.14,0.15044676
11,3,2002,2002-10-16,0.11,0.1380434
11,3,2002,2002-10-24,0.13,0.11375056
11,3,2002,2002-11-01,0.13,0.122390494
11,3,2002,2002-11-09,0.09,0.13068146
11,3,2002,2002-11-17,0.11,0.11396626
11,3,2002,2002-11-25,0.12,0.11046569
11,3,2002,2002-12-03,0.12,0.12066123
11,3,2002,2002-12-11,0.15,0.14700073
11,3,2002,2002-12-19,0.19,0.17231442
11,3,2002,2002-12-27,0.07,0.18618783
11,3,2003,2003-07-04,0.1,0.08579245
11,3,2003,2003-07-12,0.12,0.094631135
11,3,2003,2003-07-20,0.1,0.12637806
11,3,2003,2003-07-28,0.11,0.114396766
11,3,2003,2003-08-05,0.08,0.11268622
11,3,2003,2003-08-13,0.12,0.09380993
11,3,2003,2003-08-21,0.14,0.12441775
11,3,2003,2003-08-29,0.11,0.14311433
11,3,2003,2003-09-06,0.13,0.121762425
11,3,2003,2003-09-14,0.11,0.12629405
11,3,2003,2003-09-22,0.12,0.11701234
11,3,2003,2003-09-30,0.12,0.13675115
11,3,2003,2003-10-08,0.18,0.13249291
11,3,2003,2003-10-16,0.11,0.17323017
11,3,2003,2003-10-24,0.08,0.12473558
11,3,2003,2003-11-01,0.08,0.09722106
11,3,2003,2003-11-09,0.1,0.091110796
11,3,2003,2003-11-17,0.14,0.1038332
11,3,2003,2003-11-25,0.13,0.13986662
11,3,2003,2003-12-03,0.06,0.14133056
11,3,2003,2003-12-11,0.17,0.09107232
11,3,2003,2003-12-19,0.09,0.15956277
11,3,2003,2003-12-27,0.08,0.128609
11,3,2004,2004-07-03,0.09,0.0914059
11,3,2004,2004-07-11,0.1,0.104633525
11,3,2004,2004-07-19,0.07,0.11868626
11,3,2004,2004-07-27,0.05,0.09492436
11,3,2004,2004-08-04,0.1,0.07674748
11,3,2004,2004-08-12,0.11,0.10143158
11,3,2004,2004-08-20,0.21,0.12587091
11,3,2004,2004-08-28,0.24,0.20577815
11,3,2004,2004-09-05,0.18,0.22848257
11,3,2004,2004-09-13,0.17,0.18742703
11,3,2004,2004-09-21,0.13,0.15661617
11,3,2004,2004-09-29,0.13,0.12906888
11,3,2004,2004-10-07,0.13,0.12972558
11,3,2004,2004-10-15,0.13,0.14450794
11,3,2004,2004-10-23,0.12,0.13407439
11,3,2004,2004-10-31,0.11,0.11817852
11,3,2004,2004-11-08,0.11,0.110314995
11,3,2004,2004-11-16,0.11,0.117178485
11,3,2004,2004-11-24,0.16,0.12782623
11,3,2004,2004-12-02,0.22,0.16122796
11,3,2004,2004-12-10,0.21,0.19347313
11,3,2004,2004-12-18,0.13,0.21507683
11,3,2004,2004-12-26,0.11,0.13958105
11,3,2005,2005-07-04,0.08,0.12936512
11,3,2005,2005-07-12,0.13,0.09965603
11,3,2005,2005-07-20,0.12,0.13409877
11,3,2005,2005-07-28,0.11,0.1271445
11,3,2005,2005-08-05,0.1,0.117819965
11,3,2005,2005-08-13,0.11,0.116711006
11,3,2005,2005-08-21,0.12,0.12802002
11,3,2005,2005-08-29,0.18,0.15792367
11,3,2005,2005-09-06,0.27,0.20770746
11,3,2005,2005-09-14,0.24,0.26200473
11,3,2005,2005-09-22,0.11,0.23916067
11,3,2005,2005-09-30,0.11,0.1261439
11,3,2005,2005-10-08,0.14,0.10258676
11,3,2005,2005-10-16,0.12,0.13372722
11,3,2005,2005-10-24,0.13,0.1394478
11,3,2005,2005-11-01,0.15,0.1405066
11,3,2005,2005-11-09,0.11,0.15164147
11,3,2005,2005-11-17,0.15,0.12822767
11,3,2005,2005-11-25,0.19,0.15044516
11,3,2005,2005-12-03,0.2,0.19526353
11,3,2005,2005-12-11,0.17,0.22335556
11,3,2005,2005-12-19,0.22,0.1913139
11,3,2005,2005-12-27,0.13,0.19543794
11,3,2006,2006-07-04,0.11,0.119378775
11,3,2006,2006-07-12,0.09,0.114327386
11,3,2006,2006-07-20,0.09,0.11160879
11,3,2006,2006-07-28,0.11,0.1073782
11,3,2006,2006-08-05,0.17,0.11959204
11,3,2006,2006-08-13,0.22,0.16199654
11,3,2006,2006-08-21,0.11,0.20815754
11,3,2006,2006-08-29,0.2,0.13965818
11,3,2006,2006-09-06,0.14,0.19049758
11,3,2006,2006-09-14,0.11,0.17629355
11,3,2006,2006-09-22,0.13,0.14615953
11,3,2006,2006-09-30,0.13,0.11602113
11,3,2006,2006-10-08,0.14,0.12290987
11,3,2006,2006-10-16,0.14,0.14499436
11,3,2006,2006-10-24,0.12,0.14595893
11,3,2006,2006-11-01,0.15,0.13271096
11,3,2006,2006-11-09,0.14,0.15329382
11,3,2006,2006-11-17,0.17,0.14354907
11,3,2006,2006-11-25,0.17,0.17077532
11,3,2006,2006-12-03,0.13,0.18153839
11,3,2006,2006-12-11,0.16,0.15627448
11,3,2006,2006-12-19,0.14,0.1581548
11,3,2006,2006-12-27,0.09,0.15788743
11,3,2007,2007-07-04,0.1,0.066632956
11,3,2007,2007-07-12,0.1,0.105879545
11,3,2007,2007-07-20,0.07,0.113093525
11,3,2007,2007-07-28,0.08,0.093289256
11,3,2007,2007-08-05,0.07,0.096028045
11,3,2007,2007-08-13,0.1,0.10409497
11,3,2007,2007-08-21,0.12,0.13611472
11,3,2007,2007-08-29,0.16,0.12749797
11,3,2007,2007-09-06,0.24,0.17251348
11,3,2007,2007-09-14,0.16,0.22175893
11,3,2007,2007-09-22,0.09,0.16763051
11,3,2007,2007-09-30,0.1,0.1038789
11,3,2007,2007-10-08,0.13,0.09949711
11,3,2007,2007-10-16,0.12,0.13328542
11,3,2007,2007-10-24,0.07,0.13619113
11,3,2007,2007-11-01,0.11,0.094883114
11,3,2007,2007-11-09,0.09,0.11851817
11,3,2007,2007-11-17,0.11,0.11081275
11,3,2007,2007-11-25,0.12,0.13132611
11,3,2007,2007-12-03,0.14,0.13693513
11,3,2007,2007-12-11,0.11,0.14442617
11,3,2007,2007-12-19,0.24,0.12891929
11,3,2007,2007-12-27,0.16,0.21454872
11,3,2008,2008-07-03,0.1,0.08849236
11,3,2008,2008-07-11,0.08,0.11360137
11,3,2008,2008-07-19,0.08,0.10412651
11,3,2008,2008-07-27,0.08,0.09426093
11,3,2008,2008-08-04,0.13,0.09331921
11,3,2008,2008-08-12,0.27,0.12784472
11,3,2008,2008-08-20,0.19,0.24268861
11,3,2008,2008-08-28,0.16,0.20824894
11,3,2008,2008-09-05,0.14,0.17208007
11,3,2008,2008-09-13,0.09,0.15707102
11,3,2008,2008-09-21,0.1,0.112503245
11,3,2008,2008-09-29,0.12,0.095957965
11,3,2008,2008-10-07,0.12,0.115118936
11,3,2008,2008-10-15,0.12,0.1344383
11,3,2008,2008-10-23,0.12,0.13371825
11,3,2008,2008-10-31,0.12,0.120170236
11,3,2008,2008-11-08,0.11,0.12705995
11,3,2008,2008-11-16,0.12,0.11893307
11,3,2008,2008-11-24,0.17,0.1285785
11,3,2008,2008-12-02,0.22,0.16612178
11,3,2008,2008-12-10,0.16,0.21353498
11,3,2008,2008-12-18,0.15,0.1697399
11,3,2008,2008-12-26,0.09,0.17154312
11,3,2009,2009-07-04,0.08,0.10860951
11,3,2009,2009-07-12,0.07,0.098791555
11,3,2009,2009-07-20,0.1,0.08599895
11,3,2009,2009-07-28,0.07,0.10509202
11,3,2009,2009-08-05,0.1,0.090547085
11,3,2009,2009-08-13,0.15,0.118965685
11,3,2009,2009-08-21,0.15,0.18668008
11,3,2009,2009-08-29,0.28,0.17686668
11,3,2009,2009-09-06,0.19,0.25206685
11,3,2009,2009-09-14,0.14,0.19324538
11,3,2009,2009-09-22,0.14,0.13355798
11,3,2009,2009-09-30,0.12,0.120670944
11,3,2009,2009-10-08,0.12,0.12456074
11,3,2009,2009-10-16,0.13,0.12853462
11,3,2009,2009-10-24,0.11,0.13479841
11,3,2009,2009-11-01,0.07,0.12345222
11,3,2009,2009-11-09,0.1,0.09345397
11,3,2009,2009-11-17,0.11,0.106117874
11,3,2009,2009-11-25,0.13,0.12145354
11,3,2009,2009-12-03,0.14,0.15099907
11,3,2009,2009-12-11,0.19,0.1682545
11,3,2009,2009-12-19,0.22,0.18852027
11,3,2009,2009-12-27,0.13,0.20794442
11,3,2010,2010-07-04,0.09,0.12667544
11,3,2010,2010-07-12,0.08,0.09539071
11,3,2010,2010-07-20,0.12,0.08417997
11,3,2010,2010-07-28,0.05,0.12164843
11,3,2010,2010-08-05,0.08,0.077233106
11,3,2010,2010-08-13,0.08,0.09356296
11,3,2010,2010-08-21,0.09,0.10520245
11,3,2010,2010-08-29,0.11,0.118256554
11,3,2010,2010-09-06,0.26,0.15551737
11,3,2010,2010-09-14,0.21,0.24691167
11,3,2010,2010-09-22,0.26,0.21177275
11,3,2010,2010-09-30,0.15,0.23004514
11,3,2010,2010-10-08,0.19,0.14831679
11,3,2010,2010-10-16,0.1,0.16464394
11,3,2010,2010-10-24,0.13,0.11025137
11,3,2010,2010-11-01,0.11,0.12460326
11,3,2010,2010-11-09,0.13,0.105061516
11,3,2010,2010-11-17,0.12,0.130785
11,3,2010,2010-11-25,0.08,0.12853463
11,3,2010,2010-12-03,0.06,0.10560958
11,3,2010,2010-12-11,0.1,0.08600524
11,3,2010,2010-12-19,0.12,0.122217625
11,3,2010,2010-12-27,0.2,0.15078376
11,3,2011,2011-07-04,0.11,0.10354245
11,3,2011,2011-07-12,0.1,0.115160346
11,3,2011,2011-07-20,0.1,0.10943815
11,3,2011,2011-07-28,0.08,0.1183954
11,3,2011,2011-08-05,0.09,0.09150624
11,3,2011,2011-08-13,0.2,0.10060805
11,3,2011,2011-08-21,0.13,0.18020898
11,3,2011,2011-08-29,0.13,0.15158266
11,3,2011,2011-09-06,0.11,0.13993508
11,3,2011,2011-09-14,0.12,0.14842433
11,3,2011,2011-09-22,0.14,0.14882219
11,3,2011,2011-09-30,0.11,0.16697243
11,3,2011,2011-10-08,0.15,0.12555812
11,3,2011,2011-10-16,0.11,0.15393272
11,3,2011,2011-10-24,0.11,0.116413355
11,3,2011,2011-11-01,0.11,0.120463505
11,3,2011,2011-11-09,0.12,0.11593622
11,3,2011,2011-11-17,0.1,0.13293207
11,3,2011,2011-11-25,0.12,0.118543684
11,3,2011,2011-12-03,0.19,0.120787755
11,3,2011,2011-12-11,0.15,0.16670468
11,3,2011,2011-12-19,0.11,0.16002323
11,3,2011,2011-12-27,0.06,0.13005704
11,3,2012,2012-07-03,0.09,0.108716875
11,3,2012,2012-07-11,0.07,0.10864815
11,3,2012,2012-07-19,0.08,0.091097504
11,3,2012,2012-07-27,0.08,0.0945493
11,3,2012,2012-08-04,0.09,0.09255162
11,3,2012,2012-08-12,0.09,0.10293856
11,3,2012,2012-08-20,0.17,0.12667194
11,3,2012,2012-08-28,0.2,0.16868703
11,3,2012,2012-09-05,0.42,0.19422488
11,3,2012,2012-09-13,0.12,0.35525373
11,3,2012,2012-09-21,0.15,0.17777048
11,3,2012,2012-09-29,0.11,0.13320205
11,3,2012,2012-10-07,0.1,0.09370217
11,3,2012,2012-10-15,0.11,0.117500484
11,3,2012,2012-10-23,0.1,0.11376172
11,3,2012,2012-10-31,0.1,0.111724526
11,3,2012,2012-11-08,0.1,0.111071676
11,3,2012,2012-11-16,0.12,0.11393666
11,3,2012,2012-11-24,0.08,0.1243528
11,3,2012,2012-12-02,0.17,0.10374376
11,3,2012,2012-12-10,0.26,0.1758113
11,3,2012,2012-12-18,0.22,0.24209723
11,3,2012,2012-12-26,0.13,0.21543439
11,4,2001,2001-07-04,0.16,0.14999276
11,4,2001,2001-07-12,0.14,0.15706621
11,4,2001,2001-07-20,0.13,0.13255537
11,4,2001,2001-07-28,0.13,0.12813753
11,4,2001,2001-08-05,0.13,0.12605956
11,4,2001,2001-08-13,0.12,0.13320167
11,4,2001,2001-08-21,0.13,0.12873417
11,4,2001,2001-08-29,0.16,0.14801204
11,4,2001,2001-09-06,0.19,0.1611239
11,4,2001,2001-09-14,0.16,0.184374
11,4,2001,2001-09-22,0.2,0.16231167
11,4,2001,2001-09-30,0.15,0.1808927
11,4,2001,2001-10-08,0.15,0.14716852
11,4,2001,2001-10-16,0.11,0.13688023
11,4,2001,2001-10-24,0.11,0.116223186
11,4,2001,2001-11-01,0.12,0.116047576
11,4,2001,2001-11-09,0.15,0.1265852
11,4,2001,2001-11-17,0.1,0.150331
11,4,2001,2001-11-25,0.17,0.12327528
11,4,2001,2001-12-03,0.21,0.16938633
11,4,2001,2001-12-11,0.19,0.20891383
11,4,2001,2001-12-19,0.2,0.20065454
11,4,2001,2001-12-27,0.15,0.17170441
11,4,2002,2002-07-04,0.14,0.17254269
11,4,2002,2002-07-12,0.17,0.14200774
11,4,2002,2002-07-20,0.15,0.15252069
11,4,2002,2002-07-28,0.14,0.14361617
11,4,2002,2002-08-05,0.13,0.13802993
11,4,2002,2002-08-13,0.18,0.12901725
11,4,2002,2002-08-21,0.18,0.16501933
11,4,2002,2002-08-29,0.16,0.17405763
11,4,2002,2002-09-06,0.15,0.16501564
11,4,2002,2002-09-14,0.16,0.15628941
11,4,2002,2002-09-22,0.14,0.15482035
11,4,2002,2002-09-30,0.15,0.15027276
11,4,2002,2002-10-08,0.17,0.14507361
11,4,2002,2002-10-16,0.16,0.16024512
11,4,2002,2002-10-24,0.15,0.14917524
11,4,2002,2002-11-01,0.14,0.14102411
11,4,2002,2002-11-09,0.15,0.13528407
11,4,2002,2002-11-17,0.14,0.15092957
11,4,2002,2002-11-25,0.14,0.13504457
11,4,2002,2002-12-03,0.17,0.14793673
11,4,2002,2002-12-11,0.19,0.17876448
11,4,2002,2002-12-19,0.2,0.19181153
11,4,2002,2002-12-27,0.13,0.19697164
11,4,2003,2003-07-04,0.15,0.13398746
11,4,2003,2003-07-12,0.15,0.14494616
11,4,2003,2003-07-20,0.13,0.15502441
11,4,2003,2003-07-28,0.15,0.14002016
11,4,2003,2003-08-05,0.15,0.14696372
11,4,2003,2003-08-13,0.16,0.14785224
11,4,2003,2003-08-21,0.19,0.16741017
11,4,2003,2003-08-29,0.14,0.18842672
11,4,2003,2003-09-06,0.14,0.15234533
11,4,2003,2003-09-14,0.14,0.13883644
11,4,2003,2003-09-22,0.19,0.1406745
11,4,2003,2003-09-30,0.14,0.17718104
11,4,2003,2003-10-08,0.16,0.15180306
11,4,2003,2003-10-16,0.13,0.16104822
11,4,2003,2003-10-24,0.09,0.13895524
11,4,2003,2003-11-01,0.12,0.109675735
11,4,2003,2003-11-09,0.12,0.12107748
11,4,2003,2003-11-17,0.16,0.13151482
11,4,2003,2003-11-25,0.16,0.1603786
11,4,2003,2003-12-03,0.11,0.16250888
11,4,2003,2003-12-11,0.22,0.13368978
11,4,2003,2003-12-19,0.16,0.20424268
11,4,2003,2003-12-27,0.14,0.17914838
11,4,2004,2004-07-03,0.16,0.14954114
11,4,2004,2004-07-11,0.15,0.1575898
11,4,2004,2004-07-19,0.12,0.15310687
11,4,2004,2004-07-27,0.14,0.12625359
11,4,2004,2004-08-04,0.14,0.14012879
11,4,2004,2004-08-12,0.14,0.14548755
11,4,2004,2004-08-20,0.18,0.14972568
11,4,2004,2004-08-28,0.21,0.18169582
11,4,2004,2004-09-05,0.19,0.19679442
11,4,2004,2004-09-13,0.17,0.18258522
11,4,2004,2004-09-21,0.17,0.16137463
11,4,2004,2004-09-29,0.19,0.16912556
11,4,2004,2004-10-07,0.18,0.17573209
11,4,2004,2004-10-15,0.17,0.17517725
11,4,2004,2004-10-23,0.16,0.16001871
11,4,2004,2004-10-31,0.16,0.14307511
11,4,2004,2004-11-08,0.16,0.15019289
11,4,2004,2004-11-16,0.15,0.15466459
11,4,2004,2004-11-24,0.19,0.15730874
11,4,2004,2004-12-02,0.19,0.1832495
11,4,2004,2004-12-10,0.24,0.17614397
11,4,2004,2004-12-18,0.23,0.2342518
11,4,2004,2004-12-26,0.21,0.21776128
11,4,2005,2005-07-04,0.15,0.14154406
11,4,2005,2005-07-12,0.17,0.14690663
11,4,2005,2005-07-20,0.16,0.16338661
11,4,2005,2005-07-28,0.15,0.15264723
11,4,2005,2005-08-05,0.14,0.1492747
11,4,2005,2005-08-13,0.14,0.14121646
11,4,2005,2005-08-21,0.17,0.1418936
11,4,2005,2005-08-29,0.26,0.17319155
11,4,2005,2005-09-06,0.24,0.25206906
11,4,2005,2005-09-14,0.23,0.2384188
11,4,2005,2005-09-22,0.15,0.21072587
11,4,2005,2005-09-30,0.15,0.14335439
11,4,2005,2005-10-08,0.16,0.14243895
11,4,2005,2005-10-16,0.14,0.15384446
11,4,2005,2005-10-24,0.15,0.14680466
11,4,2005,2005-11-01,0.16,0.1486824
11,4,2005,2005-11-09,0.16,0.15800965
11,4,2005,2005-11-17,0.15,0.16176376
11,4,2005,2005-11-25,0.24,0.15120313
11,4,2005,2005-12-03,0.22,0.2253478
11,4,2005,2005-12-11,0.19,0.22047059
11,4,2005,2005-12-19,0.15,0.19997633
11,4,2005,2005-12-27,0.17,0.1541961
11,4,2006,2006-07-04,0.16,0.14006278
11,4,2006,2006-07-12,0.15,0.15278155
11,4,2006,2006-07-20,0.14,0.15325974
11,4,2006,2006-07-28,0.14,0.14566079
11,4,2006,2006-08-05,0.14,0.14021647
11,4,2006,2006-08-13,0.19,0.13932604
11,4,2006,2006-08-21,0.17,0.17701675
11,4,2006,2006-08-29,0.2,0.17577657
11,4,2006,2006-09-06,0.15,0.21256733
11,4,2006,2006-09-14,0.14,0.16980782
11,4,2006,2006-09-22,0.13,0.14789835
11,4,2006,2006-09-30,0.15,0.120545596
11,4,2006,2006-10-08,0.14,0.1409986
11,4,2006,2006-10-16,0.13,0.14409147
11,4,2006,2006-10-24,0.14,0.1352428
11,4,2006,2006-11-01,0.16,0.14111856
11,4,2006,2006-11-09,0.16,0.1604951
11,4,2006,2006-11-17,0.16,0.16381253
11,4,2006,2006-11-25,0.17,0.15879118
11,4,2006,2006-12-03,0.14,0.18266964
11,4,2006,2006-12-11,0.21,0.15854865
11,4,2006,2006-12-19,0.24,0.19378372
11,4,2006,2006-12-27,0.16,0.21302941
11,4,2007,2007-07-04,0.15,0.12372291
11,4,2007,2007-07-12,0.18,0.14614174
11,4,2007,2007-07-20,0.14,0.17214978
11,4,2007,2007-07-28,0.12,0.14516729
11,4,2007,2007-08-05,0.09,0.1223326
11,4,2007,2007-08-13,0.15,0.09933643
11,4,2007,2007-08-21,0.16,0.15505882
11,4,2007,2007-08-29,0.18,0.1669938
11,4,2007,2007-09-06,0.2,0.18719956
11,4,2007,2007-09-14,0.18,0.1848971
11,4,2007,2007-09-22,0.16,0.16789103
11,4,2007,2007-09-30,0.15,0.14714774
11,4,2007,2007-10-08,0.17,0.14353117
11,4,2007,2007-10-16,0.16,0.15862234
11,4,2007,2007-10-24,0.14,0.15373504
11,4,2007,2007-11-01,0.12,0.14019586
11,4,2007,2007-11-09,0.1,0.12728679
11,4,2007,2007-11-17,0.14,0.11294502
11,4,2007,2007-11-25,0.15,0.1408056
11,4,2007,2007-12-03,0.17,0.1565266
11,4,2007,2007-12-11,0.13,0.16584128
11,4,2007,2007-12-19,0.19,0.14918299
11,4,2007,2007-12-27,0.19,0.19371697
11,4,2008,2008-07-03,0.14,0.13916782
11,4,2008,2008-07-11,0.14,0.14198348
11,4,2008,2008-07-19,0.12,0.148503
11,4,2008,2008-07-27,0.11,0.12856227
11,4,2008,2008-08-04,0.15,0.11401346
11,4,2008,2008-08-12,0.19,0.13542923
11,4,2008,2008-08-20,0.17,0.18619856
11,4,2008,2008-08-28,0.18,0.18062261
11,4,2008,2008-09-05,0.16,0.18149245
11,4,2008,2008-09-13,0.13,0.16659445
11,4,2008,2008-09-21,0.11,0.13937299
11,4,2008,2008-09-29,0.14,0.11617999
11,4,2008,2008-10-07,0.16,0.13580927
11,4,2008,2008-10-15,0.18,0.16320969
11,4,2008,2008-10-23,0.15,0.1798608
11,4,2008,2008-10-31,0.15,0.15264331
11,4,2008,2008-11-08,0.13,0.14121382
11,4,2008,2008-11-16,0.11,0.1241743
11,4,2008,2008-11-24,0.18,0.121009976
11,4,2008,2008-12-02,0.17,0.1723801
11,4,2008,2008-12-10,0.2,0.17947595
11,4,2008,2008-12-18,0.2,0.18778145
11,4,2008,2008-12-26,0.19,0.1961118
11,4,2009,2009-07-04,0.13,0.1530374
11,4,2009,2009-07-12,0.12,0.13228539
11,4,2009,2009-07-20,0.18,0.123384416
11,4,2009,2009-07-28,0.12,0.16302335
11,4,2009,2009-08-05,0.16,0.12988593
11,4,2009,2009-08-13,0.17,0.15850826
11,4,2009,2009-08-21,0.17,0.17601447
11,4,2009,2009-08-29,0.24,0.17612769
11,4,2009,2009-09-06,0.17,0.22135878
11,4,2009,2009-09-14,0.17,0.17354946
11,4,2009,2009-09-22,0.18,0.15390599
11,4,2009,2009-09-30,0.15,0.15362522
11,4,2009,2009-10-08,0.16,0.15019482
11,4,2009,2009-10-16,0.17,0.15950306
11,4,2009,2009-10-24,0.16,0.1716879
11,4,2009,2009-11-01,0.11,0.15993191
11,4,2009,2009-11-09,0.16,0.12077226
11,4,2009,2009-11-17,0.26,0.14555871
11,4,2009,2009-11-25,0.16,0.22459845
11,4,2009,2009-12-03,0.16,0.18376088
11,4,2009,2009-12-11,0.2,0.15894485
11,4,2009,2009-12-19,0.17,0.18602172
11,4,2009,2009-12-27,0.14,0.17811236
11,4,2010,2010-07-04,0.14,0.167083
11,4,2010,2010-07-12,0.14,0.13103402
11,4,2010,2010-07-20,0.18,0.12822823
11,4,2010,2010-07-28,0.11,0.174436
11,4,2010,2010-08-05,0.15,0.12165573
11,4,2010,2010-08-13,0.16,0.14593731
11,4,2010,2010-08-21,0.12,0.1586251
11,4,2010,2010-08-29,0.12,0.13716002
11,4,2010,2010-09-06,0.16,0.14081849
11,4,2010,2010-09-14,0.23,0.15473343
11,4,2010,2010-09-22,0.23,0.21346305
11,4,2010,2010-09-30,0.17,0.22149175
11,4,2010,2010-10-08,0.22,0.1649802
11,4,2010,2010-10-16,0.18,0.18840176
11,4,2010,2010-10-24,0.12,0.17115211
11,4,2010,2010-11-01,0.12,0.12599997
11,4,2010,2010-11-09,0.16,0.10497475
11,4,2010,2010-11-17,0.16,0.15239221
11,4,2010,2010-11-25,0.13,0.18737532
11,4,2010,2010-12-03,0.12,0.1409061
11,4,2010,2010-12-11,0.15,0.11905618
11,4,2010,2010-12-19,0.14,0.15102261
11,4,2010,2010-12-27,0.12,0.1481433
11,4,2011,2011-07-04,0.16,0.1582692
11,4,2011,2011-07-12,0.16,0.15746742
11,4,2011,2011-07-20,0.15,0.15627995
11,4,2011,2011-07-28,0.13,0.15641585
11,4,2011,2011-08-05,0.14,0.12846416
11,4,2011,2011-08-13,0.19,0.13995503
11,4,2011,2011-08-21,0.2,0.18235227
11,4,2011,2011-08-29,0.16,0.18974411
11,4,2011,2011-09-06,0.15,0.15698147
11,4,2011,2011-09-14,0.23,0.1490835
11,4,2011,2011-09-22,0.19,0.22402433
11,4,2011,2011-09-30,0.17,0.20688806
11,4,2011,2011-10-08,0.18,0.1650356
11,4,2011,2011-10-16,0.14,0.17096616
11,4,2011,2011-10-24,0.17,0.14447233
11,4,2011,2011-11-01,0.17,0.14955011
11,4,2011,2011-11-09,0.17,0.15413287
11,4,2011,2011-11-17,0.13,0.1703488
11,4,2011,2011-11-25,0.13,0.14155102
11,4,2011,2011-12-03,0.18,0.12833199
11,4,2011,2011-12-11,0.16,0.16182113
11,4,2011,2011-12-19,0.16,0.16536747
11,4,2011,2011-12-27,0.09,0.16023362
11,4,2012,2012-07-03,0.17,0.15066674
11,4,2012,2012-07-11,0.13,0.16948155
11,4,2012,2012-07-19,0.14,0.13921557
11,4,2012,2012-07-27,0.12,0.13963374
11,4,2012,2012-08-04,0.13,0.12161988
11,4,2012,2012-08-12,0.14,0.13251448
11,4,2012,2012-08-20,0.17,0.1523886
11,4,2012,2012-08-28,0.19,0.17915505
11,4,2012,2012-09-05,0.27,0.18407673
11,4,2012,2012-09-13,0.23,0.23872875
11,4,2012,2012-09-21,0.19,0.23299229
11,4,2012,2012-09-29,0.17,0.18528545
11,4,2012,2012-10-07,0.18,0.15107657
11,4,2012,2012-10-15,0.15,0.16337267
11,4,2012,2012-10-23,0.15,0.14359844
11,4,2012,2012-10-31,0.16,0.14828512
11,4,2012,2012-11-08,0.13,0.15713352
11,4,2012,2012-11-16,0.13,0.14071375
11,4,2012,2012-11-24,0.12,0.12706327
11,4,2012,2012-12-02,0.17,0.12066686
11,4,2012,2012-12-10,0.22,0.17091176
11,4,2012,2012-12-18,0.2,0.21043666
11,4,2012,2012-12-26,0.21,0.19819565
11,5,2001,2001-07-04,0.24,0.21321008
11,5,2001,2001-07-12,0.17,0.23416385
11,5,2001,2001-07-20,0.21,0.18152809
11,5,2001,2001-07-28,0.18,0.18867813
11,5,2001,2001-08-05,0.17,0.18456063
11,5,2001,2001-08-13,0.19,0.17312866
11,5,2001,2001-08-21,0.19,0.18352535
11,5,2001,2001-08-29,0.2,0.20396346
11,5,2001,2001-09-06,0.29,0.22139871
11,5,2001,2001-09-14,0.3,0.2718309
11,5,2001,2001-09-22,0.29,0.2982062
11,5,2001,2001-09-30,0.27,0.27515963
11,5,2001,2001-10-08,0.21,0.24435979
11,5,2001,2001-10-16,0.22,0.18749169
11,5,2001,2001-10-24,0.14,0.19399807
11,5,2001,2001-11-01,0.11,0.14743757
11,5,2001,2001-11-09,0.16,0.12560022
11,5,2001,2001-11-17,0.14,0.1508323
11,5,2001,2001-11-25,0.14,0.15242773
11,5,2001,2001-12-03,0.17,0.15755707
11,5,2001,2001-12-11,0.21,0.1908727
11,5,2001,2001-12-19,0.23,0.22958732
11,5,2001,2001-12-27,0.25,0.22553152
11,5,2002,2002-07-04,0.18,0.25000295
11,5,2002,2002-07-12,0.21,0.18593174
11,5,2002,2002-07-20,0.17,0.17759126
11,5,2002,2002-07-28,0.18,0.17604831
11,5,2002,2002-08-05,0.18,0.18072055
11,5,2002,2002-08-13,0.24,0.17940643
11,5,2002,2002-08-21,0.24,0.22820398
11,5,2002,2002-08-29,0.21,0.23732778
11,5,2002,2002-09-06,0.24,0.21646768
11,5,2002,2002-09-14,0.25,0.24426988
11,5,2002,2002-09-22,0.34,0.2581642
11,5,2002,2002-09-30,0.27,0.31924725
11,5,2002,2002-10-08,0.28,0.2715721
11,5,2002,2002-10-16,0.2,0.24969065
11,5,2002,2002-10-24,0.16,0.19293703
11,5,2002,2002-11-01,0.12,0.15008435
11,5,2002,2002-11-09,0.15,0.116235346
11,5,2002,2002-11-17,0.16,0.15105748
11,5,2002,2002-11-25,0.15,0.16678748
11,5,2002,2002-12-03,0.16,0.16360798
11,5,2002,2002-12-11,0.22,0.17086887
11,5,2002,2002-12-19,0.28,0.2221155
11,5,2002,2002-12-27,0.23,0.27622652
11,5,2003,2003-07-04,0.21,0.17740443
11,5,2003,2003-07-12,0.19,0.18830429
11,5,2003,2003-07-20,0.2,0.19176754
11,5,2003,2003-07-28,0.21,0.19759753
11,5,2003,2003-08-05,0.19,0.20461799
11,5,2003,2003-08-13,0.21,0.19525972
11,5,2003,2003-08-21,0.27,0.21723524
11,5,2003,2003-08-29,0.27,0.26030308
11,5,2003,2003-09-06,0.27,0.26261157
11,5,2003,2003-09-14,0.27,0.2619254
11,5,2003,2003-09-22,0.26,0.2593499
11,5,2003,2003-09-30,0.2,0.27027568
11,5,2003,2003-10-08,0.2,0.21455646
11,5,2003,2003-10-16,0.16,0.20091167
11,5,2003,2003-10-24,0.12,0.16218002
11,5,2003,2003-11-01,0.17,0.13164458
11,5,2003,2003-11-09,0.13,0.15290843
11,5,2003,2003-11-17,0.17,0.14874183
11,5,2003,2003-11-25,0.13,0.17695731
11,5,2003,2003-12-03,0.13,0.1520888
11,5,2003,2003-12-11,0.31,0.14903373
11,5,2003,2003-12-19,0.27,0.28157562
11,5,2003,2003-12-27,0.2,0.29383975
11,5,2004,2004-07-03,0.21,0.21136111
11,5,2004,2004-07-11,0.21,0.21081865
11,5,2004,2004-07-19,0.2,0.21174395
11,5,2004,2004-07-27,0.25,0.20287514
11,5,2004,2004-08-04,0.18,0.23820859
11,5,2004,2004-08-12,0.2,0.19762024
11,5,2004,2004-08-20,0.24,0.20126905
11,5,2004,2004-08-28,0.29,0.23979932
11,5,2004,2004-09-05,0.39,0.28712004
11,5,2004,2004-09-13,0.33,0.3575087
11,5,2004,2004-09-21,0.31,0.32470652
11,5,2004,2004-09-29,0.32,0.29060513
11,5,2004,2004-10-07,0.24,0.2729931
11,5,2004,2004-10-15,0.2,0.22888885
11,5,2004,2004-10-23,0.16,0.1867654
11,5,2004,2004-10-31,0.19,0.15087354
11,5,2004,2004-11-08,0.18,0.18303718
11,5,2004,2004-11-16,0.17,0.18163002
11,5,2004,2004-11-24,0.17,0.18357179
11,5,2004,2004-12-02,0.16,0.17194057
11,5,2004,2004-12-10,0.25,0.16622534
11,5,2004,2004-12-18,0.34,0.26196635
11,5,2004,2004-12-26,0.31,0.3305222
11,5,2005,2005-07-04,0.21,0.1935016
11,5,2005,2005-07-12,0.22,0.2036705
11,5,2005,2005-07-20,0.21,0.21628042
11,5,2005,2005-07-28,0.2,0.20825912
11,5,2005,2005-08-05,0.2,0.21296188
11,5,2005,2005-08-13,0.19,0.19780794
11,5,2005,2005-08-21,0.23,0.19406605
11,5,2005,2005-08-29,0.26,0.22992188
11,5,2005,2005-09-06,0.29,0.2690308
11,5,2005,2005-09-14,0.37,0.3116945
11,5,2005,2005-09-22,0.22,0.3510002
11,5,2005,2005-09-30,0.27,0.24642551
11,5,2005,2005-10-08,0.25,0.24751794
11,5,2005,2005-10-16,0.21,0.22559066
11,5,2005,2005-10-24,0.24,0.20375334
11,5,2005,2005-11-01,0.2,0.20840243
11,5,2005,2005-11-09,0.16,0.20062381
11,5,2005,2005-11-17,0.17,0.17335986
11,5,2005,2005-11-25,0.2,0.17058371
11,5,2005,2005-12-03,0.23,0.19607213
11,5,2005,2005-12-11,0.26,0.22322613
11,5,2005,2005-12-19,0.23,0.26511878
11,5,2005,2005-12-27,0.22,0.26371527
11,5,2006,2006-07-04,0.24,0.18934871
11,5,2006,2006-07-12,0.23,0.22339487
11,5,2006,2006-07-20,0.21,0.22606875
11,5,2006,2006-07-28,0.21,0.21651037
11,5,2006,2006-08-05,0.21,0.2059319
11,5,2006,2006-08-13,0.24,0.20750004
11,5,2006,2006-08-21,0.22,0.22873825
11,5,2006,2006-08-29,0.3,0.22806023
11,5,2006,2006-09-06,0.24,0.28630698
11,5,2006,2006-09-14,0.26,0.25941855
11,5,2006,2006-09-22,0.24,0.2752061
11,5,2006,2006-09-30,0.18,0.22661051
11,5,2006,2006-10-08,0.22,0.19243637
11,5,2006,2006-10-16,0.2,0.20814362
11,5,2006,2006-10-24,0.15,0.2018668
11,5,2006,2006-11-01,0.18,0.17513707
11,5,2006,2006-11-09,0.18,0.17890418
11,5,2006,2006-11-17,0.18,0.1791789
11,5,2006,2006-11-25,0.16,0.1853781
11,5,2006,2006-12-03,0.18,0.17860763
11,5,2006,2006-12-11,0.27,0.19632623
11,5,2006,2006-12-19,0.25,0.26606715
11,5,2006,2006-12-27,0.2,0.25856742
11,5,2007,2007-07-04,0.21,0.2001738
11,5,2007,2007-07-12,0.21,0.20842217
11,5,2007,2007-07-20,0.2,0.21088839
11,5,2007,2007-07-28,0.18,0.19955327
11,5,2007,2007-08-05,0.17,0.18369953
11,5,2007,2007-08-13,0.19,0.17576244
11,5,2007,2007-08-21,0.22,0.19538283
11,5,2007,2007-08-29,0.24,0.2167112
11,5,2007,2007-09-06,0.3,0.24934432
11,5,2007,2007-09-14,0.3,0.2783869
11,5,2007,2007-09-22,0.21,0.28477505
11,5,2007,2007-09-30,0.24,0.2174083
11,5,2007,2007-10-08,0.2,0.20546135
11,5,2007,2007-10-16,0.21,0.19373742
11,5,2007,2007-10-24,0.13,0.2026885
11,5,2007,2007-11-01,0.16,0.14349425
11,5,2007,2007-11-09,0.11,0.15772238
11,5,2007,2007-11-17,0.16,0.13423516
11,5,2007,2007-11-25,0.14,0.16622013
11,5,2007,2007-12-03,0.15,0.15376823
11,5,2007,2007-12-11,0.16,0.16426952
11,5,2007,2007-12-19,0.19,0.18652217
11,5,2007,2007-12-27,0.2,0.20637587
11,5,2008,2008-07-03,0.2,0.20830901
11,5,2008,2008-07-11,0.16,0.20002204
11,5,2008,2008-07-19,0.19,0.17319289
11,5,2008,2008-07-27,0.19,0.18479237
11,5,2008,2008-08-04,0.18,0.18875757
11,5,2008,2008-08-12,0.22,0.18368521
11,5,2008,2008-08-20,0.24,0.21096683
11,5,2008,2008-08-28,0.33,0.23791865
11,5,2008,2008-09-05,0.23,0.30693412
11,5,2008,2008-09-13,0.19,0.2583024
11,5,2008,2008-09-21,0.17,0.20724323
11,5,2008,2008-09-29,0.18,0.16118911
11,5,2008,2008-10-07,0.16,0.17907204
11,5,2008,2008-10-15,0.17,0.16889378
11,5,2008,2008-10-23,0.17,0.17820087
11,5,2008,2008-10-31,0.17,0.1643722
11,5,2008,2008-11-08,0.11,0.17225191
11,5,2008,2008-11-16,0.12,0.12715405
11,5,2008,2008-11-24,0.16,0.1354072
11,5,2008,2008-12-02,0.17,0.1606521
11,5,2008,2008-12-10,0.2,0.17998043
11,5,2008,2008-12-18,0.22,0.20057014
11,5,2008,2008-12-26,0.2,0.22090791
11,5,2009,2009-07-04,0.18,0.18740226
11,5,2009,2009-07-12,0.17,0.18162856
11,5,2009,2009-07-20,0.19,0.16571285
11,5,2009,2009-07-28,0.14,0.18597806
11,5,2009,2009-08-05,0.18,0.15839738
11,5,2009,2009-08-13,0.2,0.17773765
11,5,2009,2009-08-21,0.2,0.20376912
11,5,2009,2009-08-29,0.35,0.21489017
11,5,2009,2009-09-06,0.27,0.34010836
11,5,2009,2009-09-14,0.24,0.27469844
11,5,2009,2009-09-22,0.22,0.21616015
11,5,2009,2009-09-30,0.18,0.18283732
11,5,2009,2009-10-08,0.17,0.17228727
11,5,2009,2009-10-16,0.15,0.1628749
11,5,2009,2009-10-24,0.14,0.15409018
11,5,2009,2009-11-01,0.1,0.149728
11,5,2009,2009-11-09,0.12,0.12378645
11,5,2009,2009-11-17,0.16,0.12202345
11,5,2009,2009-11-25,0.13,0.15585029
11,5,2009,2009-12-03,0.16,0.15386903
11,5,2009,2009-12-11,0.19,0.17194942
11,5,2009,2009-12-19,0.23,0.19806841
11,5,2009,2009-12-27,0.25,0.23464474
11,5,2010,2010-07-04,0.16,0.24492568
11,5,2010,2010-07-12,0.19,0.1713019
11,5,2010,2010-07-20,0.21,0.17092745
11,5,2010,2010-07-28,0.18,0.19723296
11,5,2010,2010-08-05,0.21,0.17961717
11,5,2010,2010-08-13,0.22,0.20037097
11,5,2010,2010-08-21,0.18,0.21583587
11,5,2010,2010-08-29,0.18,0.1915243
11,5,2010,2010-09-06,0.2,0.21086708
11,5,2010,2010-09-14,0.23,0.20768517
11,5,2010,2010-09-22,0.26,0.22219178
11,5,2010,2010-09-30,0.33,0.24017137
11,5,2010,2010-10-08,0.39,0.28863567
11,5,2010,2010-10-16,0.27,0.3380012
11,5,2010,2010-10-24,0.14,0.25414294
11,5,2010,2010-11-01,0.12,0.13722393
11,5,2010,2010-11-09,0.14,0.09855336
11,5,2010,2010-11-17,0.15,0.12955844
11,5,2010,2010-11-25,0.14,0.16222239
11,5,2010,2010-12-03,0.13,0.15266919
11,5,2010,2010-12-11,0.14,0.14594203
11,5,2010,2010-12-19,0.15,0.15690288
11,5,2010,2010-12-27,0.12,0.1746691
11,5,2011,2011-07-04,0.2,0.18925029
11,5,2011,2011-07-12,0.21,0.19041047
11,5,2011,2011-07-20,0.17,0.20060207
11,5,2011,2011-07-28,0.19,0.18646151
11,5,2011,2011-08-05,0.17,0.18863612
11,5,2011,2011-08-13,0.22,0.18195008
11,5,2011,2011-08-21,0.23,0.21906956
11,5,2011,2011-08-29,0.23,0.22365752
11,5,2011,2011-09-06,0.2,0.22363347
11,5,2011,2011-09-14,0.34,0.2034699
11,5,2011,2011-09-22,0.29,0.30487216
11,5,2011,2011-09-30,0.26,0.2950793
11,5,2011,2011-10-08,0.19,0.27613503
11,5,2011,2011-10-16,0.13,0.22019574
11,5,2011,2011-10-24,0.15,0.1491192
11,5,2011,2011-11-01,0.12,0.1274749
11,5,2011,2011-11-09,0.14,0.11805606
11,5,2011,2011-11-17,0.12,0.14567283
11,5,2011,2011-11-25,0.13,0.14197716
11,5,2011,2011-12-03,0.18,0.14613655
11,5,2011,2011-12-11,0.21,0.17620748
11,5,2011,2011-12-19,0.25,0.20689
11,5,2011,2011-12-27,0.16,0.23968737
11,5,2012,2012-07-03,0.21,0.17645246
11,5,2012,2012-07-11,0.16,0.20697956
11,5,2012,2012-07-19,0.17,0.17581955
11,5,2012,2012-07-27,0.18,0.1668864
11,5,2012,2012-08-04,0.17,0.17722334
11,5,2012,2012-08-12,0.19,0.17407882
11,5,2012,2012-08-20,0.19,0.19580415
11,5,2012,2012-08-28,0.2,0.20009655
11,5,2012,2012-09-05,0.37,0.20586726
11,5,2012,2012-09-13,0.25,0.31885976
11,5,2012,2012-09-21,0.22,0.2841693
11,5,2012,2012-09-29,0.19,0.2275275
11,5,2012,2012-10-07,0.15,0.1779074
11,5,2012,2012-10-15,0.18,0.14442989
11,5,2012,2012-10-23,0.13,0.15448879
11,5,2012,2012-10-31,0.11,0.13791125
11,5,2012,2012-11-08,0.12,0.12069538
11,5,2012,2012-11-16,0.14,0.12833726
11,5,2012,2012-11-24,0.11,0.1440846
11,5,2012,2012-12-02,0.14,0.13069159
11,5,2012,2012-12-10,0.21,0.15563609
11,5,2012,2012-12-18,0.21,0.21343344
11,5,2012,2012-12-26,0.39,0.23063847
11,6,2001,2001-07-04,0.48,0.4133302
11,6,2001,2001-07-12,0.34,0.46701145
11,6,2001,2001-07-20,0.41,0.402068
11,6,2001,2001-07-28,0.39,0.38925484
11,6,2001,2001-08-05,0.32,0.39848596
11,6,2001,2001-08-13,0.37,0.36320144
11,6,2001,2001-08-21,0.4,0.36122558
11,6,2001,2001-08-29,0.38,0.37486368
11,6,2001,2001-09-06,0.43,0.4014764
11,6,2001,2001-09-14,0.46,0.41186696
11,6,2001,2001-09-22,0.47,0.44616678
11,6,2001,2001-09-30,0.45,0.45806143
11,6,2001,2001-10-08,0.48,0.44738585
11,6,2001,2001-10-16,0.39,0.4422546
11,6,2001,2001-10-24,0.29,0.40466604
11,6,2001,2001-11-01,0.3,0.334662
11,6,2001,2001-11-09,0.36,0.3128997
11,6,2001,2001-11-17,0.34,0.33686283
11,6,2001,2001-11-25,0.35,0.34171286
11,6,2001,2001-12-03,0.35,0.3459701
11,6,2001,2001-12-11,0.36,0.3465606
11,6,2001,2001-12-19,0.31,0.35334972
11,6,2001,2001-12-27,0.4,0.32918647
11,6,2002,2002-07-04,0.42,0.5286223
11,6,2002,2002-07-12,0.49,0.461965
11,6,2002,2002-07-20,0.44,0.44157743
11,6,2002,2002-07-28,0.41,0.4316376
11,6,2002,2002-08-05,0.42,0.41618043
11,6,2002,2002-08-13,0.52,0.40180328
11,6,2002,2002-08-21,0.52,0.46596372
11,6,2002,2002-08-29,0.43,0.49272364
11,6,2002,2002-09-06,0.42,0.44774932
11,6,2002,2002-09-14,0.45,0.4230294
11,6,2002,2002-09-22,0.54,0.4394648
11,6,2002,2002-09-30,0.53,0.50173926
11,6,2002,2002-10-08,0.62,0.50879025
11,6,2002,2002-10-16,0.47,0.5621835
11,6,2002,2002-10-24,0.42,0.48077276
11,6,2002,2002-11-01,0.34,0.4081336
11,6,2002,2002-11-09,0.37,0.33903018
11,6,2002,2002-11-17,0.42,0.3650358
11,6,2002,2002-11-25,0.4,0.4008455
11,6,2002,2002-12-03,0.35,0.40486315
11,6,2002,2002-12-11,0.36,0.37260005
11,6,2002,2002-12-19,0.37,0.3659851
11,6,2002,2002-12-27,0.39,0.36508554
11,6,2003,2003-07-04,0.48,0.3967819
11,6,2003,2003-07-12,0.5,0.43147546
11,6,2003,2003-07-20,0.47,0.46720898
11,6,2003,2003-07-28,0.48,0.46642804
11,6,2003,2003-08-05,0.45,0.45637268
11,6,2003,2003-08-13,0.41,0.4386809
11,6,2003,2003-08-21,0.47,0.43098083
11,6,2003,2003-08-29,0.45,0.4579905
11,6,2003,2003-09-06,0.4,0.44276556
11,6,2003,2003-09-14,0.48,0.4085832
11,6,2003,2003-09-22,0.58,0.44537392
11,6,2003,2003-09-30,0.47,0.5309682
11,6,2003,2003-10-08,0.48,0.4960106
11,6,2003,2003-10-16,0.42,0.49085853
11,6,2003,2003-10-24,0.42,0.42550623
11,6,2003,2003-11-01,0.39,0.40787828
11,6,2003,2003-11-09,0.32,0.37452418
11,6,2003,2003-11-17,0.3,0.34485245
11,6,2003,2003-11-25,0.31,0.33107316
11,6,2003,2003-12-03,0.31,0.3331179
11,6,2003,2003-12-11,0.39,0.32872713
11,6,2003,2003-12-19,0.4,0.3720624
11,6,2003,2003-12-27,0.41,0.39551193
11,6,2004,2004-07-03,0.56,0.521856
11,6,2004,2004-07-11,0.53,0.53194207
11,6,2004,2004-07-19,0.45,0.5226928
11,6,2004,2004-07-27,0.55,0.46841475
11,6,2004,2004-08-04,0.45,0.5024542
11,6,2004,2004-08-12,0.52,0.46232247
11,6,2004,2004-08-20,0.52,0.48163867
11,6,2004,2004-08-28,0.51,0.4929418
11,6,2004,2004-09-05,0.55,0.4956581
11,6,2004,2004-09-13,0.63,0.5046478
11,6,2004,2004-09-21,0.61,0.5615243
11,6,2004,2004-09-29,0.61,0.5820606
11,6,2004,2004-10-07,0.65,0.5703528
11,6,2004,2004-10-15,0.52,0.5844515
11,6,2004,2004-10-23,0.43,0.51587886
11,6,2004,2004-10-31,0.5,0.44637293
11,6,2004,2004-11-08,0.51,0.45275027
11,6,2004,2004-11-16,0.43,0.46460634
11,6,2004,2004-11-24,0.4,0.4292649
11,6,2004,2004-12-02,0.41,0.39712605
11,6,2004,2004-12-10,0.44,0.3944511
11,6,2004,2004-12-18,0.46,0.4263572
11,6,2004,2004-12-26,0.48,0.4476719
11,6,2005,2005-07-04,0.52,0.5280347
11,6,2005,2005-07-12,0.53,0.51752615
11,6,2005,2005-07-20,0.59,0.51478934
11,6,2005,2005-07-28,0.54,0.5291796
11,6,2005,2005-08-05,0.53,0.529668
11,6,2005,2005-08-13,0.49,0.50856906
11,6,2005,2005-08-21,0.62,0.48873097
11,6,2005,2005-08-29,0.64,0.5530151
11,6,2005,2005-09-06,0.65,0.5822682
11,6,2005,2005-09-14,0.7,0.6015786
11,6,2005,2005-09-22,0.52,0.6392156
11,6,2005,2005-09-30,0.65,0.5552969
11,6,2005,2005-10-08,0.61,0.5931937
11,6,2005,2005-10-16,0.51,0.58444524
11,6,2005,2005-10-24,0.53,0.5223065
11,6,2005,2005-11-01,0.49,0.4880039
11,6,2005,2005-11-09,0.42,0.47621858
11,6,2005,2005-11-17,0.41,0.44707972
11,6,2005,2005-11-25,0.39,0.41498908
11,6,2005,2005-12-03,0.43,0.39148402
11,6,2005,2005-12-11,0.39,0.41369513
11,6,2005,2005-12-19,0.39,0.40831745
11,6,2005,2005-12-27,0.39,0.4078141
11,6,2006,2006-07-04,0.57,0.5190667
11,6,2006,2006-07-12,0.58,0.53773534
11,6,2006,2006-07-20,0.54,0.54856044
11,6,2006,2006-07-28,0.51,0.5388903
11,6,2006,2006-08-05,0.54,0.5105889
11,6,2006,2006-08-13,0.57,0.51467645
11,6,2006,2006-08-21,0.54,0.5292505
11,6,2006,2006-08-29,0.54,0.5401677
11,6,2006,2006-09-06,0.57,0.5416679
11,6,2006,2006-09-14,0.56,0.55601
11,6,2006,2006-09-22,0.56,0.56015205
11,6,2006,2006-09-30,0.51,0.5353534
11,6,2006,2006-10-08,0.55,0.520264
11,6,2006,2006-10-16,0.49,0.53154016
11,6,2006,2006-10-24,0.38,0.49341023
11,6,2006,2006-11-01,0.46,0.42384684
11,6,2006,2006-11-09,0.4,0.4373408
11,6,2006,2006-11-17,0.39,0.41211444
11,6,2006,2006-11-25,0.35,0.40074408
11,6,2006,2006-12-03,0.37,0.3699907
11,6,2006,2006-12-11,0.37,0.38313538
11,6,2006,2006-12-19,0.37,0.38213366
11,6,2006,2006-12-27,0.38,0.38386792
11,6,2007,2007-07-04,0.51,0.5172715
11,6,2007,2007-07-12,0.53,0.5020871
11,6,2007,2007-07-20,0.51,0.5135308
11,6,2007,2007-07-28,0.49,0.498371
11,6,2007,2007-08-05,0.48,0.4792089
11,6,2007,2007-08-13,0.46,0.47218865
11,6,2007,2007-08-21,0.5,0.46675032
11,6,2007,2007-08-29,0.56,0.48222834
11,6,2007,2007-09-06,0.56,0.51979107
11,6,2007,2007-09-14,0.53,0.53641176
11,6,2007,2007-09-22,0.47,0.5215473
11,6,2007,2007-09-30,0.49,0.4797294
11,6,2007,2007-10-08,0.42,0.46948498
11,6,2007,2007-10-16,0.45,0.43927294
11,6,2007,2007-10-24,0.25,0.43945462
11,6,2007,2007-11-01,0.35,0.3198864
11,6,2007,2007-11-09,0.25,0.3450685
11,6,2007,2007-11-17,0.34,0.30038106
11,6,2007,2007-11-25,0.31,0.34319624
11,6,2007,2007-12-03,0.33,0.3271223
11,6,2007,2007-12-11,0.34,0.34520817
11,6,2007,2007-12-19,0.35,0.3497656
11,6,2007,2007-12-27,0.35,0.36065874
11,6,2008,2008-07-03,0.51,0.48943377
11,6,2008,2008-07-11,0.43,0.48185933
11,6,2008,2008-07-19,0.5,0.44405812
11,6,2008,2008-07-27,0.51,0.4675755
11,6,2008,2008-08-04,0.45,0.47917426
11,6,2008,2008-08-12,0.5,0.45398274
11,6,2008,2008-08-20,0.54,0.46402445
11,6,2008,2008-08-28,0.54,0.49830177
11,6,2008,2008-09-05,0.39,0.51998234
11,6,2008,2008-09-13,0.43,0.44268924
11,6,2008,2008-09-21,0.41,0.42354906
11,6,2008,2008-09-29,0.35,0.40205067
11,6,2008,2008-10-07,0.31,0.3797586
11,6,2008,2008-10-15,0.35,0.33536863
11,6,2008,2008-10-23,0.34,0.35238126
11,6,2008,2008-10-31,0.32,0.32964492
11,6,2008,2008-11-08,0.23,0.33148474
11,6,2008,2008-11-16,0.22,0.27038938
11,6,2008,2008-11-24,0.32,0.26198483
11,6,2008,2008-12-02,0.28,0.3064997
11,6,2008,2008-12-10,0.34,0.31429
11,6,2008,2008-12-18,0.3,0.340993
11,6,2008,2008-12-26,0.35,0.3274345
11,6,2009,2009-07-04,0.47,0.5032241
11,6,2009,2009-07-12,0.5,0.475413
11,6,2009,2009-07-20,0.55,0.47158498
11,6,2009,2009-07-28,0.48,0.51476455
11,6,2009,2009-08-05,0.49,0.492571
11,6,2009,2009-08-13,0.48,0.4778337
11,6,2009,2009-08-21,0.48,0.47191396
11,6,2009,2009-08-29,0.56,0.48247153
11,6,2009,2009-09-06,0.56,0.5284783
11,6,2009,2009-09-14,0.51,0.51851857
11,6,2009,2009-09-22,0.44,0.4955225
11,6,2009,2009-09-30,0.45,0.4428805
11,6,2009,2009-10-08,0.39,0.42736375
11,6,2009,2009-10-16,0.32,0.3872186
11,6,2009,2009-10-24,0.32,0.34852684
11,6,2009,2009-11-01,0.18,0.3338903
11,6,2009,2009-11-09,0.23,0.2594207
11,6,2009,2009-11-17,0.29,0.24514087
11,6,2009,2009-11-25,0.27,0.27824053
11,6,2009,2009-12-03,0.26,0.3074137
11,6,2009,2009-12-11,0.36,0.29831403
11,6,2009,2009-12-19,0.38,0.3530721
11,6,2009,2009-12-27,0.25,0.3763418
11,6,2010,2010-07-04,0.45,0.45561707
11,6,2010,2010-07-12,0.54,0.43771484
11,6,2010,2010-07-20,0.6,0.48181567
11,6,2010,2010-07-28,0.48,0.5439982
11,6,2010,2010-08-05,0.54,0.4853759
11,6,2010,2010-08-13,0.58,0.4917646
11,6,2010,2010-08-21,0.46,0.5155471
11,6,2010,2010-08-29,0.46,0.46710834
11,6,2010,2010-09-06,0.51,0.4538148
11,6,2010,2010-09-14,0.47,0.47768518
11,6,2010,2010-09-22,0.5,0.46198
11,6,2010,2010-09-30,0.46,0.45814455
11,6,2010,2010-10-08,0.55,0.4377843
11,6,2010,2010-10-16,0.44,0.47964922
11,6,2010,2010-10-24,0.23,0.42264414
11,6,2010,2010-11-01,0.18,0.29224733
11,6,2010,2010-11-09,0.22,0.19466445
11,6,2010,2010-11-17,0.28,0.21357949
11,6,2010,2010-11-25,0.27,0.27993232
11,6,2010,2010-12-03,0.11,0.2928616
11,6,2010,2010-12-11,0.24,0.2036188
11,6,2010,2010-12-19,0.27,0.25008875
11,6,2010,2010-12-27,0.28,0.2923513
11,6,2011,2011-07-04,0.55,0.456595
11,6,2011,2011-07-12,0.52,0.50371075
11,6,2011,2011-07-20,0.44,0.5056009
11,6,2011,2011-07-28,0.5,0.48107344
11,6,2011,2011-08-05,0.48,0.47430688
11,6,2011,2011-08-13,0.51,0.4748564
11,6,2011,2011-08-21,0.5,0.5027647
11,6,2011,2011-08-29,0.46,0.48430514
11,6,2011,2011-09-06,0.39,0.456461
11,6,2011,2011-09-14,0.18,0.4154193
11,6,2011,2011-09-22,0.41,0.2866676
11,6,2011,2011-09-30,0.37,0.377442
11,6,2011,2011-10-08,0.36,0.3863538
11,6,2011,2011-10-16,0.19,0.40635768
11,6,2011,2011-10-24,0.23,0.28441003
11,6,2011,2011-11-01,0.21,0.23469208
11,6,2011,2011-11-09,0.23,0.21136868
11,6,2011,2011-11-17,0.17,0.24435768
11,6,2011,2011-11-25,0.23,0.23234034
11,6,2011,2011-12-03,0.3,0.2564412
11,6,2011,2011-12-11,0.3,0.27418467
11,6,2011,2011-12-19,0.38,0.30619425
11,6,2011,2011-12-27,0.29,0.3620686
11,6,2012,2012-07-03,0.48,0.4353744
11,6,2012,2012-07-11,0.5,0.4661991
11,6,2012,2012-07-19,0.46,0.4738227
11,6,2012,2012-07-27,0.48,0.44478124
11,6,2012,2012-08-04,0.41,0.45268297
11,6,2012,2012-08-12,0.44,0.41590413
11,6,2012,2012-08-20,0.49,0.42803144
11,6,2012,2012-08-28,0.38,0.4554026
11,6,2012,2012-09-05,0.46,0.40411985
11,6,2012,2012-09-13,0.48,0.41328967
11,6,2012,2012-09-21,0.4,0.39907062
11,6,2012,2012-09-29,0.39,0.402033
11,6,2012,2012-10-07,0.29,0.38401246
11,6,2012,2012-10-15,0.34,0.32438356
11,6,2012,2012-10-23,0.14,0.3004948
11,6,2012,2012-10-31,0.24,0.20759186
11,6,2012,2012-11-08,0.11,0.22986668
11,6,2012,2012-11-16,0.19,0.18052611
11,6,2012,2012-11-24,0.11,0.20163277
11,6,2012,2012-12-02,0.17,0.17331377
11,6,2012,2012-12-10,0.25,0.21283242
11,6,2012,2012-12-18,0.31,0.2626983
11,6,2012,2012-12-26,0.44,0.32518402
11,7,2001,2001-07-04,0.33,0.28068823
11,7,2001,2001-07-12,0.25,0.34485045
11,7,2001,2001-07-20,0.26,0.31283763
11,7,2001,2001-07-28,0.3,0.2807521
11,7,2001,2001-08-05,0.17,0.30696195
11,7,2001,2001-08-13,0.17,0.24231921
11,7,2001,2001-08-21,0.32,0.21374372
11,7,2001,2001-08-29,0.34,0.28117085
11,7,2001,2001-09-06,0.43,0.34593946
11,7,2001,2001-09-14,0.36,0.39269838
11,7,2001,2001-09-22,0.38,0.37762508
11,7,2001,2001-09-30,0.42,0.38830054
11,7,2001,2001-10-08,0.41,0.39946303
11,7,2001,2001-10-16,0.32,0.3935328
11,7,2001,2001-10-24,0.31,0.34893826
11,7,2001,2001-11-01,0.26,0.32681963
11,7,2001,2001-11-09,0.25,0.30132124
11,7,2001,2001-11-17,0.29,0.28603098
11,7,2001,2001-11-25,0.33,0.29444847
11,7,2001,2001-12-03,0.34,0.32339406
11,7,2001,2001-12-11,0.33,0.3389619
11,7,2001,2001-12-19,0.3,0.3384937
11,7,2001,2001-12-27,0.36,0.32208556
11,7,2002,2002-07-04,0.3,0.42654717
11,7,2002,2002-07-12,0.37,0.3567414
11,7,2002,2002-07-20,0.34,0.3467329
11,7,2002,2002-07-28,0.29,0.3414256
11,7,2002,2002-08-05,0.3,0.32558104
11,7,2002,2002-08-13,0.37,0.30059382
11,7,2002,2002-08-21,0.37,0.3319198
11,7,2002,2002-08-29,0.36,0.37086204
11,7,2002,2002-09-06,0.29,0.38091066
11,7,2002,2002-09-14,0.32,0.35199186
11,7,2002,2002-09-22,0.5,0.33999842
11,7,2002,2002-09-30,0.44,0.43735093
11,7,2002,2002-10-08,0.49,0.4476402
11,7,2002,2002-10-16,0.44,0.46989834
11,7,2002,2002-10-24,0.39,0.4291896
11,7,2002,2002-11-01,0.36,0.39289173
11,7,2002,2002-11-09,0.33,0.35591725
11,7,2002,2002-11-17,0.44,0.33526883
11,7,2002,2002-11-25,0.38,0.39506143
11,7,2002,2002-12-03,0.41,0.39411047
11,7,2002,2002-12-11,0.34,0.40633577
11,7,2002,2002-12-19,0.39,0.3657011
11,7,2002,2002-12-27,0.38,0.37537003
11,7,2003,2003-07-04,0.47,0.35187477
11,7,2003,2003-07-12,0.49,0.40593833
11,7,2003,2003-07-20,0.41,0.44835353
11,7,2003,2003-07-28,0.41,0.43491408
11,7,2003,2003-08-05,0.39,0.407185
11,7,2003,2003-08-13,0.3,0.38935655
11,7,2003,2003-08-21,0.4,0.35691187
11,7,2003,2003-08-29,0.36,0.39010623
11,7,2003,2003-09-06,0.3,0.38402137
11,7,2003,2003-09-14,0.37,0.34468588
11,7,2003,2003-09-22,0.44,0.3609507
11,7,2003,2003-09-30,0.36,0.4341138
11,7,2003,2003-10-08,0.38,0.41611546
11,7,2003,2003-10-16,0.43,0.4121387
11,7,2003,2003-10-24,0.48,0.423348
11,7,2003,2003-11-01,0.43,0.45460775
11,7,2003,2003-11-09,0.35,0.43587726
11,7,2003,2003-11-17,0.39,0.38506225
11,7,2003,2003-11-25,0.41,0.39910915
11,7,2003,2003-12-03,0.39,0.41109657
11,7,2003,2003-12-11,0.51,0.41230568
11,7,2003,2003-12-19,0.48,0.45578066
11,7,2003,2003-12-27,0.43,0.46772847
11,7,2004,2004-07-03,0.54,0.4824996
11,7,2004,2004-07-11,0.55,0.5099224
11,7,2004,2004-07-19,0.46,0.52840126
11,7,2004,2004-07-27,0.66,0.485306
11,7,2004,2004-08-04,0.48,0.5545149
11,7,2004,2004-08-12,0.58,0.5006288
11,7,2004,2004-08-20,0.51,0.5153509
11,7,2004,2004-08-28,0.39,0.4952465
11,7,2004,2004-09-05,0.5,0.43875748
11,7,2004,2004-09-13,0.59,0.4495783
11,7,2004,2004-09-21,0.6,0.5102135
11,7,2004,2004-09-29,0.5,0.55007565
11,7,2004,2004-10-07,0.67,0.50842714
11,7,2004,2004-10-15,0.6,0.5656283
11,7,2004,2004-10-23,0.47,0.5610442
11,7,2004,2004-10-31,0.59,0.512776
11,7,2004,2004-11-08,0.59,0.5305316
11,7,2004,2004-11-16,0.58,0.5317819
11,7,2004,2004-11-24,0.48,0.5385746
11,7,2004,2004-12-02,0.56,0.4952225
11,7,2004,2004-12-10,0.5,0.51177484
11,7,2004,2004-12-18,0.53,0.5055765
11,7,2004,2004-12-26,0.59,0.51481277
11,7,2005,2005-07-04,0.56,0.55976295
11,7,2005,2005-07-12,0.56,0.5499806
11,7,2005,2005-07-20,0.65,0.5511192
11,7,2005,2005-07-28,0.22,0.5744369
11,7,2005,2005-08-05,0.58,0.42419422
11,7,2005,2005-08-13,0.56,0.49481606
11,7,2005,2005-08-21,0.61,0.5264035
11,7,2005,2005-08-29,0.65,0.56387115
11,7,2005,2005-09-06,0.64,0.57455194
11,7,2005,2005-09-14,0.69,0.5886294
11,7,2005,2005-09-22,0.56,0.62577164
11,7,2005,2005-09-30,0.59,0.5815203
11,7,2005,2005-10-08,0.62,0.5614455
11,7,2005,2005-10-16,0.5,0.5883316
11,7,2005,2005-10-24,0.62,0.53940964
11,7,2005,2005-11-01,0.59,0.5570647
11,7,2005,2005-11-09,0.48,0.56376314
11,7,2005,2005-11-17,0.61,0.5242907
11,7,2005,2005-11-25,0.49,0.56121945
11,7,2005,2005-12-03,0.56,0.50805306
11,7,2005,2005-12-11,0.47,0.53496873
11,7,2005,2005-12-19,0.46,0.49175012
11,7,2005,2005-12-27,0.43,0.4806557
11,7,2006,2006-07-04,0.65,0.6138909
11,7,2006,2006-07-12,0.71,0.61046195
11,7,2006,2006-07-20,0.61,0.63462144
11,7,2006,2006-07-28,0.6,0.6081811
11,7,2006,2006-08-05,0.61,0.54649603
11,7,2006,2006-08-13,0.63,0.5720053
11,7,2006,2006-08-21,0.62,0.5876326
11,7,2006,2006-08-29,0.6,0.59728944
11,7,2006,2006-09-06,0.58,0.58979666
11,7,2006,2006-09-14,0.59,0.57713085
11,7,2006,2006-09-22,0.59,0.5813491
11,7,2006,2006-09-30,0.6,0.567726
11,7,2006,2006-10-08,0.56,0.5729558
11,7,2006,2006-10-16,0.6,0.56074697
11,7,2006,2006-10-24,0.52,0.5612023
11,7,2006,2006-11-01,0.59,0.5400541
11,7,2006,2006-11-09,0.6,0.55964804
11,7,2006,2006-11-17,0.58,0.55881447
11,7,2006,2006-11-25,0.54,0.56685317
11,7,2006,2006-12-03,0.51,0.5372452
11,7,2006,2006-12-11,0.55,0.521037
11,7,2006,2006-12-19,0.61,0.51989454
11,7,2006,2006-12-27,0.54,0.55021304
11,7,2007,2007-07-04,0.63,0.62890744
11,7,2007,2007-07-12,0.67,0.61101675
11,7,2007,2007-07-20,0.58,0.6260582
11,7,2007,2007-07-28,0.58,0.582093
11,7,2007,2007-08-05,0.58,0.5655576
11,7,2007,2007-08-13,0.62,0.5589855
11,7,2007,2007-08-21,0.57,0.58075863
11,7,2007,2007-08-29,0.64,0.56622666
11,7,2007,2007-09-06,0.48,0.5873648
11,7,2007,2007-09-14,0.56,0.5258248
11,7,2007,2007-09-22,0.43,0.5367047
11,7,2007,2007-09-30,0.46,0.48374835
11,7,2007,2007-10-08,0.48,0.48144305
11,7,2007,2007-10-16,0.68,0.4804681
11,7,2007,2007-10-24,0.43,0.57712144
11,7,2007,2007-11-01,0.54,0.5055622
11,7,2007,2007-11-09,0.44,0.52256095
11,7,2007,2007-11-17,0.57,0.4810233
11,7,2007,2007-11-25,0.48,0.5288036
11,7,2007,2007-12-03,0.51,0.5002116
11,7,2007,2007-12-11,0.53,0.50113976
11,7,2007,2007-12-19,0.33,0.5113747
11,7,2007,2007-12-27,0.33,0.44469592
11,7,2008,2008-07-03,0.59,0.58352435
11,7,2008,2008-07-11,0.46,0.57320386
11,7,2008,2008-07-19,0.52,0.5175639
11,7,2008,2008-07-27,0.46,0.51342547
11,7,2008,2008-08-04,0.58,0.486807
11,7,2008,2008-08-12,0.64,0.5336349
11,7,2008,2008-08-20,0.59,0.5808157
11,7,2008,2008-08-28,0.53,0.5743535
11,7,2008,2008-09-05,0.44,0.55069935
11,7,2008,2008-09-13,0.49,0.4799377
11,7,2008,2008-09-21,0.53,0.485767
11,7,2008,2008-09-29,0.49,0.49345505
11,7,2008,2008-10-07,0.45,0.49089468
11,7,2008,2008-10-15,0.58,0.47048172
11,7,2008,2008-10-23,0.58,0.54228514
11,7,2008,2008-10-31,0.55,0.5404241
11,7,2008,2008-11-08,0.58,0.54034495
11,7,2008,2008-11-16,0.41,0.5357437
11,7,2008,2008-11-24,0.5,0.48358506
11,7,2008,2008-12-02,0.5,0.48343572
11,7,2008,2008-12-10,0.49,0.48994535
11,7,2008,2008-12-18,0.49,0.49529815
11,7,2008,2008-12-26,0.53,0.4720116
11,7,2009,2009-07-04,0.47,0.58279
11,7,2009,2009-07-12,0.58,0.52576566
11,7,2009,2009-07-20,0.63,0.5360397
11,7,2009,2009-07-28,0.55,0.5713887
11,7,2009,2009-08-05,0.53,0.55121315
11,7,2009,2009-08-13,0.5,0.54502195
11,7,2009,2009-08-21,0.5,0.53206396
11,7,2009,2009-08-29,0.67,0.5228844
11,7,2009,2009-09-06,0.64,0.5815115
11,7,2009,2009-09-14,0.54,0.5857552
11,7,2009,2009-09-22,0.48,0.55638087
11,7,2009,2009-09-30,0.59,0.5171952
11,7,2009,2009-10-08,0.66,0.54308707
11,7,2009,2009-10-16,0.6,0.5798989
11,7,2009,2009-10-24,0.59,0.586957
11,7,2009,2009-11-01,0.56,0.5832399
11,7,2009,2009-11-09,0.59,0.56281537
11,7,2009,2009-11-17,0.65,0.56953156
11,7,2009,2009-11-25,0.56,0.5798128
11,7,2009,2009-12-03,0.37,0.56073797
11,7,2009,2009-12-11,0.58,0.4744508
11,7,2009,2009-12-19,0.63,0.52076757
11,7,2009,2009-12-27,0.51,0.56194377
11,7,2010,2010-07-04,0.58,0.59521496
11,7,2010,2010-07-12,0.61,0.56109846
11,7,2010,2010-07-20,0.67,0.57241386
11,7,2010,2010-07-28,0.58,0.61127126
11,7,2010,2010-08-05,0.64,0.57882607
11,7,2010,2010-08-13,0.61,0.58717036
11,7,2010,2010-08-21,0.45,0.57267094
11,7,2010,2010-08-29,0.55,0.5033083
11,7,2010,2010-09-06,0.58,0.5367894
11,7,2010,2010-09-14,0.56,0.5580038
11,7,2010,2010-09-22,0.56,0.5497839
11,7,2010,2010-09-30,0.63,0.5339632
11,7,2010,2010-10-08,0.72,0.57657504
11,7,2010,2010-10-16,0.6,0.6377268
11,7,2010,2010-10-24,0.58,0.60275203
11,7,2010,2010-11-01,0.58,0.57460415
11,7,2010,2010-11-09,0.53,0.556691
11,7,2010,2010-11-17,0.53,0.5387579
11,7,2010,2010-11-25,0.54,0.53826004
11,7,2010,2010-12-03,0.4,0.5309306
11,7,2010,2010-12-11,0.4,0.4460457
11,7,2010,2010-12-19,0.46,0.43541494
11,7,2010,2010-12-27,0.41,0.4697218
11,7,2011,2011-07-04,0.61,0.55196524
11,7,2011,2011-07-12,0.62,0.5703118
11,7,2011,2011-07-20,0.51,0.5836195
11,7,2011,2011-07-28,0.58,0.55846274
11,7,2011,2011-08-05,0.56,0.5608952
11,7,2011,2011-08-13,0.65,0.55994475
11,7,2011,2011-08-21,0.58,0.59467393
11,7,2011,2011-08-29,0.53,0.56633013
11,7,2011,2011-09-06,0.54,0.5447448
11,7,2011,2011-09-14,0.45,0.54077435
11,7,2011,2011-09-22,0.65,0.5045175
11,7,2011,2011-09-30,0.62,0.5680192
11,7,2011,2011-10-08,0.59,0.58900523
11,7,2011,2011-10-16,0.58,0.5967244
11,7,2011,2011-10-24,0.54,0.5788051
11,7,2011,2011-11-01,0.62,0.5520297
11,7,2011,2011-11-09,0.56,0.57493716
11,7,2011,2011-11-17,0.52,0.55814976
11,7,2011,2011-11-25,0.49,0.5360871
11,7,2011,2011-12-03,0.53,0.51244736
11,7,2011,2011-12-11,0.5,0.5061189
11,7,2011,2011-12-19,0.47,0.4942234
11,7,2011,2011-12-27,0.38,0.48575425
11,7,2012,2012-07-03,0.65,0.5948163
11,7,2012,2012-07-11,0.61,0.6093763
11,7,2012,2012-07-19,0.61,0.59881103
11,7,2012,2012-07-27,0.59,0.58244836
11,7,2012,2012-08-04,0.54,0.5739038
11,7,2012,2012-08-12,0.57,0.5497308
11,7,2012,2012-08-20,0.57,0.5623116
11,7,2012,2012-08-28,0.42,0.55802643
11,7,2012,2012-09-05,0.53,0.4929958
11,7,2012,2012-09-13,0.64,0.5071435
11,7,2012,2012-09-21,0.54,0.5532118
11,7,2012,2012-09-29,0.45,0.5583765
11,7,2012,2012-10-07,0.55,0.5169065
11,7,2012,2012-10-15,0.65,0.5304239
11,7,2012,2012-10-23,0.53,0.5778904
11,7,2012,2012-10-31,0.47,0.55061793
11,7,2012,2012-11-08,0.38,0.51896477
11,7,2012,2012-11-16,0.57,0.4555766
11,7,2012,2012-11-24,0.44,0.5102819
11,7,2012,2012-12-02,0.45,0.47992158
11,7,2012,2012-12-10,0.4,0.47773212
11,7,2012,2012-12-18,0.56,0.4457355
11,7,2012,2012-12-26,0.62,0.50116336
12,3,2001,2001-07-04,0.15,0.124135256
12,3,2001,2001-07-12,0.13,0.13994345
12,3,2001,2001-07-20,0.14,0.12233439
12,3,2001,2001-07-28,0.15,0.14423756
12,3,2001,2001-08-05,0.14,0.15867789
12,3,2001,2001-08-13,0.15,0.15413576
12,3,2001,2001-08-21,0.19,0.156961
12,3,2001,2001-08-29,0.21,0.19221571
12,3,2001,2001-09-06,0.21,0.20304394
12,3,2001,2001-09-14,0.26,0.19882387
12,3,2001,2001-09-22,0.19,0.23620057
12,3,2001,2001-09-30,0.18,0.18556488
12,3,2001,2001-10-08,0.15,0.16061682
12,3,2001,2001-10-16,0.17,0.14029017
12,3,2001,2001-10-24,0.12,0.16095051
12,3,2001,2001-11-01,0.15,0.12805483
12,3,2001,2001-11-09,0.17,0.1464977
12,3,2001,2001-11-17,0.16,0.15831158
12,3,2001,2001-11-25,0.16,0.17948768
12,3,2001,2001-12-03,0.18,0.16634177
12,3,2001,2001-12-11,0.23,0.17559731
12,3,2001,2001-12-19,0.2,0.22302489
12,3,2001,2001-12-27,0.22,0.18928513
12,3,2002,2002-07-04,0.16,0.20734459
12,3,2002,2002-07-12,0.17,0.113356695
12,3,2002,2002-07-20,0.17,0.12618382
12,3,2002,2002-07-28,0.15,0.16044518
12,3,2002,2002-08-05,0.15,0.15321559
12,3,2002,2002-08-13,0.17,0.14773093
12,3,2002,2002-08-21,0.17,0.16401792
12,3,2002,2002-08-29,0.16,0.17727211
12,3,2002,2002-09-06,0.2,0.1733556
12,3,2002,2002-09-14,0.22,0.19636944
12,3,2002,2002-09-22,0.31,0.22469845
12,3,2002,2002-09-30,0.29,0.27777365
12,3,2002,2002-10-08,0.19,0.26533163
12,3,2002,2002-10-16,0.16,0.17979288
12,3,2002,2002-10-24,0.19,0.1420947
12,3,2002,2002-11-01,0.17,0.1564245
12,3,2002,2002-11-09,0.15,0.16539411
12,3,2002,2002-11-17,0.16,0.15620738
12,3,2002,2002-11-25,0.16,0.15678757
12,3,2002,2002-12-03,0.16,0.15882298
12,3,2002,2002-12-11,0.21,0.16440296
12,3,2002,2002-12-19,0.26,0.21108733
12,3,2002,2002-12-27,0.15,0.2467916
12,3,2003,2003-07-04,0.17,0.12547997
12,3,2003,2003-07-12,0.15,0.13589787
12,3,2003,2003-07-20,0.16,0.14447413
12,3,2003,2003-07-28,0.16,0.16219112
12,3,2003,2003-08-05,0.12,0.1583692
12,3,2003,2003-08-13,0.19,0.13240162
12,3,2003,2003-08-21,0.21,0.17944178
12,3,2003,2003-08-29,0.19,0.20490459
12,3,2003,2003-09-06,0.22,0.19295844
12,3,2003,2003-09-14,0.18,0.21087825
12,3,2003,2003-09-22,0.2,0.19043258
12,3,2003,2003-09-30,0.17,0.21654025
12,3,2003,2003-10-08,0.2,0.18993923
12,3,2003,2003-10-16,0.12,0.18377957
12,3,2003,2003-10-24,0.12,0.12444644
12,3,2003,2003-11-01,0.13,0.12580012
12,3,2003,2003-11-09,0.14,0.13305937
12,3,2003,2003-11-17,0.15,0.14522733
12,3,2003,2003-11-25,0.18,0.15482068
12,3,2003,2003-12-03,0.22,0.17768407
12,3,2003,2003-12-11,0.36,0.20946424
12,3,2003,2003-12-19,0.16,0.3272881
12,3,2003,2003-12-27,0.14,0.2144034
12,3,2004,2004-07-03,0.15,0.137422
12,3,2004,2004-07-11,0.16,0.14819786
12,3,2004,2004-07-19,0.14,0.15837872
12,3,2004,2004-07-27,0.11,0.14619327
12,3,2004,2004-08-04,0.15,0.123127505
12,3,2004,2004-08-12,0.16,0.13850668
12,3,2004,2004-08-20,0.32,0.16795716
12,3,2004,2004-08-28,0.32,0.2974708
12,3,2004,2004-09-05,0.3,0.30639946
12,3,2004,2004-09-13,0.25,0.28590888
12,3,2004,2004-09-21,0.2,0.22156237
12,3,2004,2004-09-29,0.16,0.18217547
12,3,2004,2004-10-07,0.18,0.1454696
12,3,2004,2004-10-15,0.18,0.1679014
12,3,2004,2004-10-23,0.17,0.16167782
12,3,2004,2004-10-31,0.18,0.15799376
12,3,2004,2004-11-08,0.18,0.16602378
12,3,2004,2004-11-16,0.19,0.17333135
12,3,2004,2004-11-24,0.27,0.18281573
12,3,2004,2004-12-02,0.28,0.24747822
12,3,2004,2004-12-10,0.28,0.27264884
12,3,2004,2004-12-18,0.18,0.29724634
12,3,2004,2004-12-26,0.17,0.17493297
12,3,2005,2005-07-04,0.14,0.1477595
12,3,2005,2005-07-12,0.17,0.12290682
12,3,2005,2005-07-20,0.17,0.16427264
12,3,2005,2005-07-28,0.15,0.1741119
12,3,2005,2005-08-05,0.14,0.15468241
12,3,2005,2005-08-13,0.14,0.15287389
12,3,2005,2005-08-21,0.15,0.15810141
12,3,2005,2005-08-29,0.24,0.20738883
12,3,2005,2005-09-06,0.39,0.2766326
12,3,2005,2005-09-14,0.38,0.39246267
12,3,2005,2005-09-22,0.15,0.3624114
12,3,2005,2005-09-30,0.19,0.1460284
12,3,2005,2005-10-08,0.18,0.12985834
12,3,2005,2005-10-16,0.15,0.1574114
12,3,2005,2005-10-24,0.14,0.16547495
12,3,2005,2005-11-01,0.19,0.14888464
12,3,2005,2005-11-09,0.16,0.19557405
12,3,2005,2005-11-17,0.17,0.17983532
12,3,2005,2005-11-25,0.21,0.18332046
12,3,2005,2005-12-03,0.21,0.23311567
12,3,2005,2005-12-11,0.32,0.23728345
12,3,2005,2005-12-19,0.3,0.31815004
12,3,2005,2005-12-27,0.16,0.27484864
12,3,2006,2006-07-04,0.18,0.17852163
12,3,2006,2006-07-12,0.18,0.15275332
12,3,2006,2006-07-20,0.17,0.16197376
12,3,2006,2006-07-28,0.17,0.16608442
12,3,2006,2006-08-05,0.2,0.16344856
12,3,2006,2006-08-13,0.24,0.18150914
12,3,2006,2006-08-21,0.2,0.21637213
12,3,2006,2006-08-29,0.28,0.19626178
12,3,2006,2006-09-06,0.19,0.2639282
12,3,2006,2006-09-14,0.17,0.23713444
12,3,2006,2006-09-22,0.18,0.20172738
12,3,2006,2006-09-30,0.17,0.14337882
12,3,2006,2006-10-08,0.15,0.15112337
12,3,2006,2006-10-16,0.17,0.14710313
12,3,2006,2006-10-24,0.15,0.15959162
12,3,2006,2006-11-01,0.17,0.14692111
12,3,2006,2006-11-09,0.18,0.17162973
12,3,2006,2006-11-17,0.18,0.17552927
12,3,2006,2006-11-25,0.21,0.17847434
12,3,2006,2006-12-03,0.22,0.20508453
12,3,2006,2006-12-11,0.32,0.2162272
12,3,2006,2006-12-19,0.27,0.3121848
12,3,2006,2006-12-27,0.17,0.27933002
12,3,2007,2007-07-04,0.17,0.13436821
12,3,2007,2007-07-12,0.17,0.15641178
12,3,2007,2007-07-20,0.11,0.16875398
12,3,2007,2007-07-28,0.15,0.12667933
12,3,2007,2007-08-05,0.14,0.1442062
12,3,2007,2007-08-13,0.18,0.15087187
12,3,2007,2007-08-21,0.24,0.19279929
12,3,2007,2007-08-29,0.29,0.22823653
12,3,2007,2007-09-06,0.34,0.28776115
12,3,2007,2007-09-14,0.23,0.30545288
12,3,2007,2007-09-22,0.15,0.21817264
12,3,2007,2007-09-30,0.14,0.13924384
12,3,2007,2007-10-08,0.16,0.12203407
12,3,2007,2007-10-16,0.16,0.14551148
12,3,2007,2007-10-24,0.13,0.16151577
12,3,2007,2007-11-01,0.16,0.13788748
12,3,2007,2007-11-09,0.14,0.15719
12,3,2007,2007-11-17,0.17,0.14996271
12,3,2007,2007-11-25,0.18,0.17084315
12,3,2007,2007-12-03,0.25,0.18467695
12,3,2007,2007-12-11,0.2,0.2408771
12,3,2007,2007-12-19,0.18,0.22924694
12,3,2007,2007-12-27,0.14,0.19007489
12,3,2008,2008-07-03,0.14,0.12878887
12,3,2008,2008-07-11,0.12,0.14235318
12,3,2008,2008-07-19,0.13,0.13274929
12,3,2008,2008-07-27,0.17,0.124315515
12,3,2008,2008-08-04,0.19,0.16022882
12,3,2008,2008-08-12,0.3,0.18195659
12,3,2008,2008-08-20,0.31,0.27181506
12,3,2008,2008-08-28,0.23,0.30025637
12,3,2008,2008-09-05,0.18,0.24882486
12,3,2008,2008-09-13,0.14,0.19378908
12,3,2008,2008-09-21,0.14,0.13412309
12,3,2008,2008-09-29,0.17,0.1180138
12,3,2008,2008-10-07,0.15,0.1449992
12,3,2008,2008-10-15,0.18,0.15196055
12,3,2008,2008-10-23,0.16,0.17290223
12,3,2008,2008-10-31,0.16,0.15468612
12,3,2008,2008-11-08,0.15,0.15783986
12,3,2008,2008-11-16,0.23,0.14603719
12,3,2008,2008-11-24,0.31,0.20894644
12,3,2008,2008-12-02,0.32,0.27948052
12,3,2008,2008-12-10,0.21,0.31099963
12,3,2008,2008-12-18,0.24,0.21470135
12,3,2008,2008-12-26,0.17,0.19875115
12,3,2009,2009-07-04,0.15,0.14656202
12,3,2009,2009-07-12,0.16,0.1484167
12,3,2009,2009-07-20,0.16,0.15377147
12,3,2009,2009-07-28,0.15,0.15787838
12,3,2009,2009-08-05,0.17,0.1607808
12,3,2009,2009-08-13,0.18,0.17714712
12,3,2009,2009-08-21,0.18,0.20826615
12,3,2009,2009-08-29,0.28,0.20944804
12,3,2009,2009-09-06,0.3,0.25632226
12,3,2009,2009-09-14,0.24,0.2684763
12,3,2009,2009-09-22,0.18,0.22062454
12,3,2009,2009-09-30,0.16,0.16341835
12,3,2009,2009-10-08,0.16,0.15007812
12,3,2009,2009-10-16,0.18,0.15295972
12,3,2009,2009-10-24,0.16,0.17877337
12,3,2009,2009-11-01,0.14,0.16533655
12,3,2009,2009-11-09,0.15,0.14719272
12,3,2009,2009-11-17,0.31,0.14736995
12,3,2009,2009-11-25,0.19,0.28855506
12,3,2009,2009-12-03,0.22,0.24199742
12,3,2009,2009-12-11,0.3,0.23278606
12,3,2009,2009-12-19,0.34,0.2527222
12,3,2009,2009-12-27,0.14,0.31030267
12,3,2010,2010-07-04,0.23,0.22930783
12,3,2010,2010-07-12,0.17,0.2046209
12,3,2010,2010-07-20,0.15,0.15307303
12,3,2010,2010-07-28,0.11,0.1375041
12,3,2010,2010-08-05,0.15,0.11039214
12,3,2010,2010-08-13,0.16,0.14451948
12,3,2010,2010-08-21,0.13,0.1625863
12,3,2010,2010-08-29,0.13,0.14454538
12,3,2010,2010-09-06,0.17,0.15593266
12,3,2010,2010-09-14,0.27,0.18867908
12,3,2010,2010-09-22,0.29,0.25432557
12,3,2010,2010-09-30,0.28,0.2621364
12,3,2010,2010-10-08,0.35,0.24629201
12,3,2010,2010-10-16,0.18,0.29228485
12,3,2010,2010-10-24,0.16,0.1858734
12,3,2010,2010-11-01,0.13,0.13801497
12,3,2010,2010-11-09,0.15,0.108756155
12,3,2010,2010-11-17,0.14,0.14032708
12,3,2010,2010-11-25,0.14,0.17475006
12,3,2010,2010-12-03,0.12,0.15052634
12,3,2010,2010-12-11,0.18,0.13243061
12,3,2010,2010-12-19,0.18,0.19137305
12,3,2010,2010-12-27,0.18,0.2112475
12,3,2011,2011-07-04,0.14,0.1343948
12,3,2011,2011-07-12,0.15,0.14624408
12,3,2011,2011-07-20,0.15,0.14473003
12,3,2011,2011-07-28,0.13,0.1477715
12,3,2011,2011-08-05,0.14,0.12631881
12,3,2011,2011-08-13,0.32,0.1411027
12,3,2011,2011-08-21,0.28,0.28237066
12,3,2011,2011-08-29,0.27,0.27033934
12,3,2011,2011-09-06,0.23,0.2455531
12,3,2011,2011-09-14,0.16,0.20773259
12,3,2011,2011-09-22,0.26,0.17861624
12,3,2011,2011-09-30,0.15,0.24590981
12,3,2011,2011-10-08,0.17,0.18051231
12,3,2011,2011-10-16,0.14,0.18810607
12,3,2011,2011-10-24,0.16,0.1294958
12,3,2011,2011-11-01,0.16,0.14335117
12,3,2011,2011-11-09,0.16,0.14369303
12,3,2011,2011-11-17,0.16,0.15895437
12,3,2011,2011-11-25,0.19,0.15704355
12,3,2011,2011-12-03,0.32,0.1787959
12,3,2011,2011-12-11,0.23,0.27494392
12,3,2011,2011-12-19,0.15,0.23898044
12,3,2011,2011-12-27,0.14,0.16103254
12,3,2012,2012-07-03,0.15,0.14016402
12,3,2012,2012-07-11,0.13,0.14863932
12,3,2012,2012-07-19,0.11,0.13809165
12,3,2012,2012-07-27,0.15,0.12146917
12,3,2012,2012-08-04,0.17,0.14157471
12,3,2012,2012-08-12,0.15,0.16524842
12,3,2012,2012-08-20,0.28,0.19340056
12,3,2012,2012-08-28,0.29,0.27351415
12,3,2012,2012-09-05,0.43,0.2848718
12,3,2012,2012-09-13,0.19,0.37455967
12,3,2012,2012-09-21,0.19,0.20149651
12,3,2012,2012-09-29,0.14,0.17074476
12,3,2012,2012-10-07,0.14,0.11253458
12,3,2012,2012-10-15,0.17,0.13445924
12,3,2012,2012-10-23,0.14,0.15168
12,3,2012,2012-10-31,0.15,0.14816982
12,3,2012,2012-11-08,0.15,0.15053639
12,3,2012,2012-11-16,0.16,0.15018867
12,3,2012,2012-11-24,0.15,0.15918572
12,3,2012,2012-12-02,0.26,0.15868807
12,3,2012,2012-12-10,0.37,0.26724905
12,3,2012,2012-12-18,0.36,0.3396209
12,3,2012,2012-12-26,0.2,0.3199176
12,4,2001,2001-07-04,0.43,0.36999518
12,4,2001,2001-07-12,0.34,0.42712107
12,4,2001,2001-07-20,0.39,0.36263895
12,4,2001,2001-07-28,0.36,0.35530484
12,4,2001,2001-08-05,0.34,0.3413671
12,4,2001,2001-08-13,0.3,0.3383808
12,4,2001,2001-08-21,0.34,0.29715434
12,4,2001,2001-08-29,0.32,0.31339255
12,4,2001,2001-09-06,0.36,0.3097015
12,4,2001,2001-09-14,0.34,0.34066495
12,4,2001,2001-09-22,0.34,0.3305063
12,4,2001,2001-09-30,0.33,0.33375502
12,4,2001,2001-10-08,0.27,0.31682906
12,4,2001,2001-10-16,0.39,0.27719218
12,4,2001,2001-10-24,0.27,0.3491521
12,4,2001,2001-11-01,0.24,0.2908421
12,4,2001,2001-11-09,0.27,0.2573448
12,4,2001,2001-11-17,0.26,0.25492164
12,4,2001,2001-11-25,0.39,0.27014542
12,4,2001,2001-12-03,0.41,0.3530972
12,4,2001,2001-12-11,0.41,0.407769
12,4,2001,2001-12-19,0.34,0.42451182
12,4,2001,2001-12-27,0.34,0.33353066
12,4,2002,2002-07-04,0.42,0.48045957
12,4,2002,2002-07-12,0.53,0.42394438
12,4,2002,2002-07-20,0.41,0.4568225
12,4,2002,2002-07-28,0.42,0.40709192
12,4,2002,2002-08-05,0.45,0.39634034
12,4,2002,2002-08-13,0.47,0.4031598
12,4,2002,2002-08-21,0.47,0.42158052
12,4,2002,2002-08-29,0.41,0.43300462
12,4,2002,2002-09-06,0.44,0.39604855
12,4,2002,2002-09-14,0.35,0.40719655
12,4,2002,2002-09-22,0.43,0.35515237
12,4,2002,2002-09-30,0.45,0.38892856
12,4,2002,2002-10-08,0.46,0.40829247
12,4,2002,2002-10-16,0.36,0.41716796
12,4,2002,2002-10-24,0.35,0.3744855
12,4,2002,2002-11-01,0.33,0.3322259
12,4,2002,2002-11-09,0.33,0.30613595
12,4,2002,2002-11-17,0.34,0.31230974
12,4,2002,2002-11-25,0.37,0.3233965
12,4,2002,2002-12-03,0.36,0.3662622
12,4,2002,2002-12-11,0.43,0.37173206
12,4,2002,2002-12-19,0.43,0.4081887
12,4,2002,2002-12-27,0.39,0.4021624
12,4,2003,2003-07-04,0.47,0.3844029
12,4,2003,2003-07-12,0.44,0.423658
12,4,2003,2003-07-20,0.4,0.44056654
12,4,2003,2003-07-28,0.47,0.4069761
12,4,2003,2003-08-05,0.4,0.4299901
12,4,2003,2003-08-13,0.39,0.40798956
12,4,2003,2003-08-21,0.44,0.4014839
12,4,2003,2003-08-29,0.38,0.4200335
12,4,2003,2003-09-06,0.41,0.3902638
12,4,2003,2003-09-14,0.38,0.39920014
12,4,2003,2003-09-22,0.43,0.37129134
12,4,2003,2003-09-30,0.33,0.4098225
12,4,2003,2003-10-08,0.4,0.36806545
12,4,2003,2003-10-16,0.36,0.39340383
12,4,2003,2003-10-24,0.34,0.35985756
12,4,2003,2003-11-01,0.33,0.3440679
12,4,2003,2003-11-09,0.28,0.32657704
12,4,2003,2003-11-17,0.31,0.30310842
12,4,2003,2003-11-25,0.34,0.31234682
12,4,2003,2003-12-03,0.32,0.3394577
12,4,2003,2003-12-11,0.51,0.33806324
12,4,2003,2003-12-19,0.4,0.45004457
12,4,2003,2003-12-27,0.36,0.42372173
12,4,2004,2004-07-03,0.49,0.47258428
12,4,2004,2004-07-11,0.49,0.48196393
12,4,2004,2004-07-19,0.47,0.4803842
12,4,2004,2004-07-27,0.53,0.45953026
12,4,2004,2004-08-04,0.44,0.49718142
12,4,2004,2004-08-12,0.43,0.45176083
12,4,2004,2004-08-20,0.47,0.42765325
12,4,2004,2004-08-28,0.47,0.4466595
12,4,2004,2004-09-05,0.56,0.45376506
12,4,2004,2004-09-13,0.56,0.5083057
12,4,2004,2004-09-21,0.58,0.5184987
12,4,2004,2004-09-29,0.57,0.54153824
12,4,2004,2004-10-07,0.55,0.5229744
12,4,2004,2004-10-15,0.51,0.51926523
12,4,2004,2004-10-23,0.48,0.48771665
12,4,2004,2004-10-31,0.5,0.4606854
12,4,2004,2004-11-08,0.49,0.46100605
12,4,2004,2004-11-16,0.41,0.4539227
12,4,2004,2004-11-24,0.51,0.4148405
12,4,2004,2004-12-02,0.48,0.45947066
12,4,2004,2004-12-10,0.54,0.45746815
12,4,2004,2004-12-18,0.51,0.5187813
12,4,2004,2004-12-26,0.49,0.49641404
12,4,2005,2005-07-04,0.48,0.49561685
12,4,2005,2005-07-12,0.51,0.4769143
12,4,2005,2005-07-20,0.5,0.4873594
12,4,2005,2005-07-28,0.49,0.48212105
12,4,2005,2005-08-05,0.47,0.48779982
12,4,2005,2005-08-13,0.46,0.4592646
12,4,2005,2005-08-21,0.43,0.44559073
12,4,2005,2005-08-29,0.55,0.43197107
12,4,2005,2005-09-06,0.57,0.5039402
12,4,2005,2005-09-14,0.59,0.54742646
12,4,2005,2005-09-22,0.49,0.567556
12,4,2005,2005-09-30,0.49,0.51082957
12,4,2005,2005-10-08,0.52,0.48676008
12,4,2005,2005-10-16,0.41,0.49638528
12,4,2005,2005-10-24,0.35,0.43653712
12,4,2005,2005-11-01,0.43,0.37392625
12,4,2005,2005-11-09,0.47,0.40979755
12,4,2005,2005-11-17,0.44,0.45569682
12,4,2005,2005-11-25,0.39,0.44021055
12,4,2005,2005-12-03,0.45,0.4146295
12,4,2005,2005-12-11,0.51,0.43648848
12,4,2005,2005-12-19,0.44,0.49297634
12,4,2005,2005-12-27,0.43,0.46214104
12,4,2006,2006-07-04,0.53,0.5220716
12,4,2006,2006-07-12,0.54,0.5127747
12,4,2006,2006-07-20,0.51,0.5202333
12,4,2006,2006-07-28,0.46,0.50502694
12,4,2006,2006-08-05,0.54,0.47144857
12,4,2006,2006-08-13,0.52,0.50108373
12,4,2006,2006-08-21,0.53,0.50233626
12,4,2006,2006-08-29,0.47,0.5061752
12,4,2006,2006-09-06,0.47,0.48810366
12,4,2006,2006-09-14,0.48,0.4845007
12,4,2006,2006-09-22,0.51,0.48891157
12,4,2006,2006-09-30,0.51,0.4916501
12,4,2006,2006-10-08,0.49,0.49466354
12,4,2006,2006-10-16,0.44,0.49010527
12,4,2006,2006-10-24,0.45,0.4448458
12,4,2006,2006-11-01,0.51,0.42606702
12,4,2006,2006-11-09,0.5,0.47325343
12,4,2006,2006-11-17,0.49,0.49406528
12,4,2006,2006-11-25,0.47,0.48634893
12,4,2006,2006-12-03,0.54,0.4584546
12,4,2006,2006-12-11,0.51,0.5012175
12,4,2006,2006-12-19,0.57,0.50860286
12,4,2006,2006-12-27,0.51,0.5315005
12,4,2007,2007-07-04,0.5,0.4426359
12,4,2007,2007-07-12,0.5,0.47148988
12,4,2007,2007-07-20,0.44,0.48910135
12,4,2007,2007-07-28,0.42,0.46081698
12,4,2007,2007-08-05,0.38,0.42372555
12,4,2007,2007-08-13,0.44,0.4056528
12,4,2007,2007-08-21,0.46,0.43584377
12,4,2007,2007-08-29,0.48,0.45928615
12,4,2007,2007-09-06,0.5,0.4677871
12,4,2007,2007-09-14,0.48,0.47974005
12,4,2007,2007-09-22,0.43,0.47464415
12,4,2007,2007-09-30,0.47,0.4496423
12,4,2007,2007-10-08,0.48,0.46068448
12,4,2007,2007-10-16,0.49,0.46884522
12,4,2007,2007-10-24,0.43,0.47178298
12,4,2007,2007-11-01,0.47,0.43949577
12,4,2007,2007-11-09,0.33,0.4611556
12,4,2007,2007-11-17,0.4,0.39077508
12,4,2007,2007-11-25,0.47,0.40153515
12,4,2007,2007-12-03,0.47,0.441226
12,4,2007,2007-12-11,0.44,0.47556016
12,4,2007,2007-12-19,0.43,0.4569492
12,4,2007,2007-12-27,0.44,0.44910455
12,4,2008,2008-07-03,0.46,0.4325236
12,4,2008,2008-07-11,0.39,0.44317105
12,4,2008,2008-07-19,0.43,0.41641843
12,4,2008,2008-07-27,0.41,0.41532534
12,4,2008,2008-08-04,0.47,0.40151787
12,4,2008,2008-08-12,0.5,0.43033412
12,4,2008,2008-08-20,0.48,0.4652659
12,4,2008,2008-08-28,0.49,0.4697694
12,4,2008,2008-09-05,0.38,0.4736783
12,4,2008,2008-09-13,0.38,0.41620612
12,4,2008,2008-09-21,0.4,0.3907937
12,4,2008,2008-09-29,0.47,0.3866994
12,4,2008,2008-10-07,0.4,0.43976855
12,4,2008,2008-10-15,0.48,0.4215386
12,4,2008,2008-10-23,0.4,0.4549374
12,4,2008,2008-10-31,0.4,0.41151154
12,4,2008,2008-11-08,0.37,0.40575466
12,4,2008,2008-11-16,0.43,0.36248955
12,4,2008,2008-11-24,0.43,0.40163228
12,4,2008,2008-12-02,0.47,0.42526996
12,4,2008,2008-12-10,0.47,0.45569062
12,4,2008,2008-12-18,0.51,0.45306918
12,4,2008,2008-12-26,0.49,0.47179118
12,4,2009,2009-07-04,0.45,0.48412752
12,4,2009,2009-07-12,0.5,0.46422613
12,4,2009,2009-07-20,0.52,0.47640306
12,4,2009,2009-07-28,0.36,0.49695987
12,4,2009,2009-08-05,0.45,0.42559254
12,4,2009,2009-08-13,0.45,0.44607309
12,4,2009,2009-08-21,0.45,0.4580857
12,4,2009,2009-08-29,0.51,0.46735644
12,4,2009,2009-09-06,0.46,0.49364573
12,4,2009,2009-09-14,0.45,0.46512538
12,4,2009,2009-09-22,0.48,0.45001858
12,4,2009,2009-09-30,0.49,0.461848
12,4,2009,2009-10-08,0.44,0.48752147
12,4,2009,2009-10-16,0.46,0.45936215
12,4,2009,2009-10-24,0.45,0.4660585
12,4,2009,2009-11-01,0.38,0.45158914
12,4,2009,2009-11-09,0.37,0.4159835
12,4,2009,2009-11-17,0.41,0.3882677
12,4,2009,2009-11-25,0.44,0.41352382
12,4,2009,2009-12-03,0.5,0.44159126
12,4,2009,2009-12-11,0.48,0.48600417
12,4,2009,2009-12-19,0.49,0.48764157
12,4,2009,2009-12-27,0.44,0.49621952
12,4,2010,2010-07-04,0.44,0.476278
12,4,2010,2010-07-12,0.45,0.44544744
12,4,2010,2010-07-20,0.49,0.43955168
12,4,2010,2010-07-28,0.38,0.47165906
12,4,2010,2010-08-05,0.47,0.3963851
12,4,2010,2010-08-13,0.44,0.43590087
12,4,2010,2010-08-21,0.37,0.4325506
12,4,2010,2010-08-29,0.4,0.40104935
12,4,2010,2010-09-06,0.46,0.4031503
12,4,2010,2010-09-14,0.41,0.43727052
12,4,2010,2010-09-22,0.5,0.4215597
12,4,2010,2010-09-30,0.49,0.46854013
12,4,2010,2010-10-08,0.58,0.47751933
12,4,2010,2010-10-16,0.42,0.5259985
12,4,2010,2010-10-24,0.41,0.4472636
12,4,2010,2010-11-01,0.35,0.41122895
12,4,2010,2010-11-09,0.37,0.35086268
12,4,2010,2010-11-17,0.38,0.35906225
12,4,2010,2010-11-25,0.39,0.37640482
12,4,2010,2010-12-03,0.31,0.39793402
12,4,2010,2010-12-11,0.4,0.36300838
12,4,2010,2010-12-19,0.36,0.39441165
12,4,2010,2010-12-27,0.27,0.38403368
12,4,2011,2011-07-04,0.44,0.39169797
12,4,2011,2011-07-12,0.38,0.43101457
12,4,2011,2011-07-20,0.37,0.405054
12,4,2011,2011-07-28,0.4,0.40395278
12,4,2011,2011-08-05,0.42,0.39697558
12,4,2011,2011-08-13,0.51,0.42391437
12,4,2011,2011-08-21,0.48,0.47442293
12,4,2011,2011-08-29,0.46,0.46881446
12,4,2011,2011-09-06,0.43,0.45673412
12,4,2011,2011-09-14,0.47,0.44308922
12,4,2011,2011-09-22,0.45,0.4541581
12,4,2011,2011-09-30,0.44,0.4602239
12,4,2011,2011-10-08,0.44,0.45481032
12,4,2011,2011-10-16,0.37,0.46250436
12,4,2011,2011-10-24,0.44,0.40602967
12,4,2011,2011-11-01,0.34,0.41969568
12,4,2011,2011-11-09,0.42,0.37000236
12,4,2011,2011-11-17,0.4,0.40330073
12,4,2011,2011-11-25,0.4,0.40365285
12,4,2011,2011-12-03,0.52,0.41165733
12,4,2011,2011-12-11,0.42,0.45689708
12,4,2011,2011-12-19,0.4,0.44067696
12,4,2011,2011-12-27,0.37,0.41513202
12,4,2012,2012-07-03,0.46,0.41770953
12,4,2012,2012-07-11,0.4,0.45129818
12,4,2012,2012-07-19,0.44,0.4188522
12,4,2012,2012-07-27,0.39,0.42650267
12,4,2012,2012-08-04,0.37,0.4060111
12,4,2012,2012-08-12,0.41,0.39636067
12,4,2012,2012-08-20,0.44,0.42109758
12,4,2012,2012-08-28,0.41,0.44259298
12,4,2012,2012-09-05,0.57,0.431342
12,4,2012,2012-09-13,0.45,0.5004647
12,4,2012,2012-09-21,0.34,0.4738822
12,4,2012,2012-09-29,0.45,0.40474093
12,4,2012,2012-10-07,0.45,0.42153513
12,4,2012,2012-10-15,0.37,0.44123626
12,4,2012,2012-10-23,0.37,0.40404004
12,4,2012,2012-10-31,0.41,0.3892816
12,4,2012,2012-11-08,0.34,0.39408565
12,4,2012,2012-11-16,0.35,0.38032818
12,4,2012,2012-11-24,0.33,0.37173164
12,4,2012,2012-12-02,0.44,0.3596167
12,4,2012,2012-12-10,0.5,0.43008727
12,4,2012,2012-12-18,0.48,0.47004536
12,4,2012,2012-12-26,0.45,0.47148812
