x_coord,y_coord,image_source,inland_aquaculture,shrimp_rice_farming,single_rice_cropping,triple_rice_cropping,double_rice_cropping_dry,double_rice_cropping_rain,others,year
6,0,Landuse_2000.tif,0.0,0.0,0.03,0.26,0.48,0.08,0.15,2000
7,0,Landuse_2000.tif,0.0,0.01,0.03,0.17,0.54,0.06,0.19,2000
10,0,Landuse_2000.tif,0.0,0.01,0.01,0.15,0.14,0.01,0.69,2000
3,1,Landuse_2000.tif,0.0,0.02,0.05,0.05,0.63,0.0,0.26,2000
4,1,Landuse_2000.tif,0.02,0.03,0.01,0.11,0.54,0.01,0.28,2000
5,1,Landuse_2000.tif,0.0,0.02,0.03,0.04,0.69,0.0,0.22,2000
6,1,Landuse_2000.tif,0.0,0.02,0.24,0.01,0.51,0.0,0.21,2000
7,1,Landuse_2000.tif,0.0,0.0,0.04,0.0,0.51,0.0,0.44,2000
8,1,Landuse_2000.tif,0.0,0.0,0.04,0.06,0.56,0.05,0.29,2000
9,1,Landuse_2000.tif,0.0,0.03,0.1,0.0,0.46,0.0,0.41,2000
10,1,Landuse_2000.tif,0.0,0.01,0.04,0.03,0.21,0.0,0.7,2000
3,2,Landuse_2000.tif,0.0,0.0,0.0,0.02,0.63,0.01,0.33,2000
4,2,Landuse_2000.tif,0.0,0.03,0.01,0.06,0.65,0.01,0.25,2000
5,2,Landuse_2000.tif,0.0,0.03,0.02,0.15,0.54,0.02,0.25,2000
6,2,Landuse_2000.tif,0.0,0.0,0.01,0.01,0.82,0.0,0.16,2000
7,2,Landuse_2000.tif,0.0,0.01,0.06,0.08,0.63,0.0,0.22,2000
8,2,Landuse_2000.tif,0.0,0.0,0.05,0.11,0.48,0.0,0.36,2000
9,2,Landuse_2000.tif,0.0,0.11,0.14,0.0,0.33,0.0,0.42,2000
10,2,Landuse_2000.tif,0.0,0.0,0.02,0.19,0.28,0.06,0.45,2000
11,2,Landuse_2000.tif,0.0,0.0,0.0,0.02,0.0,0.79,0.18,2000
0,3,Landuse_2000.tif,0.21,0.04,0.01,0.01,0.02,0.0,0.71,2000
1,3,Landuse_2000.tif,0.01,0.16,0.15,0.0,0.09,0.0,0.59,2000
2,3,Landuse_2000.tif,0.01,0.1,0.06,0.04,0.26,0.01,0.53,2000
3,3,Landuse_2000.tif,0.0,0.01,0.02,0.01,0.64,0.0,0.32,2000
4,3,Landuse_2000.tif,0.0,0.0,0.01,0.01,0.8,0.0,0.19,2000
5,3,Landuse_2000.tif,0.01,0.03,0.01,0.18,0.36,0.02,0.38,2000
6,3,Landuse_2000.tif,0.01,0.02,0.01,0.15,0.38,0.0,0.43,2000
7,3,Landuse_2000.tif,0.0,0.01,0.0,0.12,0.46,0.0,0.41,2000
8,3,Landuse_2000.tif,0.0,0.01,0.0,0.44,0.1,0.0,0.45,2000
9,3,Landuse_2000.tif,0.0,0.0,0.0,0.34,0.05,0.0,0.6,2000
10,3,Landuse_2000.tif,0.02,0.02,0.0,0.24,0.02,0.0,0.7,2000
11,3,Landuse_2000.tif,0.06,0.01,0.02,0.33,0.0,0.25,0.33,2000
12,3,Landuse_2000.tif,0.1,0.01,0.02,0.26,0.0,0.33,0.27,2000
1,4,Landuse_2000.tif,0.03,0.05,0.09,0.0,0.03,0.01,0.78,2000
2,4,Landuse_2000.tif,0.01,0.02,0.15,0.02,0.21,0.07,0.52,2000
3,4,Landuse_2000.tif,0.0,0.0,0.01,0.02,0.84,0.0,0.13,2000
4,4,Landuse_2000.tif,0.0,0.0,0.0,0.0,0.75,0.0,0.24,2000
5,4,Landuse_2000.tif,0.0,0.0,0.0,0.17,0.54,0.03,0.25,2000
6,4,Landuse_2000.tif,0.01,0.02,0.01,0.16,0.33,0.02,0.45,2000
7,4,Landuse_2000.tif,0.01,0.01,0.0,0.09,0.45,0.0,0.43,2000
8,4,Landuse_2000.tif,0.03,0.02,0.0,0.26,0.09,0.03,0.57,2000
9,4,Landuse_2000.tif,0.05,0.04,0.0,0.09,0.01,0.01,0.8,2000
10,4,Landuse_2000.tif,0.01,0.02,0.0,0.03,0.0,0.01,0.93,2000
11,4,Landuse_2000.tif,0.04,0.03,0.01,0.13,0.0,0.08,0.72,2000
12,4,Landuse_2000.tif,0.25,0.03,0.12,0.02,0.0,0.14,0.44,2000
3,5,Landuse_2000.tif,0.0,0.0,0.01,0.09,0.56,0.06,0.28,2000
4,5,Landuse_2000.tif,0.0,0.0,0.0,0.01,0.8,0.0,0.2,2000
5,5,Landuse_2000.tif,0.0,0.0,0.0,0.22,0.43,0.08,0.27,2000
6,5,Landuse_2000.tif,0.01,0.0,0.0,0.28,0.18,0.03,0.5,2000
7,5,Landuse_2000.tif,0.04,0.02,0.0,0.19,0.07,0.01,0.66,2000
8,5,Landuse_2000.tif,0.0,0.0,0.0,0.31,0.02,0.16,0.5,2000
9,5,Landuse_2000.tif,0.01,0.01,0.0,0.41,0.0,0.04,0.54,2000
10,5,Landuse_2000.tif,0.09,0.02,0.01,0.02,0.0,0.04,0.81,2000
11,5,Landuse_2000.tif,0.08,0.04,0.1,0.25,0.0,0.06,0.46,2000
3,6,Landuse_2000.tif,0.0,0.02,0.0,0.08,0.03,0.5,0.36,2000
4,6,Landuse_2000.tif,0.0,0.0,0.0,0.15,0.59,0.02,0.24,2000
5,6,Landuse_2000.tif,0.0,0.0,0.0,0.09,0.6,0.01,0.3,2000
6,6,Landuse_2000.tif,0.0,0.0,0.0,0.29,0.39,0.03,0.28,2000
7,6,Landuse_2000.tif,0.0,0.0,0.0,0.21,0.09,0.0,0.69,2000
8,6,Landuse_2000.tif,0.08,0.04,0.0,0.2,0.0,0.01,0.67,2000
9,6,Landuse_2000.tif,0.0,0.0,0.0,0.36,0.0,0.19,0.45,2000
10,6,Landuse_2000.tif,0.02,0.01,0.06,0.08,0.0,0.42,0.41,2000
11,6,Landuse_2000.tif,0.36,0.07,0.09,0.0,0.0,0.08,0.4,2000
2,7,Landuse_2000.tif,0.05,0.05,0.04,0.0,0.0,0.04,0.82,2000
3,7,Landuse_2000.tif,0.02,0.04,0.01,0.09,0.0,0.29,0.54,2000
4,7,Landuse_2000.tif,0.0,0.02,0.0,0.2,0.03,0.2,0.55,2000
5,7,Landuse_2000.tif,0.0,0.0,0.0,0.32,0.06,0.03,0.58,2000
6,7,Landuse_2000.tif,0.0,0.0,0.0,0.32,0.24,0.01,0.43,2000
7,7,Landuse_2000.tif,0.0,0.0,0.0,0.26,0.19,0.09,0.46,2000
8,7,Landuse_2000.tif,0.01,0.0,0.0,0.17,0.02,0.37,0.44,2000
9,7,Landuse_2000.tif,0.09,0.03,0.01,0.05,0.0,0.25,0.56,2000
10,7,Landuse_2000.tif,0.13,0.02,0.0,0.01,0.0,0.37,0.46,2000
11,7,Landuse_2000.tif,0.38,0.02,0.06,0.0,0.0,0.06,0.48,2000
2,8,Landuse_2000.tif,0.02,0.09,0.04,0.0,0.0,0.0,0.84,2000
3,8,Landuse_2000.tif,0.0,0.02,0.02,0.0,0.0,0.02,0.92,2000
4,8,Landuse_2000.tif,0.05,0.01,0.01,0.02,0.0,0.36,0.56,2000
5,8,Landuse_2000.tif,0.07,0.04,0.02,0.16,0.0,0.21,0.49,2000
6,8,Landuse_2000.tif,0.0,0.0,0.01,0.36,0.0,0.3,0.32,2000
7,8,Landuse_2000.tif,0.05,0.05,0.01,0.05,0.0,0.43,0.41,2000
8,8,Landuse_2000.tif,0.08,0.05,0.04,0.0,0.0,0.5,0.34,2000
9,8,Landuse_2000.tif,0.07,0.02,0.03,0.05,0.0,0.53,0.3,2000
2,9,Landuse_2000.tif,0.0,0.05,0.0,0.0,0.0,0.02,0.92,2000
3,9,Landuse_2000.tif,0.2,0.11,0.02,0.0,0.0,0.02,0.65,2000
4,9,Landuse_2000.tif,0.39,0.08,0.01,0.02,0.01,0.16,0.32,2000
5,9,Landuse_2000.tif,0.09,0.02,0.01,0.05,0.0,0.54,0.29,2000
6,9,Landuse_2000.tif,0.03,0.02,0.07,0.09,0.0,0.55,0.24,2000
7,9,Landuse_2000.tif,0.13,0.04,0.2,0.0,0.0,0.28,0.35,2000
8,9,Landuse_2000.tif,0.4,0.05,0.1,0.0,0.0,0.01,0.44,2000
2,10,Landuse_2000.tif,0.03,0.01,0.02,0.15,0.01,0.08,0.7,2000
3,10,Landuse_2000.tif,0.06,0.07,0.09,0.05,0.05,0.19,0.49,2000
4,10,Landuse_2000.tif,0.37,0.04,0.1,0.0,0.0,0.22,0.27,2000
5,10,Landuse_2000.tif,0.51,0.04,0.09,0.0,0.0,0.14,0.22,2000
2,11,Landuse_2000.tif,0.08,0.03,0.05,0.02,0.0,0.04,0.78,2000
3,11,Landuse_2000.tif,0.15,0.08,0.05,0.0,0.0,0.04,0.68,2000
4,11,Landuse_2000.tif,0.61,0.01,0.01,0.0,0.0,0.05,0.32,2000
2,12,Landuse_2000.tif,0.6,0.05,0.0,0.01,0.0,0.0,0.34,2000
3,12,Landuse_2000.tif,0.56,0.04,0.0,0.0,0.0,0.0,0.39,2000
4,12,Landuse_2000.tif,0.06,0.03,0.0,0.03,0.0,0.01,0.87,2000
2,13,Landuse_2000.tif,0.4,0.02,0.0,0.0,0.0,0.0,0.57,2000
6,0,Landuse_2001.tif,0.0,0.0,0.07,0.02,0.76,0.0,0.15,2001
7,0,Landuse_2001.tif,0.0,0.0,0.13,0.0,0.68,0.0,0.19,2001
10,0,Landuse_2001.tif,0.0,0.0,0.02,0.11,0.22,0.01,0.64,2001
3,1,Landuse_2001.tif,0.01,0.0,0.08,0.05,0.61,0.0,0.26,2001
4,1,Landuse_2001.tif,0.02,0.0,0.03,0.0,0.66,0.0,0.28,2001
5,1,Landuse_2001.tif,0.02,0.0,0.11,0.0,0.67,0.0,0.19,2001
6,1,Landuse_2001.tif,0.02,0.01,0.35,0.0,0.43,0.0,0.2,2001
7,1,Landuse_2001.tif,0.01,0.01,0.15,0.0,0.4,0.0,0.43,2001
8,1,Landuse_2001.tif,0.0,0.0,0.13,0.0,0.57,0.0,0.29,2001
9,1,Landuse_2001.tif,0.04,0.03,0.15,0.0,0.42,0.0,0.36,2001
10,1,Landuse_2001.tif,0.02,0.01,0.08,0.03,0.18,0.0,0.67,2001
3,2,Landuse_2001.tif,0.0,0.0,0.01,0.03,0.62,0.0,0.33,2001
4,2,Landuse_2001.tif,0.0,0.0,0.03,0.03,0.69,0.0,0.25,2001
5,2,Landuse_2001.tif,0.01,0.0,0.03,0.16,0.54,0.0,0.25,2001
6,2,Landuse_2001.tif,0.0,0.01,0.02,0.0,0.81,0.0,0.15,2001
7,2,Landuse_2001.tif,0.01,0.0,0.18,0.04,0.55,0.0,0.22,2001
8,2,Landuse_2001.tif,0.0,0.01,0.08,0.0,0.56,0.0,0.34,2001
9,2,Landuse_2001.tif,0.02,0.02,0.25,0.0,0.29,0.0,0.42,2001
10,2,Landuse_2001.tif,0.0,0.0,0.04,0.24,0.28,0.01,0.42,2001
11,2,Landuse_2001.tif,0.0,0.0,0.03,0.12,0.0,0.68,0.17,2001
0,3,Landuse_2001.tif,0.42,0.02,0.04,0.01,0.01,0.0,0.51,2001
1,3,Landuse_2001.tif,0.01,0.0,0.29,0.0,0.16,0.0,0.55,2001
2,3,Landuse_2001.tif,0.01,0.0,0.16,0.03,0.29,0.01,0.5,2001
3,3,Landuse_2001.tif,0.02,0.02,0.02,0.02,0.64,0.01,0.28,2001
4,3,Landuse_2001.tif,0.0,0.0,0.0,0.0,0.81,0.0,0.19,2001
5,3,Landuse_2001.tif,0.03,0.0,0.03,0.11,0.45,0.01,0.37,2001
6,3,Landuse_2001.tif,0.01,0.0,0.02,0.02,0.5,0.0,0.44,2001
7,3,Landuse_2001.tif,0.01,0.0,0.03,0.0,0.55,0.0,0.4,2001
8,3,Landuse_2001.tif,0.0,0.0,0.01,0.01,0.53,0.0,0.44,2001
9,3,Landuse_2001.tif,0.0,0.0,0.01,0.03,0.35,0.0,0.6,2001
10,3,Landuse_2001.tif,0.03,0.0,0.01,0.27,0.02,0.01,0.67,2001
11,3,Landuse_2001.tif,0.06,0.02,0.05,0.53,0.0,0.06,0.28,2001
12,3,Landuse_2001.tif,0.11,0.01,0.05,0.59,0.0,0.06,0.19,2001
1,4,Landuse_2001.tif,0.05,0.0,0.1,0.0,0.09,0.0,0.75,2001
2,4,Landuse_2001.tif,0.03,0.01,0.16,0.01,0.27,0.01,0.51,2001
3,4,Landuse_2001.tif,0.0,0.0,0.01,0.0,0.85,0.0,0.13,2001
4,4,Landuse_2001.tif,0.0,0.0,0.0,0.0,0.76,0.0,0.24,2001
5,4,Landuse_2001.tif,0.01,0.0,0.01,0.0,0.73,0.0,0.25,2001
6,4,Landuse_2001.tif,0.01,0.0,0.03,0.02,0.48,0.0,0.45,2001
7,4,Landuse_2001.tif,0.01,0.01,0.01,0.02,0.53,0.0,0.42,2001
8,4,Landuse_2001.tif,0.03,0.0,0.02,0.07,0.31,0.01,0.56,2001
9,4,Landuse_2001.tif,0.03,0.01,0.03,0.1,0.02,0.01,0.79,2001
10,4,Landuse_2001.tif,0.01,0.01,0.02,0.05,0.0,0.01,0.9,2001
11,4,Landuse_2001.tif,0.04,0.01,0.05,0.23,0.0,0.03,0.63,2001
12,4,Landuse_2001.tif,0.29,0.04,0.18,0.15,0.0,0.02,0.32,2001
3,5,Landuse_2001.tif,0.0,0.0,0.01,0.01,0.7,0.0,0.27,2001
4,5,Landuse_2001.tif,0.0,0.0,0.0,0.0,0.8,0.0,0.2,2001
5,5,Landuse_2001.tif,0.0,0.0,0.02,0.01,0.7,0.0,0.27,2001
6,5,Landuse_2001.tif,0.01,0.0,0.02,0.04,0.44,0.0,0.5,2001
7,5,Landuse_2001.tif,0.03,0.0,0.02,0.08,0.21,0.01,0.65,2001
8,5,Landuse_2001.tif,0.0,0.0,0.01,0.21,0.27,0.01,0.5,2001
9,5,Landuse_2001.tif,0.01,0.0,0.01,0.33,0.12,0.01,0.53,2001
10,5,Landuse_2001.tif,0.08,0.01,0.02,0.04,0.0,0.04,0.81,2001
11,5,Landuse_2001.tif,0.16,0.04,0.04,0.26,0.0,0.09,0.41,2001
3,6,Landuse_2001.tif,0.0,0.01,0.02,0.12,0.06,0.48,0.31,2001
4,6,Landuse_2001.tif,0.0,0.0,0.0,0.11,0.65,0.01,0.24,2001
5,6,Landuse_2001.tif,0.0,0.0,0.01,0.05,0.65,0.01,0.28,2001
6,6,Landuse_2001.tif,0.0,0.0,0.02,0.09,0.6,0.0,0.29,2001
7,6,Landuse_2001.tif,0.0,0.0,0.0,0.26,0.08,0.0,0.66,2001
8,6,Landuse_2001.tif,0.07,0.0,0.03,0.21,0.02,0.02,0.65,2001
9,6,Landuse_2001.tif,0.0,0.0,0.0,0.45,0.11,0.01,0.43,2001
10,6,Landuse_2001.tif,0.02,0.01,0.1,0.23,0.02,0.21,0.41,2001
11,6,Landuse_2001.tif,0.56,0.06,0.04,0.0,0.0,0.08,0.26,2001
2,7,Landuse_2001.tif,0.07,0.09,0.03,0.01,0.0,0.06,0.75,2001
3,7,Landuse_2001.tif,0.04,0.04,0.06,0.09,0.03,0.23,0.51,2001
4,7,Landuse_2001.tif,0.0,0.02,0.01,0.31,0.05,0.21,0.4,2001
5,7,Landuse_2001.tif,0.0,0.0,0.02,0.32,0.18,0.03,0.45,2001
6,7,Landuse_2001.tif,0.0,0.0,0.06,0.13,0.42,0.01,0.38,2001
7,7,Landuse_2001.tif,0.0,0.0,0.0,0.32,0.24,0.02,0.41,2001
8,7,Landuse_2001.tif,0.0,0.0,0.02,0.22,0.04,0.31,0.4,2001
9,7,Landuse_2001.tif,0.08,0.0,0.04,0.2,0.01,0.27,0.41,2001
10,7,Landuse_2001.tif,0.17,0.05,0.02,0.06,0.0,0.36,0.35,2001
11,7,Landuse_2001.tif,0.55,0.04,0.12,0.01,0.0,0.02,0.27,2001
2,8,Landuse_2001.tif,0.02,0.06,0.03,0.0,0.0,0.02,0.87,2001
3,8,Landuse_2001.tif,0.05,0.04,0.01,0.05,0.01,0.02,0.83,2001
4,8,Landuse_2001.tif,0.12,0.06,0.01,0.1,0.0,0.31,0.4,2001
5,8,Landuse_2001.tif,0.15,0.09,0.06,0.06,0.08,0.2,0.36,2001
6,8,Landuse_2001.tif,0.0,0.0,0.08,0.18,0.32,0.14,0.29,2001
7,8,Landuse_2001.tif,0.04,0.14,0.03,0.1,0.02,0.38,0.29,2001
8,8,Landuse_2001.tif,0.21,0.13,0.02,0.0,0.0,0.45,0.19,2001
9,8,Landuse_2001.tif,0.11,0.02,0.02,0.17,0.0,0.43,0.25,2001
2,9,Landuse_2001.tif,0.02,0.03,0.01,0.02,0.0,0.06,0.86,2001
3,9,Landuse_2001.tif,0.49,0.18,0.01,0.0,0.0,0.0,0.32,2001
4,9,Landuse_2001.tif,0.65,0.08,0.06,0.02,0.03,0.06,0.11,2001
5,9,Landuse_2001.tif,0.3,0.06,0.06,0.0,0.0,0.38,0.19,2001
6,9,Landuse_2001.tif,0.17,0.02,0.04,0.03,0.0,0.53,0.22,2001
7,9,Landuse_2001.tif,0.24,0.09,0.08,0.0,0.0,0.32,0.26,2001
8,9,Landuse_2001.tif,0.58,0.1,0.06,0.0,0.0,0.01,0.26,2001
2,10,Landuse_2001.tif,0.07,0.03,0.01,0.11,0.17,0.03,0.57,2001
3,10,Landuse_2001.tif,0.43,0.1,0.07,0.01,0.12,0.01,0.26,2001
4,10,Landuse_2001.tif,0.82,0.05,0.03,0.0,0.0,0.03,0.07,2001
5,10,Landuse_2001.tif,0.86,0.04,0.04,0.0,0.0,0.04,0.02,2001
2,11,Landuse_2001.tif,0.72,0.16,0.0,0.0,0.0,0.0,0.12,2001
3,11,Landuse_2001.tif,0.96,0.03,0.0,0.0,0.0,0.0,0.01,2001
4,11,Landuse_2001.tif,0.88,0.03,0.0,0.02,0.0,0.0,0.07,2001
2,12,Landuse_2001.tif,0.77,0.06,0.0,0.01,0.0,0.0,0.15,2001
3,12,Landuse_2001.tif,0.56,0.09,0.0,0.03,0.0,0.02,0.29,2001
4,12,Landuse_2001.tif,0.1,0.05,0.01,0.09,0.0,0.02,0.73,2001
2,13,Landuse_2001.tif,0.63,0.11,0.01,0.01,0.0,0.01,0.23,2001
6,0,Landuse_2002.tif,0.0,0.0,0.03,0.21,0.62,0.0,0.14,2002
7,0,Landuse_2002.tif,0.0,0.0,0.05,0.11,0.62,0.0,0.2,2002
10,0,Landuse_2002.tif,0.0,0.0,0.02,0.07,0.15,0.01,0.75,2002
3,1,Landuse_2002.tif,0.0,0.0,0.03,0.06,0.63,0.0,0.27,2002
4,1,Landuse_2002.tif,0.02,0.0,0.02,0.18,0.5,0.0,0.29,2002
5,1,Landuse_2002.tif,0.0,0.01,0.02,0.02,0.73,0.0,0.21,2002
6,1,Landuse_2002.tif,0.0,0.01,0.11,0.0,0.66,0.0,0.21,2002
7,1,Landuse_2002.tif,0.0,0.0,0.07,0.0,0.48,0.0,0.44,2002
8,1,Landuse_2002.tif,0.0,0.0,0.04,0.06,0.61,0.0,0.29,2002
9,1,Landuse_2002.tif,0.02,0.03,0.07,0.0,0.34,0.0,0.55,2002
10,1,Landuse_2002.tif,0.0,0.01,0.06,0.02,0.11,0.0,0.8,2002
3,2,Landuse_2002.tif,0.0,0.0,0.01,0.03,0.63,0.01,0.31,2002
4,2,Landuse_2002.tif,0.0,0.0,0.01,0.17,0.58,0.0,0.24,2002
5,2,Landuse_2002.tif,0.01,0.0,0.02,0.2,0.52,0.0,0.25,2002
6,2,Landuse_2002.tif,0.0,0.0,0.01,0.01,0.81,0.0,0.17,2002
7,2,Landuse_2002.tif,0.01,0.0,0.08,0.18,0.51,0.0,0.22,2002
8,2,Landuse_2002.tif,0.0,0.0,0.03,0.02,0.59,0.0,0.35,2002
9,2,Landuse_2002.tif,0.01,0.02,0.14,0.0,0.22,0.0,0.6,2002
10,2,Landuse_2002.tif,0.0,0.01,0.03,0.21,0.21,0.03,0.52,2002
11,2,Landuse_2002.tif,0.01,0.0,0.04,0.19,0.0,0.52,0.22,2002
0,3,Landuse_2002.tif,0.3,0.01,0.04,0.01,0.0,0.01,0.64,2002
1,3,Landuse_2002.tif,0.1,0.01,0.17,0.0,0.11,0.0,0.61,2002
2,3,Landuse_2002.tif,0.04,0.0,0.19,0.04,0.2,0.03,0.49,2002
3,3,Landuse_2002.tif,0.01,0.01,0.04,0.02,0.62,0.01,0.29,2002
4,3,Landuse_2002.tif,0.0,0.0,0.0,0.01,0.79,0.0,0.2,2002
5,3,Landuse_2002.tif,0.02,0.0,0.02,0.28,0.27,0.0,0.4,2002
6,3,Landuse_2002.tif,0.02,0.0,0.01,0.1,0.42,0.0,0.44,2002
7,3,Landuse_2002.tif,0.01,0.0,0.01,0.04,0.49,0.0,0.44,2002
8,3,Landuse_2002.tif,0.01,0.0,0.0,0.11,0.42,0.0,0.46,2002
9,3,Landuse_2002.tif,0.01,0.0,0.0,0.05,0.3,0.0,0.65,2002
10,3,Landuse_2002.tif,0.03,0.0,0.0,0.21,0.01,0.0,0.74,2002
11,3,Landuse_2002.tif,0.09,0.02,0.02,0.44,0.0,0.03,0.39,2002
12,3,Landuse_2002.tif,0.11,0.01,0.02,0.52,0.0,0.06,0.28,2002
1,4,Landuse_2002.tif,0.15,0.01,0.04,0.0,0.05,0.01,0.75,2002
2,4,Landuse_2002.tif,0.08,0.01,0.11,0.06,0.21,0.03,0.5,2002
3,4,Landuse_2002.tif,0.0,0.0,0.01,0.0,0.84,0.0,0.14,2002
4,4,Landuse_2002.tif,0.0,0.0,0.0,0.04,0.71,0.0,0.25,2002
5,4,Landuse_2002.tif,0.0,0.0,0.0,0.08,0.66,0.0,0.25,2002
6,4,Landuse_2002.tif,0.02,0.0,0.01,0.06,0.43,0.01,0.47,2002
7,4,Landuse_2002.tif,0.01,0.0,0.0,0.03,0.5,0.0,0.46,2002
8,4,Landuse_2002.tif,0.03,0.0,0.01,0.21,0.14,0.0,0.61,2002
9,4,Landuse_2002.tif,0.06,0.0,0.01,0.06,0.01,0.01,0.84,2002
10,4,Landuse_2002.tif,0.02,0.0,0.01,0.03,0.0,0.0,0.93,2002
11,4,Landuse_2002.tif,0.04,0.01,0.03,0.14,0.0,0.02,0.76,2002
12,4,Landuse_2002.tif,0.35,0.06,0.06,0.1,0.0,0.01,0.43,2002
3,5,Landuse_2002.tif,0.0,0.0,0.01,0.11,0.6,0.01,0.27,2002
4,5,Landuse_2002.tif,0.0,0.0,0.0,0.03,0.77,0.0,0.2,2002
5,5,Landuse_2002.tif,0.0,0.0,0.0,0.11,0.58,0.0,0.32,2002
6,5,Landuse_2002.tif,0.01,0.0,0.0,0.15,0.32,0.0,0.53,2002
7,5,Landuse_2002.tif,0.04,0.01,0.01,0.17,0.09,0.0,0.69,2002
8,5,Landuse_2002.tif,0.0,0.0,0.0,0.44,0.02,0.0,0.53,2002
9,5,Landuse_2002.tif,0.01,0.0,0.01,0.4,0.04,0.0,0.54,2002
10,5,Landuse_2002.tif,0.09,0.01,0.01,0.03,0.0,0.03,0.83,2002
11,5,Landuse_2002.tif,0.14,0.03,0.06,0.27,0.0,0.03,0.46,2002
3,6,Landuse_2002.tif,0.01,0.01,0.1,0.17,0.04,0.36,0.31,2002
4,6,Landuse_2002.tif,0.0,0.0,0.0,0.16,0.55,0.0,0.28,2002
5,6,Landuse_2002.tif,0.0,0.0,0.0,0.06,0.6,0.0,0.34,2002
6,6,Landuse_2002.tif,0.0,0.0,0.0,0.21,0.46,0.0,0.33,2002
7,6,Landuse_2002.tif,0.0,0.0,0.01,0.16,0.08,0.01,0.74,2002
8,6,Landuse_2002.tif,0.08,0.0,0.02,0.19,0.0,0.02,0.68,2002
9,6,Landuse_2002.tif,0.0,0.0,0.0,0.51,0.02,0.02,0.45,2002
10,6,Landuse_2002.tif,0.03,0.01,0.04,0.27,0.0,0.25,0.4,2002
11,6,Landuse_2002.tif,0.5,0.02,0.06,0.0,0.0,0.08,0.34,2002
2,7,Landuse_2002.tif,0.16,0.08,0.15,0.0,0.0,0.08,0.53,2002
3,7,Landuse_2002.tif,0.05,0.03,0.05,0.16,0.0,0.21,0.49,2002
4,7,Landuse_2002.tif,0.0,0.01,0.01,0.3,0.02,0.15,0.52,2002
5,7,Landuse_2002.tif,0.0,0.0,0.0,0.3,0.08,0.03,0.58,2002
6,7,Landuse_2002.tif,0.0,0.0,0.0,0.17,0.37,0.0,0.45,2002
7,7,Landuse_2002.tif,0.0,0.0,0.0,0.27,0.22,0.03,0.48,2002
8,7,Landuse_2002.tif,0.01,0.0,0.0,0.34,0.01,0.24,0.41,2002
9,7,Landuse_2002.tif,0.1,0.0,0.03,0.09,0.0,0.3,0.48,2002
10,7,Landuse_2002.tif,0.19,0.01,0.01,0.09,0.0,0.34,0.37,2002
11,7,Landuse_2002.tif,0.53,0.03,0.05,0.0,0.0,0.06,0.33,2002
2,8,Landuse_2002.tif,0.04,0.04,0.04,0.0,0.0,0.04,0.83,2002
3,8,Landuse_2002.tif,0.13,0.03,0.06,0.0,0.0,0.03,0.75,2002
4,8,Landuse_2002.tif,0.18,0.02,0.02,0.03,0.0,0.3,0.46,2002
5,8,Landuse_2002.tif,0.19,0.05,0.07,0.13,0.01,0.22,0.34,2002
6,8,Landuse_2002.tif,0.0,0.0,0.01,0.32,0.17,0.17,0.33,2002
7,8,Landuse_2002.tif,0.06,0.07,0.06,0.03,0.0,0.46,0.32,2002
8,8,Landuse_2002.tif,0.15,0.05,0.04,0.04,0.0,0.44,0.29,2002
9,8,Landuse_2002.tif,0.12,0.02,0.02,0.3,0.0,0.26,0.27,2002
2,9,Landuse_2002.tif,0.03,0.03,0.06,0.01,0.0,0.05,0.81,2002
3,9,Landuse_2002.tif,0.57,0.02,0.01,0.0,0.0,0.02,0.39,2002
4,9,Landuse_2002.tif,0.66,0.02,0.04,0.01,0.0,0.08,0.18,2002
5,9,Landuse_2002.tif,0.36,0.02,0.03,0.01,0.0,0.35,0.23,2002
6,9,Landuse_2002.tif,0.18,0.01,0.03,0.06,0.0,0.46,0.26,2002
7,9,Landuse_2002.tif,0.28,0.06,0.1,0.02,0.0,0.19,0.35,2002
8,9,Landuse_2002.tif,0.55,0.05,0.03,0.0,0.0,0.0,0.38,2002
2,10,Landuse_2002.tif,0.1,0.01,0.02,0.24,0.01,0.09,0.53,2002
3,10,Landuse_2002.tif,0.48,0.02,0.01,0.1,0.01,0.03,0.35,2002
4,10,Landuse_2002.tif,0.74,0.01,0.01,0.0,0.0,0.02,0.21,2002
5,10,Landuse_2002.tif,0.75,0.01,0.03,0.0,0.0,0.01,0.2,2002
2,11,Landuse_2002.tif,0.82,0.0,0.0,0.0,0.0,0.0,0.17,2002
3,11,Landuse_2002.tif,0.82,0.0,0.0,0.0,0.0,0.0,0.18,2002
4,11,Landuse_2002.tif,0.78,0.01,0.0,0.0,0.0,0.0,0.2,2002
2,12,Landuse_2002.tif,0.7,0.03,0.0,0.0,0.0,0.0,0.26,2002
3,12,Landuse_2002.tif,0.57,0.08,0.0,0.0,0.0,0.0,0.33,2002
4,12,Landuse_2002.tif,0.13,0.04,0.01,0.06,0.0,0.01,0.75,2002
2,13,Landuse_2002.tif,0.45,0.02,0.0,0.01,0.0,0.0,0.52,2002
6,0,Landuse_2003.tif,0.0,0.02,0.06,0.18,0.56,0.12,0.06,2003
7,0,Landuse_2003.tif,0.0,0.01,0.05,0.12,0.69,0.07,0.06,2003
10,0,Landuse_2003.tif,0.0,0.0,0.03,0.1,0.16,0.0,0.7,2003
3,1,Landuse_2003.tif,0.01,0.02,0.03,0.16,0.53,0.0,0.26,2003
4,1,Landuse_2003.tif,0.03,0.03,0.01,0.26,0.39,0.01,0.28,2003
5,1,Landuse_2003.tif,0.01,0.03,0.01,0.13,0.63,0.0,0.2,2003
6,1,Landuse_2003.tif,0.0,0.03,0.06,0.03,0.74,0.0,0.14,2003
7,1,Landuse_2003.tif,0.01,0.04,0.1,0.04,0.65,0.0,0.16,2003
8,1,Landuse_2003.tif,0.0,0.01,0.04,0.1,0.63,0.05,0.17,2003
9,1,Landuse_2003.tif,0.0,0.01,0.06,0.05,0.21,0.0,0.67,2003
10,1,Landuse_2003.tif,0.0,0.01,0.1,0.04,0.08,0.0,0.77,2003
3,2,Landuse_2003.tif,0.0,0.0,0.01,0.04,0.61,0.02,0.33,2003
4,2,Landuse_2003.tif,0.0,0.03,0.0,0.19,0.52,0.0,0.25,2003
5,2,Landuse_2003.tif,0.01,0.02,0.01,0.36,0.34,0.0,0.26,2003
6,2,Landuse_2003.tif,0.0,0.01,0.0,0.02,0.8,0.0,0.17,2003
7,2,Landuse_2003.tif,0.0,0.01,0.05,0.22,0.46,0.0,0.25,2003
8,2,Landuse_2003.tif,0.0,0.01,0.06,0.18,0.52,0.0,0.23,2003
9,2,Landuse_2003.tif,0.0,0.01,0.16,0.02,0.17,0.0,0.65,2003
10,2,Landuse_2003.tif,0.0,0.0,0.04,0.15,0.26,0.03,0.52,2003
11,2,Landuse_2003.tif,0.01,0.02,0.03,0.1,0.0,0.47,0.38,2003
0,3,Landuse_2003.tif,0.3,0.02,0.07,0.01,0.01,0.0,0.59,2003
1,3,Landuse_2003.tif,0.0,0.0,0.3,0.02,0.13,0.0,0.54,2003
2,3,Landuse_2003.tif,0.0,0.0,0.15,0.06,0.31,0.02,0.45,2003
3,3,Landuse_2003.tif,0.0,0.0,0.01,0.05,0.62,0.01,0.32,2003
4,3,Landuse_2003.tif,0.0,0.0,0.0,0.21,0.6,0.0,0.19,2003
5,3,Landuse_2003.tif,0.02,0.02,0.01,0.33,0.22,0.0,0.4,2003
6,3,Landuse_2003.tif,0.02,0.02,0.0,0.2,0.3,0.0,0.45,2003
7,3,Landuse_2003.tif,0.01,0.01,0.0,0.22,0.34,0.0,0.43,2003
8,3,Landuse_2003.tif,0.0,0.01,0.0,0.46,0.08,0.0,0.45,2003
9,3,Landuse_2003.tif,0.0,0.0,0.0,0.24,0.1,0.0,0.65,2003
10,3,Landuse_2003.tif,0.02,0.02,0.0,0.21,0.01,0.0,0.74,2003
11,3,Landuse_2003.tif,0.09,0.04,0.02,0.42,0.0,0.02,0.41,2003
12,3,Landuse_2003.tif,0.13,0.03,0.04,0.55,0.0,0.04,0.21,2003
1,4,Landuse_2003.tif,0.14,0.01,0.14,0.02,0.03,0.01,0.66,2003
2,4,Landuse_2003.tif,0.01,0.0,0.11,0.06,0.25,0.07,0.48,2003
3,4,Landuse_2003.tif,0.0,0.0,0.0,0.06,0.81,0.0,0.13,2003
4,4,Landuse_2003.tif,0.0,0.0,0.0,0.31,0.44,0.0,0.24,2003
5,4,Landuse_2003.tif,0.01,0.01,0.0,0.46,0.28,0.0,0.25,2003
6,4,Landuse_2003.tif,0.01,0.03,0.0,0.17,0.32,0.01,0.47,2003
7,4,Landuse_2003.tif,0.01,0.01,0.0,0.16,0.36,0.0,0.46,2003
8,4,Landuse_2003.tif,0.02,0.02,0.0,0.29,0.06,0.0,0.61,2003
9,4,Landuse_2003.tif,0.04,0.04,0.01,0.08,0.01,0.0,0.83,2003
10,4,Landuse_2003.tif,0.02,0.02,0.0,0.03,0.0,0.0,0.92,2003
11,4,Landuse_2003.tif,0.06,0.05,0.01,0.15,0.0,0.01,0.72,2003
12,4,Landuse_2003.tif,0.39,0.1,0.09,0.13,0.0,0.01,0.28,2003
3,5,Landuse_2003.tif,0.0,0.0,0.01,0.17,0.51,0.03,0.27,2003
4,5,Landuse_2003.tif,0.0,0.0,0.0,0.13,0.67,0.0,0.2,2003
5,5,Landuse_2003.tif,0.0,0.0,0.0,0.43,0.28,0.0,0.29,2003
6,5,Landuse_2003.tif,0.01,0.0,0.0,0.34,0.13,0.0,0.52,2003
7,5,Landuse_2003.tif,0.03,0.02,0.0,0.23,0.02,0.0,0.69,2003
8,5,Landuse_2003.tif,0.0,0.0,0.0,0.46,0.01,0.0,0.53,2003
9,5,Landuse_2003.tif,0.01,0.01,0.0,0.43,0.0,0.0,0.54,2003
10,5,Landuse_2003.tif,0.09,0.03,0.0,0.03,0.0,0.02,0.81,2003
11,5,Landuse_2003.tif,0.17,0.04,0.04,0.3,0.0,0.04,0.41,2003
3,6,Landuse_2003.tif,0.02,0.07,0.08,0.04,0.02,0.43,0.33,2003
4,6,Landuse_2003.tif,0.0,0.0,0.01,0.15,0.53,0.04,0.27,2003
5,6,Landuse_2003.tif,0.0,0.0,0.0,0.12,0.57,0.0,0.31,2003
6,6,Landuse_2003.tif,0.0,0.0,0.0,0.29,0.35,0.0,0.36,2003
7,6,Landuse_2003.tif,0.0,0.0,0.0,0.18,0.05,0.0,0.77,2003
8,6,Landuse_2003.tif,0.08,0.04,0.0,0.2,0.0,0.01,0.67,2003
9,6,Landuse_2003.tif,0.0,0.0,0.0,0.54,0.0,0.03,0.43,2003
10,6,Landuse_2003.tif,0.02,0.03,0.03,0.21,0.0,0.3,0.4,2003
11,6,Landuse_2003.tif,0.48,0.06,0.05,0.0,0.0,0.12,0.29,2003
2,7,Landuse_2003.tif,0.29,0.26,0.12,0.0,0.0,0.02,0.31,2003
3,7,Landuse_2003.tif,0.08,0.06,0.1,0.05,0.0,0.23,0.48,2003
4,7,Landuse_2003.tif,0.01,0.04,0.02,0.15,0.03,0.23,0.52,2003
5,7,Landuse_2003.tif,0.0,0.0,0.01,0.24,0.14,0.03,0.58,2003
6,7,Landuse_2003.tif,0.0,0.0,0.0,0.16,0.38,0.0,0.46,2003
7,7,Landuse_2003.tif,0.0,0.0,0.01,0.2,0.25,0.04,0.5,2003
8,7,Landuse_2003.tif,0.01,0.0,0.0,0.27,0.03,0.25,0.44,2003
9,7,Landuse_2003.tif,0.1,0.04,0.0,0.19,0.0,0.07,0.6,2003
10,7,Landuse_2003.tif,0.21,0.02,0.01,0.1,0.0,0.3,0.37,2003
11,7,Landuse_2003.tif,0.61,0.03,0.06,0.0,0.0,0.06,0.24,2003
2,8,Landuse_2003.tif,0.12,0.17,0.06,0.0,0.0,0.0,0.64,2003
3,8,Landuse_2003.tif,0.15,0.07,0.03,0.01,0.01,0.01,0.72,2003
4,8,Landuse_2003.tif,0.19,0.06,0.05,0.01,0.0,0.28,0.42,2003
5,8,Landuse_2003.tif,0.24,0.07,0.13,0.03,0.03,0.18,0.31,2003
6,8,Landuse_2003.tif,0.0,0.0,0.04,0.11,0.22,0.33,0.3,2003
7,8,Landuse_2003.tif,0.13,0.07,0.02,0.01,0.0,0.44,0.33,2003
8,8,Landuse_2003.tif,0.22,0.05,0.01,0.12,0.0,0.31,0.28,2003
9,8,Landuse_2003.tif,0.17,0.03,0.01,0.38,0.0,0.11,0.29,2003
2,9,Landuse_2003.tif,0.04,0.06,0.11,0.01,0.01,0.03,0.73,2003
3,9,Landuse_2003.tif,0.58,0.02,0.01,0.0,0.0,0.0,0.39,2003
4,9,Landuse_2003.tif,0.71,0.04,0.02,0.0,0.0,0.06,0.16,2003
5,9,Landuse_2003.tif,0.41,0.02,0.02,0.04,0.0,0.28,0.23,2003
6,9,Landuse_2003.tif,0.2,0.01,0.01,0.08,0.0,0.44,0.26,2003
7,9,Landuse_2003.tif,0.43,0.04,0.02,0.0,0.0,0.19,0.31,2003
8,9,Landuse_2003.tif,0.63,0.06,0.03,0.0,0.0,0.0,0.29,2003
2,10,Landuse_2003.tif,0.09,0.01,0.1,0.06,0.08,0.1,0.56,2003
3,10,Landuse_2003.tif,0.47,0.02,0.06,0.01,0.03,0.04,0.36,2003
4,10,Landuse_2003.tif,0.76,0.01,0.02,0.0,0.0,0.0,0.2,2003
5,10,Landuse_2003.tif,0.77,0.01,0.01,0.0,0.0,0.0,0.21,2003
2,11,Landuse_2003.tif,0.83,0.0,0.0,0.0,0.0,0.0,0.17,2003
3,11,Landuse_2003.tif,0.82,0.0,0.0,0.0,0.0,0.0,0.18,2003
4,11,Landuse_2003.tif,0.8,0.01,0.0,0.0,0.0,0.0,0.18,2003
2,12,Landuse_2003.tif,0.7,0.06,0.0,0.0,0.0,0.0,0.23,2003
3,12,Landuse_2003.tif,0.59,0.13,0.0,0.01,0.0,0.0,0.26,2003
4,12,Landuse_2003.tif,0.14,0.05,0.01,0.05,0.0,0.0,0.74,2003
2,13,Landuse_2003.tif,0.41,0.05,0.0,0.01,0.0,0.0,0.52,2003
6,0,Landuse_2004.tif,0.0,0.0,0.01,0.41,0.42,0.02,0.14,2004
7,0,Landuse_2004.tif,0.0,0.0,0.0,0.29,0.49,0.01,0.2,2004
10,0,Landuse_2004.tif,0.0,0.0,0.0,0.07,0.15,0.0,0.77,2004
3,1,Landuse_2004.tif,0.0,0.0,0.02,0.27,0.44,0.0,0.27,2004
4,1,Landuse_2004.tif,0.02,0.0,0.02,0.37,0.29,0.0,0.29,2004
5,1,Landuse_2004.tif,0.02,0.01,0.01,0.2,0.54,0.01,0.22,2004
6,1,Landuse_2004.tif,0.01,0.0,0.04,0.09,0.64,0.0,0.21,2004
7,1,Landuse_2004.tif,0.0,0.0,0.03,0.06,0.47,0.0,0.45,2004
8,1,Landuse_2004.tif,0.0,0.0,0.02,0.14,0.49,0.02,0.32,2004
9,1,Landuse_2004.tif,0.0,0.0,0.0,0.0,0.26,0.0,0.73,2004
10,1,Landuse_2004.tif,0.0,0.0,0.03,0.02,0.12,0.0,0.83,2004
3,2,Landuse_2004.tif,0.0,0.0,0.0,0.07,0.59,0.01,0.33,2004
4,2,Landuse_2004.tif,0.01,0.0,0.01,0.32,0.42,0.0,0.25,2004
5,2,Landuse_2004.tif,0.01,0.0,0.01,0.37,0.34,0.01,0.26,2004
6,2,Landuse_2004.tif,0.0,0.0,0.01,0.07,0.75,0.0,0.18,2004
7,2,Landuse_2004.tif,0.0,0.01,0.04,0.29,0.4,0.0,0.27,2004
8,2,Landuse_2004.tif,0.0,0.01,0.02,0.14,0.46,0.0,0.37,2004
9,2,Landuse_2004.tif,0.0,0.02,0.04,0.0,0.15,0.0,0.79,2004
10,2,Landuse_2004.tif,0.0,0.0,0.0,0.2,0.25,0.02,0.53,2004
11,2,Landuse_2004.tif,0.01,0.01,0.0,0.47,0.01,0.28,0.23,2004
0,3,Landuse_2004.tif,0.3,0.01,0.01,0.01,0.02,0.0,0.65,2004
1,3,Landuse_2004.tif,0.01,0.0,0.09,0.02,0.23,0.01,0.63,2004
2,3,Landuse_2004.tif,0.0,0.0,0.14,0.08,0.26,0.03,0.48,2004
3,3,Landuse_2004.tif,0.0,0.0,0.0,0.13,0.55,0.0,0.31,2004
4,3,Landuse_2004.tif,0.0,0.0,0.0,0.2,0.59,0.0,0.2,2004
5,3,Landuse_2004.tif,0.02,0.01,0.01,0.26,0.29,0.0,0.41,2004
6,3,Landuse_2004.tif,0.02,0.0,0.01,0.23,0.29,0.0,0.45,2004
7,3,Landuse_2004.tif,0.01,0.0,0.0,0.26,0.29,0.0,0.44,2004
8,3,Landuse_2004.tif,0.01,0.0,0.0,0.33,0.19,0.0,0.47,2004
9,3,Landuse_2004.tif,0.01,0.0,0.0,0.11,0.22,0.0,0.66,2004
10,3,Landuse_2004.tif,0.02,0.0,0.0,0.22,0.02,0.0,0.73,2004
11,3,Landuse_2004.tif,0.12,0.01,0.01,0.48,0.01,0.01,0.36,2004
12,3,Landuse_2004.tif,0.11,0.01,0.01,0.57,0.01,0.02,0.27,2004
1,4,Landuse_2004.tif,0.17,0.0,0.02,0.03,0.02,0.01,0.75,2004
2,4,Landuse_2004.tif,0.02,0.0,0.07,0.19,0.13,0.04,0.54,2004
3,4,Landuse_2004.tif,0.0,0.0,0.0,0.24,0.61,0.0,0.15,2004
4,4,Landuse_2004.tif,0.0,0.0,0.0,0.29,0.46,0.0,0.25,2004
5,4,Landuse_2004.tif,0.01,0.0,0.0,0.44,0.3,0.0,0.25,2004
6,4,Landuse_2004.tif,0.02,0.0,0.01,0.2,0.29,0.0,0.46,2004
7,4,Landuse_2004.tif,0.02,0.0,0.0,0.1,0.42,0.0,0.46,2004
8,4,Landuse_2004.tif,0.03,0.0,0.01,0.22,0.12,0.0,0.61,2004
9,4,Landuse_2004.tif,0.04,0.01,0.01,0.05,0.02,0.0,0.86,2004
10,4,Landuse_2004.tif,0.02,0.0,0.01,0.02,0.0,0.0,0.94,2004
11,4,Landuse_2004.tif,0.07,0.01,0.01,0.16,0.0,0.01,0.74,2004
12,4,Landuse_2004.tif,0.5,0.01,0.03,0.11,0.0,0.01,0.34,2004
3,5,Landuse_2004.tif,0.0,0.0,0.01,0.34,0.38,0.0,0.27,2004
4,5,Landuse_2004.tif,0.0,0.0,0.0,0.32,0.48,0.0,0.2,2004
5,5,Landuse_2004.tif,0.0,0.0,0.0,0.57,0.11,0.0,0.31,2004
6,5,Landuse_2004.tif,0.01,0.0,0.0,0.38,0.09,0.0,0.52,2004
7,5,Landuse_2004.tif,0.04,0.0,0.0,0.2,0.06,0.0,0.69,2004
8,5,Landuse_2004.tif,0.0,0.0,0.0,0.42,0.03,0.0,0.55,2004
9,5,Landuse_2004.tif,0.01,0.0,0.0,0.36,0.08,0.0,0.54,2004
10,5,Landuse_2004.tif,0.1,0.01,0.01,0.03,0.01,0.01,0.83,2004
11,5,Landuse_2004.tif,0.2,0.01,0.01,0.28,0.0,0.03,0.47,2004
3,6,Landuse_2004.tif,0.05,0.04,0.04,0.1,0.02,0.41,0.34,2004
4,6,Landuse_2004.tif,0.0,0.0,0.0,0.26,0.47,0.02,0.25,2004
5,6,Landuse_2004.tif,0.0,0.0,0.0,0.32,0.36,0.0,0.31,2004
6,6,Landuse_2004.tif,0.0,0.0,0.0,0.26,0.42,0.0,0.33,2004
7,6,Landuse_2004.tif,0.0,0.0,0.0,0.11,0.11,0.0,0.78,2004
8,6,Landuse_2004.tif,0.09,0.0,0.01,0.2,0.01,0.01,0.69,2004
9,6,Landuse_2004.tif,0.0,0.0,0.0,0.48,0.06,0.01,0.45,2004
10,6,Landuse_2004.tif,0.03,0.01,0.02,0.41,0.0,0.13,0.4,2004
11,6,Landuse_2004.tif,0.54,0.04,0.02,0.0,0.0,0.06,0.34,2004
2,7,Landuse_2004.tif,0.32,0.22,0.08,0.0,0.0,0.02,0.36,2004
3,7,Landuse_2004.tif,0.08,0.04,0.06,0.09,0.0,0.22,0.5,2004
4,7,Landuse_2004.tif,0.01,0.01,0.01,0.23,0.01,0.17,0.56,2004
5,7,Landuse_2004.tif,0.0,0.0,0.0,0.33,0.07,0.03,0.57,2004
6,7,Landuse_2004.tif,0.0,0.0,0.0,0.15,0.41,0.0,0.44,2004
7,7,Landuse_2004.tif,0.0,0.0,0.0,0.22,0.25,0.03,0.5,2004
8,7,Landuse_2004.tif,0.01,0.0,0.0,0.32,0.01,0.26,0.41,2004
9,7,Landuse_2004.tif,0.11,0.0,0.02,0.16,0.0,0.17,0.54,2004
10,7,Landuse_2004.tif,0.22,0.01,0.0,0.16,0.0,0.21,0.4,2004
11,7,Landuse_2004.tif,0.66,0.03,0.03,0.0,0.0,0.01,0.27,2004
2,8,Landuse_2004.tif,0.16,0.13,0.01,0.0,0.0,0.0,0.7,2004
3,8,Landuse_2004.tif,0.17,0.03,0.01,0.03,0.0,0.02,0.75,2004
4,8,Landuse_2004.tif,0.2,0.05,0.06,0.0,0.0,0.27,0.43,2004
5,8,Landuse_2004.tif,0.24,0.03,0.17,0.14,0.01,0.1,0.31,2004
6,8,Landuse_2004.tif,0.0,0.0,0.01,0.39,0.22,0.07,0.31,2004
7,8,Landuse_2004.tif,0.11,0.08,0.01,0.05,0.01,0.41,0.33,2004
8,8,Landuse_2004.tif,0.23,0.03,0.01,0.21,0.0,0.21,0.3,2004
9,8,Landuse_2004.tif,0.2,0.01,0.02,0.19,0.0,0.3,0.28,2004
2,9,Landuse_2004.tif,0.07,0.08,0.01,0.01,0.0,0.02,0.81,2004
3,9,Landuse_2004.tif,0.59,0.02,0.0,0.0,0.0,0.0,0.39,2004
4,9,Landuse_2004.tif,0.71,0.02,0.01,0.0,0.0,0.08,0.18,2004
5,9,Landuse_2004.tif,0.43,0.0,0.01,0.02,0.0,0.3,0.23,2004
6,9,Landuse_2004.tif,0.22,0.0,0.01,0.12,0.0,0.39,0.26,2004
7,9,Landuse_2004.tif,0.48,0.02,0.01,0.11,0.0,0.06,0.32,2004
8,9,Landuse_2004.tif,0.65,0.02,0.0,0.0,0.0,0.0,0.32,2004
2,10,Landuse_2004.tif,0.11,0.03,0.0,0.07,0.08,0.03,0.68,2004
3,10,Landuse_2004.tif,0.48,0.02,0.0,0.04,0.05,0.04,0.37,2004
4,10,Landuse_2004.tif,0.75,0.0,0.0,0.0,0.0,0.02,0.22,2004
5,10,Landuse_2004.tif,0.79,0.0,0.0,0.0,0.0,0.0,0.2,2004
2,11,Landuse_2004.tif,0.83,0.0,0.0,0.0,0.0,0.0,0.17,2004
3,11,Landuse_2004.tif,0.82,0.0,0.0,0.0,0.0,0.0,0.18,2004
4,11,Landuse_2004.tif,0.8,0.01,0.0,0.0,0.0,0.0,0.19,2004
2,12,Landuse_2004.tif,0.74,0.03,0.0,0.0,0.0,0.0,0.23,2004
3,12,Landuse_2004.tif,0.67,0.03,0.0,0.0,0.0,0.0,0.29,2004
4,12,Landuse_2004.tif,0.19,0.04,0.01,0.04,0.0,0.01,0.72,2004
2,13,Landuse_2004.tif,0.44,0.03,0.0,0.01,0.0,0.0,0.52,2004
6,0,Landuse_2005.tif,0.0,0.0,0.01,0.04,0.9,0.0,0.05,2005
7,0,Landuse_2005.tif,0.0,0.0,0.01,0.02,0.87,0.02,0.07,2005
10,0,Landuse_2005.tif,0.0,0.0,0.01,0.19,0.02,0.13,0.65,2005
3,1,Landuse_2005.tif,0.01,0.0,0.02,0.19,0.53,0.0,0.25,2005
4,1,Landuse_2005.tif,0.02,0.0,0.02,0.3,0.37,0.0,0.3,2005
5,1,Landuse_2005.tif,0.03,0.0,0.01,0.05,0.7,0.0,0.2,2005
6,1,Landuse_2005.tif,0.02,0.0,0.02,0.0,0.82,0.0,0.14,2005
7,1,Landuse_2005.tif,0.01,0.02,0.01,0.09,0.75,0.01,0.12,2005
8,1,Landuse_2005.tif,0.0,0.02,0.11,0.17,0.26,0.28,0.15,2005
9,1,Landuse_2005.tif,0.0,0.02,0.05,0.05,0.03,0.2,0.65,2005
10,1,Landuse_2005.tif,0.0,0.0,0.07,0.01,0.0,0.13,0.8,2005
3,2,Landuse_2005.tif,0.0,0.0,0.0,0.06,0.6,0.02,0.32,2005
4,2,Landuse_2005.tif,0.0,0.0,0.01,0.27,0.45,0.0,0.26,2005
5,2,Landuse_2005.tif,0.01,0.0,0.02,0.27,0.44,0.0,0.25,2005
6,2,Landuse_2005.tif,0.0,0.0,0.0,0.03,0.79,0.0,0.17,2005
7,2,Landuse_2005.tif,0.0,0.01,0.0,0.39,0.35,0.0,0.24,2005
8,2,Landuse_2005.tif,0.0,0.02,0.05,0.45,0.26,0.01,0.21,2005
9,2,Landuse_2005.tif,0.01,0.02,0.03,0.1,0.05,0.05,0.75,2005
10,2,Landuse_2005.tif,0.0,0.0,0.06,0.08,0.0,0.32,0.54,2005
11,2,Landuse_2005.tif,0.01,0.0,0.11,0.0,0.0,0.36,0.51,2005
0,3,Landuse_2005.tif,0.34,0.01,0.03,0.0,0.0,0.03,0.59,2005
1,3,Landuse_2005.tif,0.02,0.0,0.17,0.03,0.13,0.09,0.55,2005
2,3,Landuse_2005.tif,0.01,0.01,0.1,0.04,0.37,0.03,0.45,2005
3,3,Landuse_2005.tif,0.0,0.0,0.01,0.1,0.57,0.02,0.3,2005
4,3,Landuse_2005.tif,0.0,0.0,0.0,0.25,0.55,0.0,0.19,2005
5,3,Landuse_2005.tif,0.03,0.01,0.01,0.37,0.18,0.0,0.4,2005
6,3,Landuse_2005.tif,0.02,0.0,0.01,0.32,0.19,0.0,0.45,2005
7,3,Landuse_2005.tif,0.0,0.0,0.0,0.48,0.08,0.0,0.43,2005
8,3,Landuse_2005.tif,0.01,0.0,0.0,0.49,0.04,0.0,0.45,2005
9,3,Landuse_2005.tif,0.0,0.0,0.0,0.32,0.02,0.0,0.65,2005
10,3,Landuse_2005.tif,0.03,0.0,0.01,0.16,0.0,0.01,0.79,2005
11,3,Landuse_2005.tif,0.12,0.01,0.0,0.31,0.0,0.12,0.42,2005
12,3,Landuse_2005.tif,0.11,0.01,0.02,0.12,0.0,0.47,0.26,2005
1,4,Landuse_2005.tif,0.16,0.0,0.01,0.03,0.01,0.05,0.73,2005
2,4,Landuse_2005.tif,0.02,0.01,0.09,0.06,0.08,0.27,0.48,2005
3,4,Landuse_2005.tif,0.0,0.0,0.0,0.18,0.65,0.04,0.13,2005
4,4,Landuse_2005.tif,0.0,0.0,0.0,0.35,0.41,0.0,0.24,2005
5,4,Landuse_2005.tif,0.01,0.0,0.0,0.48,0.27,0.0,0.25,2005
6,4,Landuse_2005.tif,0.02,0.0,0.01,0.43,0.06,0.0,0.46,2005
7,4,Landuse_2005.tif,0.01,0.0,0.01,0.5,0.01,0.01,0.46,2005
8,4,Landuse_2005.tif,0.04,0.0,0.01,0.28,0.05,0.01,0.61,2005
9,4,Landuse_2005.tif,0.05,0.01,0.02,0.08,0.0,0.02,0.82,2005
10,4,Landuse_2005.tif,0.02,0.0,0.01,0.02,0.0,0.01,0.93,2005
11,4,Landuse_2005.tif,0.04,0.02,0.02,0.12,0.0,0.05,0.74,2005
12,4,Landuse_2005.tif,0.46,0.02,0.08,0.01,0.0,0.1,0.33,2005
3,5,Landuse_2005.tif,0.0,0.0,0.0,0.22,0.16,0.34,0.28,2005
4,5,Landuse_2005.tif,0.0,0.0,0.0,0.29,0.51,0.0,0.2,2005
5,5,Landuse_2005.tif,0.0,0.0,0.0,0.59,0.13,0.0,0.28,2005
6,5,Landuse_2005.tif,0.01,0.0,0.0,0.47,0.01,0.0,0.51,2005
7,5,Landuse_2005.tif,0.04,0.0,0.01,0.27,0.0,0.01,0.68,2005
8,5,Landuse_2005.tif,0.0,0.0,0.0,0.45,0.0,0.0,0.55,2005
9,5,Landuse_2005.tif,0.01,0.0,0.01,0.42,0.0,0.01,0.55,2005
10,5,Landuse_2005.tif,0.1,0.01,0.02,0.02,0.0,0.03,0.83,2005
11,5,Landuse_2005.tif,0.19,0.02,0.05,0.2,0.0,0.09,0.46,2005
3,6,Landuse_2005.tif,0.03,0.05,0.23,0.01,0.0,0.31,0.36,2005
4,6,Landuse_2005.tif,0.0,0.0,0.01,0.39,0.17,0.16,0.26,2005
5,6,Landuse_2005.tif,0.0,0.0,0.0,0.68,0.02,0.0,0.29,2005
6,6,Landuse_2005.tif,0.0,0.0,0.0,0.58,0.11,0.0,0.3,2005
7,6,Landuse_2005.tif,0.0,0.0,0.0,0.17,0.04,0.02,0.77,2005
8,6,Landuse_2005.tif,0.08,0.0,0.02,0.2,0.0,0.02,0.68,2005
9,6,Landuse_2005.tif,0.0,0.0,0.0,0.46,0.0,0.1,0.44,2005
10,6,Landuse_2005.tif,0.04,0.02,0.07,0.11,0.0,0.37,0.39,2005
11,6,Landuse_2005.tif,0.5,0.06,0.09,0.0,0.0,0.01,0.34,2005
2,7,Landuse_2005.tif,0.34,0.21,0.04,0.0,0.0,0.02,0.39,2005
3,7,Landuse_2005.tif,0.12,0.04,0.13,0.04,0.0,0.18,0.5,2005
4,7,Landuse_2005.tif,0.01,0.02,0.17,0.08,0.0,0.18,0.54,2005
5,7,Landuse_2005.tif,0.0,0.0,0.02,0.37,0.01,0.04,0.55,2005
6,7,Landuse_2005.tif,0.0,0.0,0.0,0.37,0.2,0.0,0.42,2005
7,7,Landuse_2005.tif,0.0,0.0,0.0,0.39,0.09,0.05,0.48,2005
8,7,Landuse_2005.tif,0.01,0.0,0.04,0.4,0.0,0.12,0.42,2005
9,7,Landuse_2005.tif,0.11,0.0,0.11,0.04,0.0,0.22,0.53,2005
10,7,Landuse_2005.tif,0.22,0.01,0.16,0.03,0.0,0.19,0.39,2005
11,7,Landuse_2005.tif,0.66,0.03,0.03,0.0,0.0,0.0,0.28,2005
2,8,Landuse_2005.tif,0.26,0.09,0.0,0.0,0.0,0.0,0.65,2005
3,8,Landuse_2005.tif,0.22,0.05,0.0,0.0,0.0,0.0,0.73,2005
4,8,Landuse_2005.tif,0.28,0.03,0.24,0.0,0.0,0.02,0.43,2005
5,8,Landuse_2005.tif,0.23,0.04,0.16,0.14,0.02,0.08,0.31,2005
6,8,Landuse_2005.tif,0.0,0.0,0.02,0.25,0.29,0.15,0.3,2005
7,8,Landuse_2005.tif,0.18,0.02,0.18,0.05,0.01,0.23,0.33,2005
8,8,Landuse_2005.tif,0.25,0.01,0.07,0.01,0.0,0.36,0.3,2005
9,8,Landuse_2005.tif,0.2,0.02,0.18,0.0,0.0,0.33,0.26,2005
2,9,Landuse_2005.tif,0.12,0.07,0.0,0.0,0.0,0.03,0.77,2005
3,9,Landuse_2005.tif,0.6,0.01,0.0,0.0,0.0,0.01,0.38,2005
4,9,Landuse_2005.tif,0.74,0.01,0.03,0.0,0.0,0.04,0.17,2005
5,9,Landuse_2005.tif,0.45,0.01,0.17,0.09,0.0,0.06,0.22,2005
6,9,Landuse_2005.tif,0.21,0.0,0.18,0.15,0.0,0.19,0.27,2005
7,9,Landuse_2005.tif,0.5,0.01,0.03,0.0,0.0,0.16,0.31,2005
8,9,Landuse_2005.tif,0.68,0.02,0.0,0.0,0.0,0.0,0.3,2005
2,10,Landuse_2005.tif,0.1,0.01,0.01,0.02,0.0,0.2,0.66,2005
3,10,Landuse_2005.tif,0.51,0.01,0.01,0.0,0.0,0.08,0.39,2005
4,10,Landuse_2005.tif,0.77,0.0,0.01,0.0,0.0,0.0,0.22,2005
5,10,Landuse_2005.tif,0.79,0.0,0.0,0.0,0.0,0.0,0.21,2005
2,11,Landuse_2005.tif,0.83,0.0,0.0,0.0,0.0,0.0,0.17,2005
3,11,Landuse_2005.tif,0.82,0.0,0.0,0.0,0.0,0.0,0.18,2005
4,11,Landuse_2005.tif,0.8,0.01,0.0,0.0,0.0,0.0,0.18,2005
2,12,Landuse_2005.tif,0.76,0.02,0.0,0.0,0.0,0.0,0.22,2005
3,12,Landuse_2005.tif,0.7,0.05,0.0,0.01,0.0,0.0,0.25,2005
4,12,Landuse_2005.tif,0.19,0.05,0.01,0.04,0.0,0.01,0.71,2005
2,13,Landuse_2005.tif,0.43,0.03,0.0,0.01,0.0,0.0,0.53,2005
6,0,Landuse_2006.tif,0.0,0.0,0.0,0.28,0.55,0.0,0.16,2006
7,0,Landuse_2006.tif,0.0,0.0,0.0,0.2,0.6,0.0,0.2,2006
10,0,Landuse_2006.tif,0.0,0.0,0.0,0.04,0.15,0.0,0.82,2006
3,1,Landuse_2006.tif,0.0,0.0,0.01,0.21,0.49,0.0,0.28,2006
4,1,Landuse_2006.tif,0.03,0.0,0.02,0.32,0.35,0.0,0.28,2006
5,1,Landuse_2006.tif,0.01,0.0,0.01,0.16,0.6,0.0,0.21,2006
6,1,Landuse_2006.tif,0.0,0.0,0.01,0.01,0.75,0.0,0.23,2006
7,1,Landuse_2006.tif,0.0,0.0,0.0,0.03,0.51,0.0,0.46,2006
8,1,Landuse_2006.tif,0.0,0.0,0.01,0.1,0.57,0.0,0.32,2006
9,1,Landuse_2006.tif,0.0,0.0,0.01,0.01,0.34,0.0,0.64,2006
10,1,Landuse_2006.tif,0.0,0.0,0.01,0.02,0.14,0.0,0.83,2006
3,2,Landuse_2006.tif,0.0,0.0,0.0,0.08,0.57,0.0,0.35,2006
4,2,Landuse_2006.tif,0.01,0.0,0.02,0.18,0.54,0.0,0.25,2006
5,2,Landuse_2006.tif,0.01,0.0,0.02,0.29,0.41,0.0,0.27,2006
6,2,Landuse_2006.tif,0.0,0.0,0.01,0.03,0.8,0.0,0.16,2006
7,2,Landuse_2006.tif,0.0,0.0,0.02,0.24,0.46,0.01,0.27,2006
8,2,Landuse_2006.tif,0.0,0.0,0.02,0.05,0.55,0.0,0.38,2006
9,2,Landuse_2006.tif,0.0,0.0,0.01,0.01,0.21,0.0,0.77,2006
10,2,Landuse_2006.tif,0.0,0.0,0.01,0.15,0.25,0.01,0.58,2006
11,2,Landuse_2006.tif,0.02,0.01,0.01,0.33,0.01,0.26,0.36,2006
0,3,Landuse_2006.tif,0.37,0.01,0.02,0.01,0.03,0.0,0.56,2006
1,3,Landuse_2006.tif,0.03,0.01,0.14,0.08,0.33,0.01,0.39,2006
2,3,Landuse_2006.tif,0.01,0.0,0.08,0.09,0.39,0.02,0.42,2006
3,3,Landuse_2006.tif,0.0,0.0,0.0,0.04,0.64,0.01,0.31,2006
4,3,Landuse_2006.tif,0.0,0.0,0.0,0.12,0.7,0.0,0.18,2006
5,3,Landuse_2006.tif,0.03,0.0,0.02,0.24,0.31,0.0,0.4,2006
6,3,Landuse_2006.tif,0.02,0.0,0.02,0.19,0.34,0.0,0.43,2006
7,3,Landuse_2006.tif,0.01,0.0,0.02,0.23,0.29,0.01,0.45,2006
8,3,Landuse_2006.tif,0.01,0.0,0.0,0.25,0.27,0.0,0.47,2006
9,3,Landuse_2006.tif,0.01,0.0,0.0,0.17,0.15,0.0,0.67,2006
10,3,Landuse_2006.tif,0.03,0.0,0.01,0.19,0.02,0.0,0.76,2006
11,3,Landuse_2006.tif,0.12,0.02,0.01,0.46,0.0,0.01,0.37,2006
12,3,Landuse_2006.tif,0.13,0.01,0.02,0.55,0.0,0.03,0.27,2006
1,4,Landuse_2006.tif,0.2,0.0,0.02,0.05,0.03,0.01,0.69,2006
2,4,Landuse_2006.tif,0.01,0.01,0.05,0.24,0.21,0.02,0.46,2006
3,4,Landuse_2006.tif,0.0,0.0,0.0,0.06,0.81,0.0,0.12,2006
4,4,Landuse_2006.tif,0.0,0.0,0.0,0.25,0.5,0.0,0.25,2006
5,4,Landuse_2006.tif,0.01,0.0,0.01,0.36,0.33,0.04,0.26,2006
6,4,Landuse_2006.tif,0.02,0.0,0.03,0.19,0.3,0.01,0.46,2006
7,4,Landuse_2006.tif,0.01,0.0,0.0,0.09,0.46,0.0,0.43,2006
8,4,Landuse_2006.tif,0.03,0.0,0.01,0.22,0.14,0.01,0.6,2006
9,4,Landuse_2006.tif,0.05,0.0,0.02,0.08,0.01,0.02,0.83,2006
10,4,Landuse_2006.tif,0.02,0.0,0.01,0.03,0.01,0.01,0.93,2006
11,4,Landuse_2006.tif,0.06,0.01,0.01,0.18,0.0,0.01,0.73,2006
12,4,Landuse_2006.tif,0.5,0.01,0.01,0.08,0.0,0.03,0.35,2006
3,5,Landuse_2006.tif,0.0,0.0,0.02,0.18,0.52,0.01,0.26,2006
4,5,Landuse_2006.tif,0.0,0.0,0.0,0.11,0.69,0.0,0.19,2006
5,5,Landuse_2006.tif,0.0,0.0,0.01,0.14,0.55,0.01,0.28,2006
6,5,Landuse_2006.tif,0.01,0.0,0.01,0.21,0.26,0.0,0.51,2006
7,5,Landuse_2006.tif,0.05,0.0,0.01,0.16,0.09,0.0,0.69,2006
8,5,Landuse_2006.tif,0.0,0.0,0.0,0.41,0.04,0.0,0.54,2006
9,5,Landuse_2006.tif,0.01,0.0,0.01,0.37,0.08,0.01,0.53,2006
10,5,Landuse_2006.tif,0.1,0.01,0.01,0.03,0.0,0.02,0.83,2006
11,5,Landuse_2006.tif,0.19,0.01,0.02,0.25,0.0,0.06,0.47,2006
3,6,Landuse_2006.tif,0.02,0.03,0.07,0.11,0.01,0.48,0.29,2006
4,6,Landuse_2006.tif,0.0,0.0,0.01,0.17,0.55,0.03,0.25,2006
5,6,Landuse_2006.tif,0.0,0.0,0.01,0.08,0.62,0.0,0.29,2006
6,6,Landuse_2006.tif,0.0,0.0,0.0,0.23,0.48,0.0,0.29,2006
7,6,Landuse_2006.tif,0.0,0.0,0.0,0.19,0.06,0.01,0.74,2006
8,6,Landuse_2006.tif,0.07,0.0,0.02,0.22,0.01,0.01,0.67,2006
9,6,Landuse_2006.tif,0.0,0.0,0.0,0.5,0.05,0.0,0.45,2006
10,6,Landuse_2006.tif,0.04,0.03,0.04,0.24,0.01,0.23,0.42,2006
11,6,Landuse_2006.tif,0.53,0.04,0.03,0.0,0.0,0.05,0.34,2006
2,7,Landuse_2006.tif,0.21,0.22,0.13,0.0,0.0,0.02,0.42,2006
3,7,Landuse_2006.tif,0.09,0.05,0.09,0.04,0.0,0.23,0.51,2006
4,7,Landuse_2006.tif,0.01,0.01,0.05,0.13,0.04,0.24,0.52,2006
5,7,Landuse_2006.tif,0.0,0.0,0.01,0.35,0.11,0.02,0.51,2006
6,7,Landuse_2006.tif,0.0,0.0,0.0,0.14,0.43,0.0,0.43,2006
7,7,Landuse_2006.tif,0.0,0.0,0.0,0.3,0.21,0.02,0.47,2006
8,7,Landuse_2006.tif,0.01,0.0,0.0,0.33,0.01,0.23,0.42,2006
9,7,Landuse_2006.tif,0.1,0.0,0.02,0.18,0.0,0.24,0.46,2006
10,7,Landuse_2006.tif,0.22,0.01,0.01,0.11,0.0,0.23,0.42,2006
11,7,Landuse_2006.tif,0.7,0.03,0.01,0.0,0.0,0.0,0.26,2006
2,8,Landuse_2006.tif,0.07,0.19,0.08,0.0,0.0,0.01,0.65,2006
3,8,Landuse_2006.tif,0.16,0.08,0.02,0.02,0.0,0.01,0.7,2006
4,8,Landuse_2006.tif,0.25,0.05,0.11,0.0,0.0,0.2,0.39,2006
5,8,Landuse_2006.tif,0.16,0.04,0.26,0.15,0.02,0.09,0.28,2006
6,8,Landuse_2006.tif,0.0,0.0,0.0,0.53,0.12,0.05,0.3,2006
7,8,Landuse_2006.tif,0.12,0.06,0.02,0.09,0.0,0.37,0.33,2006
8,8,Landuse_2006.tif,0.24,0.03,0.01,0.04,0.0,0.41,0.27,2006
9,8,Landuse_2006.tif,0.21,0.01,0.01,0.12,0.0,0.41,0.23,2006
2,9,Landuse_2006.tif,0.04,0.06,0.02,0.03,0.0,0.03,0.83,2006
3,9,Landuse_2006.tif,0.58,0.02,0.0,0.0,0.0,0.0,0.4,2006
4,9,Landuse_2006.tif,0.71,0.02,0.01,0.0,0.0,0.09,0.18,2006
5,9,Landuse_2006.tif,0.42,0.01,0.02,0.17,0.0,0.14,0.23,2006
6,9,Landuse_2006.tif,0.22,0.01,0.01,0.32,0.0,0.2,0.25,2006
7,9,Landuse_2006.tif,0.48,0.01,0.01,0.12,0.0,0.07,0.31,2006
8,9,Landuse_2006.tif,0.66,0.02,0.01,0.0,0.0,0.0,0.31,2006
2,10,Landuse_2006.tif,0.12,0.03,0.02,0.06,0.03,0.08,0.66,2006
3,10,Landuse_2006.tif,0.47,0.03,0.01,0.02,0.01,0.07,0.39,2006
4,10,Landuse_2006.tif,0.76,0.01,0.0,0.0,0.0,0.01,0.22,2006
5,10,Landuse_2006.tif,0.79,0.01,0.0,0.0,0.0,0.0,0.2,2006
2,11,Landuse_2006.tif,0.83,0.0,0.0,0.0,0.0,0.0,0.16,2006
3,11,Landuse_2006.tif,0.81,0.0,0.0,0.0,0.0,0.0,0.19,2006
4,11,Landuse_2006.tif,0.79,0.01,0.0,0.0,0.0,0.0,0.2,2006
2,12,Landuse_2006.tif,0.74,0.02,0.0,0.0,0.0,0.0,0.24,2006
3,12,Landuse_2006.tif,0.69,0.04,0.0,0.0,0.0,0.0,0.27,2006
4,12,Landuse_2006.tif,0.21,0.03,0.0,0.04,0.0,0.0,0.71,2006
2,13,Landuse_2006.tif,0.46,0.02,0.0,0.01,0.0,0.0,0.5,2006
6,0,Landuse_2007.tif,0.0,0.0,0.0,0.03,0.92,0.0,0.05,2007
7,0,Landuse_2007.tif,0.0,0.0,0.0,0.04,0.89,0.0,0.07,2007
10,0,Landuse_2007.tif,0.0,0.0,0.0,0.05,0.23,0.0,0.72,2007
3,1,Landuse_2007.tif,0.01,0.0,0.01,0.2,0.53,0.0,0.26,2007
4,1,Landuse_2007.tif,0.03,0.0,0.02,0.3,0.38,0.0,0.26,2007
5,1,Landuse_2007.tif,0.01,0.0,0.02,0.03,0.72,0.02,0.21,2007
6,1,Landuse_2007.tif,0.0,0.01,0.01,0.01,0.84,0.0,0.13,2007
7,1,Landuse_2007.tif,0.0,0.01,0.01,0.0,0.85,0.0,0.13,2007
8,1,Landuse_2007.tif,0.0,0.0,0.05,0.03,0.75,0.0,0.16,2007
9,1,Landuse_2007.tif,0.0,0.01,0.02,0.0,0.42,0.0,0.55,2007
10,1,Landuse_2007.tif,0.0,0.0,0.05,0.01,0.14,0.0,0.8,2007
3,2,Landuse_2007.tif,0.0,0.0,0.0,0.13,0.54,0.03,0.31,2007
4,2,Landuse_2007.tif,0.0,0.0,0.02,0.26,0.47,0.0,0.24,2007
5,2,Landuse_2007.tif,0.01,0.0,0.02,0.19,0.54,0.0,0.24,2007
6,2,Landuse_2007.tif,0.0,0.0,0.0,0.0,0.82,0.0,0.17,2007
7,2,Landuse_2007.tif,0.0,0.01,0.0,0.29,0.47,0.0,0.23,2007
8,2,Landuse_2007.tif,0.0,0.01,0.05,0.02,0.72,0.0,0.2,2007
9,2,Landuse_2007.tif,0.0,0.01,0.04,0.0,0.26,0.0,0.69,2007
10,2,Landuse_2007.tif,0.0,0.0,0.02,0.16,0.29,0.01,0.51,2007
11,2,Landuse_2007.tif,0.01,0.01,0.0,0.31,0.0,0.2,0.47,2007
0,3,Landuse_2007.tif,0.41,0.03,0.02,0.0,0.04,0.01,0.49,2007
1,3,Landuse_2007.tif,0.05,0.04,0.18,0.0,0.46,0.0,0.26,2007
2,3,Landuse_2007.tif,0.0,0.01,0.04,0.03,0.51,0.02,0.39,2007
3,3,Landuse_2007.tif,0.0,0.0,0.0,0.05,0.64,0.02,0.29,2007
4,3,Landuse_2007.tif,0.0,0.0,0.0,0.19,0.61,0.0,0.19,2007
5,3,Landuse_2007.tif,0.03,0.01,0.01,0.18,0.38,0.0,0.39,2007
6,3,Landuse_2007.tif,0.02,0.0,0.02,0.03,0.5,0.0,0.43,2007
7,3,Landuse_2007.tif,0.01,0.0,0.01,0.06,0.5,0.0,0.43,2007
8,3,Landuse_2007.tif,0.01,0.0,0.0,0.02,0.5,0.0,0.46,2007
9,3,Landuse_2007.tif,0.0,0.0,0.0,0.04,0.3,0.0,0.65,2007
10,3,Landuse_2007.tif,0.02,0.0,0.01,0.18,0.01,0.0,0.77,2007
11,3,Landuse_2007.tif,0.11,0.01,0.0,0.46,0.01,0.01,0.4,2007
12,3,Landuse_2007.tif,0.11,0.0,0.02,0.63,0.01,0.02,0.21,2007
1,4,Landuse_2007.tif,0.24,0.02,0.02,0.01,0.11,0.0,0.59,2007
2,4,Landuse_2007.tif,0.01,0.02,0.1,0.01,0.42,0.0,0.44,2007
3,4,Landuse_2007.tif,0.0,0.0,0.0,0.02,0.85,0.0,0.13,2007
4,4,Landuse_2007.tif,0.0,0.0,0.0,0.18,0.58,0.0,0.24,2007
5,4,Landuse_2007.tif,0.01,0.0,0.01,0.03,0.71,0.0,0.24,2007
6,4,Landuse_2007.tif,0.03,0.0,0.03,0.01,0.47,0.0,0.45,2007
7,4,Landuse_2007.tif,0.02,0.0,0.0,0.02,0.52,0.0,0.44,2007
8,4,Landuse_2007.tif,0.03,0.0,0.01,0.04,0.33,0.01,0.58,2007
9,4,Landuse_2007.tif,0.05,0.0,0.02,0.04,0.05,0.01,0.82,2007
10,4,Landuse_2007.tif,0.02,0.0,0.01,0.03,0.0,0.0,0.93,2007
11,4,Landuse_2007.tif,0.04,0.01,0.01,0.19,0.0,0.02,0.73,2007
12,4,Landuse_2007.tif,0.49,0.02,0.03,0.12,0.0,0.03,0.31,2007
3,5,Landuse_2007.tif,0.0,0.0,0.01,0.02,0.68,0.01,0.28,2007
4,5,Landuse_2007.tif,0.0,0.0,0.0,0.0,0.8,0.0,0.2,2007
5,5,Landuse_2007.tif,0.0,0.0,0.0,0.05,0.67,0.0,0.28,2007
6,5,Landuse_2007.tif,0.01,0.0,0.02,0.15,0.31,0.0,0.52,2007
7,5,Landuse_2007.tif,0.04,0.0,0.01,0.04,0.22,0.01,0.68,2007
8,5,Landuse_2007.tif,0.0,0.0,0.0,0.16,0.31,0.0,0.52,2007
9,5,Landuse_2007.tif,0.01,0.0,0.01,0.38,0.05,0.0,0.54,2007
10,5,Landuse_2007.tif,0.09,0.01,0.02,0.03,0.0,0.02,0.84,2007
11,5,Landuse_2007.tif,0.16,0.05,0.02,0.29,0.0,0.05,0.45,2007
3,6,Landuse_2007.tif,0.04,0.05,0.13,0.03,0.04,0.35,0.35,2007
4,6,Landuse_2007.tif,0.0,0.0,0.0,0.05,0.67,0.03,0.25,2007
5,6,Landuse_2007.tif,0.0,0.0,0.0,0.06,0.63,0.0,0.31,2007
6,6,Landuse_2007.tif,0.0,0.0,0.0,0.35,0.34,0.0,0.3,2007
7,6,Landuse_2007.tif,0.0,0.0,0.0,0.12,0.09,0.0,0.79,2007
8,6,Landuse_2007.tif,0.08,0.0,0.02,0.2,0.01,0.02,0.66,2007
9,6,Landuse_2007.tif,0.0,0.0,0.0,0.56,0.0,0.01,0.43,2007
10,6,Landuse_2007.tif,0.03,0.03,0.04,0.17,0.0,0.35,0.39,2007
11,6,Landuse_2007.tif,0.47,0.07,0.07,0.0,0.0,0.07,0.32,2007
2,7,Landuse_2007.tif,0.28,0.27,0.13,0.0,0.0,0.01,0.31,2007
3,7,Landuse_2007.tif,0.08,0.1,0.12,0.04,0.01,0.21,0.45,2007
4,7,Landuse_2007.tif,0.01,0.02,0.06,0.11,0.08,0.21,0.51,2007
5,7,Landuse_2007.tif,0.0,0.0,0.01,0.17,0.25,0.01,0.56,2007
6,7,Landuse_2007.tif,0.0,0.0,0.0,0.04,0.52,0.0,0.44,2007
7,7,Landuse_2007.tif,0.0,0.0,0.0,0.22,0.27,0.0,0.5,2007
8,7,Landuse_2007.tif,0.01,0.0,0.0,0.37,0.01,0.18,0.43,2007
9,7,Landuse_2007.tif,0.1,0.0,0.03,0.16,0.0,0.24,0.47,2007
10,7,Landuse_2007.tif,0.2,0.01,0.01,0.08,0.0,0.29,0.41,2007
11,7,Landuse_2007.tif,0.69,0.07,0.02,0.0,0.0,0.01,0.21,2007
2,8,Landuse_2007.tif,0.2,0.15,0.03,0.0,0.0,0.0,0.62,2007
3,8,Landuse_2007.tif,0.18,0.15,0.01,0.0,0.0,0.0,0.65,2007
4,8,Landuse_2007.tif,0.25,0.08,0.09,0.0,0.0,0.16,0.42,2007
5,8,Landuse_2007.tif,0.19,0.08,0.23,0.01,0.13,0.02,0.33,2007
6,8,Landuse_2007.tif,0.0,0.0,0.01,0.04,0.61,0.03,0.31,2007
7,8,Landuse_2007.tif,0.12,0.04,0.03,0.03,0.03,0.37,0.36,2007
8,8,Landuse_2007.tif,0.21,0.02,0.01,0.04,0.0,0.39,0.32,2007
9,8,Landuse_2007.tif,0.19,0.01,0.01,0.07,0.0,0.48,0.23,2007
2,9,Landuse_2007.tif,0.1,0.17,0.0,0.0,0.0,0.0,0.73,2007
3,9,Landuse_2007.tif,0.6,0.03,0.0,0.0,0.0,0.0,0.38,2007
4,9,Landuse_2007.tif,0.75,0.02,0.02,0.0,0.0,0.04,0.18,2007
5,9,Landuse_2007.tif,0.42,0.02,0.02,0.19,0.01,0.11,0.23,2007
6,9,Landuse_2007.tif,0.2,0.01,0.02,0.33,0.03,0.18,0.24,2007
7,9,Landuse_2007.tif,0.49,0.03,0.02,0.06,0.07,0.06,0.27,2007
8,9,Landuse_2007.tif,0.68,0.05,0.0,0.0,0.0,0.01,0.26,2007
2,10,Landuse_2007.tif,0.11,0.13,0.05,0.0,0.06,0.01,0.62,2007
3,10,Landuse_2007.tif,0.5,0.03,0.04,0.0,0.04,0.01,0.38,2007
4,10,Landuse_2007.tif,0.78,0.01,0.0,0.0,0.0,0.0,0.21,2007
5,10,Landuse_2007.tif,0.79,0.0,0.01,0.0,0.0,0.0,0.2,2007
2,11,Landuse_2007.tif,0.83,0.0,0.0,0.0,0.0,0.0,0.17,2007
3,11,Landuse_2007.tif,0.82,0.0,0.0,0.0,0.0,0.0,0.18,2007
4,11,Landuse_2007.tif,0.8,0.02,0.0,0.0,0.0,0.0,0.18,2007
2,12,Landuse_2007.tif,0.77,0.02,0.0,0.0,0.0,0.0,0.21,2007
3,12,Landuse_2007.tif,0.72,0.06,0.0,0.0,0.0,0.0,0.22,2007
4,12,Landuse_2007.tif,0.2,0.06,0.01,0.03,0.0,0.01,0.69,2007
2,13,Landuse_2007.tif,0.44,0.03,0.01,0.0,0.0,0.0,0.52,2007
6,0,Landuse_2008.tif,0.0,0.0,0.01,0.2,0.73,0.0,0.05,2008
7,0,Landuse_2008.tif,0.0,0.0,0.0,0.13,0.79,0.01,0.07,2008
10,0,Landuse_2008.tif,0.0,0.01,0.01,0.06,0.29,0.0,0.63,2008
3,1,Landuse_2008.tif,0.01,0.01,0.03,0.22,0.47,0.0,0.26,2008
4,1,Landuse_2008.tif,0.03,0.03,0.02,0.43,0.23,0.0,0.25,2008
5,1,Landuse_2008.tif,0.02,0.02,0.04,0.14,0.58,0.01,0.19,2008
6,1,Landuse_2008.tif,0.01,0.01,0.03,0.02,0.79,0.0,0.14,2008
7,1,Landuse_2008.tif,0.0,0.01,0.04,0.01,0.83,0.0,0.11,2008
8,1,Landuse_2008.tif,0.0,0.01,0.02,0.08,0.75,0.01,0.12,2008
9,1,Landuse_2008.tif,0.01,0.05,0.04,0.0,0.42,0.0,0.48,2008
10,1,Landuse_2008.tif,0.0,0.04,0.04,0.01,0.19,0.0,0.73,2008
3,2,Landuse_2008.tif,0.0,0.0,0.0,0.19,0.47,0.0,0.33,2008
4,2,Landuse_2008.tif,0.01,0.02,0.01,0.41,0.3,0.0,0.24,2008
5,2,Landuse_2008.tif,0.02,0.03,0.02,0.23,0.47,0.0,0.23,2008
6,2,Landuse_2008.tif,0.0,0.0,0.03,0.01,0.79,0.0,0.16,2008
7,2,Landuse_2008.tif,0.0,0.02,0.06,0.31,0.39,0.01,0.21,2008
8,2,Landuse_2008.tif,0.0,0.02,0.06,0.08,0.67,0.0,0.17,2008
9,2,Landuse_2008.tif,0.0,0.05,0.04,0.0,0.27,0.0,0.64,2008
10,2,Landuse_2008.tif,0.0,0.01,0.01,0.16,0.3,0.02,0.5,2008
11,2,Landuse_2008.tif,0.01,0.03,0.0,0.17,0.0,0.31,0.48,2008
0,3,Landuse_2008.tif,0.36,0.12,0.02,0.01,0.04,0.01,0.45,2008
1,3,Landuse_2008.tif,0.02,0.13,0.2,0.01,0.44,0.0,0.19,2008
2,3,Landuse_2008.tif,0.0,0.01,0.09,0.04,0.48,0.01,0.38,2008
3,3,Landuse_2008.tif,0.0,0.0,0.01,0.06,0.63,0.01,0.29,2008
4,3,Landuse_2008.tif,0.0,0.0,0.0,0.33,0.48,0.0,0.19,2008
5,3,Landuse_2008.tif,0.03,0.03,0.01,0.24,0.31,0.0,0.38,2008
6,3,Landuse_2008.tif,0.01,0.03,0.11,0.07,0.33,0.01,0.43,2008
7,3,Landuse_2008.tif,0.01,0.01,0.05,0.11,0.4,0.01,0.41,2008
8,3,Landuse_2008.tif,0.0,0.01,0.0,0.02,0.51,0.0,0.45,2008
9,3,Landuse_2008.tif,0.0,0.0,0.0,0.01,0.34,0.0,0.64,2008
10,3,Landuse_2008.tif,0.02,0.02,0.01,0.19,0.03,0.0,0.74,2008
11,3,Landuse_2008.tif,0.12,0.02,0.0,0.45,0.0,0.01,0.39,2008
12,3,Landuse_2008.tif,0.11,0.04,0.02,0.62,0.0,0.01,0.21,2008
1,4,Landuse_2008.tif,0.18,0.16,0.02,0.01,0.13,0.01,0.49,2008
2,4,Landuse_2008.tif,0.01,0.02,0.02,0.04,0.51,0.0,0.39,2008
3,4,Landuse_2008.tif,0.0,0.0,0.0,0.06,0.81,0.0,0.13,2008
4,4,Landuse_2008.tif,0.0,0.0,0.0,0.35,0.4,0.0,0.24,2008
5,4,Landuse_2008.tif,0.01,0.0,0.06,0.22,0.44,0.03,0.24,2008
6,4,Landuse_2008.tif,0.02,0.04,0.1,0.06,0.34,0.0,0.44,2008
7,4,Landuse_2008.tif,0.01,0.02,0.02,0.03,0.48,0.0,0.44,2008
8,4,Landuse_2008.tif,0.03,0.03,0.02,0.23,0.09,0.01,0.59,2008
9,4,Landuse_2008.tif,0.05,0.04,0.02,0.07,0.02,0.01,0.79,2008
10,4,Landuse_2008.tif,0.01,0.03,0.01,0.02,0.0,0.01,0.92,2008
11,4,Landuse_2008.tif,0.04,0.04,0.01,0.18,0.0,0.02,0.7,2008
12,4,Landuse_2008.tif,0.46,0.08,0.02,0.11,0.0,0.05,0.29,2008
3,5,Landuse_2008.tif,0.0,0.01,0.01,0.01,0.7,0.0,0.27,2008
4,5,Landuse_2008.tif,0.0,0.0,0.0,0.02,0.78,0.0,0.2,2008
5,5,Landuse_2008.tif,0.0,0.0,0.02,0.12,0.56,0.04,0.26,2008
6,5,Landuse_2008.tif,0.01,0.01,0.01,0.09,0.37,0.01,0.5,2008
7,5,Landuse_2008.tif,0.04,0.03,0.01,0.14,0.11,0.01,0.66,2008
8,5,Landuse_2008.tif,0.0,0.0,0.0,0.42,0.03,0.01,0.54,2008
9,5,Landuse_2008.tif,0.01,0.01,0.01,0.39,0.04,0.01,0.53,2008
10,5,Landuse_2008.tif,0.08,0.06,0.01,0.03,0.0,0.02,0.8,2008
11,5,Landuse_2008.tif,0.13,0.06,0.03,0.28,0.0,0.04,0.45,2008
3,6,Landuse_2008.tif,0.02,0.04,0.12,0.05,0.03,0.43,0.31,2008
4,6,Landuse_2008.tif,0.0,0.0,0.0,0.05,0.68,0.02,0.24,2008
5,6,Landuse_2008.tif,0.0,0.0,0.04,0.03,0.64,0.0,0.28,2008
6,6,Landuse_2008.tif,0.0,0.0,0.0,0.09,0.62,0.0,0.29,2008
7,6,Landuse_2008.tif,0.0,0.0,0.01,0.09,0.11,0.0,0.78,2008
8,6,Landuse_2008.tif,0.08,0.04,0.02,0.2,0.01,0.01,0.64,2008
9,6,Landuse_2008.tif,0.0,0.0,0.0,0.54,0.03,0.0,0.42,2008
10,6,Landuse_2008.tif,0.03,0.03,0.03,0.23,0.0,0.29,0.39,2008
11,6,Landuse_2008.tif,0.44,0.1,0.07,0.0,0.0,0.08,0.31,2008
2,7,Landuse_2008.tif,0.32,0.14,0.25,0.0,0.0,0.01,0.28,2008
3,7,Landuse_2008.tif,0.01,0.07,0.17,0.03,0.0,0.25,0.48,2008
4,7,Landuse_2008.tif,0.0,0.03,0.06,0.08,0.08,0.27,0.48,2008
5,7,Landuse_2008.tif,0.0,0.0,0.02,0.17,0.3,0.02,0.48,2008
6,7,Landuse_2008.tif,0.0,0.0,0.02,0.04,0.54,0.0,0.41,2008
7,7,Landuse_2008.tif,0.0,0.0,0.0,0.24,0.26,0.02,0.48,2008
8,7,Landuse_2008.tif,0.01,0.01,0.0,0.33,0.0,0.24,0.41,2008
9,7,Landuse_2008.tif,0.11,0.04,0.02,0.13,0.0,0.2,0.49,2008
10,7,Landuse_2008.tif,0.2,0.03,0.01,0.1,0.0,0.29,0.37,2008
11,7,Landuse_2008.tif,0.69,0.07,0.02,0.0,0.0,0.02,0.19,2008
2,8,Landuse_2008.tif,0.11,0.15,0.11,0.0,0.0,0.01,0.63,2008
3,8,Landuse_2008.tif,0.04,0.14,0.14,0.0,0.0,0.01,0.67,2008
4,8,Landuse_2008.tif,0.22,0.04,0.22,0.0,0.0,0.17,0.36,2008
5,8,Landuse_2008.tif,0.15,0.05,0.27,0.03,0.16,0.05,0.29,2008
6,8,Landuse_2008.tif,0.0,0.0,0.01,0.12,0.55,0.03,0.29,2008
7,8,Landuse_2008.tif,0.05,0.08,0.05,0.03,0.03,0.42,0.34,2008
8,8,Landuse_2008.tif,0.19,0.03,0.03,0.03,0.0,0.44,0.28,2008
9,8,Landuse_2008.tif,0.19,0.04,0.02,0.13,0.0,0.41,0.21,2008
2,9,Landuse_2008.tif,0.02,0.1,0.06,0.0,0.01,0.02,0.8,2008
3,9,Landuse_2008.tif,0.51,0.09,0.01,0.0,0.0,0.0,0.39,2008
4,9,Landuse_2008.tif,0.7,0.04,0.02,0.0,0.0,0.07,0.17,2008
5,9,Landuse_2008.tif,0.36,0.02,0.06,0.2,0.0,0.13,0.22,2008
6,9,Landuse_2008.tif,0.19,0.01,0.01,0.38,0.0,0.14,0.27,2008
7,9,Landuse_2008.tif,0.44,0.06,0.03,0.11,0.0,0.07,0.28,2008
8,9,Landuse_2008.tif,0.66,0.04,0.03,0.0,0.0,0.01,0.27,2008
2,10,Landuse_2008.tif,0.09,0.06,0.03,0.05,0.16,0.04,0.58,2008
3,10,Landuse_2008.tif,0.45,0.06,0.03,0.02,0.04,0.03,0.37,2008
4,10,Landuse_2008.tif,0.77,0.02,0.0,0.0,0.0,0.01,0.21,2008
5,10,Landuse_2008.tif,0.78,0.01,0.01,0.0,0.0,0.0,0.21,2008
2,11,Landuse_2008.tif,0.8,0.03,0.0,0.0,0.0,0.0,0.17,2008
3,11,Landuse_2008.tif,0.82,0.0,0.0,0.0,0.0,0.0,0.18,2008
4,11,Landuse_2008.tif,0.81,0.02,0.0,0.0,0.0,0.0,0.17,2008
2,12,Landuse_2008.tif,0.75,0.03,0.0,0.0,0.0,0.0,0.21,2008
3,12,Landuse_2008.tif,0.73,0.05,0.0,0.0,0.0,0.0,0.22,2008
4,12,Landuse_2008.tif,0.21,0.09,0.01,0.01,0.0,0.01,0.67,2008
2,13,Landuse_2008.tif,0.42,0.06,0.0,0.01,0.0,0.01,0.5,2008
6,0,Landuse_2009.tif,0.0,0.0,0.0,0.4,0.42,0.01,0.17,2009
7,0,Landuse_2009.tif,0.0,0.0,0.0,0.21,0.56,0.0,0.22,2009
10,0,Landuse_2009.tif,0.0,0.0,0.0,0.03,0.17,0.0,0.79,2009
3,1,Landuse_2009.tif,0.01,0.0,0.02,0.3,0.4,0.0,0.27,2009
4,1,Landuse_2009.tif,0.04,0.0,0.01,0.43,0.24,0.0,0.28,2009
5,1,Landuse_2009.tif,0.01,0.0,0.01,0.31,0.45,0.0,0.22,2009
6,1,Landuse_2009.tif,0.0,0.0,0.0,0.08,0.68,0.0,0.24,2009
7,1,Landuse_2009.tif,0.0,0.0,0.0,0.03,0.52,0.0,0.46,2009
8,1,Landuse_2009.tif,0.0,0.0,0.01,0.11,0.56,0.01,0.31,2009
9,1,Landuse_2009.tif,0.0,0.0,0.05,0.0,0.39,0.0,0.55,2009
10,1,Landuse_2009.tif,0.0,0.0,0.03,0.01,0.15,0.0,0.81,2009
3,2,Landuse_2009.tif,0.0,0.0,0.0,0.2,0.46,0.0,0.35,2009
4,2,Landuse_2009.tif,0.01,0.0,0.02,0.45,0.27,0.0,0.25,2009
5,2,Landuse_2009.tif,0.02,0.0,0.02,0.35,0.35,0.0,0.27,2009
6,2,Landuse_2009.tif,0.0,0.0,0.01,0.07,0.77,0.0,0.16,2009
7,2,Landuse_2009.tif,0.0,0.0,0.01,0.35,0.39,0.02,0.25,2009
8,2,Landuse_2009.tif,0.0,0.0,0.02,0.09,0.53,0.0,0.37,2009
9,2,Landuse_2009.tif,0.0,0.0,0.03,0.0,0.26,0.0,0.71,2009
10,2,Landuse_2009.tif,0.0,0.0,0.01,0.18,0.27,0.01,0.53,2009
11,2,Landuse_2009.tif,0.02,0.0,0.0,0.3,0.01,0.33,0.34,2009
0,3,Landuse_2009.tif,0.54,0.01,0.02,0.02,0.04,0.0,0.37,2009
1,3,Landuse_2009.tif,0.02,0.0,0.12,0.11,0.5,0.0,0.25,2009
2,3,Landuse_2009.tif,0.01,0.0,0.02,0.11,0.46,0.0,0.4,2009
3,3,Landuse_2009.tif,0.0,0.0,0.0,0.07,0.62,0.0,0.3,2009
4,3,Landuse_2009.tif,0.0,0.0,0.0,0.3,0.51,0.0,0.18,2009
5,3,Landuse_2009.tif,0.05,0.0,0.01,0.3,0.24,0.0,0.4,2009
6,3,Landuse_2009.tif,0.02,0.0,0.02,0.15,0.36,0.0,0.45,2009
7,3,Landuse_2009.tif,0.01,0.0,0.01,0.21,0.32,0.01,0.45,2009
8,3,Landuse_2009.tif,0.01,0.0,0.0,0.07,0.44,0.0,0.47,2009
9,3,Landuse_2009.tif,0.01,0.0,0.0,0.06,0.27,0.0,0.66,2009
10,3,Landuse_2009.tif,0.04,0.0,0.01,0.19,0.02,0.0,0.74,2009
11,3,Landuse_2009.tif,0.12,0.0,0.01,0.49,0.0,0.01,0.36,2009
12,3,Landuse_2009.tif,0.13,0.0,0.01,0.6,0.01,0.01,0.23,2009
1,4,Landuse_2009.tif,0.29,0.01,0.05,0.02,0.14,0.01,0.48,2009
2,4,Landuse_2009.tif,0.01,0.01,0.05,0.03,0.52,0.01,0.38,2009
3,4,Landuse_2009.tif,0.0,0.0,0.0,0.09,0.79,0.0,0.12,2009
4,4,Landuse_2009.tif,0.0,0.0,0.0,0.37,0.38,0.0,0.25,2009
5,4,Landuse_2009.tif,0.01,0.0,0.01,0.21,0.51,0.0,0.26,2009
6,4,Landuse_2009.tif,0.03,0.0,0.02,0.1,0.37,0.0,0.47,2009
7,4,Landuse_2009.tif,0.02,0.0,0.0,0.06,0.49,0.0,0.42,2009
8,4,Landuse_2009.tif,0.04,0.0,0.01,0.12,0.23,0.0,0.59,2009
9,4,Landuse_2009.tif,0.05,0.0,0.02,0.08,0.02,0.0,0.82,2009
10,4,Landuse_2009.tif,0.02,0.0,0.01,0.03,0.0,0.0,0.94,2009
11,4,Landuse_2009.tif,0.07,0.0,0.01,0.19,0.0,0.01,0.72,2009
12,4,Landuse_2009.tif,0.62,0.0,0.02,0.1,0.0,0.06,0.2,2009
3,5,Landuse_2009.tif,0.0,0.0,0.02,0.09,0.6,0.02,0.27,2009
4,5,Landuse_2009.tif,0.0,0.0,0.0,0.26,0.55,0.0,0.19,2009
5,5,Landuse_2009.tif,0.0,0.0,0.0,0.05,0.67,0.0,0.28,2009
6,5,Landuse_2009.tif,0.01,0.0,0.0,0.18,0.29,0.0,0.52,2009
7,5,Landuse_2009.tif,0.04,0.0,0.01,0.12,0.11,0.01,0.71,2009
8,5,Landuse_2009.tif,0.0,0.0,0.0,0.4,0.07,0.0,0.52,2009
9,5,Landuse_2009.tif,0.01,0.0,0.0,0.43,0.03,0.0,0.53,2009
10,5,Landuse_2009.tif,0.09,0.0,0.02,0.03,0.0,0.01,0.84,2009
11,5,Landuse_2009.tif,0.13,0.0,0.02,0.28,0.0,0.06,0.51,2009
3,6,Landuse_2009.tif,0.02,0.01,0.38,0.06,0.02,0.22,0.3,2009
4,6,Landuse_2009.tif,0.0,0.0,0.01,0.14,0.59,0.02,0.24,2009
5,6,Landuse_2009.tif,0.0,0.0,0.0,0.04,0.67,0.0,0.29,2009
6,6,Landuse_2009.tif,0.0,0.0,0.0,0.24,0.48,0.0,0.28,2009
7,6,Landuse_2009.tif,0.0,0.0,0.0,0.12,0.16,0.0,0.72,2009
8,6,Landuse_2009.tif,0.09,0.0,0.02,0.22,0.01,0.01,0.66,2009
9,6,Landuse_2009.tif,0.0,0.0,0.0,0.55,0.01,0.0,0.44,2009
10,6,Landuse_2009.tif,0.04,0.0,0.04,0.32,0.0,0.18,0.43,2009
11,6,Landuse_2009.tif,0.52,0.0,0.07,0.01,0.0,0.06,0.35,2009
2,7,Landuse_2009.tif,0.39,0.0,0.22,0.0,0.0,0.01,0.38,2009
3,7,Landuse_2009.tif,0.02,0.0,0.27,0.02,0.0,0.18,0.5,2009
4,7,Landuse_2009.tif,0.02,0.0,0.12,0.11,0.07,0.21,0.47,2009
5,7,Landuse_2009.tif,0.0,0.0,0.01,0.18,0.35,0.01,0.45,2009
6,7,Landuse_2009.tif,0.0,0.0,0.0,0.04,0.57,0.0,0.39,2009
7,7,Landuse_2009.tif,0.0,0.0,0.0,0.23,0.33,0.01,0.43,2009
8,7,Landuse_2009.tif,0.01,0.0,0.0,0.48,0.02,0.09,0.4,2009
9,7,Landuse_2009.tif,0.1,0.0,0.02,0.27,0.0,0.09,0.52,2009
10,7,Landuse_2009.tif,0.27,0.0,0.01,0.13,0.0,0.24,0.35,2009
11,7,Landuse_2009.tif,0.81,0.0,0.01,0.01,0.0,0.01,0.17,2009
2,8,Landuse_2009.tif,0.21,0.0,0.06,0.0,0.0,0.0,0.73,2009
3,8,Landuse_2009.tif,0.21,0.0,0.1,0.01,0.0,0.02,0.67,2009
4,8,Landuse_2009.tif,0.31,0.0,0.22,0.0,0.0,0.15,0.32,2009
5,8,Landuse_2009.tif,0.11,0.0,0.36,0.12,0.11,0.03,0.27,2009
6,8,Landuse_2009.tif,0.0,0.0,0.0,0.26,0.44,0.02,0.29,2009
7,8,Landuse_2009.tif,0.06,0.0,0.08,0.13,0.04,0.34,0.37,2009
8,8,Landuse_2009.tif,0.29,0.01,0.01,0.07,0.0,0.38,0.23,2009
9,8,Landuse_2009.tif,0.22,0.0,0.01,0.21,0.0,0.31,0.24,2009
2,9,Landuse_2009.tif,0.07,0.0,0.02,0.02,0.0,0.03,0.87,2009
3,9,Landuse_2009.tif,0.6,0.0,0.01,0.0,0.0,0.0,0.4,2009
4,9,Landuse_2009.tif,0.76,0.0,0.03,0.0,0.0,0.07,0.15,2009
5,9,Landuse_2009.tif,0.4,0.0,0.1,0.25,0.0,0.07,0.18,2009
6,9,Landuse_2009.tif,0.27,0.0,0.01,0.47,0.0,0.05,0.2,2009
7,9,Landuse_2009.tif,0.56,0.0,0.03,0.17,0.0,0.02,0.22,2009
8,9,Landuse_2009.tif,0.79,0.01,0.0,0.0,0.0,0.0,0.2,2009
2,10,Landuse_2009.tif,0.14,0.01,0.03,0.03,0.16,0.03,0.6,2009
3,10,Landuse_2009.tif,0.55,0.0,0.01,0.03,0.05,0.03,0.32,2009
4,10,Landuse_2009.tif,0.93,0.0,0.0,0.0,0.0,0.01,0.05,2009
5,10,Landuse_2009.tif,0.98,0.0,0.0,0.0,0.0,0.0,0.01,2009
2,11,Landuse_2009.tif,0.98,0.0,0.0,0.0,0.0,0.0,0.02,2009
3,11,Landuse_2009.tif,0.99,0.0,0.0,0.0,0.0,0.0,0.01,2009
4,11,Landuse_2009.tif,0.9,0.0,0.0,0.0,0.0,0.0,0.09,2009
2,12,Landuse_2009.tif,0.89,0.01,0.0,0.01,0.0,0.0,0.09,2009
3,12,Landuse_2009.tif,0.85,0.01,0.0,0.0,0.0,0.0,0.14,2009
4,12,Landuse_2009.tif,0.43,0.02,0.0,0.03,0.0,0.01,0.51,2009
2,13,Landuse_2009.tif,0.76,0.01,0.01,0.01,0.0,0.0,0.2,2009
6,0,Landuse_2010.tif,0.0,0.0,0.0,0.21,0.72,0.01,0.05,2010
7,0,Landuse_2010.tif,0.0,0.0,0.0,0.14,0.78,0.02,0.06,2010
10,0,Landuse_2010.tif,0.0,0.0,0.0,0.09,0.28,0.0,0.63,2010
3,1,Landuse_2010.tif,0.01,0.0,0.02,0.25,0.45,0.0,0.27,2010
4,1,Landuse_2010.tif,0.02,0.0,0.03,0.45,0.21,0.0,0.29,2010
5,1,Landuse_2010.tif,0.01,0.0,0.02,0.12,0.61,0.02,0.23,2010
6,1,Landuse_2010.tif,0.0,0.0,0.01,0.08,0.75,0.0,0.15,2010
7,1,Landuse_2010.tif,0.0,0.0,0.04,0.02,0.85,0.0,0.09,2010
8,1,Landuse_2010.tif,0.0,0.0,0.02,0.1,0.77,0.02,0.1,2010
9,1,Landuse_2010.tif,0.0,0.01,0.08,0.0,0.44,0.0,0.46,2010
10,1,Landuse_2010.tif,0.0,0.01,0.05,0.02,0.16,0.0,0.76,2010
3,2,Landuse_2010.tif,0.0,0.0,0.0,0.29,0.38,0.01,0.32,2010
4,2,Landuse_2010.tif,0.01,0.0,0.02,0.61,0.11,0.0,0.25,2010
5,2,Landuse_2010.tif,0.01,0.0,0.02,0.23,0.48,0.0,0.26,2010
6,2,Landuse_2010.tif,0.0,0.0,0.01,0.18,0.63,0.0,0.16,2010
7,2,Landuse_2010.tif,0.0,0.0,0.03,0.46,0.28,0.02,0.2,2010
8,2,Landuse_2010.tif,0.0,0.0,0.06,0.1,0.68,0.0,0.15,2010
9,2,Landuse_2010.tif,0.0,0.02,0.07,0.0,0.28,0.0,0.63,2010
10,2,Landuse_2010.tif,0.0,0.0,0.03,0.22,0.25,0.02,0.48,2010
11,2,Landuse_2010.tif,0.0,0.0,0.03,0.33,0.02,0.2,0.41,2010
0,3,Landuse_2010.tif,0.32,0.02,0.05,0.01,0.03,0.01,0.57,2010
1,3,Landuse_2010.tif,0.0,0.0,0.28,0.03,0.43,0.02,0.23,2010
2,3,Landuse_2010.tif,0.0,0.0,0.04,0.06,0.51,0.02,0.37,2010
3,3,Landuse_2010.tif,0.0,0.0,0.0,0.07,0.62,0.01,0.29,2010
4,3,Landuse_2010.tif,0.0,0.0,0.0,0.4,0.41,0.0,0.19,2010
5,3,Landuse_2010.tif,0.02,0.01,0.02,0.34,0.22,0.0,0.4,2010
6,3,Landuse_2010.tif,0.02,0.0,0.03,0.07,0.42,0.0,0.46,2010
7,3,Landuse_2010.tif,0.01,0.0,0.02,0.2,0.35,0.0,0.43,2010
8,3,Landuse_2010.tif,0.01,0.0,0.0,0.07,0.47,0.0,0.45,2010
9,3,Landuse_2010.tif,0.0,0.0,0.0,0.05,0.29,0.0,0.65,2010
10,3,Landuse_2010.tif,0.02,0.0,0.01,0.17,0.02,0.01,0.78,2010
11,3,Landuse_2010.tif,0.1,0.01,0.01,0.47,0.0,0.01,0.39,2010
12,3,Landuse_2010.tif,0.09,0.01,0.03,0.61,0.01,0.03,0.23,2010
1,4,Landuse_2010.tif,0.1,0.0,0.07,0.07,0.15,0.07,0.53,2010
2,4,Landuse_2010.tif,0.0,0.0,0.05,0.11,0.44,0.03,0.37,2010
3,4,Landuse_2010.tif,0.0,0.0,0.0,0.1,0.77,0.0,0.13,2010
4,4,Landuse_2010.tif,0.0,0.0,0.0,0.35,0.4,0.0,0.24,2010
5,4,Landuse_2010.tif,0.01,0.0,0.01,0.08,0.66,0.0,0.25,2010
6,4,Landuse_2010.tif,0.02,0.0,0.03,0.04,0.44,0.0,0.46,2010
7,4,Landuse_2010.tif,0.02,0.0,0.01,0.04,0.48,0.0,0.45,2010
8,4,Landuse_2010.tif,0.03,0.0,0.01,0.08,0.26,0.0,0.61,2010
9,4,Landuse_2010.tif,0.04,0.0,0.02,0.08,0.03,0.01,0.81,2010
10,4,Landuse_2010.tif,0.02,0.0,0.01,0.03,0.0,0.01,0.93,2010
11,4,Landuse_2010.tif,0.03,0.01,0.02,0.2,0.01,0.02,0.71,2010
12,4,Landuse_2010.tif,0.44,0.02,0.03,0.13,0.0,0.05,0.33,2010
3,5,Landuse_2010.tif,0.0,0.0,0.0,0.11,0.6,0.01,0.28,2010
4,5,Landuse_2010.tif,0.0,0.0,0.0,0.02,0.78,0.0,0.2,2010
5,5,Landuse_2010.tif,0.0,0.0,0.0,0.08,0.65,0.0,0.26,2010
6,5,Landuse_2010.tif,0.01,0.0,0.0,0.18,0.29,0.0,0.51,2010
7,5,Landuse_2010.tif,0.04,0.0,0.01,0.1,0.16,0.01,0.69,2010
8,5,Landuse_2010.tif,0.0,0.0,0.0,0.37,0.09,0.0,0.54,2010
9,5,Landuse_2010.tif,0.01,0.0,0.01,0.42,0.03,0.0,0.53,2010
10,5,Landuse_2010.tif,0.08,0.01,0.03,0.04,0.01,0.01,0.84,2010
11,5,Landuse_2010.tif,0.11,0.03,0.05,0.28,0.0,0.07,0.46,2010
3,6,Landuse_2010.tif,0.09,0.03,0.16,0.14,0.02,0.23,0.32,2010
4,6,Landuse_2010.tif,0.0,0.0,0.0,0.18,0.56,0.02,0.24,2010
5,6,Landuse_2010.tif,0.0,0.0,0.0,0.1,0.61,0.0,0.29,2010
6,6,Landuse_2010.tif,0.0,0.0,0.0,0.37,0.35,0.0,0.28,2010
7,6,Landuse_2010.tif,0.0,0.0,0.0,0.16,0.08,0.01,0.75,2010
8,6,Landuse_2010.tif,0.08,0.0,0.02,0.21,0.01,0.01,0.67,2010
9,6,Landuse_2010.tif,0.0,0.0,0.0,0.56,0.01,0.01,0.42,2010
10,6,Landuse_2010.tif,0.02,0.02,0.05,0.37,0.01,0.15,0.38,2010
11,6,Landuse_2010.tif,0.38,0.11,0.1,0.02,0.0,0.06,0.34,2010
2,7,Landuse_2010.tif,0.59,0.15,0.02,0.0,0.0,0.01,0.23,2010
3,7,Landuse_2010.tif,0.14,0.04,0.13,0.07,0.01,0.21,0.41,2010
4,7,Landuse_2010.tif,0.01,0.01,0.1,0.21,0.05,0.17,0.46,2010
5,7,Landuse_2010.tif,0.0,0.0,0.0,0.36,0.24,0.01,0.39,2010
6,7,Landuse_2010.tif,0.0,0.0,0.01,0.11,0.48,0.0,0.4,2010
7,7,Landuse_2010.tif,0.0,0.0,0.0,0.42,0.17,0.0,0.41,2010
8,7,Landuse_2010.tif,0.01,0.0,0.0,0.57,0.01,0.01,0.41,2010
9,7,Landuse_2010.tif,0.1,0.0,0.05,0.22,0.0,0.11,0.51,2010
10,7,Landuse_2010.tif,0.2,0.01,0.03,0.23,0.0,0.13,0.4,2010
11,7,Landuse_2010.tif,0.68,0.04,0.02,0.01,0.0,0.01,0.24,2010
2,8,Landuse_2010.tif,0.24,0.1,0.02,0.0,0.0,0.0,0.64,2010
3,8,Landuse_2010.tif,0.06,0.19,0.07,0.0,0.0,0.0,0.68,2010
4,8,Landuse_2010.tif,0.24,0.06,0.18,0.0,0.0,0.14,0.39,2010
5,8,Landuse_2010.tif,0.2,0.06,0.19,0.06,0.16,0.01,0.31,2010
6,8,Landuse_2010.tif,0.0,0.0,0.0,0.09,0.6,0.0,0.3,2010
7,8,Landuse_2010.tif,0.12,0.04,0.06,0.21,0.09,0.18,0.3,2010
8,8,Landuse_2010.tif,0.2,0.02,0.04,0.25,0.01,0.18,0.3,2010
9,8,Landuse_2010.tif,0.19,0.01,0.08,0.29,0.0,0.15,0.28,2010
2,9,Landuse_2010.tif,0.07,0.11,0.07,0.0,0.0,0.01,0.73,2010
3,9,Landuse_2010.tif,0.53,0.08,0.0,0.0,0.0,0.0,0.39,2010
4,9,Landuse_2010.tif,0.74,0.02,0.04,0.0,0.0,0.02,0.17,2010
5,9,Landuse_2010.tif,0.43,0.02,0.03,0.21,0.06,0.02,0.22,2010
6,9,Landuse_2010.tif,0.2,0.0,0.03,0.38,0.1,0.03,0.25,2010
7,9,Landuse_2010.tif,0.45,0.03,0.02,0.1,0.07,0.01,0.32,2010
8,9,Landuse_2010.tif,0.65,0.03,0.0,0.0,0.0,0.0,0.32,2010
2,10,Landuse_2010.tif,0.1,0.01,0.05,0.08,0.26,0.05,0.46,2010
3,10,Landuse_2010.tif,0.48,0.02,0.05,0.02,0.04,0.02,0.38,2010
4,10,Landuse_2010.tif,0.76,0.01,0.01,0.0,0.0,0.0,0.22,2010
5,10,Landuse_2010.tif,0.79,0.0,0.01,0.0,0.0,0.0,0.2,2010
2,11,Landuse_2010.tif,0.82,0.0,0.0,0.0,0.0,0.0,0.18,2010
3,11,Landuse_2010.tif,0.82,0.0,0.0,0.0,0.0,0.0,0.18,2010
4,11,Landuse_2010.tif,0.81,0.01,0.0,0.0,0.0,0.0,0.18,2010
2,12,Landuse_2010.tif,0.75,0.03,0.0,0.0,0.0,0.0,0.22,2010
3,12,Landuse_2010.tif,0.78,0.01,0.0,0.0,0.0,0.0,0.2,2010
4,12,Landuse_2010.tif,0.25,0.03,0.01,0.02,0.0,0.01,0.68,2010
2,13,Landuse_2010.tif,0.43,0.02,0.01,0.0,0.0,0.0,0.54,2010
6,0,Landuse_2011.tif,0.0,0.0,0.0,0.04,0.9,0.0,0.05,2011
7,0,Landuse_2011.tif,0.0,0.0,0.0,0.01,0.93,0.0,0.06,2011
10,0,Landuse_2011.tif,0.0,0.0,0.02,0.08,0.29,0.0,0.61,2011
3,1,Landuse_2011.tif,0.0,0.0,0.0,0.32,0.4,0.0,0.27,2011
4,1,Landuse_2011.tif,0.03,0.01,0.02,0.41,0.25,0.0,0.28,2011
5,1,Landuse_2011.tif,0.02,0.03,0.0,0.16,0.6,0.0,0.2,2011
6,1,Landuse_2011.tif,0.0,0.03,0.0,0.06,0.78,0.0,0.12,2011
7,1,Landuse_2011.tif,0.0,0.02,0.0,0.0,0.92,0.0,0.07,2011
8,1,Landuse_2011.tif,0.0,0.01,0.01,0.0,0.9,0.0,0.09,2011
9,1,Landuse_2011.tif,0.01,0.07,0.08,0.0,0.51,0.0,0.33,2011
10,1,Landuse_2011.tif,0.0,0.0,0.06,0.01,0.18,0.01,0.74,2011
3,2,Landuse_2011.tif,0.0,0.0,0.0,0.42,0.25,0.01,0.31,2011
4,2,Landuse_2011.tif,0.01,0.0,0.01,0.53,0.19,0.01,0.25,2011
5,2,Landuse_2011.tif,0.01,0.0,0.02,0.28,0.43,0.0,0.25,2011
6,2,Landuse_2011.tif,0.0,0.0,0.0,0.03,0.8,0.0,0.16,2011
7,2,Landuse_2011.tif,0.0,0.02,0.0,0.24,0.56,0.0,0.18,2011
8,2,Landuse_2011.tif,0.0,0.02,0.01,0.03,0.82,0.0,0.13,2011
9,2,Landuse_2011.tif,0.01,0.03,0.01,0.0,0.41,0.0,0.53,2011
10,2,Landuse_2011.tif,0.0,0.0,0.03,0.18,0.28,0.05,0.45,2011
11,2,Landuse_2011.tif,0.01,0.01,0.02,0.24,0.0,0.24,0.48,2011
0,3,Landuse_2011.tif,0.58,0.03,0.1,0.0,0.03,0.0,0.25,2011
1,3,Landuse_2011.tif,0.01,0.01,0.25,0.01,0.57,0.0,0.15,2011
2,3,Landuse_2011.tif,0.0,0.0,0.03,0.04,0.56,0.01,0.36,2011
3,3,Landuse_2011.tif,0.0,0.0,0.0,0.22,0.48,0.0,0.3,2011
4,3,Landuse_2011.tif,0.0,0.0,0.0,0.52,0.29,0.0,0.19,2011
5,3,Landuse_2011.tif,0.05,0.01,0.01,0.28,0.27,0.0,0.38,2011
6,3,Landuse_2011.tif,0.02,0.01,0.02,0.04,0.47,0.0,0.45,2011
7,3,Landuse_2011.tif,0.01,0.01,0.01,0.09,0.45,0.0,0.43,2011
8,3,Landuse_2011.tif,0.01,0.0,0.0,0.02,0.51,0.0,0.46,2011
9,3,Landuse_2011.tif,0.0,0.0,0.0,0.01,0.33,0.0,0.66,2011
10,3,Landuse_2011.tif,0.04,0.0,0.01,0.15,0.03,0.0,0.78,2011
11,3,Landuse_2011.tif,0.12,0.02,0.0,0.39,0.0,0.03,0.43,2011
12,3,Landuse_2011.tif,0.12,0.01,0.02,0.58,0.0,0.04,0.23,2011
1,4,Landuse_2011.tif,0.2,0.03,0.31,0.0,0.14,0.01,0.3,2011
2,4,Landuse_2011.tif,0.01,0.01,0.4,0.0,0.27,0.0,0.31,2011
3,4,Landuse_2011.tif,0.0,0.0,0.02,0.1,0.75,0.0,0.13,2011
4,4,Landuse_2011.tif,0.0,0.0,0.0,0.37,0.38,0.0,0.24,2011
5,4,Landuse_2011.tif,0.01,0.0,0.0,0.09,0.65,0.0,0.24,2011
6,4,Landuse_2011.tif,0.03,0.01,0.01,0.02,0.47,0.0,0.46,2011
7,4,Landuse_2011.tif,0.03,0.0,0.01,0.01,0.51,0.0,0.44,2011
8,4,Landuse_2011.tif,0.04,0.0,0.01,0.14,0.19,0.0,0.61,2011
9,4,Landuse_2011.tif,0.06,0.0,0.03,0.07,0.02,0.01,0.82,2011
10,4,Landuse_2011.tif,0.03,0.0,0.01,0.02,0.01,0.0,0.94,2011
11,4,Landuse_2011.tif,0.06,0.01,0.01,0.18,0.01,0.01,0.72,2011
12,4,Landuse_2011.tif,0.58,0.04,0.03,0.1,0.0,0.07,0.19,2011
3,5,Landuse_2011.tif,0.0,0.0,0.17,0.02,0.54,0.0,0.27,2011
4,5,Landuse_2011.tif,0.0,0.0,0.0,0.0,0.8,0.0,0.2,2011
5,5,Landuse_2011.tif,0.0,0.0,0.0,0.03,0.71,0.0,0.26,2011
6,5,Landuse_2011.tif,0.01,0.0,0.0,0.01,0.46,0.0,0.52,2011
7,5,Landuse_2011.tif,0.05,0.01,0.01,0.04,0.2,0.0,0.69,2011
8,5,Landuse_2011.tif,0.0,0.0,0.0,0.39,0.05,0.0,0.56,2011
9,5,Landuse_2011.tif,0.02,0.0,0.01,0.41,0.01,0.0,0.55,2011
10,5,Landuse_2011.tif,0.1,0.01,0.01,0.03,0.01,0.02,0.82,2011
11,5,Landuse_2011.tif,0.14,0.05,0.06,0.29,0.0,0.05,0.4,2011
3,6,Landuse_2011.tif,0.02,0.02,0.23,0.03,0.01,0.41,0.27,2011
4,6,Landuse_2011.tif,0.0,0.0,0.1,0.06,0.55,0.04,0.24,2011
5,6,Landuse_2011.tif,0.0,0.0,0.0,0.02,0.7,0.0,0.29,2011
6,6,Landuse_2011.tif,0.0,0.0,0.0,0.03,0.69,0.0,0.28,2011
7,6,Landuse_2011.tif,0.0,0.0,0.01,0.1,0.12,0.02,0.75,2011
8,6,Landuse_2011.tif,0.1,0.01,0.02,0.2,0.01,0.01,0.66,2011
9,6,Landuse_2011.tif,0.0,0.0,0.0,0.56,0.01,0.0,0.43,2011
10,6,Landuse_2011.tif,0.04,0.03,0.05,0.39,0.0,0.13,0.37,2011
11,6,Landuse_2011.tif,0.43,0.08,0.19,0.01,0.0,0.04,0.24,2011
2,7,Landuse_2011.tif,0.42,0.19,0.22,0.0,0.0,0.02,0.15,2011
3,7,Landuse_2011.tif,0.0,0.01,0.25,0.06,0.0,0.24,0.43,2011
4,7,Landuse_2011.tif,0.01,0.06,0.24,0.08,0.03,0.2,0.37,2011
5,7,Landuse_2011.tif,0.0,0.0,0.02,0.17,0.38,0.03,0.39,2011
6,7,Landuse_2011.tif,0.0,0.0,0.0,0.03,0.59,0.0,0.37,2011
7,7,Landuse_2011.tif,0.0,0.0,0.01,0.35,0.22,0.0,0.42,2011
8,7,Landuse_2011.tif,0.01,0.0,0.0,0.54,0.0,0.03,0.41,2011
9,7,Landuse_2011.tif,0.13,0.0,0.03,0.21,0.0,0.18,0.45,2011
10,7,Landuse_2011.tif,0.26,0.01,0.07,0.16,0.0,0.19,0.31,2011
11,7,Landuse_2011.tif,0.8,0.03,0.03,0.01,0.0,0.0,0.13,2011
2,8,Landuse_2011.tif,0.27,0.14,0.06,0.0,0.0,0.0,0.53,2011
3,8,Landuse_2011.tif,0.06,0.17,0.1,0.04,0.0,0.1,0.52,2011
4,8,Landuse_2011.tif,0.32,0.07,0.33,0.0,0.0,0.16,0.12,2011
5,8,Landuse_2011.tif,0.11,0.05,0.08,0.04,0.18,0.32,0.22,2011
6,8,Landuse_2011.tif,0.0,0.0,0.0,0.15,0.55,0.0,0.29,2011
7,8,Landuse_2011.tif,0.1,0.08,0.05,0.27,0.05,0.21,0.25,2011
8,8,Landuse_2011.tif,0.3,0.03,0.03,0.04,0.0,0.42,0.18,2011
9,8,Landuse_2011.tif,0.21,0.02,0.04,0.05,0.0,0.5,0.19,2011
2,9,Landuse_2011.tif,0.07,0.12,0.02,0.03,0.0,0.04,0.73,2011
3,9,Landuse_2011.tif,0.46,0.28,0.04,0.0,0.0,0.0,0.22,2011
4,9,Landuse_2011.tif,0.77,0.05,0.1,0.0,0.0,0.02,0.05,2011
5,9,Landuse_2011.tif,0.42,0.04,0.06,0.3,0.01,0.04,0.14,2011
6,9,Landuse_2011.tif,0.26,0.01,0.0,0.47,0.0,0.05,0.21,2011
7,9,Landuse_2011.tif,0.57,0.03,0.04,0.07,0.0,0.11,0.18,2011
8,9,Landuse_2011.tif,0.81,0.03,0.0,0.0,0.0,0.0,0.16,2011
2,10,Landuse_2011.tif,0.11,0.04,0.17,0.03,0.02,0.17,0.45,2011
3,10,Landuse_2011.tif,0.57,0.07,0.03,0.03,0.0,0.09,0.21,2011
4,10,Landuse_2011.tif,0.95,0.01,0.0,0.0,0.0,0.0,0.04,2011
5,10,Landuse_2011.tif,0.98,0.02,0.0,0.0,0.0,0.0,0.01,2011
2,11,Landuse_2011.tif,0.99,0.0,0.0,0.0,0.0,0.0,0.01,2011
3,11,Landuse_2011.tif,1.0,0.0,0.0,0.0,0.0,0.0,0.0,2011
4,11,Landuse_2011.tif,0.92,0.02,0.0,0.0,0.0,0.0,0.05,2011
2,12,Landuse_2011.tif,0.85,0.05,0.0,0.0,0.0,0.0,0.1,2011
3,12,Landuse_2011.tif,0.83,0.05,0.0,0.0,0.0,0.0,0.11,2011
4,12,Landuse_2011.tif,0.38,0.11,0.01,0.01,0.0,0.01,0.49,2011
2,13,Landuse_2011.tif,0.7,0.07,0.01,0.01,0.0,0.0,0.2,2011
6,0,Landuse_2012.tif,0.0,0.0,0.01,0.38,0.51,0.04,0.06,2012
7,0,Landuse_2012.tif,0.0,0.0,0.01,0.21,0.7,0.01,0.06,2012
10,0,Landuse_2012.tif,0.0,0.0,0.0,0.13,0.31,0.01,0.55,2012
3,1,Landuse_2012.tif,0.01,0.0,0.08,0.44,0.11,0.05,0.3,2012
4,1,Landuse_2012.tif,0.04,0.0,0.03,0.54,0.03,0.07,0.29,2012
5,1,Landuse_2012.tif,0.01,0.01,0.02,0.56,0.11,0.05,0.23,2012
6,1,Landuse_2012.tif,0.0,0.01,0.03,0.23,0.53,0.06,0.14,2012
7,1,Landuse_2012.tif,0.0,0.0,0.01,0.06,0.83,0.0,0.08,2012
8,1,Landuse_2012.tif,0.0,0.0,0.01,0.11,0.77,0.0,0.11,2012
9,1,Landuse_2012.tif,0.0,0.01,0.01,0.0,0.56,0.0,0.42,2012
10,1,Landuse_2012.tif,0.0,0.0,0.01,0.02,0.22,0.01,0.75,2012
3,2,Landuse_2012.tif,0.0,0.0,0.01,0.44,0.19,0.02,0.34,2012
4,2,Landuse_2012.tif,0.01,0.0,0.01,0.57,0.09,0.02,0.29,2012
5,2,Landuse_2012.tif,0.02,0.01,0.01,0.56,0.13,0.01,0.27,2012
6,2,Landuse_2012.tif,0.0,0.0,0.02,0.48,0.21,0.12,0.17,2012
7,2,Landuse_2012.tif,0.0,0.0,0.01,0.55,0.19,0.03,0.22,2012
8,2,Landuse_2012.tif,0.0,0.0,0.04,0.11,0.7,0.0,0.14,2012
9,2,Landuse_2012.tif,0.0,0.0,0.07,0.0,0.27,0.0,0.65,2012
10,2,Landuse_2012.tif,0.0,0.0,0.01,0.18,0.31,0.04,0.46,2012
11,2,Landuse_2012.tif,0.0,0.0,0.01,0.2,0.0,0.35,0.44,2012
0,3,Landuse_2012.tif,0.47,0.03,0.03,0.03,0.09,0.0,0.36,2012
1,3,Landuse_2012.tif,0.01,0.0,0.09,0.09,0.62,0.02,0.17,2012
2,3,Landuse_2012.tif,0.0,0.0,0.04,0.29,0.25,0.05,0.37,2012
3,3,Landuse_2012.tif,0.0,0.0,0.0,0.4,0.27,0.0,0.32,2012
4,3,Landuse_2012.tif,0.0,0.0,0.0,0.67,0.08,0.02,0.23,2012
5,3,Landuse_2012.tif,0.04,0.01,0.04,0.23,0.22,0.01,0.44,2012
6,3,Landuse_2012.tif,0.02,0.0,0.12,0.11,0.23,0.02,0.5,2012
7,3,Landuse_2012.tif,0.02,0.0,0.02,0.33,0.21,0.01,0.42,2012
8,3,Landuse_2012.tif,0.0,0.0,0.0,0.09,0.43,0.0,0.47,2012
9,3,Landuse_2012.tif,0.01,0.0,0.0,0.02,0.31,0.0,0.67,2012
10,3,Landuse_2012.tif,0.04,0.0,0.01,0.16,0.02,0.0,0.77,2012
11,3,Landuse_2012.tif,0.12,0.02,0.01,0.38,0.0,0.02,0.46,2012
12,3,Landuse_2012.tif,0.1,0.02,0.02,0.58,0.0,0.03,0.25,2012
1,4,Landuse_2012.tif,0.15,0.02,0.0,0.03,0.44,0.0,0.36,2012
2,4,Landuse_2012.tif,0.0,0.01,0.01,0.01,0.63,0.0,0.33,2012
3,4,Landuse_2012.tif,0.0,0.0,0.0,0.28,0.57,0.0,0.16,2012
4,4,Landuse_2012.tif,0.0,0.0,0.02,0.47,0.2,0.0,0.3,2012
5,4,Landuse_2012.tif,0.01,0.0,0.15,0.18,0.37,0.01,0.27,2012
6,4,Landuse_2012.tif,0.02,0.01,0.06,0.13,0.28,0.01,0.5,2012
7,4,Landuse_2012.tif,0.04,0.0,0.01,0.12,0.38,0.0,0.45,2012
8,4,Landuse_2012.tif,0.04,0.0,0.02,0.2,0.12,0.01,0.62,2012
9,4,Landuse_2012.tif,0.06,0.0,0.02,0.1,0.01,0.01,0.81,2012
10,4,Landuse_2012.tif,0.02,0.01,0.01,0.02,0.0,0.01,0.93,2012
11,4,Landuse_2012.tif,0.06,0.01,0.01,0.19,0.01,0.02,0.71,2012
12,4,Landuse_2012.tif,0.56,0.05,0.02,0.13,0.0,0.04,0.2,2012
3,5,Landuse_2012.tif,0.0,0.0,0.0,0.12,0.56,0.0,0.32,2012
4,5,Landuse_2012.tif,0.0,0.0,0.01,0.23,0.48,0.01,0.26,2012
5,5,Landuse_2012.tif,0.0,0.0,0.05,0.1,0.51,0.01,0.33,2012
6,5,Landuse_2012.tif,0.01,0.0,0.0,0.11,0.3,0.0,0.57,2012
7,5,Landuse_2012.tif,0.04,0.01,0.0,0.12,0.11,0.0,0.72,2012
8,5,Landuse_2012.tif,0.0,0.0,0.0,0.29,0.14,0.0,0.56,2012
9,5,Landuse_2012.tif,0.01,0.0,0.01,0.3,0.12,0.0,0.55,2012
10,5,Landuse_2012.tif,0.09,0.01,0.02,0.03,0.01,0.01,0.83,2012
11,5,Landuse_2012.tif,0.11,0.05,0.05,0.29,0.0,0.04,0.46,2012
3,6,Landuse_2012.tif,0.01,0.02,0.15,0.05,0.02,0.43,0.33,2012
4,6,Landuse_2012.tif,0.0,0.0,0.08,0.1,0.52,0.03,0.26,2012
5,6,Landuse_2012.tif,0.0,0.0,0.03,0.04,0.61,0.0,0.31,2012
6,6,Landuse_2012.tif,0.0,0.0,0.01,0.05,0.62,0.0,0.32,2012
7,6,Landuse_2012.tif,0.0,0.0,0.0,0.07,0.14,0.0,0.79,2012
8,6,Landuse_2012.tif,0.09,0.0,0.02,0.18,0.01,0.01,0.7,2012
9,6,Landuse_2012.tif,0.0,0.0,0.0,0.42,0.12,0.01,0.46,2012
10,6,Landuse_2012.tif,0.03,0.02,0.04,0.29,0.0,0.17,0.44,2012
11,6,Landuse_2012.tif,0.35,0.15,0.15,0.02,0.0,0.06,0.27,2012
2,7,Landuse_2012.tif,0.46,0.12,0.28,0.0,0.0,0.01,0.13,2012
3,7,Landuse_2012.tif,0.01,0.03,0.22,0.01,0.0,0.28,0.45,2012
4,7,Landuse_2012.tif,0.01,0.05,0.12,0.05,0.11,0.29,0.37,2012
5,7,Landuse_2012.tif,0.0,0.0,0.02,0.17,0.39,0.0,0.41,2012
6,7,Landuse_2012.tif,0.0,0.0,0.08,0.01,0.49,0.0,0.42,2012
7,7,Landuse_2012.tif,0.0,0.0,0.0,0.31,0.25,0.0,0.44,2012
8,7,Landuse_2012.tif,0.01,0.0,0.0,0.51,0.0,0.01,0.47,2012
9,7,Landuse_2012.tif,0.12,0.0,0.02,0.3,0.0,0.1,0.46,2012
10,7,Landuse_2012.tif,0.25,0.02,0.01,0.15,0.0,0.23,0.34,2012
11,7,Landuse_2012.tif,0.78,0.03,0.02,0.01,0.0,0.01,0.16,2012
2,8,Landuse_2012.tif,0.29,0.12,0.06,0.01,0.0,0.0,0.52,2012
3,8,Landuse_2012.tif,0.16,0.17,0.13,0.0,0.0,0.0,0.52,2012
4,8,Landuse_2012.tif,0.33,0.06,0.3,0.0,0.0,0.17,0.14,2012
5,8,Landuse_2012.tif,0.08,0.05,0.4,0.01,0.19,0.0,0.26,2012
6,8,Landuse_2012.tif,0.0,0.0,0.02,0.1,0.53,0.02,0.32,2012
7,8,Landuse_2012.tif,0.03,0.06,0.09,0.31,0.04,0.15,0.31,2012
8,8,Landuse_2012.tif,0.26,0.06,0.03,0.15,0.01,0.27,0.22,2012
9,8,Landuse_2012.tif,0.2,0.02,0.02,0.39,0.0,0.16,0.21,2012
2,9,Landuse_2012.tif,0.11,0.08,0.04,0.01,0.01,0.04,0.72,2012
3,9,Landuse_2012.tif,0.67,0.11,0.01,0.0,0.0,0.0,0.22,2012
4,9,Landuse_2012.tif,0.81,0.03,0.03,0.0,0.0,0.05,0.07,2012
5,9,Landuse_2012.tif,0.44,0.03,0.06,0.27,0.02,0.02,0.17,2012
6,9,Landuse_2012.tif,0.24,0.0,0.01,0.42,0.0,0.07,0.25,2012
7,9,Landuse_2012.tif,0.52,0.03,0.04,0.09,0.0,0.08,0.23,2012
8,9,Landuse_2012.tif,0.82,0.02,0.0,0.0,0.0,0.0,0.16,2012
2,10,Landuse_2012.tif,0.11,0.01,0.17,0.02,0.13,0.09,0.46,2012
3,10,Landuse_2012.tif,0.57,0.06,0.07,0.0,0.03,0.05,0.21,2012
4,10,Landuse_2012.tif,0.93,0.01,0.0,0.0,0.0,0.0,0.06,2012
5,10,Landuse_2012.tif,0.97,0.01,0.0,0.0,0.0,0.0,0.02,2012
2,11,Landuse_2012.tif,0.99,0.0,0.0,0.0,0.0,0.0,0.01,2012
3,11,Landuse_2012.tif,1.0,0.0,0.0,0.0,0.0,0.0,0.0,2012
4,11,Landuse_2012.tif,0.92,0.02,0.0,0.0,0.0,0.0,0.06,2012
2,12,Landuse_2012.tif,0.86,0.04,0.0,0.0,0.0,0.0,0.09,2012
3,12,Landuse_2012.tif,0.82,0.04,0.0,0.0,0.0,0.0,0.14,2012
4,12,Landuse_2012.tif,0.39,0.11,0.0,0.01,0.0,0.01,0.47,2012
2,13,Landuse_2012.tif,0.69,0.06,0.0,0.0,0.0,0.0,0.25,2012
6,0,Landuse_2013.tif,0.0,0.0,0.0,0.22,0.63,0.0,0.14,2013
7,0,Landuse_2013.tif,0.0,0.0,0.0,0.08,0.71,0.01,0.2,2013
10,0,Landuse_2013.tif,0.0,0.0,0.01,0.17,0.04,0.03,0.75,2013
3,1,Landuse_2013.tif,0.01,0.02,0.02,0.35,0.45,0.0,0.14,2013
4,1,Landuse_2013.tif,0.04,0.02,0.0,0.5,0.19,0.0,0.24,2013
5,1,Landuse_2013.tif,0.02,0.01,0.01,0.24,0.49,0.0,0.23,2013
6,1,Landuse_2013.tif,0.01,0.0,0.0,0.19,0.55,0.0,0.25,2013
7,1,Landuse_2013.tif,0.0,0.0,0.0,0.05,0.49,0.0,0.46,2013
8,1,Landuse_2013.tif,0.0,0.0,0.0,0.2,0.47,0.04,0.29,2013
9,1,Landuse_2013.tif,0.0,0.0,0.0,0.17,0.14,0.14,0.55,2013
10,1,Landuse_2013.tif,0.0,0.0,0.0,0.11,0.01,0.07,0.8,2013
3,2,Landuse_2013.tif,0.0,0.0,0.0,0.53,0.18,0.0,0.29,2013
4,2,Landuse_2013.tif,0.03,0.02,0.0,0.68,0.09,0.0,0.18,2013
5,2,Landuse_2013.tif,0.03,0.01,0.01,0.39,0.28,0.0,0.28,2013
6,2,Landuse_2013.tif,0.0,0.0,0.0,0.47,0.29,0.0,0.24,2013
7,2,Landuse_2013.tif,0.0,0.0,0.0,0.56,0.16,0.0,0.29,2013
8,2,Landuse_2013.tif,0.0,0.0,0.0,0.34,0.26,0.0,0.4,2013
9,2,Landuse_2013.tif,0.0,0.0,0.01,0.17,0.13,0.02,0.67,2013
10,2,Landuse_2013.tif,0.0,0.0,0.0,0.36,0.0,0.1,0.54,2013
11,2,Landuse_2013.tif,0.01,0.0,0.03,0.25,0.0,0.32,0.38,2013
0,3,Landuse_2013.tif,0.32,0.01,0.04,0.0,0.0,0.05,0.57,2013
1,3,Landuse_2013.tif,0.01,0.0,0.02,0.11,0.02,0.16,0.67,2013
2,3,Landuse_2013.tif,0.0,0.0,0.0,0.38,0.13,0.02,0.46,2013
3,3,Landuse_2013.tif,0.0,0.0,0.0,0.34,0.34,0.0,0.31,2013
4,3,Landuse_2013.tif,0.0,0.0,0.0,0.8,0.08,0.0,0.12,2013
5,3,Landuse_2013.tif,0.05,0.02,0.01,0.47,0.13,0.0,0.33,2013
6,3,Landuse_2013.tif,0.02,0.02,0.0,0.3,0.18,0.0,0.48,2013
7,3,Landuse_2013.tif,0.01,0.0,0.0,0.44,0.06,0.0,0.49,2013
8,3,Landuse_2013.tif,0.01,0.0,0.0,0.4,0.01,0.0,0.58,2013
9,3,Landuse_2013.tif,0.01,0.0,0.0,0.24,0.01,0.0,0.75,2013
10,3,Landuse_2013.tif,0.02,0.01,0.0,0.13,0.0,0.0,0.84,2013
11,3,Landuse_2013.tif,0.1,0.0,0.01,0.31,0.0,0.06,0.52,2013
12,3,Landuse_2013.tif,0.11,0.0,0.03,0.38,0.02,0.13,0.34,2013
1,4,Landuse_2013.tif,0.09,0.01,0.01,0.0,0.0,0.15,0.74,2013
2,4,Landuse_2013.tif,0.0,0.0,0.0,0.02,0.04,0.29,0.65,2013
3,4,Landuse_2013.tif,0.0,0.0,0.0,0.38,0.42,0.08,0.13,2013
4,4,Landuse_2013.tif,0.0,0.0,0.0,0.67,0.15,0.0,0.18,2013
5,4,Landuse_2013.tif,0.01,0.0,0.0,0.61,0.18,0.0,0.2,2013
6,4,Landuse_2013.tif,0.03,0.02,0.01,0.46,0.04,0.0,0.44,2013
7,4,Landuse_2013.tif,0.02,0.01,0.0,0.53,0.02,0.0,0.42,2013
8,4,Landuse_2013.tif,0.04,0.01,0.01,0.26,0.05,0.0,0.63,2013
9,4,Landuse_2013.tif,0.06,0.01,0.0,0.06,0.01,0.0,0.86,2013
10,4,Landuse_2013.tif,0.02,0.01,0.0,0.01,0.0,0.0,0.96,2013
11,4,Landuse_2013.tif,0.07,0.01,0.01,0.12,0.0,0.01,0.78,2013
12,4,Landuse_2013.tif,0.37,0.01,0.02,0.1,0.0,0.04,0.46,2013
3,5,Landuse_2013.tif,0.0,0.0,0.0,0.31,0.15,0.21,0.33,2013
4,5,Landuse_2013.tif,0.0,0.0,0.0,0.73,0.11,0.0,0.15,2013
5,5,Landuse_2013.tif,0.0,0.0,0.0,0.66,0.14,0.0,0.2,2013
6,5,Landuse_2013.tif,0.01,0.0,0.0,0.51,0.02,0.0,0.46,2013
7,5,Landuse_2013.tif,0.06,0.01,0.01,0.22,0.01,0.0,0.7,2013
8,5,Landuse_2013.tif,0.0,0.0,0.0,0.53,0.01,0.0,0.46,2013
9,5,Landuse_2013.tif,0.02,0.0,0.0,0.52,0.0,0.0,0.45,2013
10,5,Landuse_2013.tif,0.09,0.02,0.0,0.03,0.0,0.01,0.85,2013
11,5,Landuse_2013.tif,0.11,0.01,0.05,0.27,0.0,0.03,0.53,2013
3,6,Landuse_2013.tif,0.08,0.06,0.08,0.01,0.0,0.46,0.31,2013
4,6,Landuse_2013.tif,0.0,0.0,0.0,0.38,0.16,0.14,0.32,2013
5,6,Landuse_2013.tif,0.0,0.0,0.0,0.66,0.05,0.0,0.28,2013
6,6,Landuse_2013.tif,0.0,0.0,0.0,0.51,0.08,0.0,0.4,2013
7,6,Landuse_2013.tif,0.0,0.0,0.0,0.13,0.06,0.0,0.8,2013
8,6,Landuse_2013.tif,0.08,0.02,0.0,0.23,0.0,0.0,0.66,2013
9,6,Landuse_2013.tif,0.0,0.0,0.0,0.77,0.0,0.0,0.23,2013
10,6,Landuse_2013.tif,0.03,0.0,0.04,0.46,0.0,0.09,0.37,2013
11,6,Landuse_2013.tif,0.44,0.02,0.11,0.01,0.0,0.04,0.37,2013
2,7,Landuse_2013.tif,0.68,0.06,0.03,0.0,0.0,0.0,0.22,2013
3,7,Landuse_2013.tif,0.02,0.11,0.17,0.0,0.0,0.27,0.43,2013
4,7,Landuse_2013.tif,0.01,0.01,0.04,0.05,0.0,0.32,0.56,2013
5,7,Landuse_2013.tif,0.0,0.0,0.0,0.28,0.05,0.05,0.62,2013
6,7,Landuse_2013.tif,0.0,0.0,0.0,0.22,0.31,0.0,0.47,2013
7,7,Landuse_2013.tif,0.0,0.0,0.0,0.53,0.07,0.0,0.39,2013
8,7,Landuse_2013.tif,0.01,0.0,0.0,0.59,0.0,0.03,0.37,2013
9,7,Landuse_2013.tif,0.12,0.01,0.0,0.24,0.0,0.04,0.58,2013
10,7,Landuse_2013.tif,0.2,0.0,0.02,0.32,0.0,0.12,0.34,2013
11,7,Landuse_2013.tif,0.7,0.01,0.04,0.01,0.0,0.01,0.24,2013
2,8,Landuse_2013.tif,0.35,0.02,0.03,0.0,0.0,0.0,0.6,2013
3,8,Landuse_2013.tif,0.17,0.06,0.19,0.0,0.0,0.0,0.57,2013
4,8,Landuse_2013.tif,0.23,0.04,0.16,0.03,0.0,0.11,0.43,2013
5,8,Landuse_2013.tif,0.12,0.08,0.07,0.07,0.1,0.25,0.3,2013
6,8,Landuse_2013.tif,0.0,0.0,0.0,0.35,0.38,0.03,0.24,2013
7,8,Landuse_2013.tif,0.05,0.03,0.07,0.4,0.02,0.12,0.31,2013
8,8,Landuse_2013.tif,0.21,0.01,0.01,0.08,0.0,0.43,0.26,2013
9,8,Landuse_2013.tif,0.19,0.0,0.02,0.1,0.0,0.38,0.31,2013
2,9,Landuse_2013.tif,0.17,0.02,0.03,0.01,0.0,0.06,0.72,2013
3,9,Landuse_2013.tif,0.57,0.02,0.01,0.0,0.0,0.0,0.4,2013
4,9,Landuse_2013.tif,0.75,0.01,0.02,0.0,0.0,0.04,0.18,2013
5,9,Landuse_2013.tif,0.41,0.02,0.02,0.28,0.0,0.07,0.2,2013
6,9,Landuse_2013.tif,0.2,0.0,0.01,0.49,0.0,0.07,0.23,2013
7,9,Landuse_2013.tif,0.44,0.01,0.05,0.04,0.0,0.16,0.3,2013
8,9,Landuse_2013.tif,0.66,0.01,0.03,0.0,0.0,0.0,0.31,2013
2,10,Landuse_2013.tif,0.1,0.01,0.01,0.03,0.01,0.42,0.42,2013
3,10,Landuse_2013.tif,0.45,0.02,0.03,0.02,0.02,0.09,0.37,2013
4,10,Landuse_2013.tif,0.74,0.0,0.02,0.0,0.0,0.0,0.24,2013
5,10,Landuse_2013.tif,0.8,0.0,0.0,0.0,0.0,0.0,0.19,2013
2,11,Landuse_2013.tif,0.82,0.0,0.0,0.0,0.0,0.0,0.17,2013
3,11,Landuse_2013.tif,0.81,0.0,0.0,0.0,0.0,0.0,0.19,2013
4,11,Landuse_2013.tif,0.79,0.0,0.01,0.0,0.0,0.0,0.2,2013
2,12,Landuse_2013.tif,0.72,0.02,0.02,0.02,0.0,0.0,0.23,2013
3,12,Landuse_2013.tif,0.73,0.01,0.01,0.0,0.0,0.0,0.24,2013
4,12,Landuse_2013.tif,0.3,0.03,0.05,0.02,0.0,0.0,0.59,2013
2,13,Landuse_2013.tif,0.41,0.01,0.01,0.01,0.0,0.0,0.55,2013
6,0,Landuse_2014.tif,0.0,0.0,0.0,0.39,0.46,0.0,0.15,2014
7,0,Landuse_2014.tif,0.0,0.0,0.0,0.18,0.62,0.0,0.2,2014
10,0,Landuse_2014.tif,0.0,0.0,0.02,0.06,0.19,0.0,0.73,2014
3,1,Landuse_2014.tif,0.01,0.01,0.0,0.39,0.31,0.0,0.28,2014
4,1,Landuse_2014.tif,0.05,0.01,0.02,0.52,0.14,0.0,0.28,2014
5,1,Landuse_2014.tif,0.05,0.01,0.01,0.39,0.36,0.0,0.18,2014
6,1,Landuse_2014.tif,0.01,0.01,0.01,0.31,0.44,0.0,0.22,2014
7,1,Landuse_2014.tif,0.01,0.0,0.0,0.08,0.48,0.0,0.43,2014
8,1,Landuse_2014.tif,0.0,0.0,0.0,0.09,0.61,0.0,0.3,2014
9,1,Landuse_2014.tif,0.0,0.0,0.01,0.0,0.52,0.0,0.47,2014
10,1,Landuse_2014.tif,0.0,0.0,0.0,0.02,0.19,0.0,0.79,2014
3,2,Landuse_2014.tif,0.0,0.0,0.0,0.49,0.2,0.0,0.32,2014
4,2,Landuse_2014.tif,0.01,0.01,0.01,0.62,0.08,0.0,0.27,2014
5,2,Landuse_2014.tif,0.02,0.0,0.02,0.43,0.24,0.0,0.29,2014
6,2,Landuse_2014.tif,0.0,0.0,0.0,0.6,0.22,0.0,0.17,2014
7,2,Landuse_2014.tif,0.0,0.0,0.0,0.65,0.11,0.0,0.24,2014
8,2,Landuse_2014.tif,0.0,0.0,0.0,0.35,0.29,0.0,0.36,2014
9,2,Landuse_2014.tif,0.0,0.0,0.01,0.07,0.28,0.0,0.64,2014
10,2,Landuse_2014.tif,0.0,0.0,0.0,0.19,0.23,0.0,0.57,2014
11,2,Landuse_2014.tif,0.01,0.01,0.05,0.28,0.0,0.3,0.34,2014
0,3,Landuse_2014.tif,0.56,0.05,0.05,0.01,0.01,0.01,0.31,2014
1,3,Landuse_2014.tif,0.01,0.0,0.02,0.13,0.68,0.01,0.15,2014
2,3,Landuse_2014.tif,0.0,0.0,0.01,0.36,0.29,0.0,0.34,2014
3,3,Landuse_2014.tif,0.0,0.0,0.0,0.34,0.36,0.0,0.3,2014
4,3,Landuse_2014.tif,0.0,0.0,0.0,0.75,0.06,0.0,0.19,2014
5,3,Landuse_2014.tif,0.06,0.01,0.01,0.42,0.11,0.0,0.4,2014
6,3,Landuse_2014.tif,0.02,0.0,0.01,0.24,0.23,0.0,0.5,2014
7,3,Landuse_2014.tif,0.01,0.01,0.0,0.52,0.03,0.0,0.43,2014
8,3,Landuse_2014.tif,0.01,0.0,0.0,0.38,0.15,0.0,0.46,2014
9,3,Landuse_2014.tif,0.01,0.0,0.0,0.18,0.14,0.0,0.67,2014
10,3,Landuse_2014.tif,0.05,0.0,0.01,0.06,0.01,0.0,0.87,2014
11,3,Landuse_2014.tif,0.13,0.02,0.05,0.29,0.0,0.02,0.49,2014
12,3,Landuse_2014.tif,0.14,0.01,0.04,0.53,0.01,0.05,0.23,2014
1,4,Landuse_2014.tif,0.17,0.03,0.04,0.05,0.18,0.2,0.33,2014
2,4,Landuse_2014.tif,0.0,0.0,0.02,0.07,0.44,0.12,0.34,2014
3,4,Landuse_2014.tif,0.0,0.0,0.0,0.29,0.57,0.0,0.13,2014
4,4,Landuse_2014.tif,0.0,0.0,0.0,0.59,0.16,0.0,0.24,2014
5,4,Landuse_2014.tif,0.01,0.0,0.0,0.32,0.42,0.0,0.24,2014
6,4,Landuse_2014.tif,0.02,0.01,0.01,0.18,0.29,0.0,0.5,2014
7,4,Landuse_2014.tif,0.03,0.01,0.01,0.42,0.08,0.0,0.46,2014
8,4,Landuse_2014.tif,0.05,0.0,0.0,0.3,0.02,0.0,0.63,2014
9,4,Landuse_2014.tif,0.07,0.0,0.01,0.08,0.01,0.0,0.82,2014
10,4,Landuse_2014.tif,0.03,0.01,0.01,0.01,0.0,0.0,0.93,2014
11,4,Landuse_2014.tif,0.09,0.02,0.03,0.15,0.0,0.01,0.7,2014
12,4,Landuse_2014.tif,0.51,0.08,0.07,0.11,0.0,0.03,0.18,2014
3,5,Landuse_2014.tif,0.0,0.0,0.0,0.2,0.38,0.13,0.28,2014
4,5,Landuse_2014.tif,0.0,0.0,0.0,0.38,0.42,0.0,0.2,2014
5,5,Landuse_2014.tif,0.0,0.0,0.0,0.21,0.53,0.0,0.26,2014
6,5,Landuse_2014.tif,0.01,0.0,0.0,0.34,0.13,0.0,0.52,2014
7,5,Landuse_2014.tif,0.06,0.01,0.01,0.19,0.03,0.0,0.71,2014
8,5,Landuse_2014.tif,0.0,0.0,0.0,0.43,0.01,0.0,0.56,2014
9,5,Landuse_2014.tif,0.02,0.0,0.01,0.41,0.01,0.0,0.55,2014
10,5,Landuse_2014.tif,0.12,0.01,0.01,0.04,0.0,0.01,0.81,2014
11,5,Landuse_2014.tif,0.17,0.03,0.04,0.29,0.0,0.04,0.42,2014
3,6,Landuse_2014.tif,0.08,0.03,0.14,0.06,0.02,0.43,0.25,2014
4,6,Landuse_2014.tif,0.0,0.0,0.0,0.25,0.49,0.01,0.25,2014
5,6,Landuse_2014.tif,0.0,0.0,0.0,0.37,0.33,0.0,0.29,2014
6,6,Landuse_2014.tif,0.0,0.0,0.0,0.41,0.3,0.0,0.29,2014
7,6,Landuse_2014.tif,0.0,0.0,0.0,0.08,0.08,0.0,0.83,2014
8,6,Landuse_2014.tif,0.1,0.01,0.02,0.2,0.01,0.0,0.66,2014
9,6,Landuse_2014.tif,0.0,0.0,0.0,0.57,0.0,0.0,0.43,2014
10,6,Landuse_2014.tif,0.04,0.04,0.04,0.44,0.0,0.07,0.37,2014
11,6,Landuse_2014.tif,0.46,0.16,0.1,0.03,0.0,0.04,0.2,2014
2,7,Landuse_2014.tif,0.58,0.15,0.18,0.0,0.0,0.01,0.07,2014
3,7,Landuse_2014.tif,0.0,0.01,0.23,0.11,0.01,0.23,0.41,2014
4,7,Landuse_2014.tif,0.08,0.09,0.11,0.18,0.04,0.24,0.26,2014
5,7,Landuse_2014.tif,0.0,0.0,0.0,0.32,0.23,0.03,0.41,2014
6,7,Landuse_2014.tif,0.0,0.0,0.0,0.09,0.51,0.0,0.4,2014
7,7,Landuse_2014.tif,0.0,0.0,0.0,0.35,0.17,0.0,0.47,2014
8,7,Landuse_2014.tif,0.01,0.0,0.0,0.54,0.0,0.03,0.42,2014
9,7,Landuse_2014.tif,0.11,0.0,0.05,0.29,0.0,0.06,0.49,2014
10,7,Landuse_2014.tif,0.25,0.02,0.03,0.34,0.0,0.07,0.29,2014
11,7,Landuse_2014.tif,0.79,0.03,0.03,0.01,0.0,0.01,0.13,2014
2,8,Landuse_2014.tif,0.34,0.14,0.06,0.01,0.0,0.0,0.45,2014
3,8,Landuse_2014.tif,0.02,0.22,0.26,0.01,0.0,0.02,0.47,2014
4,8,Landuse_2014.tif,0.34,0.1,0.24,0.07,0.0,0.08,0.17,2014
5,8,Landuse_2014.tif,0.08,0.03,0.22,0.04,0.21,0.16,0.27,2014
6,8,Landuse_2014.tif,0.0,0.0,0.0,0.19,0.52,0.0,0.3,2014
7,8,Landuse_2014.tif,0.14,0.08,0.02,0.32,0.04,0.17,0.24,2014
8,8,Landuse_2014.tif,0.32,0.03,0.01,0.05,0.0,0.42,0.17,2014
9,8,Landuse_2014.tif,0.21,0.02,0.08,0.08,0.0,0.42,0.19,2014
2,9,Landuse_2014.tif,0.14,0.05,0.02,0.03,0.0,0.11,0.65,2014
3,9,Landuse_2014.tif,0.7,0.1,0.01,0.0,0.0,0.0,0.19,2014
4,9,Landuse_2014.tif,0.86,0.04,0.02,0.03,0.0,0.02,0.04,2014
5,9,Landuse_2014.tif,0.47,0.02,0.03,0.28,0.03,0.02,0.14,2014
6,9,Landuse_2014.tif,0.25,0.01,0.01,0.46,0.0,0.05,0.21,2014
7,9,Landuse_2014.tif,0.57,0.04,0.04,0.04,0.01,0.12,0.18,2014
8,9,Landuse_2014.tif,0.8,0.01,0.03,0.0,0.0,0.0,0.16,2014
2,10,Landuse_2014.tif,0.13,0.02,0.01,0.06,0.21,0.12,0.44,2014
3,10,Landuse_2014.tif,0.59,0.07,0.04,0.01,0.05,0.05,0.19,2014
4,10,Landuse_2014.tif,0.93,0.01,0.02,0.0,0.0,0.0,0.04,2014
5,10,Landuse_2014.tif,0.98,0.01,0.0,0.0,0.0,0.0,0.01,2014
2,11,Landuse_2014.tif,0.98,0.01,0.0,0.0,0.0,0.0,0.01,2014
3,11,Landuse_2014.tif,1.0,0.0,0.0,0.0,0.0,0.0,0.0,2014
4,11,Landuse_2014.tif,0.94,0.01,0.01,0.0,0.0,0.0,0.04,2014
2,12,Landuse_2014.tif,0.77,0.11,0.01,0.0,0.0,0.0,0.11,2014
3,12,Landuse_2014.tif,0.8,0.07,0.01,0.0,0.0,0.0,0.11,2014
4,12,Landuse_2014.tif,0.28,0.08,0.03,0.01,0.0,0.0,0.59,2014
2,13,Landuse_2014.tif,0.55,0.21,0.01,0.01,0.0,0.0,0.22,2014
6,0,Landuse_2015.tif,0.02,0.0,0.0,0.42,0.42,0.0,0.15,2015
7,0,Landuse_2015.tif,0.02,0.0,0.0,0.26,0.53,0.0,0.19,2015
10,0,Landuse_2015.tif,0.01,0.0,0.02,0.14,0.01,0.07,0.75,2015
3,1,Landuse_2015.tif,0.03,0.0,0.0,0.33,0.34,0.0,0.3,2015
4,1,Landuse_2015.tif,0.05,0.02,0.0,0.59,0.04,0.0,0.29,2015
5,1,Landuse_2015.tif,0.01,0.01,0.01,0.37,0.36,0.0,0.23,2015
6,1,Landuse_2015.tif,0.0,0.0,0.01,0.4,0.35,0.0,0.24,2015
7,1,Landuse_2015.tif,0.0,0.0,0.0,0.22,0.34,0.0,0.44,2015
8,1,Landuse_2015.tif,0.0,0.0,0.0,0.47,0.2,0.03,0.3,2015
9,1,Landuse_2015.tif,0.01,0.0,0.03,0.3,0.01,0.17,0.48,2015
10,1,Landuse_2015.tif,0.0,0.0,0.01,0.05,0.0,0.16,0.78,2015
3,2,Landuse_2015.tif,0.0,0.0,0.0,0.52,0.17,0.0,0.3,2015
4,2,Landuse_2015.tif,0.01,0.01,0.0,0.63,0.06,0.0,0.28,2015
5,2,Landuse_2015.tif,0.03,0.01,0.0,0.44,0.2,0.0,0.31,2015
6,2,Landuse_2015.tif,0.0,0.0,0.0,0.69,0.13,0.0,0.17,2015
7,2,Landuse_2015.tif,0.0,0.0,0.0,0.71,0.05,0.0,0.24,2015
8,2,Landuse_2015.tif,0.0,0.0,0.0,0.55,0.08,0.0,0.36,2015
9,2,Landuse_2015.tif,0.0,0.0,0.02,0.25,0.02,0.04,0.66,2015
10,2,Landuse_2015.tif,0.0,0.0,0.0,0.23,0.0,0.2,0.57,2015
11,2,Landuse_2015.tif,0.01,0.01,0.01,0.21,0.0,0.42,0.35,2015
0,3,Landuse_2015.tif,0.52,0.01,0.03,0.0,0.0,0.11,0.33,2015
1,3,Landuse_2015.tif,0.01,0.0,0.04,0.34,0.01,0.44,0.17,2015
2,3,Landuse_2015.tif,0.0,0.0,0.01,0.55,0.03,0.04,0.37,2015
3,3,Landuse_2015.tif,0.0,0.0,0.0,0.43,0.27,0.0,0.3,2015
4,3,Landuse_2015.tif,0.0,0.0,0.0,0.74,0.06,0.0,0.19,2015
5,3,Landuse_2015.tif,0.05,0.01,0.0,0.44,0.07,0.0,0.43,2015
6,3,Landuse_2015.tif,0.02,0.02,0.0,0.4,0.04,0.0,0.51,2015
7,3,Landuse_2015.tif,0.02,0.0,0.0,0.53,0.01,0.0,0.44,2015
8,3,Landuse_2015.tif,0.01,0.01,0.0,0.52,0.0,0.0,0.47,2015
9,3,Landuse_2015.tif,0.0,0.0,0.0,0.33,0.0,0.0,0.66,2015
10,3,Landuse_2015.tif,0.04,0.01,0.0,0.02,0.0,0.0,0.92,2015
11,3,Landuse_2015.tif,0.12,0.01,0.02,0.21,0.0,0.08,0.56,2015
12,3,Landuse_2015.tif,0.13,0.02,0.01,0.18,0.0,0.43,0.24,2015
1,4,Landuse_2015.tif,0.2,0.01,0.03,0.04,0.0,0.4,0.33,2015
2,4,Landuse_2015.tif,0.01,0.0,0.02,0.08,0.0,0.56,0.34,2015
3,4,Landuse_2015.tif,0.0,0.0,0.0,0.56,0.19,0.11,0.13,2015
4,4,Landuse_2015.tif,0.0,0.0,0.0,0.66,0.1,0.0,0.24,2015
5,4,Landuse_2015.tif,0.01,0.0,0.0,0.65,0.08,0.0,0.25,2015
6,4,Landuse_2015.tif,0.03,0.02,0.0,0.4,0.03,0.0,0.52,2015
7,4,Landuse_2015.tif,0.03,0.01,0.0,0.48,0.0,0.0,0.47,2015
8,4,Landuse_2015.tif,0.04,0.02,0.0,0.31,0.01,0.0,0.62,2015
9,4,Landuse_2015.tif,0.06,0.04,0.0,0.08,0.0,0.0,0.82,2015
10,4,Landuse_2015.tif,0.01,0.02,0.0,0.01,0.0,0.0,0.95,2015
11,4,Landuse_2015.tif,0.07,0.03,0.0,0.11,0.0,0.04,0.74,2015
12,4,Landuse_2015.tif,0.49,0.01,0.01,0.03,0.0,0.13,0.33,2015
3,5,Landuse_2015.tif,0.01,0.0,0.0,0.35,0.02,0.34,0.28,2015
4,5,Landuse_2015.tif,0.0,0.0,0.0,0.76,0.04,0.0,0.2,2015
5,5,Landuse_2015.tif,0.0,0.0,0.0,0.7,0.03,0.0,0.26,2015
6,5,Landuse_2015.tif,0.01,0.0,0.0,0.45,0.0,0.0,0.53,2015
7,5,Landuse_2015.tif,0.06,0.01,0.0,0.21,0.0,0.0,0.71,2015
8,5,Landuse_2015.tif,0.0,0.0,0.0,0.44,0.0,0.0,0.56,2015
9,5,Landuse_2015.tif,0.01,0.01,0.0,0.42,0.0,0.0,0.55,2015
10,5,Landuse_2015.tif,0.1,0.03,0.0,0.03,0.0,0.01,0.82,2015
11,5,Landuse_2015.tif,0.19,0.01,0.0,0.25,0.0,0.05,0.5,2015
3,6,Landuse_2015.tif,0.19,0.03,0.02,0.02,0.0,0.5,0.25,2015
4,6,Landuse_2015.tif,0.0,0.0,0.0,0.45,0.18,0.12,0.25,2015
5,6,Landuse_2015.tif,0.0,0.0,0.0,0.66,0.04,0.0,0.3,2015
6,6,Landuse_2015.tif,0.0,0.0,0.0,0.6,0.09,0.0,0.31,2015
7,6,Landuse_2015.tif,0.0,0.0,0.0,0.08,0.04,0.0,0.88,2015
8,6,Landuse_2015.tif,0.1,0.03,0.0,0.2,0.0,0.0,0.67,2015
9,6,Landuse_2015.tif,0.0,0.0,0.0,0.55,0.0,0.0,0.44,2015
10,6,Landuse_2015.tif,0.04,0.01,0.01,0.44,0.0,0.1,0.41,2015
11,6,Landuse_2015.tif,0.6,0.03,0.02,0.01,0.0,0.07,0.27,2015
2,7,Landuse_2015.tif,0.95,0.01,0.0,0.0,0.0,0.0,0.04,2015
3,7,Landuse_2015.tif,0.14,0.02,0.07,0.01,0.0,0.31,0.45,2015
4,7,Landuse_2015.tif,0.14,0.01,0.04,0.02,0.0,0.51,0.29,2015
5,7,Landuse_2015.tif,0.0,0.0,0.01,0.36,0.1,0.16,0.38,2015
6,7,Landuse_2015.tif,0.0,0.0,0.0,0.15,0.44,0.0,0.41,2015
7,7,Landuse_2015.tif,0.0,0.0,0.0,0.45,0.07,0.0,0.48,2015
8,7,Landuse_2015.tif,0.01,0.0,0.0,0.5,0.0,0.06,0.42,2015
9,7,Landuse_2015.tif,0.12,0.02,0.0,0.22,0.0,0.16,0.48,2015
10,7,Landuse_2015.tif,0.26,0.01,0.0,0.36,0.0,0.05,0.32,2015
11,7,Landuse_2015.tif,0.75,0.01,0.0,0.01,0.0,0.01,0.22,2015
2,8,Landuse_2015.tif,0.48,0.02,0.01,0.0,0.0,0.0,0.49,2015
3,8,Landuse_2015.tif,0.43,0.02,0.03,0.0,0.0,0.07,0.44,2015
4,8,Landuse_2015.tif,0.63,0.02,0.04,0.0,0.0,0.21,0.11,2015
5,8,Landuse_2015.tif,0.27,0.0,0.16,0.11,0.08,0.15,0.23,2015
6,8,Landuse_2015.tif,0.0,0.0,0.0,0.33,0.3,0.06,0.3,2015
7,8,Landuse_2015.tif,0.09,0.05,0.01,0.33,0.01,0.24,0.26,2015
8,8,Landuse_2015.tif,0.32,0.01,0.01,0.01,0.0,0.47,0.18,2015
9,8,Landuse_2015.tif,0.2,0.02,0.0,0.07,0.0,0.49,0.21,2015
2,9,Landuse_2015.tif,0.19,0.01,0.02,0.01,0.0,0.12,0.65,2015
3,9,Landuse_2015.tif,0.8,0.0,0.01,0.0,0.0,0.0,0.19,2015
4,9,Landuse_2015.tif,0.89,0.02,0.0,0.0,0.0,0.05,0.04,2015
5,9,Landuse_2015.tif,0.51,0.0,0.0,0.3,0.0,0.04,0.14,2015
6,9,Landuse_2015.tif,0.24,0.0,0.0,0.43,0.0,0.1,0.22,2015
7,9,Landuse_2015.tif,0.53,0.01,0.02,0.0,0.0,0.21,0.23,2015
8,9,Landuse_2015.tif,0.75,0.01,0.0,0.0,0.0,0.0,0.24,2015
2,10,Landuse_2015.tif,0.12,0.01,0.01,0.07,0.0,0.41,0.39,2015
3,10,Landuse_2015.tif,0.62,0.01,0.01,0.04,0.0,0.1,0.21,2015
4,10,Landuse_2015.tif,0.91,0.0,0.0,0.0,0.0,0.01,0.07,2015
5,10,Landuse_2015.tif,0.97,0.0,0.0,0.0,0.0,0.0,0.02,2015
2,11,Landuse_2015.tif,0.97,0.0,0.0,0.0,0.0,0.0,0.03,2015
3,11,Landuse_2015.tif,0.98,0.0,0.0,0.0,0.0,0.0,0.02,2015
4,11,Landuse_2015.tif,0.93,0.0,0.0,0.0,0.0,0.0,0.06,2015
2,12,Landuse_2015.tif,0.74,0.01,0.02,0.0,0.0,0.0,0.23,2015
3,12,Landuse_2015.tif,0.75,0.0,0.02,0.0,0.0,0.0,0.22,2015
4,12,Landuse_2015.tif,0.3,0.02,0.22,0.01,0.0,0.01,0.46,2015
2,13,Landuse_2015.tif,0.35,0.02,0.02,0.01,0.0,0.0,0.6,2015
6,0,Landuse_2016.tif,0.02,0.0,0.0,0.36,0.47,0.0,0.15,2016
7,0,Landuse_2016.tif,0.02,0.0,0.0,0.2,0.57,0.0,0.2,2016
10,0,Landuse_2016.tif,0.01,0.0,0.0,0.18,0.0,0.22,0.58,2016
3,1,Landuse_2016.tif,0.02,0.01,0.0,0.33,0.33,0.0,0.3,2016
4,1,Landuse_2016.tif,0.03,0.02,0.0,0.58,0.06,0.0,0.3,2016
5,1,Landuse_2016.tif,0.01,0.0,0.02,0.31,0.43,0.0,0.23,2016
6,1,Landuse_2016.tif,0.0,0.0,0.01,0.47,0.29,0.0,0.23,2016
7,1,Landuse_2016.tif,0.0,0.0,0.0,0.33,0.24,0.0,0.43,2016
8,1,Landuse_2016.tif,0.0,0.0,0.0,0.56,0.08,0.06,0.3,2016
9,1,Landuse_2016.tif,0.01,0.0,0.01,0.29,0.0,0.25,0.44,2016
10,1,Landuse_2016.tif,0.0,0.0,0.01,0.01,0.0,0.24,0.74,2016
3,2,Landuse_2016.tif,0.0,0.0,0.0,0.55,0.16,0.01,0.28,2016
4,2,Landuse_2016.tif,0.0,0.01,0.0,0.66,0.04,0.0,0.28,2016
5,2,Landuse_2016.tif,0.02,0.01,0.0,0.43,0.22,0.0,0.32,2016
6,2,Landuse_2016.tif,0.0,0.0,0.0,0.69,0.13,0.0,0.17,2016
7,2,Landuse_2016.tif,0.0,0.0,0.0,0.71,0.06,0.0,0.23,2016
8,2,Landuse_2016.tif,0.0,0.0,0.0,0.61,0.03,0.01,0.36,2016
9,2,Landuse_2016.tif,0.0,0.0,0.01,0.27,0.01,0.1,0.6,2016
10,2,Landuse_2016.tif,0.0,0.0,0.0,0.23,0.0,0.23,0.53,2016
11,2,Landuse_2016.tif,0.01,0.0,0.04,0.2,0.0,0.4,0.35,2016
0,3,Landuse_2016.tif,0.35,0.03,0.02,0.01,0.0,0.12,0.46,2016
1,3,Landuse_2016.tif,0.01,0.0,0.02,0.32,0.0,0.5,0.15,2016
2,3,Landuse_2016.tif,0.0,0.0,0.01,0.57,0.03,0.04,0.35,2016
3,3,Landuse_2016.tif,0.0,0.0,0.0,0.51,0.2,0.01,0.27,2016
4,3,Landuse_2016.tif,0.0,0.0,0.0,0.75,0.05,0.0,0.19,2016
5,3,Landuse_2016.tif,0.03,0.01,0.01,0.46,0.06,0.0,0.44,2016
6,3,Landuse_2016.tif,0.01,0.01,0.0,0.42,0.04,0.0,0.52,2016
7,3,Landuse_2016.tif,0.01,0.0,0.0,0.53,0.0,0.0,0.45,2016
8,3,Landuse_2016.tif,0.01,0.0,0.0,0.5,0.0,0.0,0.48,2016
9,3,Landuse_2016.tif,0.0,0.0,0.0,0.33,0.0,0.0,0.66,2016
10,3,Landuse_2016.tif,0.04,0.01,0.0,0.03,0.0,0.0,0.92,2016
11,3,Landuse_2016.tif,0.12,0.01,0.05,0.24,0.0,0.05,0.53,2016
12,3,Landuse_2016.tif,0.12,0.01,0.01,0.25,0.0,0.38,0.24,2016
1,4,Landuse_2016.tif,0.14,0.01,0.04,0.04,0.0,0.43,0.35,2016
2,4,Landuse_2016.tif,0.0,0.0,0.02,0.27,0.0,0.39,0.32,2016
3,4,Landuse_2016.tif,0.0,0.0,0.0,0.77,0.1,0.02,0.11,2016
4,4,Landuse_2016.tif,0.0,0.0,0.0,0.71,0.06,0.0,0.23,2016
5,4,Landuse_2016.tif,0.01,0.0,0.0,0.69,0.04,0.0,0.25,2016
6,4,Landuse_2016.tif,0.03,0.02,0.0,0.41,0.02,0.0,0.53,2016
7,4,Landuse_2016.tif,0.02,0.0,0.0,0.51,0.0,0.0,0.47,2016
8,4,Landuse_2016.tif,0.04,0.01,0.0,0.32,0.01,0.0,0.62,2016
9,4,Landuse_2016.tif,0.05,0.02,0.0,0.07,0.01,0.0,0.85,2016
10,4,Landuse_2016.tif,0.02,0.01,0.0,0.01,0.0,0.0,0.95,2016
11,4,Landuse_2016.tif,0.07,0.02,0.0,0.1,0.0,0.05,0.76,2016
12,4,Landuse_2016.tif,0.42,0.02,0.01,0.03,0.0,0.12,0.4,2016
3,5,Landuse_2016.tif,0.01,0.0,0.0,0.37,0.0,0.34,0.28,2016
4,5,Landuse_2016.tif,0.0,0.0,0.0,0.77,0.03,0.01,0.19,2016
5,5,Landuse_2016.tif,0.0,0.0,0.0,0.73,0.01,0.0,0.26,2016
6,5,Landuse_2016.tif,0.01,0.0,0.0,0.44,0.0,0.0,0.54,2016
7,5,Landuse_2016.tif,0.05,0.01,0.0,0.23,0.0,0.0,0.71,2016
8,5,Landuse_2016.tif,0.0,0.0,0.0,0.43,0.0,0.0,0.56,2016
9,5,Landuse_2016.tif,0.01,0.01,0.0,0.42,0.01,0.01,0.54,2016
10,5,Landuse_2016.tif,0.09,0.02,0.0,0.03,0.0,0.02,0.84,2016
11,5,Landuse_2016.tif,0.15,0.01,0.0,0.11,0.0,0.16,0.56,2016
3,6,Landuse_2016.tif,0.21,0.06,0.0,0.03,0.0,0.41,0.29,2016
4,6,Landuse_2016.tif,0.0,0.0,0.0,0.27,0.14,0.34,0.25,2016
5,6,Landuse_2016.tif,0.0,0.0,0.0,0.68,0.03,0.01,0.28,2016
6,6,Landuse_2016.tif,0.0,0.0,0.0,0.61,0.09,0.0,0.29,2016
7,6,Landuse_2016.tif,0.0,0.0,0.0,0.1,0.03,0.0,0.86,2016
8,6,Landuse_2016.tif,0.08,0.02,0.0,0.19,0.0,0.0,0.7,2016
9,6,Landuse_2016.tif,0.0,0.0,0.0,0.5,0.02,0.02,0.46,2016
10,6,Landuse_2016.tif,0.04,0.02,0.0,0.19,0.0,0.34,0.42,2016
11,6,Landuse_2016.tif,0.56,0.03,0.0,0.02,0.0,0.04,0.36,2016
2,7,Landuse_2016.tif,0.82,0.01,0.0,0.0,0.0,0.0,0.17,2016
3,7,Landuse_2016.tif,0.23,0.04,0.01,0.06,0.0,0.22,0.44,2016
4,7,Landuse_2016.tif,0.17,0.03,0.01,0.06,0.0,0.41,0.33,2016
5,7,Landuse_2016.tif,0.0,0.0,0.0,0.3,0.09,0.27,0.34,2016
6,7,Landuse_2016.tif,0.0,0.0,0.0,0.15,0.46,0.0,0.39,2016
7,7,Landuse_2016.tif,0.0,0.0,0.0,0.42,0.12,0.01,0.44,2016
8,7,Landuse_2016.tif,0.01,0.0,0.0,0.35,0.0,0.22,0.42,2016
9,7,Landuse_2016.tif,0.1,0.02,0.0,0.08,0.0,0.32,0.49,2016
10,7,Landuse_2016.tif,0.22,0.01,0.0,0.21,0.0,0.15,0.41,2016
11,7,Landuse_2016.tif,0.71,0.01,0.01,0.0,0.0,0.01,0.26,2016
2,8,Landuse_2016.tif,0.42,0.02,0.0,0.01,0.0,0.0,0.55,2016
3,8,Landuse_2016.tif,0.4,0.02,0.02,0.0,0.0,0.01,0.56,2016
4,8,Landuse_2016.tif,0.43,0.07,0.0,0.02,0.0,0.14,0.34,2016
5,8,Landuse_2016.tif,0.18,0.06,0.01,0.01,0.0,0.49,0.25,2016
6,8,Landuse_2016.tif,0.0,0.0,0.0,0.2,0.04,0.46,0.3,2016
7,8,Landuse_2016.tif,0.17,0.01,0.0,0.27,0.0,0.26,0.28,2016
8,8,Landuse_2016.tif,0.24,0.01,0.0,0.0,0.0,0.46,0.29,2016
9,8,Landuse_2016.tif,0.21,0.02,0.0,0.0,0.0,0.53,0.25,2016
2,9,Landuse_2016.tif,0.17,0.01,0.03,0.01,0.0,0.1,0.68,2016
3,9,Landuse_2016.tif,0.62,0.01,0.01,0.0,0.0,0.0,0.36,2016
4,9,Landuse_2016.tif,0.77,0.01,0.0,0.0,0.0,0.04,0.17,2016
5,9,Landuse_2016.tif,0.44,0.01,0.0,0.26,0.0,0.06,0.24,2016
6,9,Landuse_2016.tif,0.2,0.01,0.0,0.38,0.0,0.14,0.27,2016
7,9,Landuse_2016.tif,0.48,0.01,0.01,0.0,0.0,0.2,0.3,2016
8,9,Landuse_2016.tif,0.66,0.02,0.0,0.0,0.0,0.0,0.31,2016
2,10,Landuse_2016.tif,0.11,0.01,0.01,0.09,0.0,0.38,0.39,2016
3,10,Landuse_2016.tif,0.48,0.01,0.0,0.03,0.0,0.1,0.37,2016
4,10,Landuse_2016.tif,0.76,0.01,0.0,0.0,0.0,0.0,0.22,2016
5,10,Landuse_2016.tif,0.79,0.0,0.0,0.0,0.0,0.0,0.21,2016
2,11,Landuse_2016.tif,0.83,0.0,0.0,0.0,0.0,0.0,0.17,2016
3,11,Landuse_2016.tif,0.8,0.0,0.0,0.0,0.0,0.0,0.2,2016
4,11,Landuse_2016.tif,0.81,0.0,0.0,0.0,0.0,0.0,0.18,2016
2,12,Landuse_2016.tif,0.62,0.11,0.0,0.01,0.0,0.0,0.26,2016
3,12,Landuse_2016.tif,0.7,0.05,0.0,0.0,0.0,0.0,0.24,2016
4,12,Landuse_2016.tif,0.44,0.03,0.0,0.01,0.0,0.0,0.51,2016
2,13,Landuse_2016.tif,0.37,0.09,0.0,0.01,0.0,0.0,0.53,2016
6,0,Landuse_2017.tif,0.0,0.0,0.0,0.19,0.66,0.0,0.15,2017
7,0,Landuse_2017.tif,0.0,0.0,0.0,0.04,0.77,0.0,0.19,2017
10,0,Landuse_2017.tif,0.0,0.0,0.01,0.1,0.2,0.0,0.69,2017
3,1,Landuse_2017.tif,0.01,0.0,0.02,0.33,0.48,0.0,0.16,2017
4,1,Landuse_2017.tif,0.03,0.0,0.01,0.34,0.36,0.0,0.25,2017
5,1,Landuse_2017.tif,0.05,0.01,0.01,0.22,0.51,0.0,0.2,2017
6,1,Landuse_2017.tif,0.0,0.0,0.01,0.18,0.56,0.0,0.26,2017
7,1,Landuse_2017.tif,0.0,0.0,0.0,0.02,0.53,0.0,0.45,2017
8,1,Landuse_2017.tif,0.0,0.0,0.0,0.02,0.69,0.0,0.29,2017
9,1,Landuse_2017.tif,0.0,0.0,0.01,0.01,0.5,0.0,0.48,2017
10,1,Landuse_2017.tif,0.0,0.0,0.0,0.02,0.21,0.0,0.76,2017
3,2,Landuse_2017.tif,0.0,0.0,0.0,0.49,0.21,0.0,0.3,2017
4,2,Landuse_2017.tif,0.01,0.0,0.01,0.64,0.14,0.0,0.2,2017
5,2,Landuse_2017.tif,0.02,0.0,0.01,0.37,0.28,0.0,0.32,2017
6,2,Landuse_2017.tif,0.0,0.0,0.0,0.35,0.4,0.0,0.25,2017
7,2,Landuse_2017.tif,0.0,0.0,0.0,0.56,0.17,0.0,0.27,2017
8,2,Landuse_2017.tif,0.0,0.0,0.0,0.23,0.37,0.0,0.39,2017
9,2,Landuse_2017.tif,0.0,0.0,0.0,0.06,0.26,0.0,0.67,2017
10,2,Landuse_2017.tif,0.0,0.0,0.0,0.23,0.16,0.0,0.61,2017
11,2,Landuse_2017.tif,0.01,0.0,0.07,0.47,0.03,0.0,0.42,2017
0,3,Landuse_2017.tif,0.46,0.01,0.03,0.09,0.0,0.04,0.36,2017
1,3,Landuse_2017.tif,0.01,0.0,0.0,0.3,0.02,0.04,0.63,2017
2,3,Landuse_2017.tif,0.0,0.0,0.0,0.28,0.25,0.0,0.46,2017
3,3,Landuse_2017.tif,0.0,0.0,0.0,0.4,0.3,0.0,0.3,2017
4,3,Landuse_2017.tif,0.0,0.0,0.0,0.81,0.05,0.0,0.14,2017
5,3,Landuse_2017.tif,0.04,0.0,0.01,0.44,0.15,0.0,0.37,2017
6,3,Landuse_2017.tif,0.02,0.0,0.01,0.16,0.33,0.0,0.48,2017
7,3,Landuse_2017.tif,0.01,0.0,0.0,0.32,0.19,0.0,0.48,2017
8,3,Landuse_2017.tif,0.01,0.0,0.0,0.4,0.0,0.0,0.58,2017
9,3,Landuse_2017.tif,0.0,0.0,0.0,0.26,0.0,0.0,0.73,2017
10,3,Landuse_2017.tif,0.04,0.0,0.03,0.04,0.0,0.02,0.87,2017
11,3,Landuse_2017.tif,0.11,0.0,0.1,0.23,0.01,0.02,0.52,2017
12,3,Landuse_2017.tif,0.11,0.0,0.04,0.47,0.0,0.06,0.33,2017
1,4,Landuse_2017.tif,0.24,0.01,0.02,0.03,0.0,0.14,0.56,2017
2,4,Landuse_2017.tif,0.0,0.0,0.0,0.21,0.0,0.17,0.62,2017
3,4,Landuse_2017.tif,0.0,0.0,0.0,0.86,0.01,0.02,0.12,2017
4,4,Landuse_2017.tif,0.0,0.0,0.0,0.82,0.0,0.0,0.18,2017
5,4,Landuse_2017.tif,0.01,0.0,0.0,0.74,0.04,0.0,0.21,2017
6,4,Landuse_2017.tif,0.02,0.0,0.01,0.22,0.2,0.0,0.54,2017
7,4,Landuse_2017.tif,0.02,0.0,0.01,0.44,0.1,0.0,0.44,2017
8,4,Landuse_2017.tif,0.04,0.0,0.01,0.33,0.0,0.0,0.62,2017
9,4,Landuse_2017.tif,0.06,0.0,0.01,0.12,0.0,0.0,0.81,2017
10,4,Landuse_2017.tif,0.02,0.0,0.0,0.03,0.0,0.0,0.94,2017
11,4,Landuse_2017.tif,0.05,0.0,0.02,0.1,0.0,0.01,0.81,2017
12,4,Landuse_2017.tif,0.42,0.01,0.07,0.1,0.0,0.03,0.37,2017
3,5,Landuse_2017.tif,0.0,0.0,0.01,0.54,0.0,0.15,0.3,2017
4,5,Landuse_2017.tif,0.0,0.0,0.0,0.85,0.0,0.0,0.15,2017
5,5,Landuse_2017.tif,0.0,0.0,0.0,0.76,0.02,0.0,0.22,2017
6,5,Landuse_2017.tif,0.01,0.0,0.0,0.49,0.0,0.0,0.49,2017
7,5,Landuse_2017.tif,0.05,0.0,0.01,0.23,0.0,0.0,0.71,2017
8,5,Landuse_2017.tif,0.0,0.0,0.0,0.49,0.0,0.0,0.51,2017
9,5,Landuse_2017.tif,0.01,0.0,0.0,0.5,0.0,0.0,0.49,2017
10,5,Landuse_2017.tif,0.09,0.0,0.01,0.06,0.0,0.0,0.83,2017
11,5,Landuse_2017.tif,0.12,0.01,0.06,0.24,0.0,0.05,0.52,2017
3,6,Landuse_2017.tif,0.14,0.05,0.24,0.05,0.0,0.25,0.26,2017
4,6,Landuse_2017.tif,0.0,0.0,0.0,0.56,0.03,0.08,0.33,2017
5,6,Landuse_2017.tif,0.0,0.0,0.0,0.67,0.04,0.0,0.3,2017
6,6,Landuse_2017.tif,0.0,0.0,0.0,0.53,0.04,0.0,0.43,2017
7,6,Landuse_2017.tif,0.0,0.0,0.0,0.12,0.0,0.0,0.87,2017
8,6,Landuse_2017.tif,0.08,0.0,0.01,0.26,0.0,0.0,0.64,2017
9,6,Landuse_2017.tif,0.0,0.0,0.0,0.74,0.0,0.0,0.26,2017
10,6,Landuse_2017.tif,0.04,0.0,0.05,0.48,0.0,0.06,0.37,2017
11,6,Landuse_2017.tif,0.52,0.02,0.11,0.03,0.0,0.03,0.3,2017
2,7,Landuse_2017.tif,0.75,0.07,0.1,0.0,0.0,0.0,0.07,2017
3,7,Landuse_2017.tif,0.13,0.06,0.13,0.04,0.01,0.26,0.36,2017
4,7,Landuse_2017.tif,0.25,0.02,0.04,0.09,0.0,0.22,0.39,2017
5,7,Landuse_2017.tif,0.0,0.0,0.0,0.26,0.04,0.08,0.62,2017
6,7,Landuse_2017.tif,0.0,0.0,0.0,0.46,0.07,0.0,0.47,2017
7,7,Landuse_2017.tif,0.0,0.0,0.0,0.54,0.0,0.0,0.46,2017
8,7,Landuse_2017.tif,0.01,0.0,0.0,0.49,0.0,0.13,0.36,2017
9,7,Landuse_2017.tif,0.11,0.0,0.02,0.22,0.0,0.08,0.56,2017
10,7,Landuse_2017.tif,0.24,0.0,0.04,0.34,0.0,0.1,0.28,2017
11,7,Landuse_2017.tif,0.74,0.01,0.05,0.0,0.0,0.02,0.18,2017
2,8,Landuse_2017.tif,0.43,0.04,0.01,0.01,0.0,0.01,0.51,2017
3,8,Landuse_2017.tif,0.25,0.09,0.1,0.0,0.01,0.04,0.51,2017
4,8,Landuse_2017.tif,0.62,0.11,0.12,0.0,0.0,0.01,0.14,2017
5,8,Landuse_2017.tif,0.36,0.05,0.06,0.22,0.0,0.15,0.16,2017
6,8,Landuse_2017.tif,0.0,0.0,0.0,0.7,0.0,0.04,0.26,2017
7,8,Landuse_2017.tif,0.18,0.03,0.01,0.33,0.0,0.25,0.21,2017
8,8,Landuse_2017.tif,0.31,0.01,0.01,0.01,0.0,0.52,0.14,2017
9,8,Landuse_2017.tif,0.18,0.01,0.03,0.01,0.0,0.5,0.27,2017
2,9,Landuse_2017.tif,0.18,0.01,0.02,0.05,0.01,0.09,0.64,2017
3,9,Landuse_2017.tif,0.73,0.02,0.01,0.0,0.0,0.0,0.23,2017
4,9,Landuse_2017.tif,0.87,0.02,0.04,0.01,0.0,0.01,0.06,2017
5,9,Landuse_2017.tif,0.45,0.02,0.03,0.33,0.0,0.05,0.13,2017
6,9,Landuse_2017.tif,0.22,0.0,0.02,0.45,0.0,0.11,0.2,2017
7,9,Landuse_2017.tif,0.54,0.02,0.04,0.01,0.0,0.19,0.19,2017
8,9,Landuse_2017.tif,0.76,0.01,0.03,0.0,0.0,0.0,0.2,2017
2,10,Landuse_2017.tif,0.08,0.01,0.01,0.29,0.0,0.27,0.34,2017
3,10,Landuse_2017.tif,0.58,0.02,0.02,0.1,0.0,0.06,0.23,2017
4,10,Landuse_2017.tif,0.89,0.0,0.02,0.0,0.0,0.01,0.08,2017
5,10,Landuse_2017.tif,0.98,0.0,0.0,0.0,0.0,0.0,0.02,2017
2,11,Landuse_2017.tif,0.95,0.0,0.0,0.0,0.0,0.0,0.04,2017
3,11,Landuse_2017.tif,0.97,0.0,0.0,0.0,0.0,0.0,0.03,2017
4,11,Landuse_2017.tif,0.92,0.0,0.01,0.01,0.0,0.02,0.05,2017
2,12,Landuse_2017.tif,0.64,0.01,0.1,0.03,0.0,0.01,0.21,2017
3,12,Landuse_2017.tif,0.65,0.02,0.1,0.0,0.0,0.01,0.22,2017
4,12,Landuse_2017.tif,0.38,0.03,0.05,0.02,0.0,0.04,0.48,2017
2,13,Landuse_2017.tif,0.24,0.05,0.1,0.02,0.0,0.04,0.55,2017
6,0,Landuse_2018.tif,0.0,0.0,0.0,0.16,0.67,0.0,0.16,2018
7,0,Landuse_2018.tif,0.0,0.0,0.0,0.06,0.73,0.0,0.2,2018
10,0,Landuse_2018.tif,0.0,0.0,0.0,0.08,0.25,0.0,0.67,2018
3,1,Landuse_2018.tif,0.0,0.01,0.01,0.35,0.35,0.0,0.28,2018
4,1,Landuse_2018.tif,0.04,0.01,0.02,0.37,0.27,0.01,0.28,2018
5,1,Landuse_2018.tif,0.03,0.05,0.01,0.27,0.48,0.0,0.16,2018
6,1,Landuse_2018.tif,0.0,0.02,0.0,0.28,0.47,0.0,0.23,2018
7,1,Landuse_2018.tif,0.0,0.01,0.0,0.1,0.44,0.0,0.44,2018
8,1,Landuse_2018.tif,0.0,0.0,0.0,0.07,0.62,0.0,0.3,2018
9,1,Landuse_2018.tif,0.0,0.0,0.0,0.01,0.54,0.0,0.46,2018
10,1,Landuse_2018.tif,0.0,0.0,0.0,0.01,0.24,0.0,0.74,2018
3,2,Landuse_2018.tif,0.0,0.0,0.01,0.43,0.21,0.03,0.32,2018
4,2,Landuse_2018.tif,0.02,0.01,0.02,0.53,0.16,0.01,0.25,2018
5,2,Landuse_2018.tif,0.02,0.01,0.02,0.3,0.33,0.01,0.33,2018
6,2,Landuse_2018.tif,0.0,0.0,0.0,0.57,0.26,0.0,0.16,2018
7,2,Landuse_2018.tif,0.0,0.0,0.0,0.67,0.1,0.0,0.23,2018
8,2,Landuse_2018.tif,0.0,0.0,0.0,0.37,0.27,0.0,0.36,2018
9,2,Landuse_2018.tif,0.0,0.0,0.0,0.08,0.31,0.0,0.61,2018
10,2,Landuse_2018.tif,0.0,0.0,0.0,0.19,0.21,0.0,0.6,2018
11,2,Landuse_2018.tif,0.01,0.01,0.01,0.36,0.02,0.09,0.5,2018
0,3,Landuse_2018.tif,0.61,0.05,0.01,0.02,0.12,0.0,0.19,2018
1,3,Landuse_2018.tif,0.01,0.01,0.0,0.39,0.47,0.0,0.12,2018
2,3,Landuse_2018.tif,0.0,0.0,0.01,0.31,0.34,0.0,0.34,2018
3,3,Landuse_2018.tif,0.0,0.0,0.0,0.3,0.4,0.0,0.29,2018
4,3,Landuse_2018.tif,0.0,0.0,0.0,0.73,0.06,0.02,0.18,2018
5,3,Landuse_2018.tif,0.05,0.01,0.01,0.38,0.11,0.0,0.44,2018
6,3,Landuse_2018.tif,0.01,0.01,0.01,0.22,0.23,0.01,0.52,2018
7,3,Landuse_2018.tif,0.01,0.0,0.0,0.38,0.14,0.0,0.46,2018
8,3,Landuse_2018.tif,0.01,0.0,0.01,0.41,0.07,0.0,0.49,2018
9,3,Landuse_2018.tif,0.01,0.0,0.0,0.23,0.08,0.0,0.68,2018
10,3,Landuse_2018.tif,0.05,0.0,0.01,0.01,0.01,0.0,0.92,2018
11,3,Landuse_2018.tif,0.13,0.01,0.0,0.24,0.0,0.0,0.62,2018
12,3,Landuse_2018.tif,0.11,0.01,0.02,0.59,0.03,0.01,0.23,2018
1,4,Landuse_2018.tif,0.19,0.04,0.05,0.3,0.14,0.01,0.27,2018
2,4,Landuse_2018.tif,0.0,0.0,0.0,0.25,0.42,0.0,0.31,2018
3,4,Landuse_2018.tif,0.0,0.0,0.0,0.24,0.63,0.0,0.12,2018
4,4,Landuse_2018.tif,0.0,0.0,0.0,0.67,0.07,0.01,0.25,2018
5,4,Landuse_2018.tif,0.01,0.0,0.0,0.43,0.29,0.0,0.27,2018
6,4,Landuse_2018.tif,0.02,0.01,0.01,0.17,0.19,0.0,0.6,2018
7,4,Landuse_2018.tif,0.03,0.01,0.01,0.36,0.11,0.0,0.49,2018
8,4,Landuse_2018.tif,0.04,0.0,0.01,0.32,0.02,0.0,0.6,2018
9,4,Landuse_2018.tif,0.06,0.01,0.02,0.08,0.01,0.01,0.82,2018
10,4,Landuse_2018.tif,0.02,0.01,0.01,0.01,0.0,0.0,0.94,2018
11,4,Landuse_2018.tif,0.06,0.02,0.01,0.14,0.0,0.01,0.76,2018
12,4,Landuse_2018.tif,0.54,0.05,0.01,0.11,0.0,0.01,0.29,2018
3,5,Landuse_2018.tif,0.0,0.0,0.0,0.22,0.49,0.0,0.28,2018
4,5,Landuse_2018.tif,0.0,0.0,0.0,0.55,0.25,0.01,0.19,2018
5,5,Landuse_2018.tif,0.0,0.0,0.0,0.37,0.33,0.01,0.28,2018
6,5,Landuse_2018.tif,0.01,0.0,0.0,0.2,0.22,0.0,0.57,2018
7,5,Landuse_2018.tif,0.05,0.01,0.01,0.18,0.02,0.01,0.74,2018
8,5,Landuse_2018.tif,0.0,0.0,0.0,0.37,0.02,0.0,0.61,2018
9,5,Landuse_2018.tif,0.01,0.0,0.01,0.38,0.04,0.0,0.56,2018
10,5,Landuse_2018.tif,0.1,0.01,0.01,0.03,0.0,0.01,0.83,2018
11,5,Landuse_2018.tif,0.19,0.02,0.01,0.23,0.0,0.01,0.55,2018
3,6,Landuse_2018.tif,0.06,0.07,0.38,0.1,0.03,0.13,0.25,2018
4,6,Landuse_2018.tif,0.0,0.0,0.0,0.16,0.59,0.01,0.24,2018
5,6,Landuse_2018.tif,0.0,0.0,0.0,0.27,0.43,0.0,0.3,2018
6,6,Landuse_2018.tif,0.0,0.0,0.0,0.3,0.39,0.0,0.31,2018
7,6,Landuse_2018.tif,0.0,0.0,0.0,0.05,0.07,0.0,0.88,2018
8,6,Landuse_2018.tif,0.09,0.01,0.02,0.19,0.0,0.01,0.67,2018
9,6,Landuse_2018.tif,0.0,0.0,0.0,0.54,0.0,0.0,0.46,2018
10,6,Landuse_2018.tif,0.06,0.03,0.02,0.47,0.0,0.05,0.37,2018
11,6,Landuse_2018.tif,0.67,0.07,0.01,0.03,0.0,0.03,0.19,2018
2,7,Landuse_2018.tif,0.52,0.16,0.23,0.0,0.0,0.0,0.09,2018
3,7,Landuse_2018.tif,0.02,0.03,0.3,0.07,0.01,0.1,0.46,2018
4,7,Landuse_2018.tif,0.29,0.05,0.04,0.13,0.16,0.08,0.24,2018
5,7,Landuse_2018.tif,0.0,0.0,0.02,0.19,0.45,0.0,0.34,2018
6,7,Landuse_2018.tif,0.0,0.0,0.0,0.04,0.56,0.0,0.39,2018
7,7,Landuse_2018.tif,0.0,0.0,0.0,0.23,0.31,0.0,0.46,2018
8,7,Landuse_2018.tif,0.01,0.0,0.0,0.57,0.01,0.0,0.42,2018
9,7,Landuse_2018.tif,0.1,0.01,0.02,0.23,0.0,0.03,0.6,2018
10,7,Landuse_2018.tif,0.29,0.02,0.01,0.34,0.0,0.04,0.31,2018
11,7,Landuse_2018.tif,0.8,0.03,0.0,0.0,0.0,0.0,0.16,2018
2,8,Landuse_2018.tif,0.33,0.15,0.03,0.0,0.0,0.0,0.47,2018
3,8,Landuse_2018.tif,0.1,0.29,0.14,0.0,0.0,0.01,0.46,2018
4,8,Landuse_2018.tif,0.62,0.08,0.15,0.0,0.0,0.07,0.08,2018
5,8,Landuse_2018.tif,0.13,0.03,0.3,0.01,0.25,0.06,0.23,2018
6,8,Landuse_2018.tif,0.0,0.0,0.0,0.09,0.62,0.0,0.29,2018
7,8,Landuse_2018.tif,0.17,0.05,0.02,0.4,0.06,0.06,0.23,2018
8,8,Landuse_2018.tif,0.33,0.02,0.0,0.43,0.01,0.02,0.19,2018
9,8,Landuse_2018.tif,0.22,0.01,0.01,0.37,0.0,0.09,0.29,2018
2,9,Landuse_2018.tif,0.11,0.06,0.03,0.06,0.04,0.02,0.68,2018
3,9,Landuse_2018.tif,0.71,0.09,0.0,0.0,0.0,0.0,0.19,2018
4,9,Landuse_2018.tif,0.88,0.04,0.02,0.0,0.0,0.03,0.03,2018
5,9,Landuse_2018.tif,0.45,0.02,0.04,0.29,0.04,0.01,0.15,2018
6,9,Landuse_2018.tif,0.26,0.01,0.01,0.49,0.02,0.01,0.2,2018
7,9,Landuse_2018.tif,0.59,0.02,0.02,0.16,0.02,0.01,0.18,2018
8,9,Landuse_2018.tif,0.77,0.04,0.0,0.0,0.0,0.0,0.18,2018
2,10,Landuse_2018.tif,0.13,0.02,0.03,0.05,0.4,0.01,0.37,2018
3,10,Landuse_2018.tif,0.6,0.06,0.01,0.01,0.11,0.01,0.2,2018
4,10,Landuse_2018.tif,0.93,0.01,0.0,0.0,0.0,0.0,0.06,2018
5,10,Landuse_2018.tif,0.98,0.01,0.0,0.0,0.0,0.0,0.01,2018
2,11,Landuse_2018.tif,0.97,0.01,0.0,0.0,0.0,0.0,0.01,2018
3,11,Landuse_2018.tif,0.99,0.0,0.0,0.0,0.0,0.0,0.01,2018
4,11,Landuse_2018.tif,0.91,0.02,0.0,0.0,0.0,0.0,0.06,2018
2,12,Landuse_2018.tif,0.65,0.17,0.0,0.0,0.0,0.0,0.17,2018
3,12,Landuse_2018.tif,0.65,0.14,0.0,0.0,0.0,0.0,0.21,2018
4,12,Landuse_2018.tif,0.32,0.14,0.01,0.02,0.0,0.01,0.51,2018
2,13,Landuse_2018.tif,0.25,0.34,0.0,0.01,0.0,0.0,0.39,2018
6,0,Landuse_2019.tif,0.0,0.0,0.0,0.48,0.35,0.0,0.17,2019
7,0,Landuse_2019.tif,0.0,0.0,0.0,0.32,0.47,0.0,0.2,2019
10,0,Landuse_2019.tif,0.0,0.0,0.01,0.05,0.2,0.0,0.74,2019
3,1,Landuse_2019.tif,0.0,0.0,0.0,0.42,0.28,0.0,0.3,2019
4,1,Landuse_2019.tif,0.04,0.01,0.02,0.47,0.17,0.01,0.29,2019
5,1,Landuse_2019.tif,0.03,0.02,0.01,0.52,0.22,0.01,0.2,2019
6,1,Landuse_2019.tif,0.01,0.0,0.0,0.41,0.33,0.0,0.24,2019
7,1,Landuse_2019.tif,0.01,0.0,0.0,0.18,0.36,0.0,0.45,2019
8,1,Landuse_2019.tif,0.0,0.0,0.0,0.07,0.62,0.0,0.31,2019
9,1,Landuse_2019.tif,0.0,0.0,0.0,0.03,0.48,0.0,0.49,2019
10,1,Landuse_2019.tif,0.0,0.0,0.01,0.02,0.21,0.0,0.76,2019
3,2,Landuse_2019.tif,0.0,0.0,0.0,0.58,0.09,0.02,0.31,2019
4,2,Landuse_2019.tif,0.02,0.01,0.02,0.56,0.1,0.03,0.26,2019
5,2,Landuse_2019.tif,0.02,0.0,0.02,0.53,0.11,0.01,0.31,2019
6,2,Landuse_2019.tif,0.0,0.0,0.0,0.74,0.09,0.0,0.17,2019
7,2,Landuse_2019.tif,0.0,0.0,0.0,0.7,0.06,0.0,0.24,2019
8,2,Landuse_2019.tif,0.0,0.0,0.0,0.48,0.16,0.0,0.36,2019
9,2,Landuse_2019.tif,0.0,0.0,0.0,0.07,0.27,0.0,0.66,2019
10,2,Landuse_2019.tif,0.0,0.0,0.01,0.21,0.13,0.0,0.64,2019
11,2,Landuse_2019.tif,0.01,0.01,0.01,0.37,0.02,0.1,0.49,2019
0,3,Landuse_2019.tif,0.55,0.03,0.1,0.01,0.04,0.01,0.27,2019
1,3,Landuse_2019.tif,0.01,0.0,0.1,0.21,0.52,0.04,0.12,2019
2,3,Landuse_2019.tif,0.0,0.0,0.01,0.46,0.18,0.02,0.34,2019
3,3,Landuse_2019.tif,0.0,0.0,0.0,0.54,0.15,0.01,0.3,2019
4,3,Landuse_2019.tif,0.0,0.0,0.0,0.75,0.07,0.0,0.18,2019
5,3,Landuse_2019.tif,0.05,0.01,0.01,0.38,0.09,0.0,0.46,2019
6,3,Landuse_2019.tif,0.01,0.01,0.01,0.22,0.21,0.01,0.53,2019
7,3,Landuse_2019.tif,0.02,0.0,0.01,0.46,0.04,0.0,0.48,2019
8,3,Landuse_2019.tif,0.01,0.0,0.0,0.29,0.14,0.0,0.55,2019
9,3,Landuse_2019.tif,0.01,0.0,0.0,0.04,0.23,0.0,0.71,2019
10,3,Landuse_2019.tif,0.04,0.0,0.01,0.01,0.01,0.01,0.93,2019
11,3,Landuse_2019.tif,0.13,0.01,0.0,0.2,0.0,0.01,0.66,2019
12,3,Landuse_2019.tif,0.11,0.0,0.01,0.54,0.01,0.02,0.31,2019
1,4,Landuse_2019.tif,0.17,0.04,0.12,0.05,0.14,0.21,0.28,2019
2,4,Landuse_2019.tif,0.0,0.0,0.2,0.03,0.36,0.1,0.32,2019
3,4,Landuse_2019.tif,0.0,0.0,0.01,0.26,0.61,0.0,0.13,2019
4,4,Landuse_2019.tif,0.0,0.0,0.0,0.61,0.14,0.0,0.25,2019
5,4,Landuse_2019.tif,0.01,0.0,0.0,0.63,0.1,0.0,0.27,2019
6,4,Landuse_2019.tif,0.03,0.01,0.01,0.19,0.16,0.0,0.6,2019
7,4,Landuse_2019.tif,0.03,0.0,0.0,0.19,0.27,0.0,0.51,2019
8,4,Landuse_2019.tif,0.05,0.0,0.01,0.29,0.04,0.0,0.61,2019
9,4,Landuse_2019.tif,0.05,0.0,0.02,0.07,0.01,0.01,0.84,2019
10,4,Landuse_2019.tif,0.02,0.01,0.01,0.01,0.0,0.01,0.94,2019
11,4,Landuse_2019.tif,0.06,0.01,0.01,0.11,0.01,0.01,0.79,2019
12,4,Landuse_2019.tif,0.52,0.02,0.0,0.09,0.0,0.02,0.34,2019
3,5,Landuse_2019.tif,0.0,0.0,0.09,0.09,0.44,0.1,0.28,2019
4,5,Landuse_2019.tif,0.0,0.0,0.0,0.37,0.43,0.0,0.2,2019
5,5,Landuse_2019.tif,0.0,0.0,0.0,0.58,0.12,0.0,0.3,2019
6,5,Landuse_2019.tif,0.01,0.0,0.0,0.33,0.09,0.0,0.58,2019
7,5,Landuse_2019.tif,0.06,0.0,0.01,0.15,0.04,0.0,0.74,2019
8,5,Landuse_2019.tif,0.0,0.0,0.0,0.38,0.01,0.0,0.61,2019
9,5,Landuse_2019.tif,0.01,0.0,0.01,0.4,0.01,0.0,0.57,2019
10,5,Landuse_2019.tif,0.08,0.0,0.02,0.04,0.01,0.01,0.84,2019
11,5,Landuse_2019.tif,0.17,0.02,0.01,0.2,0.0,0.01,0.59,2019
3,6,Landuse_2019.tif,0.14,0.05,0.28,0.07,0.02,0.21,0.23,2019
4,6,Landuse_2019.tif,0.0,0.0,0.0,0.17,0.56,0.02,0.25,2019
5,6,Landuse_2019.tif,0.0,0.0,0.0,0.24,0.47,0.0,0.29,2019
6,6,Landuse_2019.tif,0.0,0.0,0.0,0.14,0.53,0.0,0.33,2019
7,6,Landuse_2019.tif,0.0,0.0,0.0,0.06,0.03,0.0,0.91,2019
8,6,Landuse_2019.tif,0.08,0.0,0.03,0.2,0.0,0.01,0.67,2019
9,6,Landuse_2019.tif,0.0,0.0,0.0,0.54,0.0,0.0,0.46,2019
10,6,Landuse_2019.tif,0.04,0.02,0.02,0.5,0.0,0.02,0.4,2019
11,6,Landuse_2019.tif,0.63,0.03,0.01,0.01,0.0,0.03,0.29,2019
2,7,Landuse_2019.tif,0.8,0.08,0.08,0.0,0.0,0.0,0.04,2019
3,7,Landuse_2019.tif,0.1,0.07,0.15,0.09,0.0,0.14,0.45,2019
4,7,Landuse_2019.tif,0.34,0.04,0.07,0.13,0.1,0.09,0.23,2019
5,7,Landuse_2019.tif,0.0,0.0,0.04,0.17,0.45,0.01,0.33,2019
6,7,Landuse_2019.tif,0.0,0.0,0.0,0.02,0.57,0.0,0.4,2019
7,7,Landuse_2019.tif,0.0,0.0,0.0,0.21,0.3,0.01,0.49,2019
8,7,Landuse_2019.tif,0.01,0.0,0.0,0.56,0.0,0.01,0.42,2019
9,7,Landuse_2019.tif,0.1,0.0,0.02,0.22,0.0,0.02,0.63,2019
10,7,Landuse_2019.tif,0.28,0.01,0.01,0.36,0.0,0.01,0.33,2019
11,7,Landuse_2019.tif,0.76,0.01,0.0,0.01,0.0,0.0,0.22,2019
2,8,Landuse_2019.tif,0.45,0.07,0.01,0.01,0.0,0.0,0.46,2019
3,8,Landuse_2019.tif,0.37,0.17,0.03,0.0,0.0,0.02,0.41,2019
4,8,Landuse_2019.tif,0.71,0.07,0.11,0.02,0.0,0.03,0.05,2019
5,8,Landuse_2019.tif,0.12,0.02,0.12,0.0,0.23,0.29,0.22,2019
6,8,Landuse_2019.tif,0.0,0.0,0.0,0.12,0.59,0.0,0.29,2019
7,8,Landuse_2019.tif,0.19,0.04,0.01,0.38,0.05,0.1,0.23,2019
8,8,Landuse_2019.tif,0.34,0.02,0.03,0.11,0.01,0.32,0.18,2019
9,8,Landuse_2019.tif,0.22,0.02,0.02,0.22,0.0,0.22,0.31,2019
2,9,Landuse_2019.tif,0.15,0.03,0.02,0.06,0.01,0.04,0.69,2019
3,9,Landuse_2019.tif,0.78,0.03,0.0,0.0,0.0,0.0,0.19,2019
4,9,Landuse_2019.tif,0.91,0.03,0.01,0.01,0.0,0.02,0.03,2019
5,9,Landuse_2019.tif,0.47,0.01,0.02,0.29,0.02,0.03,0.15,2019
6,9,Landuse_2019.tif,0.26,0.0,0.02,0.47,0.02,0.01,0.21,2019
7,9,Landuse_2019.tif,0.58,0.02,0.03,0.08,0.01,0.07,0.2,2019
8,9,Landuse_2019.tif,0.75,0.03,0.0,0.0,0.0,0.0,0.22,2019
2,10,Landuse_2019.tif,0.12,0.02,0.2,0.06,0.21,0.02,0.37,2019
3,10,Landuse_2019.tif,0.62,0.04,0.05,0.01,0.05,0.02,0.21,2019
4,10,Landuse_2019.tif,0.93,0.0,0.0,0.0,0.0,0.0,0.06,2019
5,10,Landuse_2019.tif,0.98,0.01,0.0,0.0,0.0,0.0,0.01,2019
2,11,Landuse_2019.tif,0.97,0.01,0.0,0.0,0.0,0.0,0.02,2019
3,11,Landuse_2019.tif,0.99,0.0,0.0,0.0,0.0,0.0,0.01,2019
4,11,Landuse_2019.tif,0.92,0.02,0.0,0.0,0.0,0.0,0.06,2019
2,12,Landuse_2019.tif,0.62,0.16,0.0,0.01,0.0,0.0,0.21,2019
3,12,Landuse_2019.tif,0.65,0.15,0.0,0.0,0.0,0.0,0.2,2019
4,12,Landuse_2019.tif,0.36,0.09,0.0,0.02,0.0,0.01,0.52,2019
2,13,Landuse_2019.tif,0.27,0.23,0.0,0.01,0.0,0.0,0.48,2019
6,0,Landuse_2020.tif,0.0,0.0,0.0,0.18,0.64,0.0,0.17,2020
7,0,Landuse_2020.tif,0.0,0.0,0.0,0.16,0.64,0.0,0.2,2020
10,0,Landuse_2020.tif,0.0,0.0,0.0,0.18,0.11,0.02,0.68,2020
3,1,Landuse_2020.tif,0.0,0.0,0.0,0.37,0.33,0.0,0.3,2020
4,1,Landuse_2020.tif,0.03,0.01,0.0,0.34,0.31,0.01,0.3,2020
5,1,Landuse_2020.tif,0.01,0.0,0.0,0.31,0.43,0.0,0.25,2020
6,1,Landuse_2020.tif,0.01,0.01,0.0,0.43,0.32,0.0,0.24,2020
7,1,Landuse_2020.tif,0.01,0.0,0.0,0.18,0.36,0.0,0.45,2020
8,1,Landuse_2020.tif,0.0,0.0,0.0,0.31,0.35,0.03,0.31,2020
9,1,Landuse_2020.tif,0.0,0.0,0.0,0.15,0.0,0.36,0.49,2020
10,1,Landuse_2020.tif,0.0,0.0,0.0,0.07,0.04,0.15,0.75,2020
3,2,Landuse_2020.tif,0.0,0.0,0.0,0.53,0.15,0.0,0.32,2020
4,2,Landuse_2020.tif,0.02,0.01,0.0,0.54,0.14,0.0,0.28,2020
5,2,Landuse_2020.tif,0.02,0.01,0.01,0.37,0.24,0.0,0.36,2020
6,2,Landuse_2020.tif,0.0,0.0,0.0,0.65,0.15,0.0,0.19,2020
7,2,Landuse_2020.tif,0.0,0.0,0.0,0.72,0.04,0.0,0.24,2020
8,2,Landuse_2020.tif,0.0,0.0,0.0,0.53,0.08,0.01,0.37,2020
9,2,Landuse_2020.tif,0.0,0.0,0.01,0.21,0.01,0.11,0.66,2020
10,2,Landuse_2020.tif,0.0,0.0,0.0,0.04,0.0,0.33,0.62,2020
11,2,Landuse_2020.tif,0.01,0.01,0.01,0.05,0.01,0.54,0.38,2020
0,3,Landuse_2020.tif,0.56,0.06,0.03,0.04,0.05,0.04,0.22,2020
1,3,Landuse_2020.tif,0.01,0.0,0.01,0.59,0.09,0.18,0.12,2020
2,3,Landuse_2020.tif,0.0,0.0,0.0,0.54,0.11,0.01,0.34,2020
3,3,Landuse_2020.tif,0.0,0.0,0.0,0.51,0.19,0.0,0.3,2020
4,3,Landuse_2020.tif,0.0,0.0,0.0,0.76,0.06,0.0,0.18,2020
5,3,Landuse_2020.tif,0.04,0.01,0.0,0.41,0.09,0.0,0.45,2020
6,3,Landuse_2020.tif,0.01,0.0,0.0,0.28,0.15,0.0,0.56,2020
7,3,Landuse_2020.tif,0.01,0.0,0.0,0.42,0.03,0.0,0.54,2020
8,3,Landuse_2020.tif,0.01,0.0,0.0,0.33,0.02,0.0,0.63,2020
9,3,Landuse_2020.tif,0.01,0.0,0.01,0.08,0.0,0.16,0.74,2020
10,3,Landuse_2020.tif,0.05,0.0,0.0,0.01,0.0,0.01,0.92,2020
11,3,Landuse_2020.tif,0.14,0.01,0.0,0.02,0.0,0.26,0.57,2020
12,3,Landuse_2020.tif,0.11,0.0,0.01,0.0,0.0,0.66,0.21,2020
1,4,Landuse_2020.tif,0.16,0.03,0.03,0.17,0.0,0.33,0.27,2020
2,4,Landuse_2020.tif,0.0,0.0,0.0,0.34,0.07,0.28,0.3,2020
3,4,Landuse_2020.tif,0.0,0.0,0.0,0.52,0.35,0.0,0.13,2020
4,4,Landuse_2020.tif,0.0,0.0,0.0,0.7,0.05,0.0,0.25,2020
5,4,Landuse_2020.tif,0.01,0.0,0.0,0.54,0.18,0.0,0.27,2020
6,4,Landuse_2020.tif,0.02,0.0,0.0,0.25,0.1,0.01,0.62,2020
7,4,Landuse_2020.tif,0.03,0.01,0.0,0.41,0.04,0.0,0.52,2020
8,4,Landuse_2020.tif,0.03,0.0,0.0,0.31,0.02,0.0,0.63,2020
9,4,Landuse_2020.tif,0.06,0.0,0.01,0.07,0.02,0.0,0.84,2020
10,4,Landuse_2020.tif,0.03,0.0,0.0,0.01,0.01,0.01,0.94,2020
11,4,Landuse_2020.tif,0.07,0.02,0.01,0.04,0.01,0.07,0.79,2020
12,4,Landuse_2020.tif,0.56,0.01,0.0,0.0,0.0,0.12,0.3,2020
3,5,Landuse_2020.tif,0.0,0.0,0.0,0.28,0.28,0.15,0.27,2020
4,5,Landuse_2020.tif,0.0,0.0,0.0,0.62,0.18,0.0,0.19,2020
5,5,Landuse_2020.tif,0.0,0.0,0.0,0.65,0.05,0.0,0.3,2020
6,5,Landuse_2020.tif,0.01,0.0,0.0,0.34,0.05,0.0,0.6,2020
7,5,Landuse_2020.tif,0.05,0.0,0.0,0.16,0.03,0.0,0.75,2020
8,5,Landuse_2020.tif,0.0,0.0,0.0,0.32,0.02,0.0,0.66,2020
9,5,Landuse_2020.tif,0.01,0.0,0.0,0.37,0.0,0.01,0.61,2020
10,5,Landuse_2020.tif,0.1,0.01,0.0,0.03,0.01,0.01,0.84,2020
11,5,Landuse_2020.tif,0.2,0.01,0.0,0.01,0.0,0.17,0.6,2020
3,6,Landuse_2020.tif,0.18,0.06,0.01,0.04,0.02,0.46,0.23,2020
4,6,Landuse_2020.tif,0.0,0.0,0.0,0.35,0.36,0.06,0.23,2020
5,6,Landuse_2020.tif,0.0,0.0,0.0,0.64,0.08,0.0,0.28,2020
6,6,Landuse_2020.tif,0.0,0.0,0.0,0.54,0.14,0.0,0.32,2020
7,6,Landuse_2020.tif,0.0,0.0,0.0,0.07,0.02,0.0,0.9,2020
8,6,Landuse_2020.tif,0.09,0.0,0.0,0.16,0.01,0.02,0.72,2020
9,6,Landuse_2020.tif,0.0,0.0,0.0,0.52,0.0,0.01,0.46,2020
10,6,Landuse_2020.tif,0.06,0.02,0.0,0.29,0.0,0.24,0.39,2020
11,6,Landuse_2020.tif,0.7,0.04,0.0,0.02,0.0,0.03,0.21,2020
2,7,Landuse_2020.tif,0.96,0.03,0.0,0.0,0.0,0.0,0.01,2020
3,7,Landuse_2020.tif,0.18,0.1,0.03,0.02,0.0,0.2,0.46,2020
4,7,Landuse_2020.tif,0.38,0.06,0.02,0.06,0.02,0.29,0.18,2020
5,7,Landuse_2020.tif,0.0,0.0,0.02,0.25,0.2,0.21,0.32,2020
6,7,Landuse_2020.tif,0.0,0.0,0.0,0.11,0.51,0.0,0.38,2020
7,7,Landuse_2020.tif,0.0,0.0,0.0,0.26,0.26,0.0,0.48,2020
8,7,Landuse_2020.tif,0.01,0.0,0.0,0.25,0.0,0.31,0.43,2020
9,7,Landuse_2020.tif,0.15,0.0,0.0,0.03,0.0,0.23,0.59,2020
10,7,Landuse_2020.tif,0.32,0.01,0.0,0.03,0.0,0.37,0.27,2020
11,7,Landuse_2020.tif,0.8,0.01,0.0,0.0,0.0,0.03,0.16,2020
2,8,Landuse_2020.tif,0.48,0.05,0.0,0.01,0.0,0.01,0.45,2020
3,8,Landuse_2020.tif,0.61,0.03,0.0,0.0,0.0,0.0,0.36,2020
4,8,Landuse_2020.tif,0.84,0.03,0.0,0.0,0.0,0.1,0.03,2020
5,8,Landuse_2020.tif,0.12,0.04,0.15,0.04,0.15,0.28,0.23,2020
6,8,Landuse_2020.tif,0.0,0.0,0.0,0.23,0.45,0.03,0.29,2020
7,8,Landuse_2020.tif,0.2,0.05,0.01,0.3,0.03,0.21,0.22,2020
8,8,Landuse_2020.tif,0.35,0.01,0.0,0.0,0.0,0.46,0.17,2020
9,8,Landuse_2020.tif,0.26,0.01,0.0,0.0,0.0,0.48,0.24,2020
2,9,Landuse_2020.tif,0.17,0.03,0.01,0.02,0.0,0.1,0.68,2020
3,9,Landuse_2020.tif,0.81,0.01,0.0,0.0,0.0,0.0,0.17,2020
4,9,Landuse_2020.tif,0.95,0.01,0.0,0.0,0.0,0.02,0.02,2020
5,9,Landuse_2020.tif,0.48,0.01,0.0,0.26,0.02,0.08,0.15,2020
6,9,Landuse_2020.tif,0.26,0.01,0.0,0.36,0.0,0.17,0.2,2020
7,9,Landuse_2020.tif,0.6,0.02,0.0,0.0,0.0,0.19,0.19,2020
8,9,Landuse_2020.tif,0.78,0.01,0.0,0.0,0.0,0.0,0.2,2020
2,10,Landuse_2020.tif,0.14,0.01,0.0,0.01,0.0,0.47,0.37,2020
3,10,Landuse_2020.tif,0.66,0.02,0.0,0.0,0.0,0.13,0.19,2020
4,10,Landuse_2020.tif,0.95,0.0,0.0,0.0,0.0,0.01,0.05,2020
5,10,Landuse_2020.tif,0.99,0.01,0.0,0.0,0.0,0.0,0.0,2020
2,11,Landuse_2020.tif,0.98,0.01,0.0,0.0,0.0,0.0,0.01,2020
3,11,Landuse_2020.tif,0.99,0.0,0.0,0.0,0.0,0.0,0.0,2020
4,11,Landuse_2020.tif,0.94,0.02,0.0,0.0,0.0,0.0,0.04,2020
2,12,Landuse_2020.tif,0.77,0.11,0.0,0.01,0.0,0.0,0.11,2020
3,12,Landuse_2020.tif,0.79,0.1,0.0,0.0,0.0,0.0,0.11,2020
4,12,Landuse_2020.tif,0.45,0.09,0.0,0.02,0.0,0.01,0.43,2020
2,13,Landuse_2020.tif,0.52,0.2,0.0,0.01,0.0,0.01,0.26,2020
